
bin/Release/ATmega32.elf:     file format elf32-avr

Sections:
Idx Name          Size      VMA       LMA       File off  Algn
  0 .text         0000512e  00000000  00000000  00000094  2**1
                  CONTENTS, ALLOC, LOAD, READONLY, CODE
  1 .data         0000053e  00800060  0000512e  000051c2  2**0
                  CONTENTS, ALLOC, LOAD, DATA
  2 .bss          00000069  0080059e  0080059e  00005700  2**0
                  ALLOC
  3 .comment      00000011  00000000  00000000  00005700  2**0
                  CONTENTS, READONLY

Disassembly of section .text:

00000000 <__vectors>:
       0:	0c 94 2a 00 	jmp	0x54	; 0x54 <__ctors_end>
       4:	0c 94 47 00 	jmp	0x8e	; 0x8e <__bad_interrupt>
       8:	0c 94 47 00 	jmp	0x8e	; 0x8e <__bad_interrupt>
       c:	0c 94 47 00 	jmp	0x8e	; 0x8e <__bad_interrupt>
      10:	0c 94 59 20 	jmp	0x40b2	; 0x40b2 <__vector_4>
      14:	0c 94 47 00 	jmp	0x8e	; 0x8e <__bad_interrupt>
      18:	0c 94 34 03 	jmp	0x668	; 0x668 <__vector_6>
      1c:	0c 94 47 00 	jmp	0x8e	; 0x8e <__bad_interrupt>
      20:	0c 94 47 00 	jmp	0x8e	; 0x8e <__bad_interrupt>
      24:	0c 94 47 00 	jmp	0x8e	; 0x8e <__bad_interrupt>
      28:	0c 94 47 00 	jmp	0x8e	; 0x8e <__bad_interrupt>
      2c:	0c 94 47 00 	jmp	0x8e	; 0x8e <__bad_interrupt>
      30:	0c 94 47 00 	jmp	0x8e	; 0x8e <__bad_interrupt>
      34:	0c 94 47 00 	jmp	0x8e	; 0x8e <__bad_interrupt>
      38:	0c 94 47 00 	jmp	0x8e	; 0x8e <__bad_interrupt>
      3c:	0c 94 47 00 	jmp	0x8e	; 0x8e <__bad_interrupt>
      40:	0c 94 47 00 	jmp	0x8e	; 0x8e <__bad_interrupt>
      44:	0c 94 47 00 	jmp	0x8e	; 0x8e <__bad_interrupt>
      48:	0c 94 47 00 	jmp	0x8e	; 0x8e <__bad_interrupt>
      4c:	0c 94 47 00 	jmp	0x8e	; 0x8e <__bad_interrupt>
      50:	0c 94 47 00 	jmp	0x8e	; 0x8e <__bad_interrupt>

00000054 <__ctors_end>:
      54:	11 24       	eor	r1, r1
      56:	1f be       	out	0x3f, r1	; 63
      58:	cf e5       	ldi	r28, 0x5F	; 95
      5a:	d8 e0       	ldi	r29, 0x08	; 8
      5c:	de bf       	out	0x3e, r29	; 62
      5e:	cd bf       	out	0x3d, r28	; 61

00000060 <__do_copy_data>:
      60:	15 e0       	ldi	r17, 0x05	; 5
      62:	a0 e6       	ldi	r26, 0x60	; 96
      64:	b0 e0       	ldi	r27, 0x00	; 0
      66:	ee e2       	ldi	r30, 0x2E	; 46
      68:	f1 e5       	ldi	r31, 0x51	; 81
      6a:	02 c0       	rjmp	.+4      	; 0x70 <__do_copy_data+0x10>
      6c:	05 90       	lpm	r0, Z+
      6e:	0d 92       	st	X+, r0
      70:	ae 39       	cpi	r26, 0x9E	; 158
      72:	b1 07       	cpc	r27, r17
      74:	d9 f7       	brne	.-10     	; 0x6c <__do_copy_data+0xc>

00000076 <__do_clear_bss>:
      76:	26 e0       	ldi	r18, 0x06	; 6
      78:	ae e9       	ldi	r26, 0x9E	; 158
      7a:	b5 e0       	ldi	r27, 0x05	; 5
      7c:	01 c0       	rjmp	.+2      	; 0x80 <.do_clear_bss_start>

0000007e <.do_clear_bss_loop>:
      7e:	1d 92       	st	X+, r1

00000080 <.do_clear_bss_start>:
      80:	a7 30       	cpi	r26, 0x07	; 7
      82:	b2 07       	cpc	r27, r18
      84:	e1 f7       	brne	.-8      	; 0x7e <.do_clear_bss_loop>
      86:	0e 94 9c 20 	call	0x4138	; 0x4138 <main>
      8a:	0c 94 95 28 	jmp	0x512a	; 0x512a <_exit>

0000008e <__bad_interrupt>:
      8e:	0c 94 00 00 	jmp	0	; 0x0 <__vectors>

00000092 <delay_ms_var>:
      92:	00 97       	sbiw	r24, 0x00	; 0
      94:	41 f0       	breq	.+16     	; 0xa6 <delay_ms_var+0x14>
      96:	ef e9       	ldi	r30, 0x9F	; 159
      98:	ff e0       	ldi	r31, 0x0F	; 15
      9a:	31 97       	sbiw	r30, 0x01	; 1
      9c:	f1 f7       	brne	.-4      	; 0x9a <delay_ms_var+0x8>
      9e:	00 c0       	rjmp	.+0      	; 0xa0 <delay_ms_var+0xe>
      a0:	00 00       	nop
      a2:	01 97       	sbiw	r24, 0x01	; 1
      a4:	f6 cf       	rjmp	.-20     	; 0x92 <delay_ms_var>
      a6:	08 95       	ret

000000a8 <delay_us_var>:
      a8:	00 97       	sbiw	r24, 0x00	; 0
      aa:	31 f0       	breq	.+12     	; 0xb8 <delay_us_var+0x10>
      ac:	25 e0       	ldi	r18, 0x05	; 5
      ae:	2a 95       	dec	r18
      b0:	f1 f7       	brne	.-4      	; 0xae <delay_us_var+0x6>
      b2:	00 00       	nop
      b4:	01 97       	sbiw	r24, 0x01	; 1
      b6:	f8 cf       	rjmp	.-16     	; 0xa8 <delay_us_var>
      b8:	08 95       	ret

000000ba <delay_ms_var_double>:
      ba:	8f 92       	push	r8
      bc:	9f 92       	push	r9
      be:	af 92       	push	r10
      c0:	bf 92       	push	r11
      c2:	cf 92       	push	r12
      c4:	df 92       	push	r13
      c6:	ef 92       	push	r14
      c8:	ff 92       	push	r15
      ca:	4b 01       	movw	r8, r22
      cc:	5c 01       	movw	r10, r24
      ce:	20 e0       	ldi	r18, 0x00	; 0
      d0:	30 e0       	ldi	r19, 0x00	; 0
      d2:	4a e7       	ldi	r20, 0x7A	; 122
      d4:	55 e4       	ldi	r21, 0x45	; 69
      d6:	0e 94 07 23 	call	0x460e	; 0x460e <__mulsf3>
      da:	6b 01       	movw	r12, r22
      dc:	7c 01       	movw	r14, r24
      de:	20 e0       	ldi	r18, 0x00	; 0
      e0:	30 e0       	ldi	r19, 0x00	; 0
      e2:	40 e8       	ldi	r20, 0x80	; 128
      e4:	5f e3       	ldi	r21, 0x3F	; 63
      e6:	0e 94 b4 21 	call	0x4368	; 0x4368 <__cmpsf2>
      ea:	87 fd       	sbrc	r24, 7
      ec:	24 c0       	rjmp	.+72     	; 0x136 <delay_ms_var_double+0x7c>
      ee:	20 e0       	ldi	r18, 0x00	; 0
      f0:	3f ef       	ldi	r19, 0xFF	; 255
      f2:	4f e7       	ldi	r20, 0x7F	; 127
      f4:	57 e4       	ldi	r21, 0x47	; 71
      f6:	c7 01       	movw	r24, r14
      f8:	b6 01       	movw	r22, r12
      fa:	0e 94 03 23 	call	0x4606	; 0x4606 <__gesf2>
      fe:	18 16       	cp	r1, r24
     100:	ac f4       	brge	.+42     	; 0x12c <delay_ms_var_double+0x72>
     102:	20 e0       	ldi	r18, 0x00	; 0
     104:	30 e0       	ldi	r19, 0x00	; 0
     106:	40 e2       	ldi	r20, 0x20	; 32
     108:	51 e4       	ldi	r21, 0x41	; 65
     10a:	c5 01       	movw	r24, r10
     10c:	b4 01       	movw	r22, r8
     10e:	0e 94 07 23 	call	0x460e	; 0x460e <__mulsf3>
     112:	0e 94 25 22 	call	0x444a	; 0x444a <__fixunssfsi>
     116:	20 e9       	ldi	r18, 0x90	; 144
     118:	31 e0       	ldi	r19, 0x01	; 1
     11a:	61 15       	cp	r22, r1
     11c:	71 05       	cpc	r23, r1
     11e:	81 f0       	breq	.+32     	; 0x140 <delay_ms_var_double+0x86>
     120:	c9 01       	movw	r24, r18
     122:	01 97       	sbiw	r24, 0x01	; 1
     124:	f1 f7       	brne	.-4      	; 0x122 <delay_ms_var_double+0x68>
     126:	61 50       	subi	r22, 0x01	; 1
     128:	71 09       	sbc	r23, r1
     12a:	f7 cf       	rjmp	.-18     	; 0x11a <delay_ms_var_double+0x60>
     12c:	c7 01       	movw	r24, r14
     12e:	b6 01       	movw	r22, r12
     130:	0e 94 25 22 	call	0x444a	; 0x444a <__fixunssfsi>
     134:	02 c0       	rjmp	.+4      	; 0x13a <delay_ms_var_double+0x80>
     136:	61 e0       	ldi	r22, 0x01	; 1
     138:	70 e0       	ldi	r23, 0x00	; 0
     13a:	cb 01       	movw	r24, r22
     13c:	01 97       	sbiw	r24, 0x01	; 1
     13e:	f1 f7       	brne	.-4      	; 0x13c <delay_ms_var_double+0x82>
     140:	ff 90       	pop	r15
     142:	ef 90       	pop	r14
     144:	df 90       	pop	r13
     146:	cf 90       	pop	r12
     148:	bf 90       	pop	r11
     14a:	af 90       	pop	r10
     14c:	9f 90       	pop	r9
     14e:	8f 90       	pop	r8
     150:	08 95       	ret

00000152 <delay_us_var_double>:
     152:	8f 92       	push	r8
     154:	9f 92       	push	r9
     156:	af 92       	push	r10
     158:	bf 92       	push	r11
     15a:	cf 92       	push	r12
     15c:	df 92       	push	r13
     15e:	ef 92       	push	r14
     160:	ff 92       	push	r15
     162:	4b 01       	movw	r8, r22
     164:	5c 01       	movw	r10, r24
     166:	2b ea       	ldi	r18, 0xAB	; 171
     168:	3a ea       	ldi	r19, 0xAA	; 170
     16a:	4a ea       	ldi	r20, 0xAA	; 170
     16c:	50 e4       	ldi	r21, 0x40	; 64
     16e:	0e 94 07 23 	call	0x460e	; 0x460e <__mulsf3>
     172:	6b 01       	movw	r12, r22
     174:	7c 01       	movw	r14, r24
     176:	20 e0       	ldi	r18, 0x00	; 0
     178:	30 e0       	ldi	r19, 0x00	; 0
     17a:	40 e8       	ldi	r20, 0x80	; 128
     17c:	5f e3       	ldi	r21, 0x3F	; 63
     17e:	0e 94 b4 21 	call	0x4368	; 0x4368 <__cmpsf2>
     182:	87 fd       	sbrc	r24, 7
     184:	21 c0       	rjmp	.+66     	; 0x1c8 <delay_us_var_double+0x76>
     186:	20 e0       	ldi	r18, 0x00	; 0
     188:	30 e0       	ldi	r19, 0x00	; 0
     18a:	4f e7       	ldi	r20, 0x7F	; 127
     18c:	53 e4       	ldi	r21, 0x43	; 67
     18e:	c7 01       	movw	r24, r14
     190:	b6 01       	movw	r22, r12
     192:	0e 94 03 23 	call	0x4606	; 0x4606 <__gesf2>
     196:	18 16       	cp	r1, r24
     198:	94 f4       	brge	.+36     	; 0x1be <delay_us_var_double+0x6c>
     19a:	20 e0       	ldi	r18, 0x00	; 0
     19c:	30 e0       	ldi	r19, 0x00	; 0
     19e:	4a e7       	ldi	r20, 0x7A	; 122
     1a0:	54 e4       	ldi	r21, 0x44	; 68
     1a2:	c5 01       	movw	r24, r10
     1a4:	b4 01       	movw	r22, r8
     1a6:	0e 94 b8 21 	call	0x4370	; 0x4370 <__divsf3>
     1aa:	ff 90       	pop	r15
     1ac:	ef 90       	pop	r14
     1ae:	df 90       	pop	r13
     1b0:	cf 90       	pop	r12
     1b2:	bf 90       	pop	r11
     1b4:	af 90       	pop	r10
     1b6:	9f 90       	pop	r9
     1b8:	8f 90       	pop	r8
     1ba:	0c 94 5d 00 	jmp	0xba	; 0xba <delay_ms_var_double>
     1be:	c7 01       	movw	r24, r14
     1c0:	b6 01       	movw	r22, r12
     1c2:	0e 94 25 22 	call	0x444a	; 0x444a <__fixunssfsi>
     1c6:	01 c0       	rjmp	.+2      	; 0x1ca <delay_us_var_double+0x78>
     1c8:	61 e0       	ldi	r22, 0x01	; 1
     1ca:	6a 95       	dec	r22
     1cc:	f1 f7       	brne	.-4      	; 0x1ca <delay_us_var_double+0x78>
     1ce:	ff 90       	pop	r15
     1d0:	ef 90       	pop	r14
     1d2:	df 90       	pop	r13
     1d4:	cf 90       	pop	r12
     1d6:	bf 90       	pop	r11
     1d8:	af 90       	pop	r10
     1da:	9f 90       	pop	r9
     1dc:	8f 90       	pop	r8
     1de:	08 95       	ret

000001e0 <_LCD_OutNibble>:
     1e0:	80 ff       	sbrs	r24, 0
     1e2:	02 c0       	rjmp	.+4      	; 0x1e8 <_LCD_OutNibble+0x8>
     1e4:	dc 9a       	sbi	0x1b, 4	; 27
     1e6:	01 c0       	rjmp	.+2      	; 0x1ea <_LCD_OutNibble+0xa>
     1e8:	dc 98       	cbi	0x1b, 4	; 27
     1ea:	81 ff       	sbrs	r24, 1
     1ec:	02 c0       	rjmp	.+4      	; 0x1f2 <_LCD_OutNibble+0x12>
     1ee:	dd 9a       	sbi	0x1b, 5	; 27
     1f0:	01 c0       	rjmp	.+2      	; 0x1f4 <_LCD_OutNibble+0x14>
     1f2:	dd 98       	cbi	0x1b, 5	; 27
     1f4:	82 ff       	sbrs	r24, 2
     1f6:	02 c0       	rjmp	.+4      	; 0x1fc <_LCD_OutNibble+0x1c>
     1f8:	de 9a       	sbi	0x1b, 6	; 27
     1fa:	01 c0       	rjmp	.+2      	; 0x1fe <_LCD_OutNibble+0x1e>
     1fc:	de 98       	cbi	0x1b, 6	; 27
     1fe:	83 ff       	sbrs	r24, 3
     200:	02 c0       	rjmp	.+4      	; 0x206 <_LCD_OutNibble+0x26>
     202:	df 9a       	sbi	0x1b, 7	; 27
     204:	08 95       	ret
     206:	df 98       	cbi	0x1b, 7	; 27
     208:	08 95       	ret

0000020a <_LCD_InNibble>:
     20a:	89 b3       	in	r24, 0x19	; 25
     20c:	82 95       	swap	r24
     20e:	81 70       	andi	r24, 0x01	; 1
     210:	cd 99       	sbic	0x19, 5	; 25
     212:	82 60       	ori	r24, 0x02	; 2
     214:	ce 99       	sbic	0x19, 6	; 25
     216:	84 60       	ori	r24, 0x04	; 4
     218:	cf 99       	sbic	0x19, 7	; 25
     21a:	88 60       	ori	r24, 0x08	; 8
     21c:	08 95       	ret

0000021e <_LCD_Read>:
     21e:	cf 93       	push	r28
     220:	df 93       	push	r29
     222:	d4 98       	cbi	0x1a, 4	; 26
     224:	d5 98       	cbi	0x1a, 5	; 26
     226:	d6 98       	cbi	0x1a, 6	; 26
     228:	d7 98       	cbi	0x1a, 7	; 26
     22a:	da 9a       	sbi	0x1b, 2	; 27
     22c:	db 9a       	sbi	0x1b, 3	; 27
     22e:	0e 94 05 01 	call	0x20a	; 0x20a <_LCD_InNibble>
     232:	90 e1       	ldi	r25, 0x10	; 16
     234:	89 9f       	mul	r24, r25
     236:	e0 01       	movw	r28, r0
     238:	11 24       	eor	r1, r1
     23a:	db 98       	cbi	0x1b, 3	; 27
     23c:	db 9a       	sbi	0x1b, 3	; 27
     23e:	0e 94 05 01 	call	0x20a	; 0x20a <_LCD_InNibble>
     242:	db 98       	cbi	0x1b, 3	; 27
     244:	e7 ec       	ldi	r30, 0xC7	; 199
     246:	f0 e0       	ldi	r31, 0x00	; 0
     248:	31 97       	sbiw	r30, 0x01	; 1
     24a:	f1 f7       	brne	.-4      	; 0x248 <_LCD_Read+0x2a>
     24c:	00 c0       	rjmp	.+0      	; 0x24e <_LCD_Read+0x30>
     24e:	00 00       	nop
     250:	8c 2b       	or	r24, r28
     252:	df 91       	pop	r29
     254:	cf 91       	pop	r28
     256:	08 95       	ret

00000258 <LCD_ReadStatus>:
     258:	d9 98       	cbi	0x1b, 1	; 27
     25a:	0c 94 0f 01 	jmp	0x21e	; 0x21e <_LCD_Read>

0000025e <_LCD_Write>:
     25e:	cf 93       	push	r28
     260:	c8 2f       	mov	r28, r24
     262:	d4 9a       	sbi	0x1a, 4	; 26
     264:	d5 9a       	sbi	0x1a, 5	; 26
     266:	d6 9a       	sbi	0x1a, 6	; 26
     268:	d7 9a       	sbi	0x1a, 7	; 26
     26a:	da 98       	cbi	0x1b, 2	; 27
     26c:	db 9a       	sbi	0x1b, 3	; 27
     26e:	82 95       	swap	r24
     270:	8f 70       	andi	r24, 0x0F	; 15
     272:	0e 94 f0 00 	call	0x1e0	; 0x1e0 <_LCD_OutNibble>
     276:	db 98       	cbi	0x1b, 3	; 27
     278:	db 9a       	sbi	0x1b, 3	; 27
     27a:	8c 2f       	mov	r24, r28
     27c:	0e 94 f0 00 	call	0x1e0	; 0x1e0 <_LCD_OutNibble>
     280:	db 98       	cbi	0x1b, 3	; 27
     282:	0e 94 2c 01 	call	0x258	; 0x258 <LCD_ReadStatus>
     286:	87 fd       	sbrc	r24, 7
     288:	fc cf       	rjmp	.-8      	; 0x282 <_LCD_Write+0x24>
     28a:	cf 91       	pop	r28
     28c:	08 95       	ret

0000028e <LCD_WriteCommand>:
     28e:	d9 98       	cbi	0x1b, 1	; 27
     290:	0c 94 2f 01 	jmp	0x25e	; 0x25e <_LCD_Write>

00000294 <LCD_WriteData>:
     294:	d9 9a       	sbi	0x1b, 1	; 27
     296:	0c 94 2f 01 	jmp	0x25e	; 0x25e <_LCD_Write>

0000029a <LCD_ReadData>:
     29a:	d9 9a       	sbi	0x1b, 1	; 27
     29c:	0c 94 0f 01 	jmp	0x21e	; 0x21e <_LCD_Read>

000002a0 <LCD_WriteText>:
     2a0:	cf 93       	push	r28
     2a2:	df 93       	push	r29
     2a4:	ec 01       	movw	r28, r24
     2a6:	89 91       	ld	r24, Y+
     2a8:	88 23       	and	r24, r24
     2aa:	19 f0       	breq	.+6      	; 0x2b2 <LCD_WriteText+0x12>
     2ac:	0e 94 4a 01 	call	0x294	; 0x294 <LCD_WriteData>
     2b0:	fa cf       	rjmp	.-12     	; 0x2a6 <LCD_WriteText+0x6>
     2b2:	df 91       	pop	r29
     2b4:	cf 91       	pop	r28
     2b6:	08 95       	ret

000002b8 <LCD_GoTo>:
     2b8:	90 e4       	ldi	r25, 0x40	; 64
     2ba:	69 9f       	mul	r22, r25
     2bc:	80 0d       	add	r24, r0
     2be:	11 24       	eor	r1, r1
     2c0:	80 68       	ori	r24, 0x80	; 128
     2c2:	0c 94 47 01 	jmp	0x28e	; 0x28e <LCD_WriteCommand>

000002c6 <LCD_Clear>:
     2c6:	81 e0       	ldi	r24, 0x01	; 1
     2c8:	0e 94 47 01 	call	0x28e	; 0x28e <LCD_WriteCommand>
     2cc:	8f e3       	ldi	r24, 0x3F	; 63
     2ce:	9f e1       	ldi	r25, 0x1F	; 31
     2d0:	01 97       	sbiw	r24, 0x01	; 1
     2d2:	f1 f7       	brne	.-4      	; 0x2d0 <LCD_Clear+0xa>
     2d4:	00 c0       	rjmp	.+0      	; 0x2d6 <LCD_Clear+0x10>
     2d6:	00 00       	nop
     2d8:	08 95       	ret

000002da <LCD_Home>:
     2da:	82 e0       	ldi	r24, 0x02	; 2
     2dc:	0e 94 47 01 	call	0x28e	; 0x28e <LCD_WriteCommand>
     2e0:	8f e3       	ldi	r24, 0x3F	; 63
     2e2:	9f e1       	ldi	r25, 0x1F	; 31
     2e4:	01 97       	sbiw	r24, 0x01	; 1
     2e6:	f1 f7       	brne	.-4      	; 0x2e4 <LCD_Home+0xa>
     2e8:	00 c0       	rjmp	.+0      	; 0x2ea <LCD_Home+0x10>
     2ea:	00 00       	nop
     2ec:	08 95       	ret

000002ee <LCD_BacklightOn>:
     2ee:	c0 9a       	sbi	0x18, 0	; 24
     2f0:	08 95       	ret

000002f2 <LCD_Initalize>:
     2f2:	cf 93       	push	r28
     2f4:	d4 9a       	sbi	0x1a, 4	; 26
     2f6:	d5 9a       	sbi	0x1a, 5	; 26
     2f8:	d6 9a       	sbi	0x1a, 6	; 26
     2fa:	d7 9a       	sbi	0x1a, 7	; 26
     2fc:	d3 9a       	sbi	0x1a, 3	; 26
     2fe:	d1 9a       	sbi	0x1a, 1	; 26
     300:	d2 9a       	sbi	0x1a, 2	; 26
     302:	8f e5       	ldi	r24, 0x5F	; 95
     304:	9a ee       	ldi	r25, 0xEA	; 234
     306:	01 97       	sbiw	r24, 0x01	; 1
     308:	f1 f7       	brne	.-4      	; 0x306 <LCD_Initalize+0x14>
     30a:	00 c0       	rjmp	.+0      	; 0x30c <LCD_Initalize+0x1a>
     30c:	00 00       	nop
     30e:	d9 98       	cbi	0x1b, 1	; 27
     310:	db 98       	cbi	0x1b, 3	; 27
     312:	da 98       	cbi	0x1b, 2	; 27
     314:	c3 e0       	ldi	r28, 0x03	; 3
     316:	db 9a       	sbi	0x1b, 3	; 27
     318:	83 e0       	ldi	r24, 0x03	; 3
     31a:	0e 94 f0 00 	call	0x1e0	; 0x1e0 <_LCD_OutNibble>
     31e:	db 98       	cbi	0x1b, 3	; 27
     320:	8f e1       	ldi	r24, 0x1F	; 31
     322:	9e e4       	ldi	r25, 0x4E	; 78
     324:	01 97       	sbiw	r24, 0x01	; 1
     326:	f1 f7       	brne	.-4      	; 0x324 <LCD_Initalize+0x32>
     328:	00 c0       	rjmp	.+0      	; 0x32a <LCD_Initalize+0x38>
     32a:	00 00       	nop
     32c:	c1 50       	subi	r28, 0x01	; 1
     32e:	99 f7       	brne	.-26     	; 0x316 <LCD_Initalize+0x24>
     330:	db 9a       	sbi	0x1b, 3	; 27
     332:	82 e0       	ldi	r24, 0x02	; 2
     334:	0e 94 f0 00 	call	0x1e0	; 0x1e0 <_LCD_OutNibble>
     338:	db 98       	cbi	0x1b, 3	; 27
     33a:	8f e9       	ldi	r24, 0x9F	; 159
     33c:	9f e0       	ldi	r25, 0x0F	; 15
     33e:	01 97       	sbiw	r24, 0x01	; 1
     340:	f1 f7       	brne	.-4      	; 0x33e <LCD_Initalize+0x4c>
     342:	00 c0       	rjmp	.+0      	; 0x344 <LCD_Initalize+0x52>
     344:	00 00       	nop
     346:	88 e2       	ldi	r24, 0x28	; 40
     348:	0e 94 47 01 	call	0x28e	; 0x28e <LCD_WriteCommand>
     34c:	88 e0       	ldi	r24, 0x08	; 8
     34e:	0e 94 47 01 	call	0x28e	; 0x28e <LCD_WriteCommand>
     352:	81 e0       	ldi	r24, 0x01	; 1
     354:	0e 94 47 01 	call	0x28e	; 0x28e <LCD_WriteCommand>
     358:	86 e0       	ldi	r24, 0x06	; 6
     35a:	0e 94 47 01 	call	0x28e	; 0x28e <LCD_WriteCommand>
     35e:	8c e0       	ldi	r24, 0x0C	; 12
     360:	0e 94 47 01 	call	0x28e	; 0x28e <LCD_WriteCommand>
     364:	b8 9a       	sbi	0x17, 0	; 23
     366:	cf 91       	pop	r28
     368:	0c 94 77 01 	jmp	0x2ee	; 0x2ee <LCD_BacklightOn>

0000036c <LCD_BacklightOff>:
     36c:	c0 98       	cbi	0x18, 0	; 24
     36e:	08 95       	ret

00000370 <LCD_Int>:
     370:	cf 93       	push	r28
     372:	df 93       	push	r29
     374:	cd b7       	in	r28, 0x3d	; 61
     376:	de b7       	in	r29, 0x3e	; 62
     378:	61 97       	sbiw	r28, 0x11	; 17
     37a:	0f b6       	in	r0, 0x3f	; 63
     37c:	f8 94       	cli
     37e:	de bf       	out	0x3e, r29	; 62
     380:	0f be       	out	0x3f, r0	; 63
     382:	cd bf       	out	0x3d, r28	; 61
     384:	4a e0       	ldi	r20, 0x0A	; 10
     386:	be 01       	movw	r22, r28
     388:	6f 5f       	subi	r22, 0xFF	; 255
     38a:	7f 4f       	sbci	r23, 0xFF	; 255
     38c:	0e 94 ef 24 	call	0x49de	; 0x49de <__itoa_ncheck>
     390:	0e 94 50 01 	call	0x2a0	; 0x2a0 <LCD_WriteText>
     394:	61 96       	adiw	r28, 0x11	; 17
     396:	0f b6       	in	r0, 0x3f	; 63
     398:	f8 94       	cli
     39a:	de bf       	out	0x3e, r29	; 62
     39c:	0f be       	out	0x3f, r0	; 63
     39e:	cd bf       	out	0x3d, r28	; 61
     3a0:	df 91       	pop	r29
     3a2:	cf 91       	pop	r28
     3a4:	08 95       	ret

000003a6 <LCD_Hex>:
     3a6:	cf 93       	push	r28
     3a8:	df 93       	push	r29
     3aa:	cd b7       	in	r28, 0x3d	; 61
     3ac:	de b7       	in	r29, 0x3e	; 62
     3ae:	61 97       	sbiw	r28, 0x11	; 17
     3b0:	0f b6       	in	r0, 0x3f	; 63
     3b2:	f8 94       	cli
     3b4:	de bf       	out	0x3e, r29	; 62
     3b6:	0f be       	out	0x3f, r0	; 63
     3b8:	cd bf       	out	0x3d, r28	; 61
     3ba:	40 e1       	ldi	r20, 0x10	; 16
     3bc:	be 01       	movw	r22, r28
     3be:	6f 5f       	subi	r22, 0xFF	; 255
     3c0:	7f 4f       	sbci	r23, 0xFF	; 255
     3c2:	0e 94 ef 24 	call	0x49de	; 0x49de <__itoa_ncheck>
     3c6:	0e 94 50 01 	call	0x2a0	; 0x2a0 <LCD_WriteText>
     3ca:	61 96       	adiw	r28, 0x11	; 17
     3cc:	0f b6       	in	r0, 0x3f	; 63
     3ce:	f8 94       	cli
     3d0:	de bf       	out	0x3e, r29	; 62
     3d2:	0f be       	out	0x3f, r0	; 63
     3d4:	cd bf       	out	0x3d, r28	; 61
     3d6:	df 91       	pop	r29
     3d8:	cf 91       	pop	r28
     3da:	08 95       	ret

000003dc <LCD_MoveRight>:
     3dc:	cf 92       	push	r12
     3de:	df 92       	push	r13
     3e0:	ef 92       	push	r14
     3e2:	ff 92       	push	r15
     3e4:	0f 93       	push	r16
     3e6:	1f 93       	push	r17
     3e8:	cf 93       	push	r28
     3ea:	df 93       	push	r29
     3ec:	8c 01       	movw	r16, r24
     3ee:	6b 01       	movw	r12, r22
     3f0:	7a 01       	movw	r14, r20
     3f2:	c0 e0       	ldi	r28, 0x00	; 0
     3f4:	d0 e0       	ldi	r29, 0x00	; 0
     3f6:	cc 15       	cp	r28, r12
     3f8:	dd 05       	cpc	r29, r13
     3fa:	81 f0       	breq	.+32     	; 0x41c <LCD_MoveRight+0x40>
     3fc:	e1 14       	cp	r14, r1
     3fe:	f1 04       	cpc	r15, r1
     400:	11 f0       	breq	.+4      	; 0x406 <LCD_MoveRight+0x2a>
     402:	8c e1       	ldi	r24, 0x1C	; 28
     404:	01 c0       	rjmp	.+2      	; 0x408 <LCD_MoveRight+0x2c>
     406:	84 e1       	ldi	r24, 0x14	; 20
     408:	0e 94 47 01 	call	0x28e	; 0x28e <LCD_WriteCommand>
     40c:	01 15       	cp	r16, r1
     40e:	11 05       	cpc	r17, r1
     410:	19 f0       	breq	.+6      	; 0x418 <LCD_MoveRight+0x3c>
     412:	c8 01       	movw	r24, r16
     414:	0e 94 49 00 	call	0x92	; 0x92 <delay_ms_var>
     418:	21 96       	adiw	r28, 0x01	; 1
     41a:	ed cf       	rjmp	.-38     	; 0x3f6 <LCD_MoveRight+0x1a>
     41c:	df 91       	pop	r29
     41e:	cf 91       	pop	r28
     420:	1f 91       	pop	r17
     422:	0f 91       	pop	r16
     424:	ff 90       	pop	r15
     426:	ef 90       	pop	r14
     428:	df 90       	pop	r13
     42a:	cf 90       	pop	r12
     42c:	08 95       	ret

0000042e <LCD_MoveLeft>:
     42e:	cf 92       	push	r12
     430:	df 92       	push	r13
     432:	ef 92       	push	r14
     434:	ff 92       	push	r15
     436:	0f 93       	push	r16
     438:	1f 93       	push	r17
     43a:	cf 93       	push	r28
     43c:	df 93       	push	r29
     43e:	8c 01       	movw	r16, r24
     440:	6b 01       	movw	r12, r22
     442:	7a 01       	movw	r14, r20
     444:	c0 e0       	ldi	r28, 0x00	; 0
     446:	d0 e0       	ldi	r29, 0x00	; 0
     448:	cc 15       	cp	r28, r12
     44a:	dd 05       	cpc	r29, r13
     44c:	81 f0       	breq	.+32     	; 0x46e <LCD_MoveLeft+0x40>
     44e:	e1 14       	cp	r14, r1
     450:	f1 04       	cpc	r15, r1
     452:	11 f0       	breq	.+4      	; 0x458 <LCD_MoveLeft+0x2a>
     454:	88 e1       	ldi	r24, 0x18	; 24
     456:	01 c0       	rjmp	.+2      	; 0x45a <LCD_MoveLeft+0x2c>
     458:	80 e1       	ldi	r24, 0x10	; 16
     45a:	0e 94 47 01 	call	0x28e	; 0x28e <LCD_WriteCommand>
     45e:	01 15       	cp	r16, r1
     460:	11 05       	cpc	r17, r1
     462:	19 f0       	breq	.+6      	; 0x46a <LCD_MoveLeft+0x3c>
     464:	c8 01       	movw	r24, r16
     466:	0e 94 49 00 	call	0x92	; 0x92 <delay_ms_var>
     46a:	21 96       	adiw	r28, 0x01	; 1
     46c:	ed cf       	rjmp	.-38     	; 0x448 <LCD_MoveLeft+0x1a>
     46e:	df 91       	pop	r29
     470:	cf 91       	pop	r28
     472:	1f 91       	pop	r17
     474:	0f 91       	pop	r16
     476:	ff 90       	pop	r15
     478:	ef 90       	pop	r14
     47a:	df 90       	pop	r13
     47c:	cf 90       	pop	r12
     47e:	08 95       	ret

00000480 <LCD_Erase>:
     480:	0f 93       	push	r16
     482:	1f 93       	push	r17
     484:	cf 93       	push	r28
     486:	df 93       	push	r29
     488:	ec 01       	movw	r28, r24
     48a:	82 30       	cpi	r24, 0x02	; 2
     48c:	91 05       	cpc	r25, r1
     48e:	20 f0       	brcs	.+8      	; 0x498 <LCD_Erase+0x18>
     490:	82 30       	cpi	r24, 0x02	; 2
     492:	91 05       	cpc	r25, r1
     494:	d9 f4       	brne	.+54     	; 0x4cc <LCD_Erase+0x4c>
     496:	0f c0       	rjmp	.+30     	; 0x4b6 <LCD_Erase+0x36>
     498:	80 e8       	ldi	r24, 0x80	; 128
     49a:	0e 94 47 01 	call	0x28e	; 0x28e <LCD_WriteCommand>
     49e:	08 e2       	ldi	r16, 0x28	; 40
     4a0:	10 e0       	ldi	r17, 0x00	; 0
     4a2:	80 e2       	ldi	r24, 0x20	; 32
     4a4:	0e 94 4a 01 	call	0x294	; 0x294 <LCD_WriteData>
     4a8:	01 50       	subi	r16, 0x01	; 1
     4aa:	11 09       	sbc	r17, r1
     4ac:	01 15       	cp	r16, r1
     4ae:	11 05       	cpc	r17, r1
     4b0:	c1 f7       	brne	.-16     	; 0x4a2 <LCD_Erase+0x22>
     4b2:	cd 2b       	or	r28, r29
     4b4:	59 f4       	brne	.+22     	; 0x4cc <LCD_Erase+0x4c>
     4b6:	80 ec       	ldi	r24, 0xC0	; 192
     4b8:	0e 94 47 01 	call	0x28e	; 0x28e <LCD_WriteCommand>
     4bc:	c8 e2       	ldi	r28, 0x28	; 40
     4be:	d0 e0       	ldi	r29, 0x00	; 0
     4c0:	80 e2       	ldi	r24, 0x20	; 32
     4c2:	0e 94 4a 01 	call	0x294	; 0x294 <LCD_WriteData>
     4c6:	21 97       	sbiw	r28, 0x01	; 1
     4c8:	20 97       	sbiw	r28, 0x00	; 0
     4ca:	d1 f7       	brne	.-12     	; 0x4c0 <LCD_Erase+0x40>
     4cc:	df 91       	pop	r29
     4ce:	cf 91       	pop	r28
     4d0:	1f 91       	pop	r17
     4d2:	0f 91       	pop	r16
     4d4:	08 95       	ret

000004d6 <LCD_Displaying>:
     4d6:	83 30       	cpi	r24, 0x03	; 3
     4d8:	91 05       	cpc	r25, r1
     4da:	89 f0       	breq	.+34     	; 0x4fe <LCD_Displaying+0x28>
     4dc:	30 f4       	brcc	.+12     	; 0x4ea <LCD_Displaying+0x14>
     4de:	81 30       	cpi	r24, 0x01	; 1
     4e0:	91 05       	cpc	r25, r1
     4e2:	49 f0       	breq	.+18     	; 0x4f6 <LCD_Displaying+0x20>
     4e4:	02 97       	sbiw	r24, 0x02	; 2
     4e6:	49 f0       	breq	.+18     	; 0x4fa <LCD_Displaying+0x24>
     4e8:	08 95       	ret
     4ea:	84 30       	cpi	r24, 0x04	; 4
     4ec:	91 05       	cpc	r25, r1
     4ee:	49 f0       	breq	.+18     	; 0x502 <LCD_Displaying+0x2c>
     4f0:	05 97       	sbiw	r24, 0x05	; 5
     4f2:	49 f0       	breq	.+18     	; 0x506 <LCD_Displaying+0x30>
     4f4:	08 95       	ret
     4f6:	8c e0       	ldi	r24, 0x0C	; 12
     4f8:	07 c0       	rjmp	.+14     	; 0x508 <LCD_Displaying+0x32>
     4fa:	88 e0       	ldi	r24, 0x08	; 8
     4fc:	05 c0       	rjmp	.+10     	; 0x508 <LCD_Displaying+0x32>
     4fe:	8e e0       	ldi	r24, 0x0E	; 14
     500:	03 c0       	rjmp	.+6      	; 0x508 <LCD_Displaying+0x32>
     502:	8d e0       	ldi	r24, 0x0D	; 13
     504:	01 c0       	rjmp	.+2      	; 0x508 <LCD_Displaying+0x32>
     506:	8f e0       	ldi	r24, 0x0F	; 15
     508:	0c 94 47 01 	jmp	0x28e	; 0x28e <LCD_WriteCommand>

0000050c <i2cSetBitrate>:
     50c:	bc 01       	movw	r22, r24
     50e:	80 e8       	ldi	r24, 0x80	; 128
     510:	9e e3       	ldi	r25, 0x3E	; 62
     512:	0e 94 0d 21 	call	0x421a	; 0x421a <__udivmodhi4>
     516:	86 2f       	mov	r24, r22
     518:	60 31       	cpi	r22, 0x10	; 16
     51a:	38 f0       	brcs	.+14     	; 0x52a <i2cSetBitrate+0x1e>
     51c:	77 27       	eor	r23, r23
     51e:	cb 01       	movw	r24, r22
     520:	40 97       	sbiw	r24, 0x10	; 16
     522:	97 fd       	sbrc	r25, 7
     524:	01 96       	adiw	r24, 0x01	; 1
     526:	95 95       	asr	r25
     528:	87 95       	ror	r24
     52a:	80 b9       	out	0x00, r24	; 0
     52c:	08 95       	ret

0000052e <i2cStart>:
     52e:	84 ea       	ldi	r24, 0xA4	; 164
     530:	86 bf       	out	0x36, r24	; 54
     532:	06 b6       	in	r0, 0x36	; 54
     534:	07 fe       	sbrs	r0, 7
     536:	fd cf       	rjmp	.-6      	; 0x532 <i2cStart+0x4>
     538:	08 95       	ret

0000053a <i2cStop>:
     53a:	84 e9       	ldi	r24, 0x94	; 148
     53c:	86 bf       	out	0x36, r24	; 54
     53e:	06 b6       	in	r0, 0x36	; 54
     540:	04 fc       	sbrc	r0, 4
     542:	fd cf       	rjmp	.-6      	; 0x53e <i2cStop+0x4>
     544:	08 95       	ret

00000546 <i2cWrite>:
     546:	83 b9       	out	0x03, r24	; 3
     548:	84 e8       	ldi	r24, 0x84	; 132
     54a:	86 bf       	out	0x36, r24	; 54
     54c:	06 b6       	in	r0, 0x36	; 54
     54e:	07 fe       	sbrs	r0, 7
     550:	fd cf       	rjmp	.-6      	; 0x54c <i2cWrite+0x6>
     552:	08 95       	ret

00000554 <i2cRead>:
     554:	20 e4       	ldi	r18, 0x40	; 64
     556:	82 9f       	mul	r24, r18
     558:	c0 01       	movw	r24, r0
     55a:	11 24       	eor	r1, r1
     55c:	84 68       	ori	r24, 0x84	; 132
     55e:	86 bf       	out	0x36, r24	; 54
     560:	06 b6       	in	r0, 0x36	; 54
     562:	07 fe       	sbrs	r0, 7
     564:	fd cf       	rjmp	.-6      	; 0x560 <i2cRead+0xc>
     566:	83 b1       	in	r24, 0x03	; 3
     568:	08 95       	ret

0000056a <i2c_write_buf>:
     56a:	ef 92       	push	r14
     56c:	ff 92       	push	r15
     56e:	1f 93       	push	r17
     570:	cf 93       	push	r28
     572:	df 93       	push	r29
     574:	00 d0       	rcall	.+0      	; 0x576 <i2c_write_buf+0xc>
     576:	00 d0       	rcall	.+0      	; 0x578 <i2c_write_buf+0xe>
     578:	cd b7       	in	r28, 0x3d	; 61
     57a:	de b7       	in	r29, 0x3e	; 62
     57c:	14 2f       	mov	r17, r20
     57e:	2b 83       	std	Y+3, r18	; 0x03
     580:	3c 83       	std	Y+4, r19	; 0x04
     582:	6a 83       	std	Y+2, r22	; 0x02
     584:	89 83       	std	Y+1, r24	; 0x01
     586:	0e 94 97 02 	call	0x52e	; 0x52e <i2cStart>
     58a:	89 81       	ldd	r24, Y+1	; 0x01
     58c:	0e 94 a3 02 	call	0x546	; 0x546 <i2cWrite>
     590:	6a 81       	ldd	r22, Y+2	; 0x02
     592:	86 2f       	mov	r24, r22
     594:	0e 94 a3 02 	call	0x546	; 0x546 <i2cWrite>
     598:	2b 81       	ldd	r18, Y+3	; 0x03
     59a:	e2 2e       	mov	r14, r18
     59c:	3c 81       	ldd	r19, Y+4	; 0x04
     59e:	f3 2e       	mov	r15, r19
     5a0:	12 0f       	add	r17, r18
     5a2:	1e 15       	cp	r17, r14
     5a4:	31 f0       	breq	.+12     	; 0x5b2 <i2c_write_buf+0x48>
     5a6:	f7 01       	movw	r30, r14
     5a8:	81 91       	ld	r24, Z+
     5aa:	7f 01       	movw	r14, r30
     5ac:	0e 94 a3 02 	call	0x546	; 0x546 <i2cWrite>
     5b0:	f8 cf       	rjmp	.-16     	; 0x5a2 <i2c_write_buf+0x38>
     5b2:	0f 90       	pop	r0
     5b4:	0f 90       	pop	r0
     5b6:	0f 90       	pop	r0
     5b8:	0f 90       	pop	r0
     5ba:	df 91       	pop	r29
     5bc:	cf 91       	pop	r28
     5be:	1f 91       	pop	r17
     5c0:	ff 90       	pop	r15
     5c2:	ef 90       	pop	r14
     5c4:	0c 94 9d 02 	jmp	0x53a	; 0x53a <i2cStop>

000005c8 <i2c_read_buf>:
     5c8:	ef 92       	push	r14
     5ca:	ff 92       	push	r15
     5cc:	1f 93       	push	r17
     5ce:	cf 93       	push	r28
     5d0:	df 93       	push	r29
     5d2:	00 d0       	rcall	.+0      	; 0x5d4 <i2c_read_buf+0xc>
     5d4:	1f 92       	push	r1
     5d6:	cd b7       	in	r28, 0x3d	; 61
     5d8:	de b7       	in	r29, 0x3e	; 62
     5da:	f8 2e       	mov	r15, r24
     5dc:	14 2f       	mov	r17, r20
     5de:	2a 83       	std	Y+2, r18	; 0x02
     5e0:	3b 83       	std	Y+3, r19	; 0x03
     5e2:	69 83       	std	Y+1, r22	; 0x01
     5e4:	0e 94 97 02 	call	0x52e	; 0x52e <i2cStart>
     5e8:	8f 2d       	mov	r24, r15
     5ea:	0e 94 a3 02 	call	0x546	; 0x546 <i2cWrite>
     5ee:	69 81       	ldd	r22, Y+1	; 0x01
     5f0:	86 2f       	mov	r24, r22
     5f2:	0e 94 a3 02 	call	0x546	; 0x546 <i2cWrite>
     5f6:	0e 94 97 02 	call	0x52e	; 0x52e <i2cStart>
     5fa:	81 e0       	ldi	r24, 0x01	; 1
     5fc:	8f 0d       	add	r24, r15
     5fe:	0e 94 a3 02 	call	0x546	; 0x546 <i2cWrite>
     602:	11 50       	subi	r17, 0x01	; 1
     604:	2a 81       	ldd	r18, Y+2	; 0x02
     606:	e2 2e       	mov	r14, r18
     608:	3b 81       	ldd	r19, Y+3	; 0x03
     60a:	f3 2e       	mov	r15, r19
     60c:	1f 3f       	cpi	r17, 0xFF	; 255
     60e:	59 f0       	breq	.+22     	; 0x626 <i2c_read_buf+0x5e>
     610:	81 e0       	ldi	r24, 0x01	; 1
     612:	11 11       	cpse	r17, r1
     614:	01 c0       	rjmp	.+2      	; 0x618 <i2c_read_buf+0x50>
     616:	80 e0       	ldi	r24, 0x00	; 0
     618:	0e 94 aa 02 	call	0x554	; 0x554 <i2cRead>
     61c:	f7 01       	movw	r30, r14
     61e:	81 93       	st	Z+, r24
     620:	7f 01       	movw	r14, r30
     622:	11 50       	subi	r17, 0x01	; 1
     624:	f3 cf       	rjmp	.-26     	; 0x60c <i2c_read_buf+0x44>
     626:	0f 90       	pop	r0
     628:	0f 90       	pop	r0
     62a:	0f 90       	pop	r0
     62c:	df 91       	pop	r29
     62e:	cf 91       	pop	r28
     630:	1f 91       	pop	r17
     632:	ff 90       	pop	r15
     634:	ef 90       	pop	r14
     636:	0c 94 9d 02 	jmp	0x53a	; 0x53a <i2cStop>

0000063a <pilot_off>:
     63a:	8e b5       	in	r24, 0x2e	; 46
     63c:	88 7f       	andi	r24, 0xF8	; 248
     63e:	8e bd       	out	0x2e, r24	; 46
     640:	08 95       	ret

00000642 <pilot_on>:
     642:	8e b5       	in	r24, 0x2e	; 46
     644:	85 60       	ori	r24, 0x05	; 5
     646:	8e bd       	out	0x2e, r24	; 46
     648:	08 95       	ret

0000064a <ir_init>:
     64a:	8e 98       	cbi	0x11, 6	; 17
     64c:	96 9a       	sbi	0x12, 6	; 18
     64e:	8e b5       	in	r24, 0x2e	; 46
     650:	8f 7b       	andi	r24, 0xBF	; 191
     652:	8e bd       	out	0x2e, r24	; 46
     654:	10 92 b3 05 	sts	0x05B3, r1
     658:	89 b7       	in	r24, 0x39	; 57
     65a:	80 62       	ori	r24, 0x20	; 32
     65c:	89 bf       	out	0x39, r24	; 57
     65e:	10 92 b4 05 	sts	0x05B4, r1
     662:	bc 98       	cbi	0x17, 4	; 23
     664:	c4 9a       	sbi	0x18, 4	; 24
     666:	08 95       	ret

00000668 <__vector_6>:
     668:	1f 92       	push	r1
     66a:	0f 92       	push	r0
     66c:	0f b6       	in	r0, 0x3f	; 63
     66e:	0f 92       	push	r0
     670:	11 24       	eor	r1, r1
     672:	2f 93       	push	r18
     674:	3f 93       	push	r19
     676:	8f 93       	push	r24
     678:	9f 93       	push	r25
     67a:	86 b5       	in	r24, 0x26	; 38
     67c:	97 b5       	in	r25, 0x27	; 39
     67e:	20 91 a2 05 	lds	r18, 0x05A2
     682:	30 91 a3 05 	lds	r19, 0x05A3
     686:	82 1b       	sub	r24, r18
     688:	93 0b       	sbc	r25, r19
     68a:	26 b5       	in	r18, 0x26	; 38
     68c:	37 b5       	in	r19, 0x27	; 39
     68e:	30 93 a3 05 	sts	0x05A3, r19
     692:	20 93 a2 05 	sts	0x05A2, r18
     696:	2e b5       	in	r18, 0x2e	; 46
     698:	30 e4       	ldi	r19, 0x40	; 64
     69a:	23 27       	eor	r18, r19
     69c:	2e bd       	out	0x2e, r18	; 46
     69e:	8f 31       	cpi	r24, 0x1F	; 31
     6a0:	91 05       	cpc	r25, r1
     6a2:	10 f0       	brcs	.+4      	; 0x6a8 <__vector_6+0x40>
     6a4:	10 92 b3 05 	sts	0x05B3, r1
     6a8:	20 91 b3 05 	lds	r18, 0x05B3
     6ac:	22 23       	and	r18, r18
     6ae:	19 f0       	breq	.+6      	; 0x6b6 <__vector_6+0x4e>
     6b0:	21 e0       	ldi	r18, 0x01	; 1
     6b2:	20 93 a1 05 	sts	0x05A1, r18
     6b6:	20 91 b3 05 	lds	r18, 0x05B3
     6ba:	21 11       	cpse	r18, r1
     6bc:	11 c0       	rjmp	.+34     	; 0x6e0 <__vector_6+0x78>
     6be:	10 92 a0 05 	sts	0x05A0, r1
     6c2:	10 92 9f 05 	sts	0x059F, r1
     6c6:	10 92 9e 05 	sts	0x059E, r1
     6ca:	2e b5       	in	r18, 0x2e	; 46
     6cc:	20 64       	ori	r18, 0x40	; 64
     6ce:	2e bd       	out	0x2e, r18	; 46
     6d0:	20 91 b3 05 	lds	r18, 0x05B3
     6d4:	2f 5f       	subi	r18, 0xFF	; 255
     6d6:	20 93 b3 05 	sts	0x05B3, r18
     6da:	22 e0       	ldi	r18, 0x02	; 2
     6dc:	20 93 a1 05 	sts	0x05A1, r18
     6e0:	20 91 a1 05 	lds	r18, 0x05A1
     6e4:	21 30       	cpi	r18, 0x01	; 1
     6e6:	09 f0       	breq	.+2      	; 0x6ea <__vector_6+0x82>
     6e8:	5a c0       	rjmp	.+180    	; 0x79e <__vector_6+0x136>
     6ea:	9c 01       	movw	r18, r24
     6ec:	2a 50       	subi	r18, 0x0A	; 10
     6ee:	31 09       	sbc	r19, r1
     6f0:	25 31       	cpi	r18, 0x15	; 21
     6f2:	31 05       	cpc	r19, r1
     6f4:	10 f0       	brcs	.+4      	; 0x6fa <__vector_6+0x92>
     6f6:	10 92 a1 05 	sts	0x05A1, r1
     6fa:	20 91 a1 05 	lds	r18, 0x05A1
     6fe:	21 30       	cpi	r18, 0x01	; 1
     700:	09 f0       	breq	.+2      	; 0x704 <__vector_6+0x9c>
     702:	4d c0       	rjmp	.+154    	; 0x79e <__vector_6+0x136>
     704:	42 97       	sbiw	r24, 0x12	; 18
     706:	28 f0       	brcs	.+10     	; 0x712 <__vector_6+0xaa>
     708:	80 91 b3 05 	lds	r24, 0x05B3
     70c:	8f 5f       	subi	r24, 0xFF	; 255
     70e:	80 93 b3 05 	sts	0x05B3, r24
     712:	80 91 b3 05 	lds	r24, 0x05B3
     716:	82 30       	cpi	r24, 0x02	; 2
     718:	e8 f1       	brcs	.+122    	; 0x794 <__vector_6+0x12c>
     71a:	80 91 b3 05 	lds	r24, 0x05B3
     71e:	80 fd       	sbrc	r24, 0
     720:	39 c0       	rjmp	.+114    	; 0x794 <__vector_6+0x12c>
     722:	80 91 9f 05 	lds	r24, 0x059F
     726:	90 91 a0 05 	lds	r25, 0x05A0
     72a:	88 0f       	add	r24, r24
     72c:	99 1f       	adc	r25, r25
     72e:	90 93 a0 05 	sts	0x05A0, r25
     732:	80 93 9f 05 	sts	0x059F, r24
     736:	0e b4       	in	r0, 0x2e	; 46
     738:	06 fe       	sbrs	r0, 6
     73a:	05 c0       	rjmp	.+10     	; 0x746 <__vector_6+0xde>
     73c:	81 60       	ori	r24, 0x01	; 1
     73e:	90 93 a0 05 	sts	0x05A0, r25
     742:	80 93 9f 05 	sts	0x059F, r24
     746:	80 91 9e 05 	lds	r24, 0x059E
     74a:	8f 5f       	subi	r24, 0xFF	; 255
     74c:	80 93 9e 05 	sts	0x059E, r24
     750:	8d 30       	cpi	r24, 0x0D	; 13
     752:	00 f1       	brcs	.+64     	; 0x794 <__vector_6+0x12c>
     754:	80 91 9f 05 	lds	r24, 0x059F
     758:	90 91 a0 05 	lds	r25, 0x05A0
     75c:	28 2f       	mov	r18, r24
     75e:	2f 73       	andi	r18, 0x3F	; 63
     760:	20 93 b2 05 	sts	0x05B2, r18
     764:	9c 01       	movw	r18, r24
     766:	20 7c       	andi	r18, 0xC0	; 192
     768:	37 70       	andi	r19, 0x07	; 7
     76a:	68 94       	set
     76c:	15 f8       	bld	r1, 5
     76e:	36 95       	lsr	r19
     770:	27 95       	ror	r18
     772:	16 94       	lsr	r1
     774:	e1 f7       	brne	.-8      	; 0x76e <__vector_6+0x106>
     776:	20 93 b1 05 	sts	0x05B1, r18
     77a:	88 27       	eor	r24, r24
     77c:	98 70       	andi	r25, 0x08	; 8
     77e:	89 2f       	mov	r24, r25
     780:	86 95       	lsr	r24
     782:	86 95       	lsr	r24
     784:	86 95       	lsr	r24
     786:	80 93 b0 05 	sts	0x05B0, r24
     78a:	10 92 a1 05 	sts	0x05A1, r1
     78e:	81 e0       	ldi	r24, 0x01	; 1
     790:	80 93 b4 05 	sts	0x05B4, r24
     794:	80 91 b3 05 	lds	r24, 0x05B3
     798:	8f 5f       	subi	r24, 0xFF	; 255
     79a:	80 93 b3 05 	sts	0x05B3, r24
     79e:	80 91 a1 05 	lds	r24, 0x05A1
     7a2:	81 11       	cpse	r24, r1
     7a4:	05 c0       	rjmp	.+10     	; 0x7b0 <__vector_6+0x148>
     7a6:	10 92 b3 05 	sts	0x05B3, r1
     7aa:	8e b5       	in	r24, 0x2e	; 46
     7ac:	8f 7b       	andi	r24, 0xBF	; 191
     7ae:	8e bd       	out	0x2e, r24	; 46
     7b0:	9f 91       	pop	r25
     7b2:	8f 91       	pop	r24
     7b4:	3f 91       	pop	r19
     7b6:	2f 91       	pop	r18
     7b8:	0f 90       	pop	r0
     7ba:	0f be       	out	0x3f, r0	; 63
     7bc:	0f 90       	pop	r0
     7be:	1f 90       	pop	r1
     7c0:	18 95       	reti

000007c2 <pilot_reset>:
     7c2:	8f ef       	ldi	r24, 0xFF	; 255
     7c4:	80 93 b2 05 	sts	0x05B2, r24
     7c8:	80 93 b1 05 	sts	0x05B1, r24
     7cc:	08 95       	ret

000007ce <stop_button>:
     7ce:	86 b3       	in	r24, 0x16	; 22
     7d0:	82 95       	swap	r24
     7d2:	8f 70       	andi	r24, 0x0F	; 15
     7d4:	91 e0       	ldi	r25, 0x01	; 1
     7d6:	89 27       	eor	r24, r25
     7d8:	81 70       	andi	r24, 0x01	; 1
     7da:	90 e0       	ldi	r25, 0x00	; 0
     7dc:	08 95       	ret

000007de <USART_Transmit>:
     7de:	cf 93       	push	r28
     7e0:	c8 2f       	mov	r28, r24
     7e2:	8a 30       	cpi	r24, 0x0A	; 10
     7e4:	19 f4       	brne	.+6      	; 0x7ec <USART_Transmit+0xe>
     7e6:	8d e0       	ldi	r24, 0x0D	; 13
     7e8:	0e 94 ef 03 	call	0x7de	; 0x7de <USART_Transmit>
     7ec:	5d 9b       	sbis	0x0b, 5	; 11
     7ee:	fe cf       	rjmp	.-4      	; 0x7ec <USART_Transmit+0xe>
     7f0:	cc b9       	out	0x0c, r28	; 12
     7f2:	cf 91       	pop	r28
     7f4:	08 95       	ret

000007f6 <USART_Recieve>:
     7f6:	5f 9b       	sbis	0x0b, 7	; 11
     7f8:	fe cf       	rjmp	.-4      	; 0x7f6 <USART_Recieve>
     7fa:	8c b1       	in	r24, 0x0c	; 12
     7fc:	08 95       	ret

000007fe <lockers_safety_bit_on>:
     7fe:	8b ef       	ldi	r24, 0xFB	; 251
     800:	0e 94 e0 1b 	call	0x37c0	; 0x37c0 <PCF8583_read>
     804:	68 2f       	mov	r22, r24
     806:	61 60       	ori	r22, 0x01	; 1
     808:	8b ef       	ldi	r24, 0xFB	; 251
     80a:	0c 94 ce 1b 	jmp	0x379c	; 0x379c <PCF8583_write>

0000080e <lockers_safety_bit_off>:
     80e:	8b ef       	ldi	r24, 0xFB	; 251
     810:	0e 94 e0 1b 	call	0x37c0	; 0x37c0 <PCF8583_read>
     814:	68 2f       	mov	r22, r24
     816:	6e 7f       	andi	r22, 0xFE	; 254
     818:	8b ef       	ldi	r24, 0xFB	; 251
     81a:	0c 94 ce 1b 	jmp	0x379c	; 0x379c <PCF8583_write>

0000081e <lockers_is_safety_bit>:
     81e:	8b ef       	ldi	r24, 0xFB	; 251
     820:	0e 94 e0 1b 	call	0x37c0	; 0x37c0 <PCF8583_read>
     824:	81 70       	andi	r24, 0x01	; 1
     826:	08 95       	ret

00000828 <USART_init>:
     828:	90 bd       	out	0x20, r25	; 32
     82a:	89 b9       	out	0x09, r24	; 9
     82c:	88 e1       	ldi	r24, 0x18	; 24
     82e:	8a b9       	out	0x0a, r24	; 10
     830:	86 e8       	ldi	r24, 0x86	; 134
     832:	80 bd       	out	0x20, r24	; 32
     834:	08 95       	ret

00000836 <USART_Recieve_without_waiting>:
     836:	5f 9b       	sbis	0x0b, 7	; 11
     838:	02 c0       	rjmp	.+4      	; 0x83e <USART_Recieve_without_waiting+0x8>
     83a:	8c b1       	in	r24, 0x0c	; 12
     83c:	08 95       	ret
     83e:	80 e0       	ldi	r24, 0x00	; 0
     840:	08 95       	ret

00000842 <lockers_number_of_frames>:
     842:	80 e8       	ldi	r24, 0x80	; 128
     844:	08 95       	ret

00000846 <lockers_convert_address_to_index_of_frame>:
     846:	23 e0       	ldi	r18, 0x03	; 3
     848:	96 95       	lsr	r25
     84a:	87 95       	ror	r24
     84c:	2a 95       	dec	r18
     84e:	e1 f7       	brne	.-8      	; 0x848 <lockers_convert_address_to_index_of_frame+0x2>
     850:	08 95       	ret

00000852 <lockers_convert_index_of_frame_to_address>:
     852:	28 e0       	ldi	r18, 0x08	; 8
     854:	82 9f       	mul	r24, r18
     856:	c0 01       	movw	r24, r0
     858:	11 24       	eor	r1, r1
     85a:	08 95       	ret

0000085c <lockers_read_frame>:
     85c:	98 e0       	ldi	r25, 0x08	; 8
     85e:	89 9f       	mul	r24, r25
     860:	b0 01       	movw	r22, r0
     862:	11 24       	eor	r1, r1
     864:	e1 99       	sbic	0x1c, 1	; 28
     866:	fe cf       	rjmp	.-4      	; 0x864 <__stack+0x5>
     868:	48 e0       	ldi	r20, 0x08	; 8
     86a:	50 e0       	ldi	r21, 0x00	; 0
     86c:	80 ee       	ldi	r24, 0xE0	; 224
     86e:	95 e0       	ldi	r25, 0x05	; 5
     870:	0c 94 2e 27 	jmp	0x4e5c	; 0x4e5c <__eerd_block_m32>

00000874 <lockers_print_entire_frame>:
     874:	cf 93       	push	r28
     876:	60 e0       	ldi	r22, 0x00	; 0
     878:	70 e0       	ldi	r23, 0x00	; 0
     87a:	80 e0       	ldi	r24, 0x00	; 0
     87c:	9f e3       	ldi	r25, 0x3F	; 63
     87e:	0e 94 07 09 	call	0x120e	; 0x120e <buzzer_time>
     882:	80 91 e0 05 	lds	r24, 0x05E0
     886:	1f 92       	push	r1
     888:	8f 93       	push	r24
     88a:	80 91 e1 05 	lds	r24, 0x05E1
     88e:	1f 92       	push	r1
     890:	8f 93       	push	r24
     892:	80 91 e2 05 	lds	r24, 0x05E2
     896:	1f 92       	push	r1
     898:	8f 93       	push	r24
     89a:	80 91 e3 05 	lds	r24, 0x05E3
     89e:	1f 92       	push	r1
     8a0:	8f 93       	push	r24
     8a2:	80 91 e4 05 	lds	r24, 0x05E4
     8a6:	1f 92       	push	r1
     8a8:	8f 93       	push	r24
     8aa:	80 91 e6 05 	lds	r24, 0x05E6
     8ae:	8f 93       	push	r24
     8b0:	80 91 e5 05 	lds	r24, 0x05E5
     8b4:	8f 93       	push	r24
     8b6:	8a e8       	ldi	r24, 0x8A	; 138
     8b8:	90 e0       	ldi	r25, 0x00	; 0
     8ba:	9f 93       	push	r25
     8bc:	8f 93       	push	r24
     8be:	0e 94 14 25 	call	0x4a28	; 0x4a28 <printf>
     8c2:	80 91 e7 05 	lds	r24, 0x05E7
     8c6:	c4 e6       	ldi	r28, 0x64	; 100
     8c8:	6c 2f       	mov	r22, r28
     8ca:	0e 94 01 21 	call	0x4202	; 0x4202 <__udivmodqi4>
     8ce:	2d b7       	in	r18, 0x3d	; 61
     8d0:	3e b7       	in	r19, 0x3e	; 62
     8d2:	22 5f       	subi	r18, 0xF2	; 242
     8d4:	3f 4f       	sbci	r19, 0xFF	; 255
     8d6:	0f b6       	in	r0, 0x3f	; 63
     8d8:	f8 94       	cli
     8da:	3e bf       	out	0x3e, r19	; 62
     8dc:	0f be       	out	0x3f, r0	; 63
     8de:	2d bf       	out	0x3d, r18	; 61
     8e0:	99 23       	and	r25, r25
     8e2:	01 f1       	breq	.+64     	; 0x924 <lockers_print_entire_frame+0xb0>
     8e4:	1f 92       	push	r1
     8e6:	9f 93       	push	r25
     8e8:	88 ea       	ldi	r24, 0xA8	; 168
     8ea:	90 e0       	ldi	r25, 0x00	; 0
     8ec:	9f 93       	push	r25
     8ee:	8f 93       	push	r24
     8f0:	0e 94 14 25 	call	0x4a28	; 0x4a28 <printf>
     8f4:	80 91 e7 05 	lds	r24, 0x05E7
     8f8:	6c 2f       	mov	r22, r28
     8fa:	0e 94 01 21 	call	0x4202	; 0x4202 <__udivmodqi4>
     8fe:	0f 90       	pop	r0
     900:	0f 90       	pop	r0
     902:	0f 90       	pop	r0
     904:	0f 90       	pop	r0
     906:	81 30       	cpi	r24, 0x01	; 1
     908:	19 f4       	brne	.+6      	; 0x910 <lockers_print_entire_frame+0x9c>
     90a:	88 eb       	ldi	r24, 0xB8	; 184
     90c:	90 e0       	ldi	r25, 0x00	; 0
     90e:	04 c0       	rjmp	.+8      	; 0x918 <lockers_print_entire_frame+0xa4>
     910:	82 30       	cpi	r24, 0x02	; 2
     912:	41 f4       	brne	.+16     	; 0x924 <lockers_print_entire_frame+0xb0>
     914:	81 ec       	ldi	r24, 0xC1	; 193
     916:	90 e0       	ldi	r25, 0x00	; 0
     918:	9f 93       	push	r25
     91a:	8f 93       	push	r24
     91c:	0e 94 14 25 	call	0x4a28	; 0x4a28 <printf>
     920:	0f 90       	pop	r0
     922:	0f 90       	pop	r0
     924:	8a e0       	ldi	r24, 0x0A	; 10
     926:	90 e0       	ldi	r25, 0x00	; 0
     928:	cf 91       	pop	r28
     92a:	0c 94 28 25 	jmp	0x4a50	; 0x4a50 <putchar>

0000092e <lockers_print_date_of_report>:
     92e:	0e 94 ef 08 	call	0x11de	; 0x11de <all_colors_RGB>
     932:	0e 94 57 1f 	call	0x3eae	; 0x3eae <PCF8583_get_wall_time>
     936:	20 91 eb 05 	lds	r18, 0x05EB
     93a:	82 2f       	mov	r24, r18
     93c:	99 27       	eor	r25, r25
     93e:	87 fd       	sbrc	r24, 7
     940:	90 95       	com	r25
     942:	9f 93       	push	r25
     944:	2f 93       	push	r18
     946:	20 91 dc 05 	lds	r18, 0x05DC
     94a:	82 2f       	mov	r24, r18
     94c:	99 27       	eor	r25, r25
     94e:	87 fd       	sbrc	r24, 7
     950:	90 95       	com	r25
     952:	9f 93       	push	r25
     954:	2f 93       	push	r18
     956:	20 91 db 05 	lds	r18, 0x05DB
     95a:	82 2f       	mov	r24, r18
     95c:	99 27       	eor	r25, r25
     95e:	87 fd       	sbrc	r24, 7
     960:	90 95       	com	r25
     962:	9f 93       	push	r25
     964:	2f 93       	push	r18
     966:	20 91 fa 05 	lds	r18, 0x05FA
     96a:	82 2f       	mov	r24, r18
     96c:	99 27       	eor	r25, r25
     96e:	87 fd       	sbrc	r24, 7
     970:	90 95       	com	r25
     972:	9f 93       	push	r25
     974:	2f 93       	push	r18
     976:	20 91 dd 05 	lds	r18, 0x05DD
     97a:	82 2f       	mov	r24, r18
     97c:	99 27       	eor	r25, r25
     97e:	87 fd       	sbrc	r24, 7
     980:	90 95       	com	r25
     982:	9f 93       	push	r25
     984:	2f 93       	push	r18
     986:	80 91 ed 05 	lds	r24, 0x05ED
     98a:	8f 93       	push	r24
     98c:	80 91 ec 05 	lds	r24, 0x05EC
     990:	8f 93       	push	r24
     992:	8c ec       	ldi	r24, 0xCC	; 204
     994:	90 e0       	ldi	r25, 0x00	; 0
     996:	9f 93       	push	r25
     998:	8f 93       	push	r24
     99a:	0e 94 14 25 	call	0x4a28	; 0x4a28 <printf>
     99e:	8d b7       	in	r24, 0x3d	; 61
     9a0:	9e b7       	in	r25, 0x3e	; 62
     9a2:	0e 96       	adiw	r24, 0x0e	; 14
     9a4:	0f b6       	in	r0, 0x3f	; 63
     9a6:	f8 94       	cli
     9a8:	9e bf       	out	0x3e, r25	; 62
     9aa:	0f be       	out	0x3f, r0	; 63
     9ac:	8d bf       	out	0x3d, r24	; 61
     9ae:	08 95       	ret

000009b0 <lockers_print_temperature>:
     9b0:	8b ee       	ldi	r24, 0xEB	; 235
     9b2:	90 e0       	ldi	r25, 0x00	; 0
     9b4:	9f 93       	push	r25
     9b6:	8f 93       	push	r24
     9b8:	0e 94 14 25 	call	0x4a28	; 0x4a28 <printf>
     9bc:	0e 94 97 04 	call	0x92e	; 0x92e <lockers_print_date_of_report>
     9c0:	60 91 b5 05 	lds	r22, 0x05B5
     9c4:	70 91 b6 05 	lds	r23, 0x05B6
     9c8:	80 91 b7 05 	lds	r24, 0x05B7
     9cc:	90 91 b8 05 	lds	r25, 0x05B8
     9d0:	42 e0       	ldi	r20, 0x02	; 2
     9d2:	0e 94 de 07 	call	0xfbc	; 0xfbc <get_double_format>
     9d6:	1f 92       	push	r1
     9d8:	8f 93       	push	r24
     9da:	7f 93       	push	r23
     9dc:	6f 93       	push	r22
     9de:	8a ef       	ldi	r24, 0xFA	; 250
     9e0:	90 e0       	ldi	r25, 0x00	; 0
     9e2:	9f 93       	push	r25
     9e4:	8f 93       	push	r24
     9e6:	0e 94 14 25 	call	0x4a28	; 0x4a28 <printf>
     9ea:	8d b7       	in	r24, 0x3d	; 61
     9ec:	9e b7       	in	r25, 0x3e	; 62
     9ee:	08 96       	adiw	r24, 0x08	; 8
     9f0:	0f b6       	in	r0, 0x3f	; 63
     9f2:	f8 94       	cli
     9f4:	9e bf       	out	0x3e, r25	; 62
     9f6:	0f be       	out	0x3f, r0	; 63
     9f8:	8d bf       	out	0x3d, r24	; 61
     9fa:	08 95       	ret

000009fc <lockers_tail>:
     9fc:	8e ef       	ldi	r24, 0xFE	; 254
     9fe:	0e 94 88 1c 	call	0x3910	; 0x3910 <PCF8583_read_word>
     a02:	33 e0       	ldi	r19, 0x03	; 3
     a04:	96 95       	lsr	r25
     a06:	87 95       	ror	r24
     a08:	3a 95       	dec	r19
     a0a:	e1 f7       	brne	.-8      	; 0xa04 <lockers_tail+0x8>
     a0c:	08 95       	ret

00000a0e <lockers_head>:
     a0e:	8c ef       	ldi	r24, 0xFC	; 252
     a10:	0e 94 88 1c 	call	0x3910	; 0x3910 <PCF8583_read_word>
     a14:	43 e0       	ldi	r20, 0x03	; 3
     a16:	96 95       	lsr	r25
     a18:	87 95       	ror	r24
     a1a:	4a 95       	dec	r20
     a1c:	e1 f7       	brne	.-8      	; 0xa16 <lockers_head+0x8>
     a1e:	08 95       	ret

00000a20 <lockers_queue_read>:
     a20:	cf 93       	push	r28
     a22:	c8 2f       	mov	r28, r24
     a24:	0e 94 07 05 	call	0xa0e	; 0xa0e <lockers_head>
     a28:	90 e0       	ldi	r25, 0x00	; 0
     a2a:	8c 0f       	add	r24, r28
     a2c:	91 1d       	adc	r25, r1
     a2e:	80 38       	cpi	r24, 0x80	; 128
     a30:	91 05       	cpc	r25, r1
     a32:	10 f0       	brcs	.+4      	; 0xa38 <lockers_queue_read+0x18>
     a34:	80 58       	subi	r24, 0x80	; 128
     a36:	91 09       	sbc	r25, r1
     a38:	cf 91       	pop	r28
     a3a:	0c 94 2e 04 	jmp	0x85c	; 0x85c <lockers_read_frame>

00000a3e <lockers_print_amount_of_first_frames>:
     a3e:	ff 92       	push	r15
     a40:	0f 93       	push	r16
     a42:	1f 93       	push	r17
     a44:	cf 93       	push	r28
     a46:	df 93       	push	r29
     a48:	f8 2e       	mov	r15, r24
     a4a:	81 11       	cpse	r24, r1
     a4c:	09 c0       	rjmp	.+18     	; 0xa60 <lockers_print_amount_of_first_frames+0x22>
     a4e:	82 e1       	ldi	r24, 0x12	; 18
     a50:	91 e0       	ldi	r25, 0x01	; 1
     a52:	df 91       	pop	r29
     a54:	cf 91       	pop	r28
     a56:	1f 91       	pop	r17
     a58:	0f 91       	pop	r16
     a5a:	ff 90       	pop	r15
     a5c:	0c 94 2f 25 	jmp	0x4a5e	; 0x4a5e <puts>
     a60:	81 e0       	ldi	r24, 0x01	; 1
     a62:	80 93 a7 05 	sts	0x05A7, r24
     a66:	c0 e0       	ldi	r28, 0x00	; 0
     a68:	d0 e0       	ldi	r29, 0x00	; 0
     a6a:	0e e1       	ldi	r16, 0x1E	; 30
     a6c:	11 e0       	ldi	r17, 0x01	; 1
     a6e:	8c 2f       	mov	r24, r28
     a70:	21 96       	adiw	r28, 0x01	; 1
     a72:	9c 2f       	mov	r25, r28
     a74:	91 50       	subi	r25, 0x01	; 1
     a76:	9f 15       	cp	r25, r15
     a78:	78 f4       	brcc	.+30     	; 0xa98 <lockers_print_amount_of_first_frames+0x5a>
     a7a:	0e 94 10 05 	call	0xa20	; 0xa20 <lockers_queue_read>
     a7e:	df 93       	push	r29
     a80:	cf 93       	push	r28
     a82:	1f 93       	push	r17
     a84:	0f 93       	push	r16
     a86:	0e 94 14 25 	call	0x4a28	; 0x4a28 <printf>
     a8a:	0e 94 3a 04 	call	0x874	; 0x874 <lockers_print_entire_frame>
     a8e:	0f 90       	pop	r0
     a90:	0f 90       	pop	r0
     a92:	0f 90       	pop	r0
     a94:	0f 90       	pop	r0
     a96:	eb cf       	rjmp	.-42     	; 0xa6e <lockers_print_amount_of_first_frames+0x30>
     a98:	df 91       	pop	r29
     a9a:	cf 91       	pop	r28
     a9c:	1f 91       	pop	r17
     a9e:	0f 91       	pop	r16
     aa0:	ff 90       	pop	r15
     aa2:	08 95       	ret

00000aa4 <lockers_print_all_memory>:
     aa4:	85 e2       	ldi	r24, 0x25	; 37
     aa6:	91 e0       	ldi	r25, 0x01	; 1
     aa8:	9f 93       	push	r25
     aaa:	8f 93       	push	r24
     aac:	0e 94 14 25 	call	0x4a28	; 0x4a28 <printf>
     ab0:	0e 94 97 04 	call	0x92e	; 0x92e <lockers_print_date_of_report>
     ab4:	0f 90       	pop	r0
     ab6:	0f 90       	pop	r0
     ab8:	80 e8       	ldi	r24, 0x80	; 128
     aba:	0c 94 1f 05 	jmp	0xa3e	; 0xa3e <lockers_print_amount_of_first_frames>

00000abe <lockers_queue_empty>:
     abe:	8e ef       	ldi	r24, 0xFE	; 254
     ac0:	0e 94 88 1c 	call	0x3910	; 0x3910 <PCF8583_read_word>
     ac4:	bc 01       	movw	r22, r24
     ac6:	8c ef       	ldi	r24, 0xFC	; 252
     ac8:	0c 94 74 1c 	jmp	0x38e8	; 0x38e8 <PCF8583_write_word>

00000acc <lockers_init>:
     acc:	8c ef       	ldi	r24, 0xFC	; 252
     ace:	0e 94 88 1c 	call	0x3910	; 0x3910 <PCF8583_read_word>
     ad2:	81 30       	cpi	r24, 0x01	; 1
     ad4:	94 40       	sbci	r25, 0x04	; 4
     ad6:	68 f4       	brcc	.+26     	; 0xaf2 <lockers_init+0x26>
     ad8:	8e ef       	ldi	r24, 0xFE	; 254
     ada:	0e 94 88 1c 	call	0x3910	; 0x3910 <PCF8583_read_word>
     ade:	81 30       	cpi	r24, 0x01	; 1
     ae0:	94 40       	sbci	r25, 0x04	; 4
     ae2:	38 f4       	brcc	.+14     	; 0xaf2 <lockers_init+0x26>
     ae4:	8c ef       	ldi	r24, 0xFC	; 252
     ae6:	0e 94 88 1c 	call	0x3910	; 0x3910 <PCF8583_read_word>
     aea:	8e ef       	ldi	r24, 0xFE	; 254
     aec:	0e 94 88 1c 	call	0x3910	; 0x3910 <PCF8583_read_word>
     af0:	0d c0       	rjmp	.+26     	; 0xb0c <lockers_init+0x40>
     af2:	60 e0       	ldi	r22, 0x00	; 0
     af4:	70 e0       	ldi	r23, 0x00	; 0
     af6:	8e ef       	ldi	r24, 0xFE	; 254
     af8:	0e 94 74 1c 	call	0x38e8	; 0x38e8 <PCF8583_write_word>
     afc:	0e 94 5f 05 	call	0xabe	; 0xabe <lockers_queue_empty>
     b00:	60 e0       	ldi	r22, 0x00	; 0
     b02:	70 e0       	ldi	r23, 0x00	; 0
     b04:	8a e7       	ldi	r24, 0x7A	; 122
     b06:	94 e4       	ldi	r25, 0x44	; 68
     b08:	0e 94 07 09 	call	0x120e	; 0x120e <buzzer_time>
     b0c:	8a 98       	cbi	0x11, 2	; 17
     b0e:	92 9a       	sbi	0x12, 2	; 18
     b10:	8b 98       	cbi	0x11, 3	; 17
     b12:	93 9a       	sbi	0x12, 3	; 18
     b14:	8d 98       	cbi	0x11, 5	; 17
     b16:	95 9a       	sbi	0x12, 5	; 18
     b18:	8c 98       	cbi	0x11, 4	; 17
     b1a:	94 9a       	sbi	0x12, 4	; 18
     b1c:	a2 98       	cbi	0x14, 2	; 20
     b1e:	aa 9a       	sbi	0x15, 2	; 21
     b20:	a3 98       	cbi	0x14, 3	; 20
     b22:	ab 9a       	sbi	0x15, 3	; 21
     b24:	a4 98       	cbi	0x14, 4	; 20
     b26:	ac 9a       	sbi	0x15, 4	; 21
     b28:	a5 98       	cbi	0x14, 5	; 20
     b2a:	ad 9a       	sbi	0x15, 5	; 21
     b2c:	a6 98       	cbi	0x14, 6	; 20
     b2e:	ae 9a       	sbi	0x15, 6	; 21
     b30:	a7 98       	cbi	0x14, 7	; 20
     b32:	af 9a       	sbi	0x15, 7	; 21
     b34:	87 e6       	ldi	r24, 0x67	; 103
     b36:	90 e0       	ldi	r25, 0x00	; 0
     b38:	0e 94 14 04 	call	0x828	; 0x828 <USART_init>
     b3c:	8e e6       	ldi	r24, 0x6E	; 110
     b3e:	90 e0       	ldi	r25, 0x00	; 0
     b40:	90 93 04 06 	sts	0x0604, r25
     b44:	80 93 03 06 	sts	0x0603, r24
     b48:	80 e6       	ldi	r24, 0x60	; 96
     b4a:	90 e0       	ldi	r25, 0x00	; 0
     b4c:	90 93 02 06 	sts	0x0602, r25
     b50:	80 93 01 06 	sts	0x0601, r24
     b54:	08 95       	ret

00000b56 <lockers_is_queue_empty>:
     b56:	cf 93       	push	r28
     b58:	0e 94 07 05 	call	0xa0e	; 0xa0e <lockers_head>
     b5c:	c8 2f       	mov	r28, r24
     b5e:	0e 94 fe 04 	call	0x9fc	; 0x9fc <lockers_tail>
     b62:	91 e0       	ldi	r25, 0x01	; 1
     b64:	c8 13       	cpse	r28, r24
     b66:	90 e0       	ldi	r25, 0x00	; 0
     b68:	89 2f       	mov	r24, r25
     b6a:	cf 91       	pop	r28
     b6c:	08 95       	ret

00000b6e <lockers_queue_number_of_records>:
     b6e:	cf 93       	push	r28
     b70:	0e 94 07 05 	call	0xa0e	; 0xa0e <lockers_head>
     b74:	c8 2f       	mov	r28, r24
     b76:	0e 94 fe 04 	call	0x9fc	; 0x9fc <lockers_tail>
     b7a:	8c 17       	cp	r24, r28
     b7c:	40 f4       	brcc	.+16     	; 0xb8e <lockers_queue_number_of_records+0x20>
     b7e:	0e 94 fe 04 	call	0x9fc	; 0x9fc <lockers_tail>
     b82:	c8 2f       	mov	r28, r24
     b84:	0e 94 07 05 	call	0xa0e	; 0xa0e <lockers_head>
     b88:	90 e8       	ldi	r25, 0x80	; 128
     b8a:	9c 0f       	add	r25, r28
     b8c:	06 c0       	rjmp	.+12     	; 0xb9a <lockers_queue_number_of_records+0x2c>
     b8e:	0e 94 fe 04 	call	0x9fc	; 0x9fc <lockers_tail>
     b92:	c8 2f       	mov	r28, r24
     b94:	0e 94 07 05 	call	0xa0e	; 0xa0e <lockers_head>
     b98:	9c 2f       	mov	r25, r28
     b9a:	98 1b       	sub	r25, r24
     b9c:	89 2f       	mov	r24, r25
     b9e:	cf 91       	pop	r28
     ba0:	08 95       	ret

00000ba2 <lockers_print_latest_data>:
     ba2:	0e 94 ab 05 	call	0xb56	; 0xb56 <lockers_is_queue_empty>
     ba6:	81 11       	cpse	r24, r1
     ba8:	10 c0       	rjmp	.+32     	; 0xbca <lockers_print_latest_data+0x28>
     baa:	88 e3       	ldi	r24, 0x38	; 56
     bac:	91 e0       	ldi	r25, 0x01	; 1
     bae:	9f 93       	push	r25
     bb0:	8f 93       	push	r24
     bb2:	0e 94 14 25 	call	0x4a28	; 0x4a28 <printf>
     bb6:	0e 94 97 04 	call	0x92e	; 0x92e <lockers_print_date_of_report>
     bba:	0e 94 b7 05 	call	0xb6e	; 0xb6e <lockers_queue_number_of_records>
     bbe:	0e 94 1f 05 	call	0xa3e	; 0xa3e <lockers_print_amount_of_first_frames>
     bc2:	0f 90       	pop	r0
     bc4:	0f 90       	pop	r0
     bc6:	0c 94 5f 05 	jmp	0xabe	; 0xabe <lockers_queue_empty>
     bca:	60 e0       	ldi	r22, 0x00	; 0
     bcc:	70 e0       	ldi	r23, 0x00	; 0
     bce:	80 ea       	ldi	r24, 0xA0	; 160
     bd0:	90 e4       	ldi	r25, 0x40	; 64
     bd2:	0c 94 07 09 	jmp	0x120e	; 0x120e <buzzer_time>

00000bd6 <lockers_save_frame>:
     bd6:	cf 93       	push	r28
     bd8:	df 93       	push	r29
     bda:	90 91 eb 05 	lds	r25, 0x05EB
     bde:	90 93 e0 05 	sts	0x05E0, r25
     be2:	90 91 dc 05 	lds	r25, 0x05DC
     be6:	90 93 e1 05 	sts	0x05E1, r25
     bea:	90 91 db 05 	lds	r25, 0x05DB
     bee:	90 93 e2 05 	sts	0x05E2, r25
     bf2:	90 91 fa 05 	lds	r25, 0x05FA
     bf6:	90 93 e3 05 	sts	0x05E3, r25
     bfa:	90 91 dd 05 	lds	r25, 0x05DD
     bfe:	90 93 e4 05 	sts	0x05E4, r25
     c02:	20 91 ec 05 	lds	r18, 0x05EC
     c06:	30 91 ed 05 	lds	r19, 0x05ED
     c0a:	30 93 e6 05 	sts	0x05E6, r19
     c0e:	20 93 e5 05 	sts	0x05E5, r18
     c12:	91 e0       	ldi	r25, 0x01	; 1
     c14:	96 0f       	add	r25, r22
     c16:	e6 2f       	mov	r30, r22
     c18:	f0 e0       	ldi	r31, 0x00	; 0
     c1a:	e7 53       	subi	r30, 0x37	; 55
     c1c:	fa 4f       	sbci	r31, 0xFA	; 250
     c1e:	20 81       	ld	r18, Z
     c20:	34 e6       	ldi	r19, 0x64	; 100
     c22:	23 9f       	mul	r18, r19
     c24:	90 0d       	add	r25, r0
     c26:	11 24       	eor	r1, r1
     c28:	90 93 e7 05 	sts	0x05E7, r25
     c2c:	98 e0       	ldi	r25, 0x08	; 8
     c2e:	89 9f       	mul	r24, r25
     c30:	e0 01       	movw	r28, r0
     c32:	11 24       	eor	r1, r1
     c34:	e1 99       	sbic	0x1c, 1	; 28
     c36:	fe cf       	rjmp	.-4      	; 0xc34 <lockers_save_frame+0x5e>
     c38:	48 e0       	ldi	r20, 0x08	; 8
     c3a:	50 e0       	ldi	r21, 0x00	; 0
     c3c:	be 01       	movw	r22, r28
     c3e:	80 ee       	ldi	r24, 0xE0	; 224
     c40:	95 e0       	ldi	r25, 0x05	; 5
     c42:	0e 94 3e 27 	call	0x4e7c	; 0x4e7c <__eeupd_block_m32>
     c46:	be 01       	movw	r22, r28
     c48:	68 5f       	subi	r22, 0xF8	; 248
     c4a:	7f 4f       	sbci	r23, 0xFF	; 255
     c4c:	8f ef       	ldi	r24, 0xFF	; 255
     c4e:	93 e0       	ldi	r25, 0x03	; 3
     c50:	86 1b       	sub	r24, r22
     c52:	97 0b       	sbc	r25, r23
     c54:	07 97       	sbiw	r24, 0x07	; 7
     c56:	44 f4       	brge	.+16     	; 0xc68 <lockers_save_frame+0x92>
     c58:	60 e0       	ldi	r22, 0x00	; 0
     c5a:	70 e0       	ldi	r23, 0x00	; 0
     c5c:	8a ef       	ldi	r24, 0xFA	; 250
     c5e:	93 e4       	ldi	r25, 0x43	; 67
     c60:	0e 94 07 09 	call	0x120e	; 0x120e <buzzer_time>
     c64:	60 e0       	ldi	r22, 0x00	; 0
     c66:	70 e0       	ldi	r23, 0x00	; 0
     c68:	8e ef       	ldi	r24, 0xFE	; 254
     c6a:	df 91       	pop	r29
     c6c:	cf 91       	pop	r28
     c6e:	0c 94 74 1c 	jmp	0x38e8	; 0x38e8 <PCF8583_write_word>

00000c72 <lockers_is_queue_full>:
     c72:	cf 93       	push	r28
     c74:	0e 94 fe 04 	call	0x9fc	; 0x9fc <lockers_tail>
     c78:	8f 37       	cpi	r24, 0x7F	; 127
     c7a:	31 f4       	brne	.+12     	; 0xc88 <lockers_is_queue_full+0x16>
     c7c:	0e 94 07 05 	call	0xa0e	; 0xa0e <lockers_head>
     c80:	91 e0       	ldi	r25, 0x01	; 1
     c82:	88 23       	and	r24, r24
     c84:	89 f0       	breq	.+34     	; 0xca8 <lockers_is_queue_full+0x36>
     c86:	0f c0       	rjmp	.+30     	; 0xca6 <lockers_is_queue_full+0x34>
     c88:	0e 94 07 05 	call	0xa0e	; 0xa0e <lockers_head>
     c8c:	c8 2f       	mov	r28, r24
     c8e:	0e 94 fe 04 	call	0x9fc	; 0x9fc <lockers_tail>
     c92:	4c 2f       	mov	r20, r28
     c94:	50 e0       	ldi	r21, 0x00	; 0
     c96:	28 2f       	mov	r18, r24
     c98:	30 e0       	ldi	r19, 0x00	; 0
     c9a:	2f 5f       	subi	r18, 0xFF	; 255
     c9c:	3f 4f       	sbci	r19, 0xFF	; 255
     c9e:	91 e0       	ldi	r25, 0x01	; 1
     ca0:	42 17       	cp	r20, r18
     ca2:	53 07       	cpc	r21, r19
     ca4:	09 f0       	breq	.+2      	; 0xca8 <lockers_is_queue_full+0x36>
     ca6:	90 e0       	ldi	r25, 0x00	; 0
     ca8:	89 2f       	mov	r24, r25
     caa:	cf 91       	pop	r28
     cac:	08 95       	ret

00000cae <lockers_queue_dequeue>:
     cae:	0e 94 ab 05 	call	0xb56	; 0xb56 <lockers_is_queue_empty>
     cb2:	81 11       	cpse	r24, r1
     cb4:	11 c0       	rjmp	.+34     	; 0xcd8 <lockers_queue_dequeue+0x2a>
     cb6:	0e 94 07 05 	call	0xa0e	; 0xa0e <lockers_head>
     cba:	8f 37       	cpi	r24, 0x7F	; 127
     cbc:	19 f4       	brne	.+6      	; 0xcc4 <lockers_queue_dequeue+0x16>
     cbe:	60 e0       	ldi	r22, 0x00	; 0
     cc0:	70 e0       	ldi	r23, 0x00	; 0
     cc2:	07 c0       	rjmp	.+14     	; 0xcd2 <lockers_queue_dequeue+0x24>
     cc4:	0e 94 07 05 	call	0xa0e	; 0xa0e <lockers_head>
     cc8:	8f 5f       	subi	r24, 0xFF	; 255
     cca:	98 e0       	ldi	r25, 0x08	; 8
     ccc:	89 9f       	mul	r24, r25
     cce:	b0 01       	movw	r22, r0
     cd0:	11 24       	eor	r1, r1
     cd2:	8c ef       	ldi	r24, 0xFC	; 252
     cd4:	0c 94 74 1c 	jmp	0x38e8	; 0x38e8 <PCF8583_write_word>
     cd8:	08 95       	ret

00000cda <lockers_queue_enque>:
     cda:	1f 93       	push	r17
     cdc:	cf 93       	push	r28
     cde:	df 93       	push	r29
     ce0:	0e 94 57 1f 	call	0x3eae	; 0x3eae <PCF8583_get_wall_time>
     ce4:	c9 ec       	ldi	r28, 0xC9	; 201
     ce6:	d5 e0       	ldi	r29, 0x05	; 5
     ce8:	10 e0       	ldi	r17, 0x00	; 0
     cea:	89 91       	ld	r24, Y+
     cec:	88 23       	and	r24, r24
     cee:	c1 f0       	breq	.+48     	; 0xd20 <lockers_queue_enque+0x46>
     cf0:	0e 94 39 06 	call	0xc72	; 0xc72 <lockers_is_queue_full>
     cf4:	81 30       	cpi	r24, 0x01	; 1
     cf6:	79 f4       	brne	.+30     	; 0xd16 <lockers_queue_enque+0x3c>
     cf8:	80 91 f3 05 	lds	r24, 0x05F3
     cfc:	83 30       	cpi	r24, 0x03	; 3
     cfe:	49 f4       	brne	.+18     	; 0xd12 <lockers_queue_enque+0x38>
     d00:	60 e0       	ldi	r22, 0x00	; 0
     d02:	70 e8       	ldi	r23, 0x80	; 128
     d04:	8b e3       	ldi	r24, 0x3B	; 59
     d06:	95 e4       	ldi	r25, 0x45	; 69
     d08:	0e 94 07 09 	call	0x120e	; 0x120e <buzzer_time>
     d0c:	0e 94 57 06 	call	0xcae	; 0xcae <lockers_queue_dequeue>
     d10:	02 c0       	rjmp	.+4      	; 0xd16 <lockers_queue_enque+0x3c>
     d12:	0e 94 d1 05 	call	0xba2	; 0xba2 <lockers_print_latest_data>
     d16:	0e 94 fe 04 	call	0x9fc	; 0x9fc <lockers_tail>
     d1a:	61 2f       	mov	r22, r17
     d1c:	0e 94 eb 05 	call	0xbd6	; 0xbd6 <lockers_save_frame>
     d20:	1f 5f       	subi	r17, 0xFF	; 255
     d22:	1a 30       	cpi	r17, 0x0A	; 10
     d24:	11 f7       	brne	.-60     	; 0xcea <lockers_queue_enque+0x10>
     d26:	82 e0       	ldi	r24, 0x02	; 2
     d28:	df 91       	pop	r29
     d2a:	cf 91       	pop	r28
     d2c:	1f 91       	pop	r17
     d2e:	0c 94 16 09 	jmp	0x122c	; 0x122c <backlight>

00000d32 <locker_1_button>:
     d32:	80 b3       	in	r24, 0x10	; 16
     d34:	82 fb       	bst	r24, 2
     d36:	88 27       	eor	r24, r24
     d38:	80 f9       	bld	r24, 0
     d3a:	08 95       	ret

00000d3c <locker_2_button>:
     d3c:	80 b3       	in	r24, 0x10	; 16
     d3e:	83 fb       	bst	r24, 3
     d40:	88 27       	eor	r24, r24
     d42:	80 f9       	bld	r24, 0
     d44:	08 95       	ret

00000d46 <locker_3_button>:
     d46:	80 b3       	in	r24, 0x10	; 16
     d48:	85 fb       	bst	r24, 5
     d4a:	88 27       	eor	r24, r24
     d4c:	80 f9       	bld	r24, 0
     d4e:	08 95       	ret

00000d50 <locker_4_button>:
     d50:	80 b3       	in	r24, 0x10	; 16
     d52:	82 95       	swap	r24
     d54:	81 70       	andi	r24, 0x01	; 1
     d56:	08 95       	ret

00000d58 <locker_5_button>:
     d58:	83 b3       	in	r24, 0x13	; 19
     d5a:	82 fb       	bst	r24, 2
     d5c:	88 27       	eor	r24, r24
     d5e:	80 f9       	bld	r24, 0
     d60:	08 95       	ret

00000d62 <locker_6_button>:
     d62:	83 b3       	in	r24, 0x13	; 19
     d64:	83 fb       	bst	r24, 3
     d66:	88 27       	eor	r24, r24
     d68:	80 f9       	bld	r24, 0
     d6a:	08 95       	ret

00000d6c <locker_7_button>:
     d6c:	83 b3       	in	r24, 0x13	; 19
     d6e:	82 95       	swap	r24
     d70:	81 70       	andi	r24, 0x01	; 1
     d72:	08 95       	ret

00000d74 <locker_8_button>:
     d74:	83 b3       	in	r24, 0x13	; 19
     d76:	85 fb       	bst	r24, 5
     d78:	88 27       	eor	r24, r24
     d7a:	80 f9       	bld	r24, 0
     d7c:	08 95       	ret

00000d7e <locker_9_button>:
     d7e:	83 b3       	in	r24, 0x13	; 19
     d80:	86 fb       	bst	r24, 6
     d82:	88 27       	eor	r24, r24
     d84:	80 f9       	bld	r24, 0
     d86:	08 95       	ret

00000d88 <lockers_state_of_single_button>:
     d88:	81 11       	cpse	r24, r1
     d8a:	02 c0       	rjmp	.+4      	; 0xd90 <lockers_state_of_single_button+0x8>
     d8c:	0c 94 99 06 	jmp	0xd32	; 0xd32 <locker_1_button>
     d90:	81 30       	cpi	r24, 0x01	; 1
     d92:	11 f4       	brne	.+4      	; 0xd98 <lockers_state_of_single_button+0x10>
     d94:	0c 94 9e 06 	jmp	0xd3c	; 0xd3c <locker_2_button>
     d98:	82 30       	cpi	r24, 0x02	; 2
     d9a:	11 f4       	brne	.+4      	; 0xda0 <lockers_state_of_single_button+0x18>
     d9c:	0c 94 a3 06 	jmp	0xd46	; 0xd46 <locker_3_button>
     da0:	83 30       	cpi	r24, 0x03	; 3
     da2:	11 f4       	brne	.+4      	; 0xda8 <lockers_state_of_single_button+0x20>
     da4:	0c 94 a8 06 	jmp	0xd50	; 0xd50 <locker_4_button>
     da8:	84 30       	cpi	r24, 0x04	; 4
     daa:	11 f4       	brne	.+4      	; 0xdb0 <lockers_state_of_single_button+0x28>
     dac:	0c 94 ac 06 	jmp	0xd58	; 0xd58 <locker_5_button>
     db0:	85 30       	cpi	r24, 0x05	; 5
     db2:	11 f4       	brne	.+4      	; 0xdb8 <lockers_state_of_single_button+0x30>
     db4:	0c 94 b1 06 	jmp	0xd62	; 0xd62 <locker_6_button>
     db8:	86 30       	cpi	r24, 0x06	; 6
     dba:	11 f4       	brne	.+4      	; 0xdc0 <lockers_state_of_single_button+0x38>
     dbc:	0c 94 b6 06 	jmp	0xd6c	; 0xd6c <locker_7_button>
     dc0:	87 30       	cpi	r24, 0x07	; 7
     dc2:	11 f4       	brne	.+4      	; 0xdc8 <lockers_state_of_single_button+0x40>
     dc4:	0c 94 ba 06 	jmp	0xd74	; 0xd74 <locker_8_button>
     dc8:	88 30       	cpi	r24, 0x08	; 8
     dca:	11 f4       	brne	.+4      	; 0xdd0 <lockers_state_of_single_button+0x48>
     dcc:	0c 94 bf 06 	jmp	0xd7e	; 0xd7e <locker_9_button>
     dd0:	89 30       	cpi	r24, 0x09	; 9
     dd2:	29 f4       	brne	.+10     	; 0xdde <lockers_state_of_single_button+0x56>
     dd4:	83 b3       	in	r24, 0x13	; 19
     dd6:	88 1f       	adc	r24, r24
     dd8:	88 27       	eor	r24, r24
     dda:	88 1f       	adc	r24, r24
     ddc:	08 95       	ret
     dde:	8f ef       	ldi	r24, 0xFF	; 255
     de0:	08 95       	ret

00000de2 <lockers_beginning_actions>:
     de2:	1f 93       	push	r17
     de4:	cf 93       	push	r28
     de6:	df 93       	push	r29
     de8:	ce eb       	ldi	r28, 0xBE	; 190
     dea:	d5 e0       	ldi	r29, 0x05	; 5
     dec:	10 e0       	ldi	r17, 0x00	; 0
     dee:	81 2f       	mov	r24, r17
     df0:	0e 94 c4 06 	call	0xd88	; 0xd88 <lockers_state_of_single_button>
     df4:	89 93       	st	Y+, r24
     df6:	1f 5f       	subi	r17, 0xFF	; 255
     df8:	1a 30       	cpi	r17, 0x0A	; 10
     dfa:	c9 f7       	brne	.-14     	; 0xdee <lockers_beginning_actions+0xc>
     dfc:	df 91       	pop	r29
     dfe:	cf 91       	pop	r28
     e00:	1f 91       	pop	r17
     e02:	08 95       	ret

00000e04 <lockers_check_events>:
     e04:	bf 92       	push	r11
     e06:	cf 92       	push	r12
     e08:	df 92       	push	r13
     e0a:	ef 92       	push	r14
     e0c:	ff 92       	push	r15
     e0e:	0f 93       	push	r16
     e10:	1f 93       	push	r17
     e12:	cf 93       	push	r28
     e14:	df 93       	push	r29
     e16:	5e eb       	ldi	r21, 0xBE	; 190
     e18:	e5 2e       	mov	r14, r21
     e1a:	55 e0       	ldi	r21, 0x05	; 5
     e1c:	f5 2e       	mov	r15, r21
     e1e:	c9 ec       	ldi	r28, 0xC9	; 201
     e20:	d5 e0       	ldi	r29, 0x05	; 5
     e22:	d1 2c       	mov	r13, r1
     e24:	00 e0       	ldi	r16, 0x00	; 0
     e26:	10 e0       	ldi	r17, 0x00	; 0
     e28:	cc 24       	eor	r12, r12
     e2a:	c3 94       	inc	r12
     e2c:	62 e0       	ldi	r22, 0x02	; 2
     e2e:	b6 2e       	mov	r11, r22
     e30:	8d 2d       	mov	r24, r13
     e32:	0e 94 c4 06 	call	0xd88	; 0xd88 <lockers_state_of_single_button>
     e36:	f7 01       	movw	r30, r14
     e38:	90 81       	ld	r25, Z
     e3a:	89 17       	cp	r24, r25
     e3c:	41 f0       	breq	.+16     	; 0xe4e <lockers_check_events+0x4a>
     e3e:	81 30       	cpi	r24, 0x01	; 1
     e40:	11 f4       	brne	.+4      	; 0xe46 <lockers_check_events+0x42>
     e42:	b8 82       	st	Y, r11
     e44:	06 c0       	rjmp	.+12     	; 0xe52 <lockers_check_events+0x4e>
     e46:	81 11       	cpse	r24, r1
     e48:	04 c0       	rjmp	.+8      	; 0xe52 <lockers_check_events+0x4e>
     e4a:	c8 82       	st	Y, r12
     e4c:	02 c0       	rjmp	.+4      	; 0xe52 <lockers_check_events+0x4e>
     e4e:	18 82       	st	Y, r1
     e50:	02 c0       	rjmp	.+4      	; 0xe56 <lockers_check_events+0x52>
     e52:	01 e0       	ldi	r16, 0x01	; 1
     e54:	10 e0       	ldi	r17, 0x00	; 0
     e56:	f7 01       	movw	r30, r14
     e58:	81 93       	st	Z+, r24
     e5a:	7f 01       	movw	r14, r30
     e5c:	d3 94       	inc	r13
     e5e:	21 96       	adiw	r28, 0x01	; 1
     e60:	fa e0       	ldi	r31, 0x0A	; 10
     e62:	df 12       	cpse	r13, r31
     e64:	e5 cf       	rjmp	.-54     	; 0xe30 <lockers_check_events+0x2c>
     e66:	01 2b       	or	r16, r17
     e68:	b1 f0       	breq	.+44     	; 0xe96 <lockers_check_events+0x92>
     e6a:	0e 94 ef 08 	call	0x11de	; 0x11de <all_colors_RGB>
     e6e:	0e 94 6d 06 	call	0xcda	; 0xcda <lockers_queue_enque>
     e72:	81 e0       	ldi	r24, 0x01	; 1
     e74:	80 93 a7 05 	sts	0x05A7, r24
     e78:	60 e0       	ldi	r22, 0x00	; 0
     e7a:	70 e0       	ldi	r23, 0x00	; 0
     e7c:	80 e2       	ldi	r24, 0x20	; 32
     e7e:	91 e4       	ldi	r25, 0x41	; 65
     e80:	df 91       	pop	r29
     e82:	cf 91       	pop	r28
     e84:	1f 91       	pop	r17
     e86:	0f 91       	pop	r16
     e88:	ff 90       	pop	r15
     e8a:	ef 90       	pop	r14
     e8c:	df 90       	pop	r13
     e8e:	cf 90       	pop	r12
     e90:	bf 90       	pop	r11
     e92:	0c 94 07 09 	jmp	0x120e	; 0x120e <buzzer_time>
     e96:	df 91       	pop	r29
     e98:	cf 91       	pop	r28
     e9a:	1f 91       	pop	r17
     e9c:	0f 91       	pop	r16
     e9e:	ff 90       	pop	r15
     ea0:	ef 90       	pop	r14
     ea2:	df 90       	pop	r13
     ea4:	cf 90       	pop	r12
     ea6:	bf 90       	pop	r11
     ea8:	08 95       	ret

00000eaa <locker_10_button>:
     eaa:	83 b3       	in	r24, 0x13	; 19
     eac:	88 1f       	adc	r24, r24
     eae:	88 27       	eor	r24, r24
     eb0:	88 1f       	adc	r24, r24
     eb2:	08 95       	ret

00000eb4 <lockers_clear_all_memory>:
     eb4:	cf 93       	push	r28
     eb6:	df 93       	push	r29
     eb8:	c0 e0       	ldi	r28, 0x00	; 0
     eba:	d0 e0       	ldi	r29, 0x00	; 0
     ebc:	e1 99       	sbic	0x1c, 1	; 28
     ebe:	fe cf       	rjmp	.-4      	; 0xebc <lockers_clear_all_memory+0x8>
     ec0:	60 e0       	ldi	r22, 0x00	; 0
     ec2:	ce 01       	movw	r24, r28
     ec4:	0e 94 4e 27 	call	0x4e9c	; 0x4e9c <__eeupd_byte_m32>
     ec8:	21 96       	adiw	r28, 0x01	; 1
     eca:	c1 15       	cp	r28, r1
     ecc:	84 e0       	ldi	r24, 0x04	; 4
     ece:	d8 07       	cpc	r29, r24
     ed0:	a9 f7       	brne	.-22     	; 0xebc <lockers_clear_all_memory+0x8>
     ed2:	df 91       	pop	r29
     ed4:	cf 91       	pop	r28
     ed6:	0c 94 5f 05 	jmp	0xabe	; 0xabe <lockers_queue_empty>

00000eda <pisz.2700>:
     eda:	2f 92       	push	r2
     edc:	3f 92       	push	r3
     ede:	10 92 ba 05 	sts	0x05BA, r1
     ee2:	10 92 b9 05 	sts	0x05B9, r1
     ee6:	80 91 b9 05 	lds	r24, 0x05B9
     eea:	90 91 ba 05 	lds	r25, 0x05BA
     eee:	20 91 de 05 	lds	r18, 0x05DE
     ef2:	30 91 df 05 	lds	r19, 0x05DF
     ef6:	82 17       	cp	r24, r18
     ef8:	93 07       	cpc	r25, r19
     efa:	c4 f4       	brge	.+48     	; 0xf2c <pisz.2700+0x52>
     efc:	d1 01       	movw	r26, r2
     efe:	ed 91       	ld	r30, X+
     f00:	fc 91       	ld	r31, X
     f02:	e8 0f       	add	r30, r24
     f04:	f9 1f       	adc	r31, r25
     f06:	80 81       	ld	r24, Z
     f08:	0e 94 4a 01 	call	0x294	; 0x294 <LCD_WriteData>
     f0c:	60 e0       	ldi	r22, 0x00	; 0
     f0e:	70 e0       	ldi	r23, 0x00	; 0
     f10:	88 e4       	ldi	r24, 0x48	; 72
     f12:	92 e4       	ldi	r25, 0x42	; 66
     f14:	0e 94 5d 00 	call	0xba	; 0xba <delay_ms_var_double>
     f18:	80 91 b9 05 	lds	r24, 0x05B9
     f1c:	90 91 ba 05 	lds	r25, 0x05BA
     f20:	01 96       	adiw	r24, 0x01	; 1
     f22:	90 93 ba 05 	sts	0x05BA, r25
     f26:	80 93 b9 05 	sts	0x05B9, r24
     f2a:	dd cf       	rjmp	.-70     	; 0xee6 <pisz.2700+0xc>
     f2c:	3f 90       	pop	r3
     f2e:	2f 90       	pop	r2
     f30:	08 95       	ret

00000f32 <number_of_digits>:
     f32:	cf 92       	push	r12
     f34:	df 92       	push	r13
     f36:	ef 92       	push	r14
     f38:	ff 92       	push	r15
     f3a:	6b 01       	movw	r12, r22
     f3c:	7c 01       	movw	r14, r24
     f3e:	e1 e0       	ldi	r30, 0x01	; 1
     f40:	f0 e0       	ldi	r31, 0x00	; 0
     f42:	2a e0       	ldi	r18, 0x0A	; 10
     f44:	30 e0       	ldi	r19, 0x00	; 0
     f46:	40 e0       	ldi	r20, 0x00	; 0
     f48:	50 e0       	ldi	r21, 0x00	; 0
     f4a:	c2 16       	cp	r12, r18
     f4c:	d3 06       	cpc	r13, r19
     f4e:	e4 06       	cpc	r14, r20
     f50:	f5 06       	cpc	r15, r21
     f52:	40 f0       	brcs	.+16     	; 0xf64 <number_of_digits+0x32>
     f54:	31 96       	adiw	r30, 0x01	; 1
     f56:	aa e0       	ldi	r26, 0x0A	; 10
     f58:	b0 e0       	ldi	r27, 0x00	; 0
     f5a:	0e 94 35 21 	call	0x426a	; 0x426a <__muluhisi3>
     f5e:	9b 01       	movw	r18, r22
     f60:	ac 01       	movw	r20, r24
     f62:	f3 cf       	rjmp	.-26     	; 0xf4a <number_of_digits+0x18>
     f64:	8e 2f       	mov	r24, r30
     f66:	ff 90       	pop	r15
     f68:	ef 90       	pop	r14
     f6a:	df 90       	pop	r13
     f6c:	cf 90       	pop	r12
     f6e:	08 95       	ret

00000f70 <get_double_form_double_format>:
     f70:	cf 92       	push	r12
     f72:	df 92       	push	r13
     f74:	ef 92       	push	r14
     f76:	ff 92       	push	r15
     f78:	cf 93       	push	r28
     f7a:	c8 2f       	mov	r28, r24
     f7c:	88 27       	eor	r24, r24
     f7e:	77 fd       	sbrc	r23, 7
     f80:	80 95       	com	r24
     f82:	98 2f       	mov	r25, r24
     f84:	0e 94 53 22 	call	0x44a6	; 0x44a6 <__floatsisf>
     f88:	6b 01       	movw	r12, r22
     f8a:	7c 01       	movw	r14, r24
     f8c:	6c 2f       	mov	r22, r28
     f8e:	70 e0       	ldi	r23, 0x00	; 0
     f90:	80 e0       	ldi	r24, 0x00	; 0
     f92:	90 e0       	ldi	r25, 0x00	; 0
     f94:	0e 94 53 22 	call	0x44a6	; 0x44a6 <__floatsisf>
     f98:	20 e0       	ldi	r18, 0x00	; 0
     f9a:	30 e0       	ldi	r19, 0x00	; 0
     f9c:	48 ec       	ldi	r20, 0xC8	; 200
     f9e:	52 e4       	ldi	r21, 0x42	; 66
     fa0:	0e 94 b8 21 	call	0x4370	; 0x4370 <__divsf3>
     fa4:	9b 01       	movw	r18, r22
     fa6:	ac 01       	movw	r20, r24
     fa8:	c7 01       	movw	r24, r14
     faa:	b6 01       	movw	r22, r12
     fac:	0e 94 50 21 	call	0x42a0	; 0x42a0 <__addsf3>
     fb0:	cf 91       	pop	r28
     fb2:	ff 90       	pop	r15
     fb4:	ef 90       	pop	r14
     fb6:	df 90       	pop	r13
     fb8:	cf 90       	pop	r12
     fba:	08 95       	ret

00000fbc <get_double_format>:
     fbc:	2f 92       	push	r2
     fbe:	3f 92       	push	r3
     fc0:	4f 92       	push	r4
     fc2:	5f 92       	push	r5
     fc4:	6f 92       	push	r6
     fc6:	7f 92       	push	r7
     fc8:	8f 92       	push	r8
     fca:	9f 92       	push	r9
     fcc:	af 92       	push	r10
     fce:	bf 92       	push	r11
     fd0:	cf 92       	push	r12
     fd2:	df 92       	push	r13
     fd4:	ef 92       	push	r14
     fd6:	ff 92       	push	r15
     fd8:	0f 93       	push	r16
     fda:	1f 93       	push	r17
     fdc:	cf 93       	push	r28
     fde:	df 93       	push	r29
     fe0:	1f 92       	push	r1
     fe2:	cd b7       	in	r28, 0x3d	; 61
     fe4:	de b7       	in	r29, 0x3e	; 62
     fe6:	2b 01       	movw	r4, r22
     fe8:	3c 01       	movw	r6, r24
     fea:	49 83       	std	Y+1, r20	; 0x01
     fec:	0e 94 20 22 	call	0x4440	; 0x4440 <__fixsfsi>
     ff0:	6b 01       	movw	r12, r22
     ff2:	7c 01       	movw	r14, r24
     ff4:	8b 01       	movw	r16, r22
     ff6:	49 81       	ldd	r20, Y+1	; 0x01
     ff8:	77 ff       	sbrs	r23, 7
     ffa:	04 c0       	rjmp	.+8      	; 0x1004 <get_double_format+0x48>
     ffc:	00 27       	eor	r16, r16
     ffe:	11 27       	eor	r17, r17
    1000:	06 1b       	sub	r16, r22
    1002:	17 0b       	sbc	r17, r23
    1004:	0d 32       	cpi	r16, 0x2D	; 45
    1006:	21 e0       	ldi	r18, 0x01	; 1
    1008:	12 07       	cpc	r17, r18
    100a:	24 f0       	brlt	.+8      	; 0x1014 <get_double_format+0x58>
    100c:	10 e0       	ldi	r17, 0x00	; 0
    100e:	00 e0       	ldi	r16, 0x00	; 0
    1010:	80 e0       	ldi	r24, 0x00	; 0
    1012:	74 c0       	rjmp	.+232    	; 0x10fc <get_double_format+0x140>
    1014:	43 30       	cpi	r20, 0x03	; 3
    1016:	08 f0       	brcs	.+2      	; 0x101a <get_double_format+0x5e>
    1018:	42 e0       	ldi	r20, 0x02	; 2
    101a:	80 e0       	ldi	r24, 0x00	; 0
    101c:	22 24       	eor	r2, r2
    101e:	23 94       	inc	r2
    1020:	31 2c       	mov	r3, r1
    1022:	9a e0       	ldi	r25, 0x0A	; 10
    1024:	84 17       	cp	r24, r20
    1026:	41 f0       	breq	.+16     	; 0x1038 <get_double_format+0x7c>
    1028:	b1 01       	movw	r22, r2
    102a:	96 9f       	mul	r25, r22
    102c:	10 01       	movw	r2, r0
    102e:	97 9f       	mul	r25, r23
    1030:	30 0c       	add	r3, r0
    1032:	11 24       	eor	r1, r1
    1034:	8f 5f       	subi	r24, 0xFF	; 255
    1036:	f6 cf       	rjmp	.-20     	; 0x1024 <get_double_format+0x68>
    1038:	41 01       	movw	r8, r2
    103a:	a1 2c       	mov	r10, r1
    103c:	b1 2c       	mov	r11, r1
    103e:	c5 01       	movw	r24, r10
    1040:	b4 01       	movw	r22, r8
    1042:	0e 94 51 22 	call	0x44a2	; 0x44a2 <__floatunsisf>
    1046:	9b 01       	movw	r18, r22
    1048:	ac 01       	movw	r20, r24
    104a:	c3 01       	movw	r24, r6
    104c:	b2 01       	movw	r22, r4
    104e:	0e 94 07 23 	call	0x460e	; 0x460e <__mulsf3>
    1052:	0e 94 20 22 	call	0x4440	; 0x4440 <__fixsfsi>
    1056:	9b 01       	movw	r18, r22
    1058:	77 ff       	sbrs	r23, 7
    105a:	04 c0       	rjmp	.+8      	; 0x1064 <get_double_format+0xa8>
    105c:	22 27       	eor	r18, r18
    105e:	33 27       	eor	r19, r19
    1060:	26 1b       	sub	r18, r22
    1062:	37 0b       	sbc	r19, r23
    1064:	b9 01       	movw	r22, r18
    1066:	88 27       	eor	r24, r24
    1068:	77 fd       	sbrc	r23, 7
    106a:	80 95       	com	r24
    106c:	98 2f       	mov	r25, r24
    106e:	0e 94 53 22 	call	0x44a6	; 0x44a6 <__floatsisf>
    1072:	2b 01       	movw	r4, r22
    1074:	3c 01       	movw	r6, r24
    1076:	20 9e       	mul	r2, r16
    1078:	b0 01       	movw	r22, r0
    107a:	21 9e       	mul	r2, r17
    107c:	70 0d       	add	r23, r0
    107e:	30 9e       	mul	r3, r16
    1080:	70 0d       	add	r23, r0
    1082:	11 24       	eor	r1, r1
    1084:	80 e0       	ldi	r24, 0x00	; 0
    1086:	90 e0       	ldi	r25, 0x00	; 0
    1088:	0e 94 51 22 	call	0x44a2	; 0x44a2 <__floatunsisf>
    108c:	9b 01       	movw	r18, r22
    108e:	ac 01       	movw	r20, r24
    1090:	c3 01       	movw	r24, r6
    1092:	b2 01       	movw	r22, r4
    1094:	0e 94 4f 21 	call	0x429e	; 0x429e <__subsf3>
    1098:	2b 01       	movw	r4, r22
    109a:	3c 01       	movw	r6, r24
    109c:	0e 94 25 22 	call	0x444a	; 0x444a <__fixunssfsi>
    10a0:	80 e0       	ldi	r24, 0x00	; 0
    10a2:	90 e0       	ldi	r25, 0x00	; 0
    10a4:	0e 94 99 07 	call	0xf32	; 0xf32 <number_of_digits>
    10a8:	18 2f       	mov	r17, r24
    10aa:	c5 01       	movw	r24, r10
    10ac:	b4 01       	movw	r22, r8
    10ae:	0e 94 99 07 	call	0xf32	; 0xf32 <number_of_digits>
    10b2:	40 e0       	ldi	r20, 0x00	; 0
    10b4:	50 e0       	ldi	r21, 0x00	; 0
    10b6:	aa 24       	eor	r10, r10
    10b8:	a3 94       	inc	r10
    10ba:	b1 2c       	mov	r11, r1
    10bc:	28 2f       	mov	r18, r24
    10be:	30 e0       	ldi	r19, 0x00	; 0
    10c0:	21 1b       	sub	r18, r17
    10c2:	31 09       	sbc	r19, r1
    10c4:	21 50       	subi	r18, 0x01	; 1
    10c6:	31 09       	sbc	r19, r1
    10c8:	8a e0       	ldi	r24, 0x0A	; 10
    10ca:	42 17       	cp	r20, r18
    10cc:	53 07       	cpc	r21, r19
    10ce:	4c f4       	brge	.+18     	; 0x10e2 <get_double_format+0x126>
    10d0:	f5 01       	movw	r30, r10
    10d2:	8e 9f       	mul	r24, r30
    10d4:	50 01       	movw	r10, r0
    10d6:	8f 9f       	mul	r24, r31
    10d8:	b0 0c       	add	r11, r0
    10da:	11 24       	eor	r1, r1
    10dc:	4f 5f       	subi	r20, 0xFF	; 255
    10de:	5f 4f       	sbci	r21, 0xFF	; 255
    10e0:	f4 cf       	rjmp	.-24     	; 0x10ca <get_double_format+0x10e>
    10e2:	50 93 ba 05 	sts	0x05BA, r21
    10e6:	40 93 b9 05 	sts	0x05B9, r20
    10ea:	1c 2d       	mov	r17, r12
    10ec:	0d 2d       	mov	r16, r13
    10ee:	c3 01       	movw	r24, r6
    10f0:	b2 01       	movw	r22, r4
    10f2:	0e 94 25 22 	call	0x444a	; 0x444a <__fixunssfsi>
    10f6:	6a 9d       	mul	r22, r10
    10f8:	80 2d       	mov	r24, r0
    10fa:	11 24       	eor	r1, r1
    10fc:	61 2f       	mov	r22, r17
    10fe:	70 2f       	mov	r23, r16
    1100:	0f 90       	pop	r0
    1102:	df 91       	pop	r29
    1104:	cf 91       	pop	r28
    1106:	1f 91       	pop	r17
    1108:	0f 91       	pop	r16
    110a:	ff 90       	pop	r15
    110c:	ef 90       	pop	r14
    110e:	df 90       	pop	r13
    1110:	cf 90       	pop	r12
    1112:	bf 90       	pop	r11
    1114:	af 90       	pop	r10
    1116:	9f 90       	pop	r9
    1118:	8f 90       	pop	r8
    111a:	7f 90       	pop	r7
    111c:	6f 90       	pop	r6
    111e:	5f 90       	pop	r5
    1120:	4f 90       	pop	r4
    1122:	3f 90       	pop	r3
    1124:	2f 90       	pop	r2
    1126:	08 95       	ret

00001128 <show_double>:
    1128:	cf 93       	push	r28
    112a:	0e 94 de 07 	call	0xfbc	; 0xfbc <get_double_format>
    112e:	c8 2f       	mov	r28, r24
    1130:	cb 01       	movw	r24, r22
    1132:	0e 94 b8 01 	call	0x370	; 0x370 <LCD_Int>
    1136:	83 ee       	ldi	r24, 0xE3	; 227
    1138:	94 e0       	ldi	r25, 0x04	; 4
    113a:	0e 94 50 01 	call	0x2a0	; 0x2a0 <LCD_WriteText>
    113e:	8c 2f       	mov	r24, r28
    1140:	90 e0       	ldi	r25, 0x00	; 0
    1142:	cf 91       	pop	r28
    1144:	0c 94 b8 01 	jmp	0x370	; 0x370 <LCD_Int>

00001148 <change_color_RGB>:
    1148:	20 91 af 05 	lds	r18, 0x05AF
    114c:	90 ec       	ldi	r25, 0xC0	; 192
    114e:	92 0f       	add	r25, r18
    1150:	90 93 af 05 	sts	0x05AF, r25
    1154:	80 e4       	ldi	r24, 0x40	; 64
    1156:	82 0f       	add	r24, r18
    1158:	80 93 d4 05 	sts	0x05D4, r24
    115c:	80 91 ae 05 	lds	r24, 0x05AE
    1160:	81 11       	cpse	r24, r1
    1162:	05 c0       	rjmp	.+10     	; 0x116e <change_color_RGB+0x26>
    1164:	20 93 c8 05 	sts	0x05C8, r18
    1168:	90 93 f8 05 	sts	0x05F8, r25
    116c:	04 c0       	rjmp	.+8      	; 0x1176 <change_color_RGB+0x2e>
    116e:	90 93 c8 05 	sts	0x05C8, r25
    1172:	20 93 f8 05 	sts	0x05F8, r18
    1176:	90 38       	cpi	r25, 0x80	; 128
    1178:	89 f5       	brne	.+98     	; 0x11dc <change_color_RGB+0x94>
    117a:	90 91 ad 05 	lds	r25, 0x05AD
    117e:	91 11       	cpse	r25, r1
    1180:	02 c0       	rjmp	.+4      	; 0x1186 <change_color_RGB+0x3e>
    1182:	91 e0       	ldi	r25, 0x01	; 1
    1184:	03 c0       	rjmp	.+6      	; 0x118c <change_color_RGB+0x44>
    1186:	91 30       	cpi	r25, 0x01	; 1
    1188:	19 f4       	brne	.+6      	; 0x1190 <change_color_RGB+0x48>
    118a:	92 e0       	ldi	r25, 0x02	; 2
    118c:	90 93 ad 05 	sts	0x05AD, r25
    1190:	90 91 ad 05 	lds	r25, 0x05AD
    1194:	91 30       	cpi	r25, 0x01	; 1
    1196:	41 f4       	brne	.+16     	; 0x11a8 <change_color_RGB+0x60>
    1198:	81 11       	cpse	r24, r1
    119a:	03 c0       	rjmp	.+6      	; 0x11a2 <change_color_RGB+0x5a>
    119c:	10 92 c8 05 	sts	0x05C8, r1
    11a0:	08 95       	ret
    11a2:	10 92 f8 05 	sts	0x05F8, r1
    11a6:	08 95       	ret
    11a8:	92 30       	cpi	r25, 0x02	; 2
    11aa:	41 f4       	brne	.+16     	; 0x11bc <change_color_RGB+0x74>
    11ac:	81 11       	cpse	r24, r1
    11ae:	03 c0       	rjmp	.+6      	; 0x11b6 <change_color_RGB+0x6e>
    11b0:	10 92 f8 05 	sts	0x05F8, r1
    11b4:	10 c0       	rjmp	.+32     	; 0x11d6 <change_color_RGB+0x8e>
    11b6:	10 92 c8 05 	sts	0x05C8, r1
    11ba:	0d c0       	rjmp	.+26     	; 0x11d6 <change_color_RGB+0x8e>
    11bc:	93 30       	cpi	r25, 0x03	; 3
    11be:	71 f4       	brne	.+28     	; 0x11dc <change_color_RGB+0x94>
    11c0:	10 92 ad 05 	sts	0x05AD, r1
    11c4:	81 11       	cpse	r24, r1
    11c6:	04 c0       	rjmp	.+8      	; 0x11d0 <change_color_RGB+0x88>
    11c8:	81 e0       	ldi	r24, 0x01	; 1
    11ca:	80 93 ae 05 	sts	0x05AE, r24
    11ce:	08 95       	ret
    11d0:	10 92 ae 05 	sts	0x05AE, r1
    11d4:	08 95       	ret
    11d6:	83 e0       	ldi	r24, 0x03	; 3
    11d8:	80 93 ad 05 	sts	0x05AD, r24
    11dc:	08 95       	ret

000011de <all_colors_RGB>:
    11de:	8f ef       	ldi	r24, 0xFF	; 255
    11e0:	80 93 d4 05 	sts	0x05D4, r24
    11e4:	80 93 c8 05 	sts	0x05C8, r24
    11e8:	80 93 f8 05 	sts	0x05F8, r24
    11ec:	08 95       	ret

000011ee <no_colors_RGB>:
    11ee:	10 92 d4 05 	sts	0x05D4, r1
    11f2:	10 92 c8 05 	sts	0x05C8, r1
    11f6:	10 92 f8 05 	sts	0x05F8, r1
    11fa:	08 95       	ret

000011fc <buzzer>:
    11fc:	97 9a       	sbi	0x12, 7	; 18
    11fe:	60 e0       	ldi	r22, 0x00	; 0
    1200:	70 e0       	ldi	r23, 0x00	; 0
    1202:	80 e8       	ldi	r24, 0x80	; 128
    1204:	9f e3       	ldi	r25, 0x3F	; 63
    1206:	0e 94 5d 00 	call	0xba	; 0xba <delay_ms_var_double>
    120a:	97 98       	cbi	0x12, 7	; 18
    120c:	08 95       	ret

0000120e <buzzer_time>:
    120e:	97 9a       	sbi	0x12, 7	; 18
    1210:	0e 94 5d 00 	call	0xba	; 0xba <delay_ms_var_double>
    1214:	97 98       	cbi	0x12, 7	; 18
    1216:	08 95       	ret

00001218 <backlight.part.0>:
    1218:	60 e0       	ldi	r22, 0x00	; 0
    121a:	70 e0       	ldi	r23, 0x00	; 0
    121c:	80 e4       	ldi	r24, 0x40	; 64
    121e:	90 e4       	ldi	r25, 0x40	; 64
    1220:	0e 94 07 09 	call	0x120e	; 0x120e <buzzer_time>
    1224:	8f ef       	ldi	r24, 0xFF	; 255
    1226:	80 93 a8 05 	sts	0x05A8, r24
    122a:	08 95       	ret

0000122c <backlight>:
    122c:	cf 93       	push	r28
    122e:	df 93       	push	r29
    1230:	1f 92       	push	r1
    1232:	cd b7       	in	r28, 0x3d	; 61
    1234:	de b7       	in	r29, 0x3e	; 62
    1236:	81 11       	cpse	r24, r1
    1238:	03 c0       	rjmp	.+6      	; 0x1240 <backlight+0x14>
    123a:	10 92 a8 05 	sts	0x05A8, r1
    123e:	14 c0       	rjmp	.+40     	; 0x1268 <backlight+0x3c>
    1240:	89 83       	std	Y+1, r24	; 0x01
    1242:	0e 94 77 01 	call	0x2ee	; 0x2ee <LCD_BacklightOn>
    1246:	89 81       	ldd	r24, Y+1	; 0x01
    1248:	81 30       	cpi	r24, 0x01	; 1
    124a:	29 f4       	brne	.+10     	; 0x1256 <backlight+0x2a>
    124c:	0f 90       	pop	r0
    124e:	df 91       	pop	r29
    1250:	cf 91       	pop	r28
    1252:	0c 94 0c 09 	jmp	0x1218	; 0x1218 <backlight.part.0>
    1256:	82 30       	cpi	r24, 0x02	; 2
    1258:	39 f4       	brne	.+14     	; 0x1268 <backlight+0x3c>
    125a:	80 91 a8 05 	lds	r24, 0x05A8
    125e:	8f 3f       	cpi	r24, 0xFF	; 255
    1260:	19 f0       	breq	.+6      	; 0x1268 <backlight+0x3c>
    1262:	82 e3       	ldi	r24, 0x32	; 50
    1264:	80 93 a8 05 	sts	0x05A8, r24
    1268:	0f 90       	pop	r0
    126a:	df 91       	pop	r29
    126c:	cf 91       	pop	r28
    126e:	08 95       	ret

00001270 <wysw_skok>:
    1270:	0f 93       	push	r16
    1272:	1f 93       	push	r17
    1274:	cf 93       	push	r28
    1276:	df 93       	push	r29
    1278:	ec 01       	movw	r28, r24
    127a:	bc 01       	movw	r22, r24
    127c:	80 e0       	ldi	r24, 0x00	; 0
    127e:	90 e0       	ldi	r25, 0x00	; 0
    1280:	0e 94 99 07 	call	0xf32	; 0xf32 <number_of_digits>
    1284:	18 2f       	mov	r17, r24
    1286:	d0 93 ea 05 	sts	0x05EA, r29
    128a:	c0 93 e9 05 	sts	0x05E9, r28
    128e:	80 e0       	ldi	r24, 0x00	; 0
    1290:	90 e0       	ldi	r25, 0x00	; 0
    1292:	0e 94 40 02 	call	0x480	; 0x480 <LCD_Erase>
    1296:	10 92 ba 05 	sts	0x05BA, r1
    129a:	10 92 b9 05 	sts	0x05B9, r1
    129e:	81 2f       	mov	r24, r17
    12a0:	90 e0       	ldi	r25, 0x00	; 0
    12a2:	c7 e2       	ldi	r28, 0x27	; 39
    12a4:	d0 e0       	ldi	r29, 0x00	; 0
    12a6:	c8 1b       	sub	r28, r24
    12a8:	d9 0b       	sbc	r29, r25
    12aa:	8c 01       	movw	r16, r24
    12ac:	0d 5f       	subi	r16, 0xFD	; 253
    12ae:	1f 4f       	sbci	r17, 0xFF	; 255
    12b0:	80 91 b9 05 	lds	r24, 0x05B9
    12b4:	90 91 ba 05 	lds	r25, 0x05BA
    12b8:	8c 17       	cp	r24, r28
    12ba:	9d 07       	cpc	r25, r29
    12bc:	fc f4       	brge	.+62     	; 0x12fc <wysw_skok+0x8c>
    12be:	60 e0       	ldi	r22, 0x00	; 0
    12c0:	0e 94 5c 01 	call	0x2b8	; 0x2b8 <LCD_GoTo>
    12c4:	80 91 e9 05 	lds	r24, 0x05E9
    12c8:	90 91 ea 05 	lds	r25, 0x05EA
    12cc:	0e 94 b8 01 	call	0x370	; 0x370 <LCD_Int>
    12d0:	61 e0       	ldi	r22, 0x01	; 1
    12d2:	80 91 b9 05 	lds	r24, 0x05B9
    12d6:	0e 94 5c 01 	call	0x2b8	; 0x2b8 <LCD_GoTo>
    12da:	80 91 e9 05 	lds	r24, 0x05E9
    12de:	90 91 ea 05 	lds	r25, 0x05EA
    12e2:	0e 94 b8 01 	call	0x370	; 0x370 <LCD_Int>
    12e6:	20 91 b9 05 	lds	r18, 0x05B9
    12ea:	30 91 ba 05 	lds	r19, 0x05BA
    12ee:	20 0f       	add	r18, r16
    12f0:	31 1f       	adc	r19, r17
    12f2:	30 93 ba 05 	sts	0x05BA, r19
    12f6:	20 93 b9 05 	sts	0x05B9, r18
    12fa:	da cf       	rjmp	.-76     	; 0x12b0 <wysw_skok+0x40>
    12fc:	60 e0       	ldi	r22, 0x00	; 0
    12fe:	70 e0       	ldi	r23, 0x00	; 0
    1300:	8a ef       	ldi	r24, 0xFA	; 250
    1302:	93 e4       	ldi	r25, 0x43	; 67
    1304:	0e 94 5d 00 	call	0xba	; 0xba <delay_ms_var_double>
    1308:	0e 94 e1 03 	call	0x7c2	; 0x7c2 <pilot_reset>
    130c:	81 e0       	ldi	r24, 0x01	; 1
    130e:	80 93 a7 05 	sts	0x05A7, r24
    1312:	df 91       	pop	r29
    1314:	cf 91       	pop	r28
    1316:	1f 91       	pop	r17
    1318:	0f 91       	pop	r16
    131a:	08 95       	ret

0000131c <step_increase>:
    131c:	20 91 e9 05 	lds	r18, 0x05E9
    1320:	30 91 ea 05 	lds	r19, 0x05EA
    1324:	4a e0       	ldi	r20, 0x0A	; 10
    1326:	42 9f       	mul	r20, r18
    1328:	c0 01       	movw	r24, r0
    132a:	43 9f       	mul	r20, r19
    132c:	90 0d       	add	r25, r0
    132e:	11 24       	eor	r1, r1
    1330:	89 3e       	cpi	r24, 0xE9	; 233
    1332:	23 e0       	ldi	r18, 0x03	; 3
    1334:	92 07       	cpc	r25, r18
    1336:	10 f0       	brcs	.+4      	; 0x133c <step_increase+0x20>
    1338:	88 ee       	ldi	r24, 0xE8	; 232
    133a:	93 e0       	ldi	r25, 0x03	; 3
    133c:	90 93 ea 05 	sts	0x05EA, r25
    1340:	80 93 e9 05 	sts	0x05E9, r24
    1344:	80 91 e9 05 	lds	r24, 0x05E9
    1348:	90 91 ea 05 	lds	r25, 0x05EA
    134c:	0c 94 38 09 	jmp	0x1270	; 0x1270 <wysw_skok>

00001350 <step_decrease>:
    1350:	80 91 e9 05 	lds	r24, 0x05E9
    1354:	90 91 ea 05 	lds	r25, 0x05EA
    1358:	6a e0       	ldi	r22, 0x0A	; 10
    135a:	70 e0       	ldi	r23, 0x00	; 0
    135c:	0e 94 0d 21 	call	0x421a	; 0x421a <__udivmodhi4>
    1360:	61 15       	cp	r22, r1
    1362:	71 05       	cpc	r23, r1
    1364:	29 f0       	breq	.+10     	; 0x1370 <step_decrease+0x20>
    1366:	70 93 ea 05 	sts	0x05EA, r23
    136a:	60 93 e9 05 	sts	0x05E9, r22
    136e:	06 c0       	rjmp	.+12     	; 0x137c <step_decrease+0x2c>
    1370:	81 e0       	ldi	r24, 0x01	; 1
    1372:	90 e0       	ldi	r25, 0x00	; 0
    1374:	90 93 ea 05 	sts	0x05EA, r25
    1378:	80 93 e9 05 	sts	0x05E9, r24
    137c:	80 91 e9 05 	lds	r24, 0x05E9
    1380:	90 91 ea 05 	lds	r25, 0x05EA
    1384:	0c 94 38 09 	jmp	0x1270	; 0x1270 <wysw_skok>

00001388 <wybor>:
    1388:	cf 93       	push	r28
    138a:	df 93       	push	r29
    138c:	ec 01       	movw	r28, r24
    138e:	10 92 a7 05 	sts	0x05A7, r1
    1392:	80 91 f3 05 	lds	r24, 0x05F3
    1396:	81 30       	cpi	r24, 0x01	; 1
    1398:	09 f4       	brne	.+2      	; 0x139c <wybor+0x14>
    139a:	6c c0       	rjmp	.+216    	; 0x1474 <wybor+0xec>
    139c:	0e 94 63 01 	call	0x2c6	; 0x2c6 <LCD_Clear>
    13a0:	82 e4       	ldi	r24, 0x42	; 66
    13a2:	91 e0       	ldi	r25, 0x01	; 1
    13a4:	0e 94 50 01 	call	0x2a0	; 0x2a0 <LCD_WriteText>
    13a8:	ce 01       	movw	r24, r28
    13aa:	0e 94 b8 01 	call	0x370	; 0x370 <LCD_Int>
    13ae:	61 e0       	ldi	r22, 0x01	; 1
    13b0:	80 e0       	ldi	r24, 0x00	; 0
    13b2:	0e 94 5c 01 	call	0x2b8	; 0x2b8 <LCD_GoTo>
    13b6:	20 97       	sbiw	r28, 0x00	; 0
    13b8:	19 f4       	brne	.+6      	; 0x13c0 <wybor+0x38>
    13ba:	8c e4       	ldi	r24, 0x4C	; 76
    13bc:	91 e0       	ldi	r25, 0x01	; 1
    13be:	28 c0       	rjmp	.+80     	; 0x1410 <wybor+0x88>
    13c0:	c1 30       	cpi	r28, 0x01	; 1
    13c2:	d1 05       	cpc	r29, r1
    13c4:	19 f4       	brne	.+6      	; 0x13cc <wybor+0x44>
    13c6:	8b e5       	ldi	r24, 0x5B	; 91
    13c8:	91 e0       	ldi	r25, 0x01	; 1
    13ca:	22 c0       	rjmp	.+68     	; 0x1410 <wybor+0x88>
    13cc:	c2 30       	cpi	r28, 0x02	; 2
    13ce:	d1 05       	cpc	r29, r1
    13d0:	19 f4       	brne	.+6      	; 0x13d8 <wybor+0x50>
    13d2:	8b e6       	ldi	r24, 0x6B	; 107
    13d4:	91 e0       	ldi	r25, 0x01	; 1
    13d6:	1c c0       	rjmp	.+56     	; 0x1410 <wybor+0x88>
    13d8:	c3 30       	cpi	r28, 0x03	; 3
    13da:	d1 05       	cpc	r29, r1
    13dc:	19 f4       	brne	.+6      	; 0x13e4 <wybor+0x5c>
    13de:	84 e7       	ldi	r24, 0x74	; 116
    13e0:	91 e0       	ldi	r25, 0x01	; 1
    13e2:	16 c0       	rjmp	.+44     	; 0x1410 <wybor+0x88>
    13e4:	c4 30       	cpi	r28, 0x04	; 4
    13e6:	d1 05       	cpc	r29, r1
    13e8:	19 f4       	brne	.+6      	; 0x13f0 <wybor+0x68>
    13ea:	82 e8       	ldi	r24, 0x82	; 130
    13ec:	91 e0       	ldi	r25, 0x01	; 1
    13ee:	10 c0       	rjmp	.+32     	; 0x1410 <wybor+0x88>
    13f0:	c5 30       	cpi	r28, 0x05	; 5
    13f2:	d1 05       	cpc	r29, r1
    13f4:	19 f4       	brne	.+6      	; 0x13fc <wybor+0x74>
    13f6:	82 e9       	ldi	r24, 0x92	; 146
    13f8:	91 e0       	ldi	r25, 0x01	; 1
    13fa:	0a c0       	rjmp	.+20     	; 0x1410 <wybor+0x88>
    13fc:	c6 30       	cpi	r28, 0x06	; 6
    13fe:	d1 05       	cpc	r29, r1
    1400:	19 f4       	brne	.+6      	; 0x1408 <wybor+0x80>
    1402:	81 ea       	ldi	r24, 0xA1	; 161
    1404:	91 e0       	ldi	r25, 0x01	; 1
    1406:	04 c0       	rjmp	.+8      	; 0x1410 <wybor+0x88>
    1408:	27 97       	sbiw	r28, 0x07	; 7
    140a:	21 f4       	brne	.+8      	; 0x1414 <wybor+0x8c>
    140c:	81 eb       	ldi	r24, 0xB1	; 177
    140e:	91 e0       	ldi	r25, 0x01	; 1
    1410:	0e 94 50 01 	call	0x2a0	; 0x2a0 <LCD_WriteText>
    1414:	10 92 ba 05 	sts	0x05BA, r1
    1418:	10 92 b9 05 	sts	0x05B9, r1
    141c:	80 91 b9 05 	lds	r24, 0x05B9
    1420:	90 91 ba 05 	lds	r25, 0x05BA
    1424:	05 97       	sbiw	r24, 0x05	; 5
    1426:	b4 f4       	brge	.+44     	; 0x1454 <wybor+0xcc>
    1428:	60 e0       	ldi	r22, 0x00	; 0
    142a:	70 e0       	ldi	r23, 0x00	; 0
    142c:	80 ef       	ldi	r24, 0xF0	; 240
    142e:	91 e4       	ldi	r25, 0x41	; 65
    1430:	0e 94 5d 00 	call	0xba	; 0xba <delay_ms_var_double>
    1434:	60 e0       	ldi	r22, 0x00	; 0
    1436:	70 e0       	ldi	r23, 0x00	; 0
    1438:	80 ea       	ldi	r24, 0xA0	; 160
    143a:	90 e4       	ldi	r25, 0x40	; 64
    143c:	0e 94 07 09 	call	0x120e	; 0x120e <buzzer_time>
    1440:	80 91 b9 05 	lds	r24, 0x05B9
    1444:	90 91 ba 05 	lds	r25, 0x05BA
    1448:	01 96       	adiw	r24, 0x01	; 1
    144a:	90 93 ba 05 	sts	0x05BA, r25
    144e:	80 93 b9 05 	sts	0x05B9, r24
    1452:	e4 cf       	rjmp	.-56     	; 0x141c <wybor+0x94>
    1454:	60 e0       	ldi	r22, 0x00	; 0
    1456:	70 e0       	ldi	r23, 0x00	; 0
    1458:	8a ef       	ldi	r24, 0xFA	; 250
    145a:	93 e4       	ldi	r25, 0x43	; 67
    145c:	0e 94 5d 00 	call	0xba	; 0xba <delay_ms_var_double>
    1460:	41 e0       	ldi	r20, 0x01	; 1
    1462:	50 e0       	ldi	r21, 0x00	; 0
    1464:	6f e0       	ldi	r22, 0x0F	; 15
    1466:	70 e0       	ldi	r23, 0x00	; 0
    1468:	84 e1       	ldi	r24, 0x14	; 20
    146a:	90 e0       	ldi	r25, 0x00	; 0
    146c:	0e 94 ee 01 	call	0x3dc	; 0x3dc <LCD_MoveRight>
    1470:	0e 94 63 01 	call	0x2c6	; 0x2c6 <LCD_Clear>
    1474:	0e 94 e1 03 	call	0x7c2	; 0x7c2 <pilot_reset>
    1478:	81 e0       	ldi	r24, 0x01	; 1
    147a:	80 93 a7 05 	sts	0x05A7, r24
    147e:	df 91       	pop	r29
    1480:	cf 91       	pop	r28
    1482:	08 95       	ret

00001484 <show_day_of_week>:
    1484:	81 11       	cpse	r24, r1
    1486:	03 c0       	rjmp	.+6      	; 0x148e <show_day_of_week+0xa>
    1488:	81 ec       	ldi	r24, 0xC1	; 193
    148a:	91 e0       	ldi	r25, 0x01	; 1
    148c:	1d c0       	rjmp	.+58     	; 0x14c8 <show_day_of_week+0x44>
    148e:	81 30       	cpi	r24, 0x01	; 1
    1490:	19 f4       	brne	.+6      	; 0x1498 <show_day_of_week+0x14>
    1492:	84 ec       	ldi	r24, 0xC4	; 196
    1494:	91 e0       	ldi	r25, 0x01	; 1
    1496:	18 c0       	rjmp	.+48     	; 0x14c8 <show_day_of_week+0x44>
    1498:	82 30       	cpi	r24, 0x02	; 2
    149a:	19 f4       	brne	.+6      	; 0x14a2 <show_day_of_week+0x1e>
    149c:	87 ec       	ldi	r24, 0xC7	; 199
    149e:	91 e0       	ldi	r25, 0x01	; 1
    14a0:	13 c0       	rjmp	.+38     	; 0x14c8 <show_day_of_week+0x44>
    14a2:	83 30       	cpi	r24, 0x03	; 3
    14a4:	19 f4       	brne	.+6      	; 0x14ac <show_day_of_week+0x28>
    14a6:	8a ec       	ldi	r24, 0xCA	; 202
    14a8:	91 e0       	ldi	r25, 0x01	; 1
    14aa:	0e c0       	rjmp	.+28     	; 0x14c8 <show_day_of_week+0x44>
    14ac:	84 30       	cpi	r24, 0x04	; 4
    14ae:	19 f4       	brne	.+6      	; 0x14b6 <show_day_of_week+0x32>
    14b0:	8d ec       	ldi	r24, 0xCD	; 205
    14b2:	91 e0       	ldi	r25, 0x01	; 1
    14b4:	09 c0       	rjmp	.+18     	; 0x14c8 <show_day_of_week+0x44>
    14b6:	85 30       	cpi	r24, 0x05	; 5
    14b8:	19 f4       	brne	.+6      	; 0x14c0 <show_day_of_week+0x3c>
    14ba:	80 ed       	ldi	r24, 0xD0	; 208
    14bc:	91 e0       	ldi	r25, 0x01	; 1
    14be:	04 c0       	rjmp	.+8      	; 0x14c8 <show_day_of_week+0x44>
    14c0:	86 30       	cpi	r24, 0x06	; 6
    14c2:	21 f4       	brne	.+8      	; 0x14cc <show_day_of_week+0x48>
    14c4:	83 ed       	ldi	r24, 0xD3	; 211
    14c6:	91 e0       	ldi	r25, 0x01	; 1
    14c8:	0c 94 50 01 	jmp	0x2a0	; 0x2a0 <LCD_WriteText>
    14cc:	08 95       	ret

000014ce <show_time_only_format>:
    14ce:	60 e0       	ldi	r22, 0x00	; 0
    14d0:	80 91 aa 05 	lds	r24, 0x05AA
    14d4:	0e 94 5c 01 	call	0x2b8	; 0x2b8 <LCD_GoTo>
    14d8:	80 91 db 05 	lds	r24, 0x05DB
    14dc:	8a 30       	cpi	r24, 0x0A	; 10
    14de:	24 f4       	brge	.+8      	; 0x14e8 <show_time_only_format+0x1a>
    14e0:	80 e0       	ldi	r24, 0x00	; 0
    14e2:	90 e0       	ldi	r25, 0x00	; 0
    14e4:	0e 94 b8 01 	call	0x370	; 0x370 <LCD_Int>
    14e8:	80 91 db 05 	lds	r24, 0x05DB
    14ec:	99 27       	eor	r25, r25
    14ee:	87 fd       	sbrc	r24, 7
    14f0:	90 95       	com	r25
    14f2:	0e 94 b8 01 	call	0x370	; 0x370 <LCD_Int>
    14f6:	8c ee       	ldi	r24, 0xEC	; 236
    14f8:	91 e0       	ldi	r25, 0x01	; 1
    14fa:	0e 94 50 01 	call	0x2a0	; 0x2a0 <LCD_WriteText>
    14fe:	80 91 dc 05 	lds	r24, 0x05DC
    1502:	8a 30       	cpi	r24, 0x0A	; 10
    1504:	24 f4       	brge	.+8      	; 0x150e <show_time_only_format+0x40>
    1506:	80 e0       	ldi	r24, 0x00	; 0
    1508:	90 e0       	ldi	r25, 0x00	; 0
    150a:	0e 94 b8 01 	call	0x370	; 0x370 <LCD_Int>
    150e:	80 91 dc 05 	lds	r24, 0x05DC
    1512:	99 27       	eor	r25, r25
    1514:	87 fd       	sbrc	r24, 7
    1516:	90 95       	com	r25
    1518:	0e 94 b8 01 	call	0x370	; 0x370 <LCD_Int>
    151c:	8c ee       	ldi	r24, 0xEC	; 236
    151e:	91 e0       	ldi	r25, 0x01	; 1
    1520:	0e 94 50 01 	call	0x2a0	; 0x2a0 <LCD_WriteText>
    1524:	80 91 eb 05 	lds	r24, 0x05EB
    1528:	8a 30       	cpi	r24, 0x0A	; 10
    152a:	24 f4       	brge	.+8      	; 0x1534 <show_time_only_format+0x66>
    152c:	80 e0       	ldi	r24, 0x00	; 0
    152e:	90 e0       	ldi	r25, 0x00	; 0
    1530:	0e 94 b8 01 	call	0x370	; 0x370 <LCD_Int>
    1534:	80 91 eb 05 	lds	r24, 0x05EB
    1538:	99 27       	eor	r25, r25
    153a:	87 fd       	sbrc	r24, 7
    153c:	90 95       	com	r25
    153e:	0e 94 b8 01 	call	0x370	; 0x370 <LCD_Int>
    1542:	8c ee       	ldi	r24, 0xEC	; 236
    1544:	91 e0       	ldi	r25, 0x01	; 1
    1546:	0e 94 50 01 	call	0x2a0	; 0x2a0 <LCD_WriteText>
    154a:	80 91 da 05 	lds	r24, 0x05DA
    154e:	8a 30       	cpi	r24, 0x0A	; 10
    1550:	24 f4       	brge	.+8      	; 0x155a <show_time_only_format+0x8c>
    1552:	80 e0       	ldi	r24, 0x00	; 0
    1554:	90 e0       	ldi	r25, 0x00	; 0
    1556:	0e 94 b8 01 	call	0x370	; 0x370 <LCD_Int>
    155a:	80 91 da 05 	lds	r24, 0x05DA
    155e:	99 27       	eor	r25, r25
    1560:	87 fd       	sbrc	r24, 7
    1562:	90 95       	com	r25
    1564:	0c 94 b8 01 	jmp	0x370	; 0x370 <LCD_Int>

00001568 <show_time_format>:
    1568:	0e 94 67 0a 	call	0x14ce	; 0x14ce <show_time_only_format>
    156c:	61 e0       	ldi	r22, 0x01	; 1
    156e:	80 91 aa 05 	lds	r24, 0x05AA
    1572:	0e 94 5c 01 	call	0x2b8	; 0x2b8 <LCD_GoTo>
    1576:	80 91 fa 05 	lds	r24, 0x05FA
    157a:	8a 30       	cpi	r24, 0x0A	; 10
    157c:	24 f4       	brge	.+8      	; 0x1586 <show_time_format+0x1e>
    157e:	80 e0       	ldi	r24, 0x00	; 0
    1580:	90 e0       	ldi	r25, 0x00	; 0
    1582:	0e 94 b8 01 	call	0x370	; 0x370 <LCD_Int>
    1586:	80 91 fa 05 	lds	r24, 0x05FA
    158a:	99 27       	eor	r25, r25
    158c:	87 fd       	sbrc	r24, 7
    158e:	90 95       	com	r25
    1590:	0e 94 b8 01 	call	0x370	; 0x370 <LCD_Int>
    1594:	8c ee       	ldi	r24, 0xEC	; 236
    1596:	91 e0       	ldi	r25, 0x01	; 1
    1598:	0e 94 50 01 	call	0x2a0	; 0x2a0 <LCD_WriteText>
    159c:	80 91 dd 05 	lds	r24, 0x05DD
    15a0:	8a 30       	cpi	r24, 0x0A	; 10
    15a2:	24 f4       	brge	.+8      	; 0x15ac <show_time_format+0x44>
    15a4:	80 e0       	ldi	r24, 0x00	; 0
    15a6:	90 e0       	ldi	r25, 0x00	; 0
    15a8:	0e 94 b8 01 	call	0x370	; 0x370 <LCD_Int>
    15ac:	80 91 dd 05 	lds	r24, 0x05DD
    15b0:	99 27       	eor	r25, r25
    15b2:	87 fd       	sbrc	r24, 7
    15b4:	90 95       	com	r25
    15b6:	0e 94 b8 01 	call	0x370	; 0x370 <LCD_Int>
    15ba:	8c ee       	ldi	r24, 0xEC	; 236
    15bc:	91 e0       	ldi	r25, 0x01	; 1
    15be:	0e 94 50 01 	call	0x2a0	; 0x2a0 <LCD_WriteText>
    15c2:	80 91 ec 05 	lds	r24, 0x05EC
    15c6:	90 91 ed 05 	lds	r25, 0x05ED
    15ca:	0e 94 b8 01 	call	0x370	; 0x370 <LCD_Int>
    15ce:	80 91 aa 05 	lds	r24, 0x05AA
    15d2:	61 e0       	ldi	r22, 0x01	; 1
    15d4:	86 5f       	subi	r24, 0xF6	; 246
    15d6:	0e 94 5c 01 	call	0x2b8	; 0x2b8 <LCD_GoTo>
    15da:	86 ed       	ldi	r24, 0xD6	; 214
    15dc:	91 e0       	ldi	r25, 0x01	; 1
    15de:	0e 94 50 01 	call	0x2a0	; 0x2a0 <LCD_WriteText>
    15e2:	80 91 ee 05 	lds	r24, 0x05EE
    15e6:	0e 94 42 0a 	call	0x1484	; 0x1484 <show_day_of_week>
    15ea:	86 ed       	ldi	r24, 0xD6	; 214
    15ec:	91 e0       	ldi	r25, 0x01	; 1
    15ee:	0e 94 50 01 	call	0x2a0	; 0x2a0 <LCD_WriteText>
    15f2:	80 91 bb 05 	lds	r24, 0x05BB
    15f6:	8a 30       	cpi	r24, 0x0A	; 10
    15f8:	24 f4       	brge	.+8      	; 0x1602 <show_time_format+0x9a>
    15fa:	80 e0       	ldi	r24, 0x00	; 0
    15fc:	90 e0       	ldi	r25, 0x00	; 0
    15fe:	0e 94 b8 01 	call	0x370	; 0x370 <LCD_Int>
    1602:	80 91 bb 05 	lds	r24, 0x05BB
    1606:	99 27       	eor	r25, r25
    1608:	87 fd       	sbrc	r24, 7
    160a:	90 95       	com	r25
    160c:	0c 94 b8 01 	jmp	0x370	; 0x370 <LCD_Int>

00001610 <show_timer_alarm_format>:
    1610:	60 e0       	ldi	r22, 0x00	; 0
    1612:	80 91 aa 05 	lds	r24, 0x05AA
    1616:	0e 94 5c 01 	call	0x2b8	; 0x2b8 <LCD_GoTo>
    161a:	80 91 bb 05 	lds	r24, 0x05BB
    161e:	8a 30       	cpi	r24, 0x0A	; 10
    1620:	24 f4       	brge	.+8      	; 0x162a <show_timer_alarm_format+0x1a>
    1622:	80 e0       	ldi	r24, 0x00	; 0
    1624:	90 e0       	ldi	r25, 0x00	; 0
    1626:	0e 94 b8 01 	call	0x370	; 0x370 <LCD_Int>
    162a:	80 91 bb 05 	lds	r24, 0x05BB
    162e:	99 27       	eor	r25, r25
    1630:	87 fd       	sbrc	r24, 7
    1632:	90 95       	com	r25
    1634:	0c 94 b8 01 	jmp	0x370	; 0x370 <LCD_Int>

00001638 <show_alarm_format>:
    1638:	cf 93       	push	r28
    163a:	c8 2f       	mov	r28, r24
    163c:	81 11       	cpse	r24, r1
    163e:	0e 94 67 0a 	call	0x14ce	; 0x14ce <show_time_only_format>
    1642:	61 e0       	ldi	r22, 0x01	; 1
    1644:	80 91 aa 05 	lds	r24, 0x05AA
    1648:	0e 94 5c 01 	call	0x2b8	; 0x2b8 <LCD_GoTo>
    164c:	c2 30       	cpi	r28, 0x02	; 2
    164e:	c1 f5       	brne	.+112    	; 0x16c0 <show_alarm_format+0x88>
    1650:	80 91 dd 05 	lds	r24, 0x05DD
    1654:	81 11       	cpse	r24, r1
    1656:	03 c0       	rjmp	.+6      	; 0x165e <show_alarm_format+0x26>
    1658:	88 ed       	ldi	r24, 0xD8	; 216
    165a:	91 e0       	ldi	r25, 0x01	; 1
    165c:	2e c0       	rjmp	.+92     	; 0x16ba <show_alarm_format+0x82>
    165e:	10 92 ba 05 	sts	0x05BA, r1
    1662:	10 92 b9 05 	sts	0x05B9, r1
    1666:	20 91 b9 05 	lds	r18, 0x05B9
    166a:	30 91 ba 05 	lds	r19, 0x05BA
    166e:	27 30       	cpi	r18, 0x07	; 7
    1670:	31 05       	cpc	r19, r1
    1672:	0c f5       	brge	.+66     	; 0x16b6 <show_alarm_format+0x7e>
    1674:	80 91 dd 05 	lds	r24, 0x05DD
    1678:	99 27       	eor	r25, r25
    167a:	87 fd       	sbrc	r24, 7
    167c:	90 95       	com	r25
    167e:	02 c0       	rjmp	.+4      	; 0x1684 <show_alarm_format+0x4c>
    1680:	95 95       	asr	r25
    1682:	87 95       	ror	r24
    1684:	2a 95       	dec	r18
    1686:	e2 f7       	brpl	.-8      	; 0x1680 <show_alarm_format+0x48>
    1688:	80 ff       	sbrs	r24, 0
    168a:	0b c0       	rjmp	.+22     	; 0x16a2 <show_alarm_format+0x6a>
    168c:	86 ed       	ldi	r24, 0xD6	; 214
    168e:	91 e0       	ldi	r25, 0x01	; 1
    1690:	0e 94 50 01 	call	0x2a0	; 0x2a0 <LCD_WriteText>
    1694:	80 91 b9 05 	lds	r24, 0x05B9
    1698:	90 91 ba 05 	lds	r25, 0x05BA
    169c:	01 96       	adiw	r24, 0x01	; 1
    169e:	0e 94 b8 01 	call	0x370	; 0x370 <LCD_Int>
    16a2:	80 91 b9 05 	lds	r24, 0x05B9
    16a6:	90 91 ba 05 	lds	r25, 0x05BA
    16aa:	01 96       	adiw	r24, 0x01	; 1
    16ac:	90 93 ba 05 	sts	0x05BA, r25
    16b0:	80 93 b9 05 	sts	0x05B9, r24
    16b4:	d8 cf       	rjmp	.-80     	; 0x1666 <show_alarm_format+0x2e>
    16b6:	86 ed       	ldi	r24, 0xD6	; 214
    16b8:	91 e0       	ldi	r25, 0x01	; 1
    16ba:	cf 91       	pop	r28
    16bc:	0c 94 50 01 	jmp	0x2a0	; 0x2a0 <LCD_WriteText>
    16c0:	c3 30       	cpi	r28, 0x03	; 3
    16c2:	19 f5       	brne	.+70     	; 0x170a <show_alarm_format+0xd2>
    16c4:	80 91 fa 05 	lds	r24, 0x05FA
    16c8:	8a 30       	cpi	r24, 0x0A	; 10
    16ca:	24 f4       	brge	.+8      	; 0x16d4 <show_alarm_format+0x9c>
    16cc:	80 e0       	ldi	r24, 0x00	; 0
    16ce:	90 e0       	ldi	r25, 0x00	; 0
    16d0:	0e 94 b8 01 	call	0x370	; 0x370 <LCD_Int>
    16d4:	80 91 fa 05 	lds	r24, 0x05FA
    16d8:	99 27       	eor	r25, r25
    16da:	87 fd       	sbrc	r24, 7
    16dc:	90 95       	com	r25
    16de:	0e 94 b8 01 	call	0x370	; 0x370 <LCD_Int>
    16e2:	8c ee       	ldi	r24, 0xEC	; 236
    16e4:	91 e0       	ldi	r25, 0x01	; 1
    16e6:	0e 94 50 01 	call	0x2a0	; 0x2a0 <LCD_WriteText>
    16ea:	80 91 dd 05 	lds	r24, 0x05DD
    16ee:	8a 30       	cpi	r24, 0x0A	; 10
    16f0:	24 f4       	brge	.+8      	; 0x16fa <show_alarm_format+0xc2>
    16f2:	80 e0       	ldi	r24, 0x00	; 0
    16f4:	90 e0       	ldi	r25, 0x00	; 0
    16f6:	0e 94 b8 01 	call	0x370	; 0x370 <LCD_Int>
    16fa:	80 91 dd 05 	lds	r24, 0x05DD
    16fe:	99 27       	eor	r25, r25
    1700:	87 fd       	sbrc	r24, 7
    1702:	90 95       	com	r25
    1704:	cf 91       	pop	r28
    1706:	0c 94 b8 01 	jmp	0x370	; 0x370 <LCD_Int>
    170a:	cf 91       	pop	r28
    170c:	08 95       	ret

0000170e <set_appropriate_values_of_time>:
    170e:	50 91 e8 05 	lds	r21, 0x05E8
    1712:	52 30       	cpi	r21, 0x02	; 2
    1714:	41 f4       	brne	.+16     	; 0x1726 <set_appropriate_values_of_time+0x18>
    1716:	80 91 e9 05 	lds	r24, 0x05E9
    171a:	90 91 ea 05 	lds	r25, 0x05EA
    171e:	91 95       	neg	r25
    1720:	81 95       	neg	r24
    1722:	91 09       	sbc	r25, r1
    1724:	09 c0       	rjmp	.+18     	; 0x1738 <set_appropriate_values_of_time+0x2a>
    1726:	51 30       	cpi	r21, 0x01	; 1
    1728:	29 f4       	brne	.+10     	; 0x1734 <set_appropriate_values_of_time+0x26>
    172a:	80 91 e9 05 	lds	r24, 0x05E9
    172e:	90 91 ea 05 	lds	r25, 0x05EA
    1732:	02 c0       	rjmp	.+4      	; 0x1738 <set_appropriate_values_of_time+0x2a>
    1734:	80 e0       	ldi	r24, 0x00	; 0
    1736:	90 e0       	ldi	r25, 0x00	; 0
    1738:	40 91 f4 05 	lds	r20, 0x05F4
    173c:	4e 3f       	cpi	r20, 0xFE	; 254
    173e:	31 f4       	brne	.+12     	; 0x174c <set_appropriate_values_of_time+0x3e>
    1740:	90 91 f2 05 	lds	r25, 0x05F2
    1744:	98 1b       	sub	r25, r24
    1746:	90 93 f2 05 	sts	0x05F2, r25
    174a:	08 95       	ret
    174c:	30 91 ab 05 	lds	r19, 0x05AB
    1750:	36 30       	cpi	r19, 0x06	; 6
    1752:	21 f4       	brne	.+8      	; 0x175c <set_appropriate_values_of_time+0x4e>
    1754:	4f 3f       	cpi	r20, 0xFF	; 255
    1756:	09 f0       	breq	.+2      	; 0x175a <set_appropriate_values_of_time+0x4c>
    1758:	e2 c0       	rjmp	.+452    	; 0x191e <set_appropriate_values_of_time+0x210>
    175a:	cf c0       	rjmp	.+414    	; 0x18fa <set_appropriate_values_of_time+0x1ec>
    175c:	20 91 f2 05 	lds	r18, 0x05F2
    1760:	22 23       	and	r18, r18
    1762:	19 f0       	breq	.+6      	; 0x176a <set_appropriate_values_of_time+0x5c>
    1764:	34 30       	cpi	r19, 0x04	; 4
    1766:	09 f0       	breq	.+2      	; 0x176a <set_appropriate_values_of_time+0x5c>
    1768:	c4 c0       	rjmp	.+392    	; 0x18f2 <set_appropriate_values_of_time+0x1e4>
    176a:	20 91 d6 05 	lds	r18, 0x05D6
    176e:	30 91 d7 05 	lds	r19, 0x05D7
    1772:	4f 3f       	cpi	r20, 0xFF	; 255
    1774:	09 f4       	brne	.+2      	; 0x1778 <set_appropriate_values_of_time+0x6a>
    1776:	c5 c0       	rjmp	.+394    	; 0x1902 <set_appropriate_values_of_time+0x1f4>
    1778:	41 11       	cpse	r20, r1
    177a:	06 c0       	rjmp	.+12     	; 0x1788 <set_appropriate_values_of_time+0x7a>
    177c:	60 91 db 05 	lds	r22, 0x05DB
    1780:	68 0f       	add	r22, r24
    1782:	60 93 db 05 	sts	0x05DB, r22
    1786:	17 c0       	rjmp	.+46     	; 0x17b6 <set_appropriate_values_of_time+0xa8>
    1788:	41 30       	cpi	r20, 0x01	; 1
    178a:	31 f4       	brne	.+12     	; 0x1798 <set_appropriate_values_of_time+0x8a>
    178c:	60 91 dc 05 	lds	r22, 0x05DC
    1790:	68 0f       	add	r22, r24
    1792:	60 93 dc 05 	sts	0x05DC, r22
    1796:	0f c0       	rjmp	.+30     	; 0x17b6 <set_appropriate_values_of_time+0xa8>
    1798:	42 30       	cpi	r20, 0x02	; 2
    179a:	31 f4       	brne	.+12     	; 0x17a8 <set_appropriate_values_of_time+0x9a>
    179c:	60 91 eb 05 	lds	r22, 0x05EB
    17a0:	68 0f       	add	r22, r24
    17a2:	60 93 eb 05 	sts	0x05EB, r22
    17a6:	07 c0       	rjmp	.+14     	; 0x17b6 <set_appropriate_values_of_time+0xa8>
    17a8:	43 30       	cpi	r20, 0x03	; 3
    17aa:	29 f4       	brne	.+10     	; 0x17b6 <set_appropriate_values_of_time+0xa8>
    17ac:	60 91 da 05 	lds	r22, 0x05DA
    17b0:	68 0f       	add	r22, r24
    17b2:	60 93 da 05 	sts	0x05DA, r22
    17b6:	21 15       	cp	r18, r1
    17b8:	31 05       	cpc	r19, r1
    17ba:	19 f0       	breq	.+6      	; 0x17c2 <set_appropriate_values_of_time+0xb4>
    17bc:	23 30       	cpi	r18, 0x03	; 3
    17be:	31 05       	cpc	r19, r1
    17c0:	61 f5       	brne	.+88     	; 0x181a <set_appropriate_values_of_time+0x10c>
    17c2:	44 30       	cpi	r20, 0x04	; 4
    17c4:	31 f4       	brne	.+12     	; 0x17d2 <set_appropriate_values_of_time+0xc4>
    17c6:	90 91 fa 05 	lds	r25, 0x05FA
    17ca:	98 0f       	add	r25, r24
    17cc:	90 93 fa 05 	sts	0x05FA, r25
    17d0:	08 95       	ret
    17d2:	45 30       	cpi	r20, 0x05	; 5
    17d4:	31 f4       	brne	.+12     	; 0x17e2 <set_appropriate_values_of_time+0xd4>
    17d6:	90 91 dd 05 	lds	r25, 0x05DD
    17da:	98 0f       	add	r25, r24
    17dc:	90 93 dd 05 	sts	0x05DD, r25
    17e0:	08 95       	ret
    17e2:	23 2b       	or	r18, r19
    17e4:	09 f0       	breq	.+2      	; 0x17e8 <set_appropriate_values_of_time+0xda>
    17e6:	9b c0       	rjmp	.+310    	; 0x191e <set_appropriate_values_of_time+0x210>
    17e8:	46 30       	cpi	r20, 0x06	; 6
    17ea:	59 f4       	brne	.+22     	; 0x1802 <set_appropriate_values_of_time+0xf4>
    17ec:	20 91 ec 05 	lds	r18, 0x05EC
    17f0:	30 91 ed 05 	lds	r19, 0x05ED
    17f4:	28 0f       	add	r18, r24
    17f6:	39 1f       	adc	r19, r25
    17f8:	30 93 ed 05 	sts	0x05ED, r19
    17fc:	20 93 ec 05 	sts	0x05EC, r18
    1800:	08 95       	ret
    1802:	47 30       	cpi	r20, 0x07	; 7
    1804:	31 f4       	brne	.+12     	; 0x1812 <set_appropriate_values_of_time+0x104>
    1806:	90 91 ee 05 	lds	r25, 0x05EE
    180a:	98 0f       	add	r25, r24
    180c:	90 93 ee 05 	sts	0x05EE, r25
    1810:	08 95       	ret
    1812:	48 30       	cpi	r20, 0x08	; 8
    1814:	09 f0       	breq	.+2      	; 0x1818 <set_appropriate_values_of_time+0x10a>
    1816:	83 c0       	rjmp	.+262    	; 0x191e <set_appropriate_values_of_time+0x210>
    1818:	7d c0       	rjmp	.+250    	; 0x1914 <set_appropriate_values_of_time+0x206>
    181a:	22 30       	cpi	r18, 0x02	; 2
    181c:	31 05       	cpc	r19, r1
    181e:	09 f0       	breq	.+2      	; 0x1822 <set_appropriate_values_of_time+0x114>
    1820:	7e c0       	rjmp	.+252    	; 0x191e <set_appropriate_values_of_time+0x210>
    1822:	44 30       	cpi	r20, 0x04	; 4
    1824:	69 f4       	brne	.+26     	; 0x1840 <set_appropriate_values_of_time+0x132>
    1826:	51 30       	cpi	r21, 0x01	; 1
    1828:	21 f4       	brne	.+8      	; 0x1832 <set_appropriate_values_of_time+0x124>
    182a:	80 91 dd 05 	lds	r24, 0x05DD
    182e:	81 60       	ori	r24, 0x01	; 1
    1830:	5d c0       	rjmp	.+186    	; 0x18ec <set_appropriate_values_of_time+0x1de>
    1832:	52 30       	cpi	r21, 0x02	; 2
    1834:	09 f0       	breq	.+2      	; 0x1838 <set_appropriate_values_of_time+0x12a>
    1836:	73 c0       	rjmp	.+230    	; 0x191e <set_appropriate_values_of_time+0x210>
    1838:	80 91 dd 05 	lds	r24, 0x05DD
    183c:	8e 7f       	andi	r24, 0xFE	; 254
    183e:	56 c0       	rjmp	.+172    	; 0x18ec <set_appropriate_values_of_time+0x1de>
    1840:	45 30       	cpi	r20, 0x05	; 5
    1842:	69 f4       	brne	.+26     	; 0x185e <set_appropriate_values_of_time+0x150>
    1844:	51 30       	cpi	r21, 0x01	; 1
    1846:	21 f4       	brne	.+8      	; 0x1850 <set_appropriate_values_of_time+0x142>
    1848:	80 91 dd 05 	lds	r24, 0x05DD
    184c:	82 60       	ori	r24, 0x02	; 2
    184e:	4e c0       	rjmp	.+156    	; 0x18ec <set_appropriate_values_of_time+0x1de>
    1850:	52 30       	cpi	r21, 0x02	; 2
    1852:	09 f0       	breq	.+2      	; 0x1856 <set_appropriate_values_of_time+0x148>
    1854:	64 c0       	rjmp	.+200    	; 0x191e <set_appropriate_values_of_time+0x210>
    1856:	80 91 dd 05 	lds	r24, 0x05DD
    185a:	8d 7f       	andi	r24, 0xFD	; 253
    185c:	47 c0       	rjmp	.+142    	; 0x18ec <set_appropriate_values_of_time+0x1de>
    185e:	46 30       	cpi	r20, 0x06	; 6
    1860:	69 f4       	brne	.+26     	; 0x187c <set_appropriate_values_of_time+0x16e>
    1862:	51 30       	cpi	r21, 0x01	; 1
    1864:	21 f4       	brne	.+8      	; 0x186e <set_appropriate_values_of_time+0x160>
    1866:	80 91 dd 05 	lds	r24, 0x05DD
    186a:	84 60       	ori	r24, 0x04	; 4
    186c:	3f c0       	rjmp	.+126    	; 0x18ec <set_appropriate_values_of_time+0x1de>
    186e:	52 30       	cpi	r21, 0x02	; 2
    1870:	09 f0       	breq	.+2      	; 0x1874 <set_appropriate_values_of_time+0x166>
    1872:	55 c0       	rjmp	.+170    	; 0x191e <set_appropriate_values_of_time+0x210>
    1874:	80 91 dd 05 	lds	r24, 0x05DD
    1878:	8b 7f       	andi	r24, 0xFB	; 251
    187a:	38 c0       	rjmp	.+112    	; 0x18ec <set_appropriate_values_of_time+0x1de>
    187c:	47 30       	cpi	r20, 0x07	; 7
    187e:	69 f4       	brne	.+26     	; 0x189a <set_appropriate_values_of_time+0x18c>
    1880:	51 30       	cpi	r21, 0x01	; 1
    1882:	21 f4       	brne	.+8      	; 0x188c <set_appropriate_values_of_time+0x17e>
    1884:	80 91 dd 05 	lds	r24, 0x05DD
    1888:	88 60       	ori	r24, 0x08	; 8
    188a:	30 c0       	rjmp	.+96     	; 0x18ec <set_appropriate_values_of_time+0x1de>
    188c:	52 30       	cpi	r21, 0x02	; 2
    188e:	09 f0       	breq	.+2      	; 0x1892 <set_appropriate_values_of_time+0x184>
    1890:	46 c0       	rjmp	.+140    	; 0x191e <set_appropriate_values_of_time+0x210>
    1892:	80 91 dd 05 	lds	r24, 0x05DD
    1896:	87 7f       	andi	r24, 0xF7	; 247
    1898:	29 c0       	rjmp	.+82     	; 0x18ec <set_appropriate_values_of_time+0x1de>
    189a:	48 30       	cpi	r20, 0x08	; 8
    189c:	61 f4       	brne	.+24     	; 0x18b6 <set_appropriate_values_of_time+0x1a8>
    189e:	51 30       	cpi	r21, 0x01	; 1
    18a0:	21 f4       	brne	.+8      	; 0x18aa <set_appropriate_values_of_time+0x19c>
    18a2:	80 91 dd 05 	lds	r24, 0x05DD
    18a6:	80 61       	ori	r24, 0x10	; 16
    18a8:	21 c0       	rjmp	.+66     	; 0x18ec <set_appropriate_values_of_time+0x1de>
    18aa:	52 30       	cpi	r21, 0x02	; 2
    18ac:	c1 f5       	brne	.+112    	; 0x191e <set_appropriate_values_of_time+0x210>
    18ae:	80 91 dd 05 	lds	r24, 0x05DD
    18b2:	8f 7e       	andi	r24, 0xEF	; 239
    18b4:	1b c0       	rjmp	.+54     	; 0x18ec <set_appropriate_values_of_time+0x1de>
    18b6:	49 30       	cpi	r20, 0x09	; 9
    18b8:	61 f4       	brne	.+24     	; 0x18d2 <set_appropriate_values_of_time+0x1c4>
    18ba:	51 30       	cpi	r21, 0x01	; 1
    18bc:	21 f4       	brne	.+8      	; 0x18c6 <set_appropriate_values_of_time+0x1b8>
    18be:	80 91 dd 05 	lds	r24, 0x05DD
    18c2:	80 62       	ori	r24, 0x20	; 32
    18c4:	13 c0       	rjmp	.+38     	; 0x18ec <set_appropriate_values_of_time+0x1de>
    18c6:	52 30       	cpi	r21, 0x02	; 2
    18c8:	51 f5       	brne	.+84     	; 0x191e <set_appropriate_values_of_time+0x210>
    18ca:	80 91 dd 05 	lds	r24, 0x05DD
    18ce:	8f 7d       	andi	r24, 0xDF	; 223
    18d0:	0d c0       	rjmp	.+26     	; 0x18ec <set_appropriate_values_of_time+0x1de>
    18d2:	4a 30       	cpi	r20, 0x0A	; 10
    18d4:	21 f5       	brne	.+72     	; 0x191e <set_appropriate_values_of_time+0x210>
    18d6:	51 30       	cpi	r21, 0x01	; 1
    18d8:	21 f4       	brne	.+8      	; 0x18e2 <set_appropriate_values_of_time+0x1d4>
    18da:	80 91 dd 05 	lds	r24, 0x05DD
    18de:	80 64       	ori	r24, 0x40	; 64
    18e0:	05 c0       	rjmp	.+10     	; 0x18ec <set_appropriate_values_of_time+0x1de>
    18e2:	52 30       	cpi	r21, 0x02	; 2
    18e4:	e1 f4       	brne	.+56     	; 0x191e <set_appropriate_values_of_time+0x210>
    18e6:	80 91 dd 05 	lds	r24, 0x05DD
    18ea:	8f 7b       	andi	r24, 0xBF	; 191
    18ec:	80 93 dd 05 	sts	0x05DD, r24
    18f0:	08 95       	ret
    18f2:	21 30       	cpi	r18, 0x01	; 1
    18f4:	a1 f4       	brne	.+40     	; 0x191e <set_appropriate_values_of_time+0x210>
    18f6:	4f 3f       	cpi	r20, 0xFF	; 255
    18f8:	59 f4       	brne	.+22     	; 0x1910 <set_appropriate_values_of_time+0x202>
    18fa:	20 91 d6 05 	lds	r18, 0x05D6
    18fe:	30 91 d7 05 	lds	r19, 0x05D7
    1902:	28 1b       	sub	r18, r24
    1904:	39 0b       	sbc	r19, r25
    1906:	30 93 d7 05 	sts	0x05D7, r19
    190a:	20 93 d6 05 	sts	0x05D6, r18
    190e:	08 95       	ret
    1910:	41 11       	cpse	r20, r1
    1912:	05 c0       	rjmp	.+10     	; 0x191e <set_appropriate_values_of_time+0x210>
    1914:	90 91 bb 05 	lds	r25, 0x05BB
    1918:	98 0f       	add	r25, r24
    191a:	90 93 bb 05 	sts	0x05BB, r25
    191e:	08 95       	ret

00001920 <check_step_value>:
    1920:	80 91 f4 05 	lds	r24, 0x05F4
    1924:	8e 5f       	subi	r24, 0xFE	; 254
    1926:	82 30       	cpi	r24, 0x02	; 2
    1928:	50 f4       	brcc	.+20     	; 0x193e <check_step_value+0x1e>
    192a:	80 91 e9 05 	lds	r24, 0x05E9
    192e:	90 91 ea 05 	lds	r25, 0x05EA
    1932:	02 97       	sbiw	r24, 0x02	; 2
    1934:	20 f0       	brcs	.+8      	; 0x193e <check_step_value+0x1e>
    1936:	81 e0       	ldi	r24, 0x01	; 1
    1938:	90 e0       	ldi	r25, 0x00	; 0
    193a:	0e 94 38 09 	call	0x1270	; 0x1270 <wysw_skok>
    193e:	80 91 f2 05 	lds	r24, 0x05F2
    1942:	88 23       	and	r24, r24
    1944:	29 f0       	breq	.+10     	; 0x1950 <check_step_value+0x30>
    1946:	90 91 ab 05 	lds	r25, 0x05AB
    194a:	94 30       	cpi	r25, 0x04	; 4
    194c:	09 f0       	breq	.+2      	; 0x1950 <check_step_value+0x30>
    194e:	47 c0       	rjmp	.+142    	; 0x19de <check_step_value+0xbe>
    1950:	80 91 f4 05 	lds	r24, 0x05F4
    1954:	84 30       	cpi	r24, 0x04	; 4
    1956:	50 f4       	brcc	.+20     	; 0x196c <check_step_value+0x4c>
    1958:	80 91 e9 05 	lds	r24, 0x05E9
    195c:	90 91 ea 05 	lds	r25, 0x05EA
    1960:	0b 97       	sbiw	r24, 0x0b	; 11
    1962:	20 f0       	brcs	.+8      	; 0x196c <check_step_value+0x4c>
    1964:	8a e0       	ldi	r24, 0x0A	; 10
    1966:	90 e0       	ldi	r25, 0x00	; 0
    1968:	0e 94 38 09 	call	0x1270	; 0x1270 <wysw_skok>
    196c:	80 91 d6 05 	lds	r24, 0x05D6
    1970:	90 91 d7 05 	lds	r25, 0x05D7
    1974:	00 97       	sbiw	r24, 0x00	; 0
    1976:	11 f0       	breq	.+4      	; 0x197c <check_step_value+0x5c>
    1978:	03 97       	sbiw	r24, 0x03	; 3
    197a:	b9 f5       	brne	.+110    	; 0x19ea <check_step_value+0xca>
    197c:	80 91 f4 05 	lds	r24, 0x05F4
    1980:	84 50       	subi	r24, 0x04	; 4
    1982:	82 30       	cpi	r24, 0x02	; 2
    1984:	50 f4       	brcc	.+20     	; 0x199a <check_step_value+0x7a>
    1986:	80 91 e9 05 	lds	r24, 0x05E9
    198a:	90 91 ea 05 	lds	r25, 0x05EA
    198e:	0b 97       	sbiw	r24, 0x0b	; 11
    1990:	20 f0       	brcs	.+8      	; 0x199a <check_step_value+0x7a>
    1992:	8a e0       	ldi	r24, 0x0A	; 10
    1994:	90 e0       	ldi	r25, 0x00	; 0
    1996:	0e 94 38 09 	call	0x1270	; 0x1270 <wysw_skok>
    199a:	80 91 d6 05 	lds	r24, 0x05D6
    199e:	90 91 d7 05 	lds	r25, 0x05D7
    19a2:	89 2b       	or	r24, r25
    19a4:	11 f5       	brne	.+68     	; 0x19ea <check_step_value+0xca>
    19a6:	80 91 f4 05 	lds	r24, 0x05F4
    19aa:	87 30       	cpi	r24, 0x07	; 7
    19ac:	51 f4       	brne	.+20     	; 0x19c2 <check_step_value+0xa2>
    19ae:	80 91 e9 05 	lds	r24, 0x05E9
    19b2:	90 91 ea 05 	lds	r25, 0x05EA
    19b6:	02 97       	sbiw	r24, 0x02	; 2
    19b8:	20 f0       	brcs	.+8      	; 0x19c2 <check_step_value+0xa2>
    19ba:	81 e0       	ldi	r24, 0x01	; 1
    19bc:	90 e0       	ldi	r25, 0x00	; 0
    19be:	0e 94 38 09 	call	0x1270	; 0x1270 <wysw_skok>
    19c2:	80 91 f4 05 	lds	r24, 0x05F4
    19c6:	88 30       	cpi	r24, 0x08	; 8
    19c8:	81 f4       	brne	.+32     	; 0x19ea <check_step_value+0xca>
    19ca:	80 91 e9 05 	lds	r24, 0x05E9
    19ce:	90 91 ea 05 	lds	r25, 0x05EA
    19d2:	0b 97       	sbiw	r24, 0x0b	; 11
    19d4:	50 f0       	brcs	.+20     	; 0x19ea <check_step_value+0xca>
    19d6:	8a e0       	ldi	r24, 0x0A	; 10
    19d8:	90 e0       	ldi	r25, 0x00	; 0
    19da:	0c 94 38 09 	jmp	0x1270	; 0x1270 <wysw_skok>
    19de:	81 30       	cpi	r24, 0x01	; 1
    19e0:	21 f4       	brne	.+8      	; 0x19ea <check_step_value+0xca>
    19e2:	80 91 f4 05 	lds	r24, 0x05F4
    19e6:	88 23       	and	r24, r24
    19e8:	81 f3       	breq	.-32     	; 0x19ca <check_step_value+0xaa>
    19ea:	08 95       	ret

000019ec <end_of_settings>:
    19ec:	80 91 ab 05 	lds	r24, 0x05AB
    19f0:	84 30       	cpi	r24, 0x04	; 4
    19f2:	09 f1       	breq	.+66     	; 0x1a36 <end_of_settings+0x4a>
    19f4:	85 30       	cpi	r24, 0x05	; 5
    19f6:	29 f5       	brne	.+74     	; 0x1a42 <end_of_settings+0x56>
    19f8:	80 91 f2 05 	lds	r24, 0x05F2
    19fc:	81 11       	cpse	r24, r1
    19fe:	10 c0       	rjmp	.+32     	; 0x1a20 <end_of_settings+0x34>
    1a00:	80 91 d6 05 	lds	r24, 0x05D6
    1a04:	90 91 d7 05 	lds	r25, 0x05D7
    1a08:	00 97       	sbiw	r24, 0x00	; 0
    1a0a:	d9 f0       	breq	.+54     	; 0x1a42 <end_of_settings+0x56>
    1a0c:	81 30       	cpi	r24, 0x01	; 1
    1a0e:	91 05       	cpc	r25, r1
    1a10:	a1 f0       	breq	.+40     	; 0x1a3a <end_of_settings+0x4e>
    1a12:	82 30       	cpi	r24, 0x02	; 2
    1a14:	91 05       	cpc	r25, r1
    1a16:	99 f0       	breq	.+38     	; 0x1a3e <end_of_settings+0x52>
    1a18:	03 97       	sbiw	r24, 0x03	; 3
    1a1a:	99 f4       	brne	.+38     	; 0x1a42 <end_of_settings+0x56>
    1a1c:	86 e0       	ldi	r24, 0x06	; 6
    1a1e:	08 95       	ret
    1a20:	81 30       	cpi	r24, 0x01	; 1
    1a22:	79 f4       	brne	.+30     	; 0x1a42 <end_of_settings+0x56>
    1a24:	80 91 d6 05 	lds	r24, 0x05D6
    1a28:	90 91 d7 05 	lds	r25, 0x05D7
    1a2c:	00 97       	sbiw	r24, 0x00	; 0
    1a2e:	49 f0       	breq	.+18     	; 0x1a42 <end_of_settings+0x56>
    1a30:	01 97       	sbiw	r24, 0x01	; 1
    1a32:	39 f4       	brne	.+14     	; 0x1a42 <end_of_settings+0x56>
    1a34:	08 c0       	rjmp	.+16     	; 0x1a46 <end_of_settings+0x5a>
    1a36:	89 e0       	ldi	r24, 0x09	; 9
    1a38:	08 95       	ret
    1a3a:	84 e0       	ldi	r24, 0x04	; 4
    1a3c:	08 95       	ret
    1a3e:	8b e0       	ldi	r24, 0x0B	; 11
    1a40:	08 95       	ret
    1a42:	80 e0       	ldi	r24, 0x00	; 0
    1a44:	08 95       	ret
    1a46:	81 e0       	ldi	r24, 0x01	; 1
    1a48:	08 95       	ret

00001a4a <setting_information>:
    1a4a:	cf 93       	push	r28
    1a4c:	df 93       	push	r29
    1a4e:	10 92 a7 05 	sts	0x05A7, r1
    1a52:	80 e0       	ldi	r24, 0x00	; 0
    1a54:	90 e0       	ldi	r25, 0x00	; 0
    1a56:	0e 94 40 02 	call	0x480	; 0x480 <LCD_Erase>
    1a5a:	60 e0       	ldi	r22, 0x00	; 0
    1a5c:	80 e0       	ldi	r24, 0x00	; 0
    1a5e:	0e 94 5c 01 	call	0x2b8	; 0x2b8 <LCD_GoTo>
    1a62:	c0 91 f4 05 	lds	r28, 0x05F4
    1a66:	cf 3f       	cpi	r28, 0xFF	; 255
    1a68:	19 f4       	brne	.+6      	; 0x1a70 <setting_information+0x26>
    1a6a:	80 ee       	ldi	r24, 0xE0	; 224
    1a6c:	91 e0       	ldi	r25, 0x01	; 1
    1a6e:	36 c0       	rjmp	.+108    	; 0x1adc <setting_information+0x92>
    1a70:	d0 91 ab 05 	lds	r29, 0x05AB
    1a74:	d6 30       	cpi	r29, 0x06	; 6
    1a76:	71 f4       	brne	.+28     	; 0x1a94 <setting_information+0x4a>
    1a78:	0e 94 f6 0c 	call	0x19ec	; 0x19ec <end_of_settings>
    1a7c:	2c 2f       	mov	r18, r28
    1a7e:	33 27       	eor	r19, r19
    1a80:	27 fd       	sbrc	r18, 7
    1a82:	30 95       	com	r19
    1a84:	90 e0       	ldi	r25, 0x00	; 0
    1a86:	28 17       	cp	r18, r24
    1a88:	39 07       	cpc	r19, r25
    1a8a:	09 f0       	breq	.+2      	; 0x1a8e <setting_information+0x44>
    1a8c:	b3 c0       	rjmp	.+358    	; 0x1bf4 <setting_information+0x1aa>
    1a8e:	8e ee       	ldi	r24, 0xEE	; 238
    1a90:	91 e0       	ldi	r25, 0x01	; 1
    1a92:	24 c0       	rjmp	.+72     	; 0x1adc <setting_information+0x92>
    1a94:	80 91 f2 05 	lds	r24, 0x05F2
    1a98:	88 23       	and	r24, r24
    1a9a:	19 f0       	breq	.+6      	; 0x1aa2 <setting_information+0x58>
    1a9c:	d4 30       	cpi	r29, 0x04	; 4
    1a9e:	09 f0       	breq	.+2      	; 0x1aa2 <setting_information+0x58>
    1aa0:	8c c0       	rjmp	.+280    	; 0x1bba <setting_information+0x170>
    1aa2:	0e 94 f6 0c 	call	0x19ec	; 0x19ec <end_of_settings>
    1aa6:	90 e0       	ldi	r25, 0x00	; 0
    1aa8:	2c 2f       	mov	r18, r28
    1aaa:	33 27       	eor	r19, r19
    1aac:	27 fd       	sbrc	r18, 7
    1aae:	30 95       	com	r19
    1ab0:	28 17       	cp	r18, r24
    1ab2:	39 07       	cpc	r19, r25
    1ab4:	b1 f4       	brne	.+44     	; 0x1ae2 <setting_information+0x98>
    1ab6:	80 91 d6 05 	lds	r24, 0x05D6
    1aba:	90 91 d7 05 	lds	r25, 0x05D7
    1abe:	89 2b       	or	r24, r25
    1ac0:	59 f4       	brne	.+22     	; 0x1ad8 <setting_information+0x8e>
    1ac2:	d4 30       	cpi	r29, 0x04	; 4
    1ac4:	19 f4       	brne	.+6      	; 0x1acc <setting_information+0x82>
    1ac6:	87 ef       	ldi	r24, 0xF7	; 247
    1ac8:	91 e0       	ldi	r25, 0x01	; 1
    1aca:	08 c0       	rjmp	.+16     	; 0x1adc <setting_information+0x92>
    1acc:	d5 30       	cpi	r29, 0x05	; 5
    1ace:	09 f0       	breq	.+2      	; 0x1ad2 <setting_information+0x88>
    1ad0:	91 c0       	rjmp	.+290    	; 0x1bf4 <setting_information+0x1aa>
    1ad2:	88 e0       	ldi	r24, 0x08	; 8
    1ad4:	92 e0       	ldi	r25, 0x02	; 2
    1ad6:	02 c0       	rjmp	.+4      	; 0x1adc <setting_information+0x92>
    1ad8:	88 e1       	ldi	r24, 0x18	; 24
    1ada:	92 e0       	ldi	r25, 0x02	; 2
    1adc:	0e 94 50 01 	call	0x2a0	; 0x2a0 <LCD_WriteText>
    1ae0:	89 c0       	rjmp	.+274    	; 0x1bf4 <setting_information+0x1aa>
    1ae2:	c1 11       	cpse	r28, r1
    1ae4:	03 c0       	rjmp	.+6      	; 0x1aec <setting_information+0xa2>
    1ae6:	8a e8       	ldi	r24, 0x8A	; 138
    1ae8:	91 e0       	ldi	r25, 0x01	; 1
    1aea:	0e c0       	rjmp	.+28     	; 0x1b08 <setting_information+0xbe>
    1aec:	c1 30       	cpi	r28, 0x01	; 1
    1aee:	19 f4       	brne	.+6      	; 0x1af6 <setting_information+0xac>
    1af0:	87 e2       	ldi	r24, 0x27	; 39
    1af2:	92 e0       	ldi	r25, 0x02	; 2
    1af4:	09 c0       	rjmp	.+18     	; 0x1b08 <setting_information+0xbe>
    1af6:	c2 30       	cpi	r28, 0x02	; 2
    1af8:	19 f4       	brne	.+6      	; 0x1b00 <setting_information+0xb6>
    1afa:	8e e2       	ldi	r24, 0x2E	; 46
    1afc:	92 e0       	ldi	r25, 0x02	; 2
    1afe:	04 c0       	rjmp	.+8      	; 0x1b08 <setting_information+0xbe>
    1b00:	c3 30       	cpi	r28, 0x03	; 3
    1b02:	21 f4       	brne	.+8      	; 0x1b0c <setting_information+0xc2>
    1b04:	86 e3       	ldi	r24, 0x36	; 54
    1b06:	92 e0       	ldi	r25, 0x02	; 2
    1b08:	0e 94 50 01 	call	0x2a0	; 0x2a0 <LCD_WriteText>
    1b0c:	80 91 d6 05 	lds	r24, 0x05D6
    1b10:	90 91 d7 05 	lds	r25, 0x05D7
    1b14:	00 97       	sbiw	r24, 0x00	; 0
    1b16:	19 f0       	breq	.+6      	; 0x1b1e <setting_information+0xd4>
    1b18:	83 30       	cpi	r24, 0x03	; 3
    1b1a:	91 05       	cpc	r25, r1
    1b1c:	31 f5       	brne	.+76     	; 0x1b6a <setting_information+0x120>
    1b1e:	80 91 f4 05 	lds	r24, 0x05F4
    1b22:	84 30       	cpi	r24, 0x04	; 4
    1b24:	19 f4       	brne	.+6      	; 0x1b2c <setting_information+0xe2>
    1b26:	83 e4       	ldi	r24, 0x43	; 67
    1b28:	92 e0       	ldi	r25, 0x02	; 2
    1b2a:	04 c0       	rjmp	.+8      	; 0x1b34 <setting_information+0xea>
    1b2c:	85 30       	cpi	r24, 0x05	; 5
    1b2e:	21 f4       	brne	.+8      	; 0x1b38 <setting_information+0xee>
    1b30:	89 e4       	ldi	r24, 0x49	; 73
    1b32:	92 e0       	ldi	r25, 0x02	; 2
    1b34:	0e 94 50 01 	call	0x2a0	; 0x2a0 <LCD_WriteText>
    1b38:	80 91 d6 05 	lds	r24, 0x05D6
    1b3c:	90 91 d7 05 	lds	r25, 0x05D7
    1b40:	89 2b       	or	r24, r25
    1b42:	09 f0       	breq	.+2      	; 0x1b46 <setting_information+0xfc>
    1b44:	57 c0       	rjmp	.+174    	; 0x1bf4 <setting_information+0x1aa>
    1b46:	80 91 f4 05 	lds	r24, 0x05F4
    1b4a:	86 30       	cpi	r24, 0x06	; 6
    1b4c:	19 f4       	brne	.+6      	; 0x1b54 <setting_information+0x10a>
    1b4e:	81 e5       	ldi	r24, 0x51	; 81
    1b50:	92 e0       	ldi	r25, 0x02	; 2
    1b52:	c4 cf       	rjmp	.-120    	; 0x1adc <setting_information+0x92>
    1b54:	87 30       	cpi	r24, 0x07	; 7
    1b56:	19 f4       	brne	.+6      	; 0x1b5e <setting_information+0x114>
    1b58:	85 e5       	ldi	r24, 0x55	; 85
    1b5a:	92 e0       	ldi	r25, 0x02	; 2
    1b5c:	bf cf       	rjmp	.-130    	; 0x1adc <setting_information+0x92>
    1b5e:	88 30       	cpi	r24, 0x08	; 8
    1b60:	09 f0       	breq	.+2      	; 0x1b64 <setting_information+0x11a>
    1b62:	48 c0       	rjmp	.+144    	; 0x1bf4 <setting_information+0x1aa>
    1b64:	84 e6       	ldi	r24, 0x64	; 100
    1b66:	92 e0       	ldi	r25, 0x02	; 2
    1b68:	b9 cf       	rjmp	.-142    	; 0x1adc <setting_information+0x92>
    1b6a:	02 97       	sbiw	r24, 0x02	; 2
    1b6c:	09 f0       	breq	.+2      	; 0x1b70 <setting_information+0x126>
    1b6e:	42 c0       	rjmp	.+132    	; 0x1bf4 <setting_information+0x1aa>
    1b70:	80 91 f4 05 	lds	r24, 0x05F4
    1b74:	84 30       	cpi	r24, 0x04	; 4
    1b76:	19 f4       	brne	.+6      	; 0x1b7e <setting_information+0x134>
    1b78:	8a e6       	ldi	r24, 0x6A	; 106
    1b7a:	92 e0       	ldi	r25, 0x02	; 2
    1b7c:	af cf       	rjmp	.-162    	; 0x1adc <setting_information+0x92>
    1b7e:	85 30       	cpi	r24, 0x05	; 5
    1b80:	19 f4       	brne	.+6      	; 0x1b88 <setting_information+0x13e>
    1b82:	87 e7       	ldi	r24, 0x77	; 119
    1b84:	92 e0       	ldi	r25, 0x02	; 2
    1b86:	aa cf       	rjmp	.-172    	; 0x1adc <setting_information+0x92>
    1b88:	86 30       	cpi	r24, 0x06	; 6
    1b8a:	19 f4       	brne	.+6      	; 0x1b92 <setting_information+0x148>
    1b8c:	8e e7       	ldi	r24, 0x7E	; 126
    1b8e:	92 e0       	ldi	r25, 0x02	; 2
    1b90:	a5 cf       	rjmp	.-182    	; 0x1adc <setting_information+0x92>
    1b92:	87 30       	cpi	r24, 0x07	; 7
    1b94:	19 f4       	brne	.+6      	; 0x1b9c <setting_information+0x152>
    1b96:	84 e8       	ldi	r24, 0x84	; 132
    1b98:	92 e0       	ldi	r25, 0x02	; 2
    1b9a:	a0 cf       	rjmp	.-192    	; 0x1adc <setting_information+0x92>
    1b9c:	88 30       	cpi	r24, 0x08	; 8
    1b9e:	19 f4       	brne	.+6      	; 0x1ba6 <setting_information+0x15c>
    1ba0:	8d e8       	ldi	r24, 0x8D	; 141
    1ba2:	92 e0       	ldi	r25, 0x02	; 2
    1ba4:	9b cf       	rjmp	.-202    	; 0x1adc <setting_information+0x92>
    1ba6:	89 30       	cpi	r24, 0x09	; 9
    1ba8:	19 f4       	brne	.+6      	; 0x1bb0 <setting_information+0x166>
    1baa:	84 e9       	ldi	r24, 0x94	; 148
    1bac:	92 e0       	ldi	r25, 0x02	; 2
    1bae:	96 cf       	rjmp	.-212    	; 0x1adc <setting_information+0x92>
    1bb0:	8a 30       	cpi	r24, 0x0A	; 10
    1bb2:	01 f5       	brne	.+64     	; 0x1bf4 <setting_information+0x1aa>
    1bb4:	8b e9       	ldi	r24, 0x9B	; 155
    1bb6:	92 e0       	ldi	r25, 0x02	; 2
    1bb8:	91 cf       	rjmp	.-222    	; 0x1adc <setting_information+0x92>
    1bba:	81 30       	cpi	r24, 0x01	; 1
    1bbc:	d9 f4       	brne	.+54     	; 0x1bf4 <setting_information+0x1aa>
    1bbe:	0e 94 f6 0c 	call	0x19ec	; 0x19ec <end_of_settings>
    1bc2:	90 e0       	ldi	r25, 0x00	; 0
    1bc4:	2c 2f       	mov	r18, r28
    1bc6:	33 27       	eor	r19, r19
    1bc8:	27 fd       	sbrc	r18, 7
    1bca:	30 95       	com	r19
    1bcc:	28 17       	cp	r18, r24
    1bce:	39 07       	cpc	r19, r25
    1bd0:	71 f4       	brne	.+28     	; 0x1bee <setting_information+0x1a4>
    1bd2:	80 91 d6 05 	lds	r24, 0x05D6
    1bd6:	90 91 d7 05 	lds	r25, 0x05D7
    1bda:	00 97       	sbiw	r24, 0x00	; 0
    1bdc:	19 f4       	brne	.+6      	; 0x1be4 <setting_information+0x19a>
    1bde:	85 ea       	ldi	r24, 0xA5	; 165
    1be0:	92 e0       	ldi	r25, 0x02	; 2
    1be2:	7c cf       	rjmp	.-264    	; 0x1adc <setting_information+0x92>
    1be4:	01 97       	sbiw	r24, 0x01	; 1
    1be6:	31 f4       	brne	.+12     	; 0x1bf4 <setting_information+0x1aa>
    1be8:	85 eb       	ldi	r24, 0xB5	; 181
    1bea:	92 e0       	ldi	r25, 0x02	; 2
    1bec:	77 cf       	rjmp	.-274    	; 0x1adc <setting_information+0x92>
    1bee:	cc 23       	and	r28, r28
    1bf0:	09 f4       	brne	.+2      	; 0x1bf4 <setting_information+0x1aa>
    1bf2:	b8 cf       	rjmp	.-144    	; 0x1b64 <setting_information+0x11a>
    1bf4:	80 e9       	ldi	r24, 0x90	; 144
    1bf6:	91 e0       	ldi	r25, 0x01	; 1
    1bf8:	0e 94 49 00 	call	0x92	; 0x92 <delay_ms_var>
    1bfc:	0e 94 e1 03 	call	0x7c2	; 0x7c2 <pilot_reset>
    1c00:	81 e0       	ldi	r24, 0x01	; 1
    1c02:	80 93 a7 05 	sts	0x05A7, r24
    1c06:	df 91       	pop	r29
    1c08:	cf 91       	pop	r28
    1c0a:	08 95       	ret

00001c0c <show_setting_alarm_case>:
    1c0c:	81 11       	cpse	r24, r1
    1c0e:	03 c0       	rjmp	.+6      	; 0x1c16 <show_setting_alarm_case+0xa>
    1c10:	84 ec       	ldi	r24, 0xC4	; 196
    1c12:	92 e0       	ldi	r25, 0x02	; 2
    1c14:	04 c0       	rjmp	.+8      	; 0x1c1e <show_setting_alarm_case+0x12>
    1c16:	81 30       	cpi	r24, 0x01	; 1
    1c18:	21 f4       	brne	.+8      	; 0x1c22 <show_setting_alarm_case+0x16>
    1c1a:	80 ed       	ldi	r24, 0xD0	; 208
    1c1c:	92 e0       	ldi	r25, 0x02	; 2
    1c1e:	0c 94 50 01 	jmp	0x2a0	; 0x2a0 <LCD_WriteText>
    1c22:	08 95       	ret

00001c24 <show_alarm_flag_options>:
    1c24:	81 11       	cpse	r24, r1
    1c26:	03 c0       	rjmp	.+6      	; 0x1c2e <show_alarm_flag_options+0xa>
    1c28:	81 ee       	ldi	r24, 0xE1	; 225
    1c2a:	92 e0       	ldi	r25, 0x02	; 2
    1c2c:	04 c0       	rjmp	.+8      	; 0x1c36 <show_alarm_flag_options+0x12>
    1c2e:	81 30       	cpi	r24, 0x01	; 1
    1c30:	21 f4       	brne	.+8      	; 0x1c3a <show_alarm_flag_options+0x16>
    1c32:	82 ef       	ldi	r24, 0xF2	; 242
    1c34:	92 e0       	ldi	r25, 0x02	; 2
    1c36:	0c 94 50 01 	jmp	0x2a0	; 0x2a0 <LCD_WriteText>
    1c3a:	08 95       	ret

00001c3c <show_timer_flag_options>:
    1c3c:	81 11       	cpse	r24, r1
    1c3e:	03 c0       	rjmp	.+6      	; 0x1c46 <show_timer_flag_options+0xa>
    1c40:	82 e0       	ldi	r24, 0x02	; 2
    1c42:	93 e0       	ldi	r25, 0x03	; 3
    1c44:	04 c0       	rjmp	.+8      	; 0x1c4e <show_timer_flag_options+0x12>
    1c46:	81 30       	cpi	r24, 0x01	; 1
    1c48:	21 f4       	brne	.+8      	; 0x1c52 <show_timer_flag_options+0x16>
    1c4a:	81 e1       	ldi	r24, 0x11	; 17
    1c4c:	93 e0       	ldi	r25, 0x03	; 3
    1c4e:	0c 94 50 01 	jmp	0x2a0	; 0x2a0 <LCD_WriteText>
    1c52:	08 95       	ret

00001c54 <show_clock_options>:
    1c54:	81 11       	cpse	r24, r1
    1c56:	03 c0       	rjmp	.+6      	; 0x1c5e <show_clock_options+0xa>
    1c58:	8f e1       	ldi	r24, 0x1F	; 31
    1c5a:	93 e0       	ldi	r25, 0x03	; 3
    1c5c:	04 c0       	rjmp	.+8      	; 0x1c66 <show_clock_options+0x12>
    1c5e:	81 30       	cpi	r24, 0x01	; 1
    1c60:	21 f4       	brne	.+8      	; 0x1c6a <show_clock_options+0x16>
    1c62:	8d e2       	ldi	r24, 0x2D	; 45
    1c64:	93 e0       	ldi	r25, 0x03	; 3
    1c66:	0c 94 50 01 	jmp	0x2a0	; 0x2a0 <LCD_WriteText>
    1c6a:	08 95       	ret

00001c6c <show_timer_mode_options>:
    1c6c:	81 11       	cpse	r24, r1
    1c6e:	03 c0       	rjmp	.+6      	; 0x1c76 <show_timer_mode_options+0xa>
    1c70:	8a e3       	ldi	r24, 0x3A	; 58
    1c72:	93 e0       	ldi	r25, 0x03	; 3
    1c74:	1d c0       	rjmp	.+58     	; 0x1cb0 <show_timer_mode_options+0x44>
    1c76:	81 30       	cpi	r24, 0x01	; 1
    1c78:	19 f4       	brne	.+6      	; 0x1c80 <show_timer_mode_options+0x14>
    1c7a:	85 e4       	ldi	r24, 0x45	; 69
    1c7c:	93 e0       	ldi	r25, 0x03	; 3
    1c7e:	18 c0       	rjmp	.+48     	; 0x1cb0 <show_timer_mode_options+0x44>
    1c80:	82 30       	cpi	r24, 0x02	; 2
    1c82:	19 f4       	brne	.+6      	; 0x1c8a <show_timer_mode_options+0x1e>
    1c84:	85 e5       	ldi	r24, 0x55	; 85
    1c86:	93 e0       	ldi	r25, 0x03	; 3
    1c88:	13 c0       	rjmp	.+38     	; 0x1cb0 <show_timer_mode_options+0x44>
    1c8a:	83 30       	cpi	r24, 0x03	; 3
    1c8c:	19 f4       	brne	.+6      	; 0x1c94 <show_timer_mode_options+0x28>
    1c8e:	82 e6       	ldi	r24, 0x62	; 98
    1c90:	93 e0       	ldi	r25, 0x03	; 3
    1c92:	0e c0       	rjmp	.+28     	; 0x1cb0 <show_timer_mode_options+0x44>
    1c94:	84 30       	cpi	r24, 0x04	; 4
    1c96:	19 f4       	brne	.+6      	; 0x1c9e <show_timer_mode_options+0x32>
    1c98:	8e e6       	ldi	r24, 0x6E	; 110
    1c9a:	93 e0       	ldi	r25, 0x03	; 3
    1c9c:	09 c0       	rjmp	.+18     	; 0x1cb0 <show_timer_mode_options+0x44>
    1c9e:	85 30       	cpi	r24, 0x05	; 5
    1ca0:	19 f4       	brne	.+6      	; 0x1ca8 <show_timer_mode_options+0x3c>
    1ca2:	8b e7       	ldi	r24, 0x7B	; 123
    1ca4:	93 e0       	ldi	r25, 0x03	; 3
    1ca6:	04 c0       	rjmp	.+8      	; 0x1cb0 <show_timer_mode_options+0x44>
    1ca8:	86 30       	cpi	r24, 0x06	; 6
    1caa:	21 f4       	brne	.+8      	; 0x1cb4 <show_timer_mode_options+0x48>
    1cac:	85 e8       	ldi	r24, 0x85	; 133
    1cae:	93 e0       	ldi	r25, 0x03	; 3
    1cb0:	0c 94 50 01 	jmp	0x2a0	; 0x2a0 <LCD_WriteText>
    1cb4:	08 95       	ret

00001cb6 <show_alarm_interrupt_options>:
    1cb6:	81 11       	cpse	r24, r1
    1cb8:	03 c0       	rjmp	.+6      	; 0x1cc0 <show_alarm_interrupt_options+0xa>
    1cba:	80 e9       	ldi	r24, 0x90	; 144
    1cbc:	93 e0       	ldi	r25, 0x03	; 3
    1cbe:	04 c0       	rjmp	.+8      	; 0x1cc8 <show_alarm_interrupt_options+0x12>
    1cc0:	81 30       	cpi	r24, 0x01	; 1
    1cc2:	21 f4       	brne	.+8      	; 0x1ccc <show_alarm_interrupt_options+0x16>
    1cc4:	8f e9       	ldi	r24, 0x9F	; 159
    1cc6:	93 e0       	ldi	r25, 0x03	; 3
    1cc8:	0c 94 50 01 	jmp	0x2a0	; 0x2a0 <LCD_WriteText>
    1ccc:	08 95       	ret

00001cce <show_timer_interrupt_options>:
    1cce:	81 11       	cpse	r24, r1
    1cd0:	03 c0       	rjmp	.+6      	; 0x1cd8 <show_timer_interrupt_options+0xa>
    1cd2:	8d ea       	ldi	r24, 0xAD	; 173
    1cd4:	93 e0       	ldi	r25, 0x03	; 3
    1cd6:	04 c0       	rjmp	.+8      	; 0x1ce0 <show_timer_interrupt_options+0x12>
    1cd8:	81 30       	cpi	r24, 0x01	; 1
    1cda:	21 f4       	brne	.+8      	; 0x1ce4 <show_timer_interrupt_options+0x16>
    1cdc:	8c eb       	ldi	r24, 0xBC	; 188
    1cde:	93 e0       	ldi	r25, 0x03	; 3
    1ce0:	0c 94 50 01 	jmp	0x2a0	; 0x2a0 <LCD_WriteText>
    1ce4:	08 95       	ret

00001ce6 <show_setting_flags_case>:
    1ce6:	81 11       	cpse	r24, r1
    1ce8:	03 c0       	rjmp	.+6      	; 0x1cf0 <show_setting_flags_case+0xa>
    1cea:	8a ec       	ldi	r24, 0xCA	; 202
    1cec:	93 e0       	ldi	r25, 0x03	; 3
    1cee:	18 c0       	rjmp	.+48     	; 0x1d20 <show_setting_flags_case+0x3a>
    1cf0:	81 30       	cpi	r24, 0x01	; 1
    1cf2:	19 f4       	brne	.+6      	; 0x1cfa <show_setting_flags_case+0x14>
    1cf4:	87 ed       	ldi	r24, 0xD7	; 215
    1cf6:	93 e0       	ldi	r25, 0x03	; 3
    1cf8:	13 c0       	rjmp	.+38     	; 0x1d20 <show_setting_flags_case+0x3a>
    1cfa:	82 30       	cpi	r24, 0x02	; 2
    1cfc:	19 f4       	brne	.+6      	; 0x1d04 <show_setting_flags_case+0x1e>
    1cfe:	84 ee       	ldi	r24, 0xE4	; 228
    1d00:	93 e0       	ldi	r25, 0x03	; 3
    1d02:	0e c0       	rjmp	.+28     	; 0x1d20 <show_setting_flags_case+0x3a>
    1d04:	83 30       	cpi	r24, 0x03	; 3
    1d06:	19 f4       	brne	.+6      	; 0x1d0e <show_setting_flags_case+0x28>
    1d08:	8e ee       	ldi	r24, 0xEE	; 238
    1d0a:	93 e0       	ldi	r25, 0x03	; 3
    1d0c:	09 c0       	rjmp	.+18     	; 0x1d20 <show_setting_flags_case+0x3a>
    1d0e:	84 30       	cpi	r24, 0x04	; 4
    1d10:	19 f4       	brne	.+6      	; 0x1d18 <show_setting_flags_case+0x32>
    1d12:	8b ef       	ldi	r24, 0xFB	; 251
    1d14:	93 e0       	ldi	r25, 0x03	; 3
    1d16:	04 c0       	rjmp	.+8      	; 0x1d20 <show_setting_flags_case+0x3a>
    1d18:	85 30       	cpi	r24, 0x05	; 5
    1d1a:	21 f4       	brne	.+8      	; 0x1d24 <show_setting_flags_case+0x3e>
    1d1c:	8a e0       	ldi	r24, 0x0A	; 10
    1d1e:	94 e0       	ldi	r25, 0x04	; 4
    1d20:	0c 94 50 01 	jmp	0x2a0	; 0x2a0 <LCD_WriteText>
    1d24:	08 95       	ret

00001d26 <show_timer_options>:
    1d26:	81 11       	cpse	r24, r1
    1d28:	03 c0       	rjmp	.+6      	; 0x1d30 <show_timer_options+0xa>
    1d2a:	89 e1       	ldi	r24, 0x19	; 25
    1d2c:	94 e0       	ldi	r25, 0x04	; 4
    1d2e:	04 c0       	rjmp	.+8      	; 0x1d38 <show_timer_options+0x12>
    1d30:	81 30       	cpi	r24, 0x01	; 1
    1d32:	21 f4       	brne	.+8      	; 0x1d3c <show_timer_options+0x16>
    1d34:	88 e2       	ldi	r24, 0x28	; 40
    1d36:	94 e0       	ldi	r25, 0x04	; 4
    1d38:	0c 94 50 01 	jmp	0x2a0	; 0x2a0 <LCD_WriteText>
    1d3c:	08 95       	ret

00001d3e <show_alarm_options>:
    1d3e:	81 11       	cpse	r24, r1
    1d40:	03 c0       	rjmp	.+6      	; 0x1d48 <show_alarm_options+0xa>
    1d42:	86 e3       	ldi	r24, 0x36	; 54
    1d44:	94 e0       	ldi	r25, 0x04	; 4
    1d46:	0e c0       	rjmp	.+28     	; 0x1d64 <show_alarm_options+0x26>
    1d48:	81 30       	cpi	r24, 0x01	; 1
    1d4a:	19 f4       	brne	.+6      	; 0x1d52 <show_alarm_options+0x14>
    1d4c:	86 e4       	ldi	r24, 0x46	; 70
    1d4e:	94 e0       	ldi	r25, 0x04	; 4
    1d50:	09 c0       	rjmp	.+18     	; 0x1d64 <show_alarm_options+0x26>
    1d52:	82 30       	cpi	r24, 0x02	; 2
    1d54:	19 f4       	brne	.+6      	; 0x1d5c <show_alarm_options+0x1e>
    1d56:	86 e5       	ldi	r24, 0x56	; 86
    1d58:	94 e0       	ldi	r25, 0x04	; 4
    1d5a:	04 c0       	rjmp	.+8      	; 0x1d64 <show_alarm_options+0x26>
    1d5c:	83 30       	cpi	r24, 0x03	; 3
    1d5e:	21 f4       	brne	.+8      	; 0x1d68 <show_alarm_options+0x2a>
    1d60:	87 e6       	ldi	r24, 0x67	; 103
    1d62:	94 e0       	ldi	r25, 0x04	; 4
    1d64:	0c 94 50 01 	jmp	0x2a0	; 0x2a0 <LCD_WriteText>
    1d68:	08 95       	ret

00001d6a <correction_of_time>:
    1d6a:	80 91 db 05 	lds	r24, 0x05DB
    1d6e:	87 ff       	sbrs	r24, 7
    1d70:	04 c0       	rjmp	.+8      	; 0x1d7a <correction_of_time+0x10>
    1d72:	87 e1       	ldi	r24, 0x17	; 23
    1d74:	80 93 db 05 	sts	0x05DB, r24
    1d78:	04 c0       	rjmp	.+8      	; 0x1d82 <correction_of_time+0x18>
    1d7a:	88 31       	cpi	r24, 0x18	; 24
    1d7c:	14 f0       	brlt	.+4      	; 0x1d82 <correction_of_time+0x18>
    1d7e:	10 92 db 05 	sts	0x05DB, r1
    1d82:	80 91 dc 05 	lds	r24, 0x05DC
    1d86:	87 ff       	sbrs	r24, 7
    1d88:	04 c0       	rjmp	.+8      	; 0x1d92 <correction_of_time+0x28>
    1d8a:	8b e3       	ldi	r24, 0x3B	; 59
    1d8c:	80 93 dc 05 	sts	0x05DC, r24
    1d90:	04 c0       	rjmp	.+8      	; 0x1d9a <correction_of_time+0x30>
    1d92:	8c 33       	cpi	r24, 0x3C	; 60
    1d94:	14 f0       	brlt	.+4      	; 0x1d9a <correction_of_time+0x30>
    1d96:	10 92 dc 05 	sts	0x05DC, r1
    1d9a:	80 91 eb 05 	lds	r24, 0x05EB
    1d9e:	87 ff       	sbrs	r24, 7
    1da0:	04 c0       	rjmp	.+8      	; 0x1daa <correction_of_time+0x40>
    1da2:	8b e3       	ldi	r24, 0x3B	; 59
    1da4:	80 93 eb 05 	sts	0x05EB, r24
    1da8:	04 c0       	rjmp	.+8      	; 0x1db2 <correction_of_time+0x48>
    1daa:	8c 33       	cpi	r24, 0x3C	; 60
    1dac:	14 f0       	brlt	.+4      	; 0x1db2 <correction_of_time+0x48>
    1dae:	10 92 eb 05 	sts	0x05EB, r1
    1db2:	80 91 da 05 	lds	r24, 0x05DA
    1db6:	87 ff       	sbrs	r24, 7
    1db8:	04 c0       	rjmp	.+8      	; 0x1dc2 <correction_of_time+0x58>
    1dba:	83 e6       	ldi	r24, 0x63	; 99
    1dbc:	80 93 da 05 	sts	0x05DA, r24
    1dc0:	08 95       	ret
    1dc2:	84 36       	cpi	r24, 0x64	; 100
    1dc4:	14 f0       	brlt	.+4      	; 0x1dca <correction_of_time+0x60>
    1dc6:	10 92 da 05 	sts	0x05DA, r1
    1dca:	08 95       	ret

00001dcc <correction_of_date>:
    1dcc:	80 91 dd 05 	lds	r24, 0x05DD
    1dd0:	18 16       	cp	r1, r24
    1dd2:	44 f0       	brlt	.+16     	; 0x1de4 <correction_of_date+0x18>
    1dd4:	80 91 d6 05 	lds	r24, 0x05D6
    1dd8:	90 91 d7 05 	lds	r25, 0x05D7
    1ddc:	02 97       	sbiw	r24, 0x02	; 2
    1dde:	69 f0       	breq	.+26     	; 0x1dfa <correction_of_date+0x2e>
    1de0:	8c e0       	ldi	r24, 0x0C	; 12
    1de2:	09 c0       	rjmp	.+18     	; 0x1df6 <correction_of_date+0x2a>
    1de4:	8d 30       	cpi	r24, 0x0D	; 13
    1de6:	4c f0       	brlt	.+18     	; 0x1dfa <correction_of_date+0x2e>
    1de8:	80 91 d6 05 	lds	r24, 0x05D6
    1dec:	90 91 d7 05 	lds	r25, 0x05D7
    1df0:	02 97       	sbiw	r24, 0x02	; 2
    1df2:	19 f0       	breq	.+6      	; 0x1dfa <correction_of_date+0x2e>
    1df4:	81 e0       	ldi	r24, 0x01	; 1
    1df6:	80 93 dd 05 	sts	0x05DD, r24
    1dfa:	20 91 dd 05 	lds	r18, 0x05DD
    1dfe:	32 2f       	mov	r19, r18
    1e00:	3d 7f       	andi	r19, 0xFD	; 253
    1e02:	80 91 ec 05 	lds	r24, 0x05EC
    1e06:	90 91 ed 05 	lds	r25, 0x05ED
    1e0a:	31 30       	cpi	r19, 0x01	; 1
    1e0c:	e9 f0       	breq	.+58     	; 0x1e48 <correction_of_date+0x7c>
    1e0e:	25 30       	cpi	r18, 0x05	; 5
    1e10:	d9 f0       	breq	.+54     	; 0x1e48 <correction_of_date+0x7c>
    1e12:	49 ef       	ldi	r20, 0xF9	; 249
    1e14:	42 0f       	add	r20, r18
    1e16:	42 30       	cpi	r20, 0x02	; 2
    1e18:	b8 f0       	brcs	.+46     	; 0x1e48 <correction_of_date+0x7c>
    1e1a:	2a 30       	cpi	r18, 0x0A	; 10
    1e1c:	a9 f0       	breq	.+42     	; 0x1e48 <correction_of_date+0x7c>
    1e1e:	2c 30       	cpi	r18, 0x0C	; 12
    1e20:	99 f0       	breq	.+38     	; 0x1e48 <correction_of_date+0x7c>
    1e22:	34 30       	cpi	r19, 0x04	; 4
    1e24:	99 f0       	breq	.+38     	; 0x1e4c <correction_of_date+0x80>
    1e26:	39 30       	cpi	r19, 0x09	; 9
    1e28:	89 f0       	breq	.+34     	; 0x1e4c <correction_of_date+0x80>
    1e2a:	22 30       	cpi	r18, 0x02	; 2
    1e2c:	89 f4       	brne	.+34     	; 0x1e50 <correction_of_date+0x84>
    1e2e:	9c 01       	movw	r18, r24
    1e30:	23 70       	andi	r18, 0x03	; 3
    1e32:	33 27       	eor	r19, r19
    1e34:	23 2b       	or	r18, r19
    1e36:	61 f0       	breq	.+24     	; 0x1e50 <correction_of_date+0x84>
    1e38:	20 91 d6 05 	lds	r18, 0x05D6
    1e3c:	30 91 d7 05 	lds	r19, 0x05D7
    1e40:	23 2b       	or	r18, r19
    1e42:	31 f4       	brne	.+12     	; 0x1e50 <correction_of_date+0x84>
    1e44:	2c e1       	ldi	r18, 0x1C	; 28
    1e46:	05 c0       	rjmp	.+10     	; 0x1e52 <correction_of_date+0x86>
    1e48:	2f e1       	ldi	r18, 0x1F	; 31
    1e4a:	03 c0       	rjmp	.+6      	; 0x1e52 <correction_of_date+0x86>
    1e4c:	2e e1       	ldi	r18, 0x1E	; 30
    1e4e:	01 c0       	rjmp	.+2      	; 0x1e52 <correction_of_date+0x86>
    1e50:	2d e1       	ldi	r18, 0x1D	; 29
    1e52:	40 91 fa 05 	lds	r20, 0x05FA
    1e56:	14 16       	cp	r1, r20
    1e58:	44 f4       	brge	.+16     	; 0x1e6a <correction_of_date+0x9e>
    1e5a:	55 27       	eor	r21, r21
    1e5c:	47 fd       	sbrc	r20, 7
    1e5e:	50 95       	com	r21
    1e60:	30 e0       	ldi	r19, 0x00	; 0
    1e62:	24 17       	cp	r18, r20
    1e64:	35 07       	cpc	r19, r21
    1e66:	1c f4       	brge	.+6      	; 0x1e6e <correction_of_date+0xa2>
    1e68:	21 e0       	ldi	r18, 0x01	; 1
    1e6a:	20 93 fa 05 	sts	0x05FA, r18
    1e6e:	89 31       	cpi	r24, 0x19	; 25
    1e70:	2c ef       	ldi	r18, 0xFC	; 252
    1e72:	92 07       	cpc	r25, r18
    1e74:	1c f4       	brge	.+6      	; 0x1e7c <correction_of_date+0xb0>
    1e76:	8f e0       	ldi	r24, 0x0F	; 15
    1e78:	97 e2       	ldi	r25, 0x27	; 39
    1e7a:	05 c0       	rjmp	.+10     	; 0x1e86 <correction_of_date+0xba>
    1e7c:	80 31       	cpi	r24, 0x10	; 16
    1e7e:	97 42       	sbci	r25, 0x27	; 39
    1e80:	34 f0       	brlt	.+12     	; 0x1e8e <correction_of_date+0xc2>
    1e82:	89 e1       	ldi	r24, 0x19	; 25
    1e84:	9c ef       	ldi	r25, 0xFC	; 252
    1e86:	90 93 ed 05 	sts	0x05ED, r25
    1e8a:	80 93 ec 05 	sts	0x05EC, r24
    1e8e:	80 91 ee 05 	lds	r24, 0x05EE
    1e92:	87 ff       	sbrs	r24, 7
    1e94:	04 c0       	rjmp	.+8      	; 0x1e9e <correction_of_date+0xd2>
    1e96:	86 e0       	ldi	r24, 0x06	; 6
    1e98:	80 93 ee 05 	sts	0x05EE, r24
    1e9c:	04 c0       	rjmp	.+8      	; 0x1ea6 <correction_of_date+0xda>
    1e9e:	87 30       	cpi	r24, 0x07	; 7
    1ea0:	14 f0       	brlt	.+4      	; 0x1ea6 <correction_of_date+0xda>
    1ea2:	10 92 ee 05 	sts	0x05EE, r1
    1ea6:	80 91 bb 05 	lds	r24, 0x05BB
    1eaa:	87 ff       	sbrs	r24, 7
    1eac:	04 c0       	rjmp	.+8      	; 0x1eb6 <correction_of_date+0xea>
    1eae:	83 e6       	ldi	r24, 0x63	; 99
    1eb0:	80 93 bb 05 	sts	0x05BB, r24
    1eb4:	08 95       	ret
    1eb6:	84 36       	cpi	r24, 0x64	; 100
    1eb8:	14 f0       	brlt	.+4      	; 0x1ebe <correction_of_date+0xf2>
    1eba:	10 92 bb 05 	sts	0x05BB, r1
    1ebe:	08 95       	ret

00001ec0 <show_frame>:
    1ec0:	1f 93       	push	r17
    1ec2:	cf 93       	push	r28
    1ec4:	df 93       	push	r29
    1ec6:	0e 94 b8 01 	call	0x370	; 0x370 <LCD_Int>
    1eca:	83 ee       	ldi	r24, 0xE3	; 227
    1ecc:	94 e0       	ldi	r25, 0x04	; 4
    1ece:	0e 94 50 01 	call	0x2a0	; 0x2a0 <LCD_WriteText>
    1ed2:	80 91 e5 05 	lds	r24, 0x05E5
    1ed6:	90 91 e6 05 	lds	r25, 0x05E6
    1eda:	0e 94 b8 01 	call	0x370	; 0x370 <LCD_Int>
    1ede:	8c ee       	ldi	r24, 0xEC	; 236
    1ee0:	91 e0       	ldi	r25, 0x01	; 1
    1ee2:	0e 94 50 01 	call	0x2a0	; 0x2a0 <LCD_WriteText>
    1ee6:	80 91 e4 05 	lds	r24, 0x05E4
    1eea:	8a 30       	cpi	r24, 0x0A	; 10
    1eec:	20 f4       	brcc	.+8      	; 0x1ef6 <show_frame+0x36>
    1eee:	80 e0       	ldi	r24, 0x00	; 0
    1ef0:	90 e0       	ldi	r25, 0x00	; 0
    1ef2:	0e 94 b8 01 	call	0x370	; 0x370 <LCD_Int>
    1ef6:	80 91 e4 05 	lds	r24, 0x05E4
    1efa:	90 e0       	ldi	r25, 0x00	; 0
    1efc:	0e 94 b8 01 	call	0x370	; 0x370 <LCD_Int>
    1f00:	8c ee       	ldi	r24, 0xEC	; 236
    1f02:	91 e0       	ldi	r25, 0x01	; 1
    1f04:	0e 94 50 01 	call	0x2a0	; 0x2a0 <LCD_WriteText>
    1f08:	80 91 e3 05 	lds	r24, 0x05E3
    1f0c:	8a 30       	cpi	r24, 0x0A	; 10
    1f0e:	20 f4       	brcc	.+8      	; 0x1f18 <show_frame+0x58>
    1f10:	80 e0       	ldi	r24, 0x00	; 0
    1f12:	90 e0       	ldi	r25, 0x00	; 0
    1f14:	0e 94 b8 01 	call	0x370	; 0x370 <LCD_Int>
    1f18:	80 91 e3 05 	lds	r24, 0x05E3
    1f1c:	90 e0       	ldi	r25, 0x00	; 0
    1f1e:	0e 94 b8 01 	call	0x370	; 0x370 <LCD_Int>
    1f22:	82 e3       	ldi	r24, 0x32	; 50
    1f24:	95 e0       	ldi	r25, 0x05	; 5
    1f26:	0e 94 50 01 	call	0x2a0	; 0x2a0 <LCD_WriteText>
    1f2a:	80 91 e2 05 	lds	r24, 0x05E2
    1f2e:	8a 30       	cpi	r24, 0x0A	; 10
    1f30:	20 f4       	brcc	.+8      	; 0x1f3a <show_frame+0x7a>
    1f32:	80 e0       	ldi	r24, 0x00	; 0
    1f34:	90 e0       	ldi	r25, 0x00	; 0
    1f36:	0e 94 b8 01 	call	0x370	; 0x370 <LCD_Int>
    1f3a:	80 91 e2 05 	lds	r24, 0x05E2
    1f3e:	90 e0       	ldi	r25, 0x00	; 0
    1f40:	0e 94 b8 01 	call	0x370	; 0x370 <LCD_Int>
    1f44:	8c ee       	ldi	r24, 0xEC	; 236
    1f46:	91 e0       	ldi	r25, 0x01	; 1
    1f48:	0e 94 50 01 	call	0x2a0	; 0x2a0 <LCD_WriteText>
    1f4c:	80 91 e1 05 	lds	r24, 0x05E1
    1f50:	8a 30       	cpi	r24, 0x0A	; 10
    1f52:	20 f4       	brcc	.+8      	; 0x1f5c <show_frame+0x9c>
    1f54:	80 e0       	ldi	r24, 0x00	; 0
    1f56:	90 e0       	ldi	r25, 0x00	; 0
    1f58:	0e 94 b8 01 	call	0x370	; 0x370 <LCD_Int>
    1f5c:	80 91 e1 05 	lds	r24, 0x05E1
    1f60:	90 e0       	ldi	r25, 0x00	; 0
    1f62:	0e 94 b8 01 	call	0x370	; 0x370 <LCD_Int>
    1f66:	8c ee       	ldi	r24, 0xEC	; 236
    1f68:	91 e0       	ldi	r25, 0x01	; 1
    1f6a:	0e 94 50 01 	call	0x2a0	; 0x2a0 <LCD_WriteText>
    1f6e:	80 91 e0 05 	lds	r24, 0x05E0
    1f72:	8a 30       	cpi	r24, 0x0A	; 10
    1f74:	20 f4       	brcc	.+8      	; 0x1f7e <show_frame+0xbe>
    1f76:	80 e0       	ldi	r24, 0x00	; 0
    1f78:	90 e0       	ldi	r25, 0x00	; 0
    1f7a:	0e 94 b8 01 	call	0x370	; 0x370 <LCD_Int>
    1f7e:	80 91 e0 05 	lds	r24, 0x05E0
    1f82:	90 e0       	ldi	r25, 0x00	; 0
    1f84:	0e 94 b8 01 	call	0x370	; 0x370 <LCD_Int>
    1f88:	82 e3       	ldi	r24, 0x32	; 50
    1f8a:	95 e0       	ldi	r25, 0x05	; 5
    1f8c:	0e 94 50 01 	call	0x2a0	; 0x2a0 <LCD_WriteText>
    1f90:	80 91 e7 05 	lds	r24, 0x05E7
    1f94:	14 e6       	ldi	r17, 0x64	; 100
    1f96:	61 2f       	mov	r22, r17
    1f98:	0e 94 01 21 	call	0x4202	; 0x4202 <__udivmodqi4>
    1f9c:	c9 2f       	mov	r28, r25
    1f9e:	d0 e0       	ldi	r29, 0x00	; 0
    1fa0:	20 97       	sbiw	r28, 0x00	; 0
    1fa2:	21 f1       	breq	.+72     	; 0x1fec <show_frame+0x12c>
    1fa4:	88 e7       	ldi	r24, 0x78	; 120
    1fa6:	94 e0       	ldi	r25, 0x04	; 4
    1fa8:	0e 94 50 01 	call	0x2a0	; 0x2a0 <LCD_WriteText>
    1fac:	ce 01       	movw	r24, r28
    1fae:	0e 94 b8 01 	call	0x370	; 0x370 <LCD_Int>
    1fb2:	82 e3       	ldi	r24, 0x32	; 50
    1fb4:	95 e0       	ldi	r25, 0x05	; 5
    1fb6:	0e 94 50 01 	call	0x2a0	; 0x2a0 <LCD_WriteText>
    1fba:	80 91 e7 05 	lds	r24, 0x05E7
    1fbe:	61 2f       	mov	r22, r17
    1fc0:	0e 94 01 21 	call	0x4202	; 0x4202 <__udivmodqi4>
    1fc4:	90 e0       	ldi	r25, 0x00	; 0
    1fc6:	90 93 ba 05 	sts	0x05BA, r25
    1fca:	80 93 b9 05 	sts	0x05B9, r24
    1fce:	81 30       	cpi	r24, 0x01	; 1
    1fd0:	91 05       	cpc	r25, r1
    1fd2:	19 f4       	brne	.+6      	; 0x1fda <show_frame+0x11a>
    1fd4:	88 eb       	ldi	r24, 0xB8	; 184
    1fd6:	90 e0       	ldi	r25, 0x00	; 0
    1fd8:	04 c0       	rjmp	.+8      	; 0x1fe2 <show_frame+0x122>
    1fda:	02 97       	sbiw	r24, 0x02	; 2
    1fdc:	39 f4       	brne	.+14     	; 0x1fec <show_frame+0x12c>
    1fde:	81 ec       	ldi	r24, 0xC1	; 193
    1fe0:	90 e0       	ldi	r25, 0x00	; 0
    1fe2:	df 91       	pop	r29
    1fe4:	cf 91       	pop	r28
    1fe6:	1f 91       	pop	r17
    1fe8:	0c 94 50 01 	jmp	0x2a0	; 0x2a0 <LCD_WriteText>
    1fec:	df 91       	pop	r29
    1fee:	cf 91       	pop	r28
    1ff0:	1f 91       	pop	r17
    1ff2:	08 95       	ret

00001ff4 <show_list_case>:
    1ff4:	cf 93       	push	r28
    1ff6:	df 93       	push	r29
    1ff8:	ec 01       	movw	r28, r24
    1ffa:	80 91 ab 05 	lds	r24, 0x05AB
    1ffe:	83 30       	cpi	r24, 0x03	; 3
    2000:	49 f4       	brne	.+18     	; 0x2014 <show_list_case+0x20>
    2002:	8c 2f       	mov	r24, r28
    2004:	0e 94 10 05 	call	0xa20	; 0xa20 <lockers_queue_read>
    2008:	ce 01       	movw	r24, r28
    200a:	01 96       	adiw	r24, 0x01	; 1
    200c:	df 91       	pop	r29
    200e:	cf 91       	pop	r28
    2010:	0c 94 60 0f 	jmp	0x1ec0	; 0x1ec0 <show_frame>
    2014:	85 30       	cpi	r24, 0x05	; 5
    2016:	f9 f4       	brne	.+62     	; 0x2056 <show_list_case+0x62>
    2018:	80 91 f4 05 	lds	r24, 0x05F4
    201c:	8e 3f       	cpi	r24, 0xFE	; 254
    201e:	29 f4       	brne	.+10     	; 0x202a <show_list_case+0x36>
    2020:	8c 2f       	mov	r24, r28
    2022:	df 91       	pop	r29
    2024:	cf 91       	pop	r28
    2026:	0c 94 06 0e 	jmp	0x1c0c	; 0x1c0c <show_setting_alarm_case>
    202a:	90 91 f2 05 	lds	r25, 0x05F2
    202e:	91 11       	cpse	r25, r1
    2030:	08 c0       	rjmp	.+16     	; 0x2042 <show_list_case+0x4e>
    2032:	8f 3f       	cpi	r24, 0xFF	; 255
    2034:	09 f0       	breq	.+2      	; 0x2038 <show_list_case+0x44>
    2036:	48 c0       	rjmp	.+144    	; 0x20c8 <show_list_case+0xd4>
    2038:	8c 2f       	mov	r24, r28
    203a:	df 91       	pop	r29
    203c:	cf 91       	pop	r28
    203e:	0c 94 9f 0e 	jmp	0x1d3e	; 0x1d3e <show_alarm_options>
    2042:	91 30       	cpi	r25, 0x01	; 1
    2044:	09 f0       	breq	.+2      	; 0x2048 <show_list_case+0x54>
    2046:	40 c0       	rjmp	.+128    	; 0x20c8 <show_list_case+0xd4>
    2048:	8f 3f       	cpi	r24, 0xFF	; 255
    204a:	f1 f5       	brne	.+124    	; 0x20c8 <show_list_case+0xd4>
    204c:	8c 2f       	mov	r24, r28
    204e:	df 91       	pop	r29
    2050:	cf 91       	pop	r28
    2052:	0c 94 93 0e 	jmp	0x1d26	; 0x1d26 <show_timer_options>
    2056:	86 30       	cpi	r24, 0x06	; 6
    2058:	b9 f5       	brne	.+110    	; 0x20c8 <show_list_case+0xd4>
    205a:	80 91 f4 05 	lds	r24, 0x05F4
    205e:	8e 3f       	cpi	r24, 0xFE	; 254
    2060:	29 f4       	brne	.+10     	; 0x206c <show_list_case+0x78>
    2062:	8c 2f       	mov	r24, r28
    2064:	df 91       	pop	r29
    2066:	cf 91       	pop	r28
    2068:	0c 94 73 0e 	jmp	0x1ce6	; 0x1ce6 <show_setting_flags_case>
    206c:	8f 3f       	cpi	r24, 0xFF	; 255
    206e:	61 f5       	brne	.+88     	; 0x20c8 <show_list_case+0xd4>
    2070:	80 91 f2 05 	lds	r24, 0x05F2
    2074:	81 11       	cpse	r24, r1
    2076:	05 c0       	rjmp	.+10     	; 0x2082 <show_list_case+0x8e>
    2078:	8c 2f       	mov	r24, r28
    207a:	df 91       	pop	r29
    207c:	cf 91       	pop	r28
    207e:	0c 94 12 0e 	jmp	0x1c24	; 0x1c24 <show_alarm_flag_options>
    2082:	81 30       	cpi	r24, 0x01	; 1
    2084:	29 f4       	brne	.+10     	; 0x2090 <show_list_case+0x9c>
    2086:	8c 2f       	mov	r24, r28
    2088:	df 91       	pop	r29
    208a:	cf 91       	pop	r28
    208c:	0c 94 1e 0e 	jmp	0x1c3c	; 0x1c3c <show_timer_flag_options>
    2090:	82 30       	cpi	r24, 0x02	; 2
    2092:	29 f4       	brne	.+10     	; 0x209e <show_list_case+0xaa>
    2094:	8c 2f       	mov	r24, r28
    2096:	df 91       	pop	r29
    2098:	cf 91       	pop	r28
    209a:	0c 94 2a 0e 	jmp	0x1c54	; 0x1c54 <show_clock_options>
    209e:	83 30       	cpi	r24, 0x03	; 3
    20a0:	29 f4       	brne	.+10     	; 0x20ac <show_list_case+0xb8>
    20a2:	8c 2f       	mov	r24, r28
    20a4:	df 91       	pop	r29
    20a6:	cf 91       	pop	r28
    20a8:	0c 94 36 0e 	jmp	0x1c6c	; 0x1c6c <show_timer_mode_options>
    20ac:	84 30       	cpi	r24, 0x04	; 4
    20ae:	29 f4       	brne	.+10     	; 0x20ba <show_list_case+0xc6>
    20b0:	8c 2f       	mov	r24, r28
    20b2:	df 91       	pop	r29
    20b4:	cf 91       	pop	r28
    20b6:	0c 94 5b 0e 	jmp	0x1cb6	; 0x1cb6 <show_alarm_interrupt_options>
    20ba:	85 30       	cpi	r24, 0x05	; 5
    20bc:	29 f4       	brne	.+10     	; 0x20c8 <show_list_case+0xd4>
    20be:	8c 2f       	mov	r24, r28
    20c0:	df 91       	pop	r29
    20c2:	cf 91       	pop	r28
    20c4:	0c 94 67 0e 	jmp	0x1cce	; 0x1cce <show_timer_interrupt_options>
    20c8:	df 91       	pop	r29
    20ca:	cf 91       	pop	r28
    20cc:	08 95       	ret

000020ce <show_list>:
    20ce:	0f 93       	push	r16
    20d0:	1f 93       	push	r17
    20d2:	cf 93       	push	r28
    20d4:	df 93       	push	r29
    20d6:	ec 01       	movw	r28, r24
    20d8:	8b 01       	movw	r16, r22
    20da:	6f 3f       	cpi	r22, 0xFF	; 255
    20dc:	8f ef       	ldi	r24, 0xFF	; 255
    20de:	78 07       	cpc	r23, r24
    20e0:	61 f4       	brne	.+24     	; 0x20fa <show_list+0x2c>
    20e2:	60 e0       	ldi	r22, 0x00	; 0
    20e4:	80 e0       	ldi	r24, 0x00	; 0
    20e6:	0e 94 5c 01 	call	0x2b8	; 0x2b8 <LCD_GoTo>
    20ea:	82 e1       	ldi	r24, 0x12	; 18
    20ec:	91 e0       	ldi	r25, 0x01	; 1
    20ee:	df 91       	pop	r29
    20f0:	cf 91       	pop	r28
    20f2:	1f 91       	pop	r17
    20f4:	0f 91       	pop	r16
    20f6:	0c 94 50 01 	jmp	0x2a0	; 0x2a0 <LCD_WriteText>
    20fa:	cf 3f       	cpi	r28, 0xFF	; 255
    20fc:	8f ef       	ldi	r24, 0xFF	; 255
    20fe:	d8 07       	cpc	r29, r24
    2100:	61 f4       	brne	.+24     	; 0x211a <show_list+0x4c>
    2102:	61 e0       	ldi	r22, 0x01	; 1
    2104:	80 e0       	ldi	r24, 0x00	; 0
    2106:	0e 94 5c 01 	call	0x2b8	; 0x2b8 <LCD_GoTo>
    210a:	ce 01       	movw	r24, r28
    210c:	01 96       	adiw	r24, 0x01	; 1
    210e:	df 91       	pop	r29
    2110:	cf 91       	pop	r28
    2112:	1f 91       	pop	r17
    2114:	0f 91       	pop	r16
    2116:	0c 94 fa 0f 	jmp	0x1ff4	; 0x1ff4 <show_list_case>
    211a:	60 e0       	ldi	r22, 0x00	; 0
    211c:	80 e0       	ldi	r24, 0x00	; 0
    211e:	0e 94 5c 01 	call	0x2b8	; 0x2b8 <LCD_GoTo>
    2122:	ce 01       	movw	r24, r28
    2124:	0e 94 fa 0f 	call	0x1ff4	; 0x1ff4 <show_list_case>
    2128:	c0 17       	cp	r28, r16
    212a:	d1 07       	cpc	r29, r17
    212c:	51 f7       	brne	.-44     	; 0x2102 <show_list+0x34>
    212e:	df 91       	pop	r29
    2130:	cf 91       	pop	r28
    2132:	1f 91       	pop	r17
    2134:	0f 91       	pop	r16
    2136:	08 95       	ret

00002138 <wysw0>:
    2138:	80 91 e9 05 	lds	r24, 0x05E9
    213c:	90 91 ea 05 	lds	r25, 0x05EA
    2140:	02 97       	sbiw	r24, 0x02	; 2
    2142:	20 f0       	brcs	.+8      	; 0x214c <wysw0+0x14>
    2144:	81 e0       	ldi	r24, 0x01	; 1
    2146:	90 e0       	ldi	r25, 0x00	; 0
    2148:	0e 94 38 09 	call	0x1270	; 0x1270 <wysw_skok>
    214c:	80 91 a6 05 	lds	r24, 0x05A6
    2150:	88 30       	cpi	r24, 0x08	; 8
    2152:	1c f0       	brlt	.+6      	; 0x215a <wysw0+0x22>
    2154:	10 92 a6 05 	sts	0x05A6, r1
    2158:	05 c0       	rjmp	.+10     	; 0x2164 <wysw0+0x2c>
    215a:	87 ff       	sbrs	r24, 7
    215c:	03 c0       	rjmp	.+6      	; 0x2164 <wysw0+0x2c>
    215e:	87 e0       	ldi	r24, 0x07	; 7
    2160:	80 93 a6 05 	sts	0x05A6, r24
    2164:	80 e0       	ldi	r24, 0x00	; 0
    2166:	90 e0       	ldi	r25, 0x00	; 0
    2168:	0e 94 40 02 	call	0x480	; 0x480 <LCD_Erase>
    216c:	60 e0       	ldi	r22, 0x00	; 0
    216e:	80 e0       	ldi	r24, 0x00	; 0
    2170:	0e 94 5c 01 	call	0x2b8	; 0x2b8 <LCD_GoTo>
    2174:	8c e7       	ldi	r24, 0x7C	; 124
    2176:	94 e0       	ldi	r25, 0x04	; 4
    2178:	0e 94 50 01 	call	0x2a0	; 0x2a0 <LCD_WriteText>
    217c:	61 e0       	ldi	r22, 0x01	; 1
    217e:	84 e0       	ldi	r24, 0x04	; 4
    2180:	0e 94 5c 01 	call	0x2b8	; 0x2b8 <LCD_GoTo>
    2184:	8d e8       	ldi	r24, 0x8D	; 141
    2186:	94 e0       	ldi	r25, 0x04	; 4
    2188:	0e 94 50 01 	call	0x2a0	; 0x2a0 <LCD_WriteText>
    218c:	80 91 a6 05 	lds	r24, 0x05A6
    2190:	99 27       	eor	r25, r25
    2192:	87 fd       	sbrc	r24, 7
    2194:	90 95       	com	r25
    2196:	0e 94 b8 01 	call	0x370	; 0x370 <LCD_Int>
    219a:	81 e9       	ldi	r24, 0x91	; 145
    219c:	94 e0       	ldi	r25, 0x04	; 4
    219e:	0c 94 50 01 	jmp	0x2a0	; 0x2a0 <LCD_WriteText>

000021a2 <wysw1>:
    21a2:	80 e0       	ldi	r24, 0x00	; 0
    21a4:	90 e0       	ldi	r25, 0x00	; 0
    21a6:	0e 94 40 02 	call	0x480	; 0x480 <LCD_Erase>
    21aa:	60 e0       	ldi	r22, 0x00	; 0
    21ac:	80 e0       	ldi	r24, 0x00	; 0
    21ae:	0e 94 5c 01 	call	0x2b8	; 0x2b8 <LCD_GoTo>
    21b2:	80 91 b2 05 	lds	r24, 0x05B2
    21b6:	90 e0       	ldi	r25, 0x00	; 0
    21b8:	0e 94 b8 01 	call	0x370	; 0x370 <LCD_Int>
    21bc:	60 e0       	ldi	r22, 0x00	; 0
    21be:	86 e0       	ldi	r24, 0x06	; 6
    21c0:	0e 94 5c 01 	call	0x2b8	; 0x2b8 <LCD_GoTo>
    21c4:	80 91 b1 05 	lds	r24, 0x05B1
    21c8:	90 e0       	ldi	r25, 0x00	; 0
    21ca:	0e 94 b8 01 	call	0x370	; 0x370 <LCD_Int>
    21ce:	61 e0       	ldi	r22, 0x01	; 1
    21d0:	80 e0       	ldi	r24, 0x00	; 0
    21d2:	0e 94 5c 01 	call	0x2b8	; 0x2b8 <LCD_GoTo>
    21d6:	80 91 b0 05 	lds	r24, 0x05B0
    21da:	90 e0       	ldi	r25, 0x00	; 0
    21dc:	0c 94 b8 01 	jmp	0x370	; 0x370 <LCD_Int>

000021e0 <wysw2>:
    21e0:	10 92 aa 05 	sts	0x05AA, r1
    21e4:	0e 94 57 1f 	call	0x3eae	; 0x3eae <PCF8583_get_wall_time>
    21e8:	80 e0       	ldi	r24, 0x00	; 0
    21ea:	90 e0       	ldi	r25, 0x00	; 0
    21ec:	0e 94 40 02 	call	0x480	; 0x480 <LCD_Erase>
    21f0:	60 e0       	ldi	r22, 0x00	; 0
    21f2:	8b e0       	ldi	r24, 0x0B	; 11
    21f4:	0e 94 5c 01 	call	0x2b8	; 0x2b8 <LCD_GoTo>
    21f8:	80 91 a9 05 	lds	r24, 0x05A9
    21fc:	81 11       	cpse	r24, r1
    21fe:	03 c0       	rjmp	.+6      	; 0x2206 <wysw2+0x26>
    2200:	80 e5       	ldi	r24, 0x50	; 80
    2202:	95 e0       	ldi	r25, 0x05	; 5
    2204:	04 c0       	rjmp	.+8      	; 0x220e <wysw2+0x2e>
    2206:	81 30       	cpi	r24, 0x01	; 1
    2208:	21 f4       	brne	.+8      	; 0x2212 <wysw2+0x32>
    220a:	86 ed       	ldi	r24, 0xD6	; 214
    220c:	91 e0       	ldi	r25, 0x01	; 1
    220e:	0e 94 50 01 	call	0x2a0	; 0x2a0 <LCD_WriteText>
    2212:	0e 94 b4 0a 	call	0x1568	; 0x1568 <show_time_format>
    2216:	80 91 f4 05 	lds	r24, 0x05F4
    221a:	81 11       	cpse	r24, r1
    221c:	03 c0       	rjmp	.+6      	; 0x2224 <wysw2+0x44>
    221e:	80 91 bd 05 	lds	r24, 0x05BD
    2222:	81 11       	cpse	r24, r1
    2224:	0e 94 2e 1f 	call	0x3e5c	; 0x3e5c <PCF8583_get_wall_alarm>
    2228:	80 91 f4 05 	lds	r24, 0x05F4
    222c:	88 23       	and	r24, r24
    222e:	f1 f0       	breq	.+60     	; 0x226c <wysw2+0x8c>
    2230:	83 e1       	ldi	r24, 0x13	; 19
    2232:	80 93 aa 05 	sts	0x05AA, r24
    2236:	60 e0       	ldi	r22, 0x00	; 0
    2238:	81 e1       	ldi	r24, 0x11	; 17
    223a:	0e 94 5c 01 	call	0x2b8	; 0x2b8 <LCD_GoTo>
    223e:	86 ed       	ldi	r24, 0xD6	; 214
    2240:	91 e0       	ldi	r25, 0x01	; 1
    2242:	0e 94 50 01 	call	0x2a0	; 0x2a0 <LCD_WriteText>
    2246:	80 91 aa 05 	lds	r24, 0x05AA
    224a:	61 e0       	ldi	r22, 0x01	; 1
    224c:	82 50       	subi	r24, 0x02	; 2
    224e:	0e 94 5c 01 	call	0x2b8	; 0x2b8 <LCD_GoTo>
    2252:	86 ed       	ldi	r24, 0xD6	; 214
    2254:	91 e0       	ldi	r25, 0x01	; 1
    2256:	0e 94 50 01 	call	0x2a0	; 0x2a0 <LCD_WriteText>
    225a:	61 e0       	ldi	r22, 0x01	; 1
    225c:	80 91 aa 05 	lds	r24, 0x05AA
    2260:	0e 94 5c 01 	call	0x2b8	; 0x2b8 <LCD_GoTo>
    2264:	80 91 f4 05 	lds	r24, 0x05F4
    2268:	0e 94 1c 0b 	call	0x1638	; 0x1638 <show_alarm_format>
    226c:	80 91 bd 05 	lds	r24, 0x05BD
    2270:	88 23       	and	r24, r24
    2272:	b9 f0       	breq	.+46     	; 0x22a2 <wysw2+0xc2>
    2274:	85 e2       	ldi	r24, 0x25	; 37
    2276:	80 93 aa 05 	sts	0x05AA, r24
    227a:	60 e0       	ldi	r22, 0x00	; 0
    227c:	83 e2       	ldi	r24, 0x23	; 35
    227e:	0e 94 5c 01 	call	0x2b8	; 0x2b8 <LCD_GoTo>
    2282:	86 ed       	ldi	r24, 0xD6	; 214
    2284:	91 e0       	ldi	r25, 0x01	; 1
    2286:	0e 94 50 01 	call	0x2a0	; 0x2a0 <LCD_WriteText>
    228a:	80 91 aa 05 	lds	r24, 0x05AA
    228e:	61 e0       	ldi	r22, 0x01	; 1
    2290:	82 50       	subi	r24, 0x02	; 2
    2292:	0e 94 5c 01 	call	0x2b8	; 0x2b8 <LCD_GoTo>
    2296:	86 ed       	ldi	r24, 0xD6	; 214
    2298:	91 e0       	ldi	r25, 0x01	; 1
    229a:	0e 94 50 01 	call	0x2a0	; 0x2a0 <LCD_WriteText>
    229e:	0e 94 08 0b 	call	0x1610	; 0x1610 <show_timer_alarm_format>
    22a2:	60 e0       	ldi	r22, 0x00	; 0
    22a4:	8c e0       	ldi	r24, 0x0C	; 12
    22a6:	0e 94 5c 01 	call	0x2b8	; 0x2b8 <LCD_GoTo>
    22aa:	60 91 b5 05 	lds	r22, 0x05B5
    22ae:	70 91 b6 05 	lds	r23, 0x05B6
    22b2:	80 91 b7 05 	lds	r24, 0x05B7
    22b6:	90 91 b8 05 	lds	r25, 0x05B8
    22ba:	41 e0       	ldi	r20, 0x01	; 1
    22bc:	0c 94 94 08 	jmp	0x1128	; 0x1128 <show_double>

000022c0 <wysw3>:
    22c0:	80 e0       	ldi	r24, 0x00	; 0
    22c2:	90 e0       	ldi	r25, 0x00	; 0
    22c4:	0e 94 40 02 	call	0x480	; 0x480 <LCD_Erase>
    22c8:	80 91 e9 05 	lds	r24, 0x05E9
    22cc:	90 91 ea 05 	lds	r25, 0x05EA
    22d0:	0b 97       	sbiw	r24, 0x0b	; 11
    22d2:	20 f0       	brcs	.+8      	; 0x22dc <wysw3+0x1c>
    22d4:	8a e0       	ldi	r24, 0x0A	; 10
    22d6:	90 e0       	ldi	r25, 0x00	; 0
    22d8:	0e 94 38 09 	call	0x1270	; 0x1270 <wysw_skok>
    22dc:	80 91 d6 05 	lds	r24, 0x05D6
    22e0:	90 91 d7 05 	lds	r25, 0x05D7
    22e4:	8f 3f       	cpi	r24, 0xFF	; 255
    22e6:	9f 4f       	sbci	r25, 0xFF	; 255
    22e8:	2c f4       	brge	.+10     	; 0x22f4 <wysw3+0x34>
    22ea:	0e 94 b7 05 	call	0xb6e	; 0xb6e <lockers_queue_number_of_records>
    22ee:	90 e0       	ldi	r25, 0x00	; 0
    22f0:	01 97       	sbiw	r24, 0x01	; 1
    22f2:	0c c0       	rjmp	.+24     	; 0x230c <wysw3+0x4c>
    22f4:	0e 94 b7 05 	call	0xb6e	; 0xb6e <lockers_queue_number_of_records>
    22f8:	90 e0       	ldi	r25, 0x00	; 0
    22fa:	20 91 d6 05 	lds	r18, 0x05D6
    22fe:	30 91 d7 05 	lds	r19, 0x05D7
    2302:	28 17       	cp	r18, r24
    2304:	39 07       	cpc	r19, r25
    2306:	34 f0       	brlt	.+12     	; 0x2314 <wysw3+0x54>
    2308:	8f ef       	ldi	r24, 0xFF	; 255
    230a:	9f ef       	ldi	r25, 0xFF	; 255
    230c:	90 93 d7 05 	sts	0x05D7, r25
    2310:	80 93 d6 05 	sts	0x05D6, r24
    2314:	0e 94 b7 05 	call	0xb6e	; 0xb6e <lockers_queue_number_of_records>
    2318:	68 2f       	mov	r22, r24
    231a:	70 e0       	ldi	r23, 0x00	; 0
    231c:	61 50       	subi	r22, 0x01	; 1
    231e:	71 09       	sbc	r23, r1
    2320:	80 91 d6 05 	lds	r24, 0x05D6
    2324:	90 91 d7 05 	lds	r25, 0x05D7
    2328:	0c 94 67 10 	jmp	0x20ce	; 0x20ce <show_list>

0000232c <wysw4>:
    232c:	8f 92       	push	r8
    232e:	af 92       	push	r10
    2330:	bf 92       	push	r11
    2332:	cf 92       	push	r12
    2334:	ef 92       	push	r14
    2336:	0f 93       	push	r16
    2338:	80 91 f4 05 	lds	r24, 0x05F4
    233c:	87 fd       	sbrc	r24, 7
    233e:	10 92 f4 05 	sts	0x05F4, r1
    2342:	0e 94 90 0c 	call	0x1920	; 0x1920 <check_step_value>
    2346:	80 91 e8 05 	lds	r24, 0x05E8
    234a:	88 23       	and	r24, r24
    234c:	21 f0       	breq	.+8      	; 0x2356 <wysw4+0x2a>
    234e:	0e 94 87 0b 	call	0x170e	; 0x170e <set_appropriate_values_of_time>
    2352:	10 92 e8 05 	sts	0x05E8, r1
    2356:	80 e0       	ldi	r24, 0x00	; 0
    2358:	90 e0       	ldi	r25, 0x00	; 0
    235a:	0e 94 40 02 	call	0x480	; 0x480 <LCD_Erase>
    235e:	0e 94 f6 0c 	call	0x19ec	; 0x19ec <end_of_settings>
    2362:	20 91 f4 05 	lds	r18, 0x05F4
    2366:	33 27       	eor	r19, r19
    2368:	27 fd       	sbrc	r18, 7
    236a:	30 95       	com	r19
    236c:	90 e0       	ldi	r25, 0x00	; 0
    236e:	28 17       	cp	r18, r24
    2370:	39 07       	cpc	r19, r25
    2372:	21 f5       	brne	.+72     	; 0x23bc <wysw4+0x90>
    2374:	a0 90 ec 05 	lds	r10, 0x05EC
    2378:	b0 90 ed 05 	lds	r11, 0x05ED
    237c:	80 91 f9 05 	lds	r24, 0x05F9
    2380:	8f 93       	push	r24
    2382:	80 90 bb 05 	lds	r8, 0x05BB
    2386:	c0 90 dd 05 	lds	r12, 0x05DD
    238a:	e0 90 ee 05 	lds	r14, 0x05EE
    238e:	00 91 fa 05 	lds	r16, 0x05FA
    2392:	20 91 da 05 	lds	r18, 0x05DA
    2396:	40 91 eb 05 	lds	r20, 0x05EB
    239a:	60 91 dc 05 	lds	r22, 0x05DC
    239e:	80 91 db 05 	lds	r24, 0x05DB
    23a2:	0e 94 3f 1d 	call	0x3a7e	; 0x3a7e <PCF8583_set_time>
    23a6:	10 92 a7 05 	sts	0x05A7, r1
    23aa:	0e 94 63 01 	call	0x2c6	; 0x2c6 <LCD_Clear>
    23ae:	81 e0       	ldi	r24, 0x01	; 1
    23b0:	80 93 bd 05 	sts	0x05BD, r24
    23b4:	80 93 7d 00 	sts	0x007D, r24
    23b8:	0f 90       	pop	r0
    23ba:	08 c0       	rjmp	.+16     	; 0x23cc <wysw4+0xa0>
    23bc:	0e 94 b5 0e 	call	0x1d6a	; 0x1d6a <correction_of_time>
    23c0:	0e 94 e6 0e 	call	0x1dcc	; 0x1dcc <correction_of_date>
    23c4:	10 92 aa 05 	sts	0x05AA, r1
    23c8:	0e 94 b4 0a 	call	0x1568	; 0x1568 <show_time_format>
    23cc:	80 91 bd 05 	lds	r24, 0x05BD
    23d0:	81 30       	cpi	r24, 0x01	; 1
    23d2:	21 f4       	brne	.+8      	; 0x23dc <wysw4+0xb0>
    23d4:	0e 94 25 0d 	call	0x1a4a	; 0x1a4a <setting_information>
    23d8:	10 92 bd 05 	sts	0x05BD, r1
    23dc:	0f 91       	pop	r16
    23de:	ef 90       	pop	r14
    23e0:	cf 90       	pop	r12
    23e2:	bf 90       	pop	r11
    23e4:	af 90       	pop	r10
    23e6:	8f 90       	pop	r8
    23e8:	08 95       	ret

000023ea <wysw5>:
    23ea:	af 92       	push	r10
    23ec:	cf 92       	push	r12
    23ee:	ef 92       	push	r14
    23f0:	0f 93       	push	r16
    23f2:	cf 93       	push	r28
    23f4:	80 91 f4 05 	lds	r24, 0x05F4
    23f8:	8e 3f       	cpi	r24, 0xFE	; 254
    23fa:	1c f4       	brge	.+6      	; 0x2402 <wysw5+0x18>
    23fc:	8e ef       	ldi	r24, 0xFE	; 254
    23fe:	80 93 f4 05 	sts	0x05F4, r24
    2402:	0e 94 90 0c 	call	0x1920	; 0x1920 <check_step_value>
    2406:	80 91 e8 05 	lds	r24, 0x05E8
    240a:	88 23       	and	r24, r24
    240c:	21 f0       	breq	.+8      	; 0x2416 <wysw5+0x2c>
    240e:	0e 94 87 0b 	call	0x170e	; 0x170e <set_appropriate_values_of_time>
    2412:	10 92 e8 05 	sts	0x05E8, r1
    2416:	80 91 bd 05 	lds	r24, 0x05BD
    241a:	81 30       	cpi	r24, 0x01	; 1
    241c:	b1 f4       	brne	.+44     	; 0x244a <wysw5+0x60>
    241e:	20 91 f4 05 	lds	r18, 0x05F4
    2422:	2f 3f       	cpi	r18, 0xFF	; 255
    2424:	29 f4       	brne	.+10     	; 0x2430 <wysw5+0x46>
    2426:	80 91 f2 05 	lds	r24, 0x05F2
    242a:	87 ff       	sbrs	r24, 7
    242c:	0e c0       	rjmp	.+28     	; 0x244a <wysw5+0x60>
    242e:	08 c0       	rjmp	.+16     	; 0x2440 <wysw5+0x56>
    2430:	21 11       	cpse	r18, r1
    2432:	0b c0       	rjmp	.+22     	; 0x244a <wysw5+0x60>
    2434:	80 91 d6 05 	lds	r24, 0x05D6
    2438:	90 91 d7 05 	lds	r25, 0x05D7
    243c:	97 ff       	sbrs	r25, 7
    243e:	05 c0       	rjmp	.+10     	; 0x244a <wysw5+0x60>
    2440:	21 50       	subi	r18, 0x01	; 1
    2442:	20 93 f4 05 	sts	0x05F4, r18
    2446:	10 92 bd 05 	sts	0x05BD, r1
    244a:	80 e0       	ldi	r24, 0x00	; 0
    244c:	90 e0       	ldi	r25, 0x00	; 0
    244e:	0e 94 40 02 	call	0x480	; 0x480 <LCD_Erase>
    2452:	c0 91 f4 05 	lds	r28, 0x05F4
    2456:	80 91 f2 05 	lds	r24, 0x05F2
    245a:	ce 3f       	cpi	r28, 0xFE	; 254
    245c:	19 f5       	brne	.+70     	; 0x24a4 <wysw5+0xba>
    245e:	8f 3f       	cpi	r24, 0xFF	; 255
    2460:	14 f4       	brge	.+4      	; 0x2466 <wysw5+0x7c>
    2462:	81 e0       	ldi	r24, 0x01	; 1
    2464:	03 c0       	rjmp	.+6      	; 0x246c <wysw5+0x82>
    2466:	82 30       	cpi	r24, 0x02	; 2
    2468:	1c f0       	brlt	.+6      	; 0x2470 <wysw5+0x86>
    246a:	8f ef       	ldi	r24, 0xFF	; 255
    246c:	80 93 f2 05 	sts	0x05F2, r24
    2470:	0e 94 2e 1f 	call	0x3e5c	; 0x3e5c <PCF8583_get_wall_alarm>
    2474:	80 91 f2 05 	lds	r24, 0x05F2
    2478:	81 11       	cpse	r24, r1
    247a:	03 c0       	rjmp	.+6      	; 0x2482 <wysw5+0x98>
    247c:	0e 94 42 1e 	call	0x3c84	; 0x3c84 <PCF8583_recognise_type_of_alarm>
    2480:	04 c0       	rjmp	.+8      	; 0x248a <wysw5+0xa0>
    2482:	81 30       	cpi	r24, 0x01	; 1
    2484:	39 f4       	brne	.+14     	; 0x2494 <wysw5+0xaa>
    2486:	0e 94 1c 1f 	call	0x3e38	; 0x3e38 <PCF8583_recognise_type_of_timer_alarm>
    248a:	90 e0       	ldi	r25, 0x00	; 0
    248c:	90 93 d7 05 	sts	0x05D7, r25
    2490:	80 93 d6 05 	sts	0x05D6, r24
    2494:	80 91 f2 05 	lds	r24, 0x05F2
    2498:	61 e0       	ldi	r22, 0x01	; 1
    249a:	70 e0       	ldi	r23, 0x00	; 0
    249c:	99 27       	eor	r25, r25
    249e:	87 fd       	sbrc	r24, 7
    24a0:	90 95       	com	r25
    24a2:	78 c0       	rjmp	.+240    	; 0x2594 <wysw5+0x1aa>
    24a4:	81 11       	cpse	r24, r1
    24a6:	58 c0       	rjmp	.+176    	; 0x2558 <wysw5+0x16e>
    24a8:	cf 3f       	cpi	r28, 0xFF	; 255
    24aa:	b1 f4       	brne	.+44     	; 0x24d8 <wysw5+0xee>
    24ac:	80 91 d6 05 	lds	r24, 0x05D6
    24b0:	90 91 d7 05 	lds	r25, 0x05D7
    24b4:	8f 3f       	cpi	r24, 0xFF	; 255
    24b6:	2f ef       	ldi	r18, 0xFF	; 255
    24b8:	92 07       	cpc	r25, r18
    24ba:	1c f4       	brge	.+6      	; 0x24c2 <wysw5+0xd8>
    24bc:	83 e0       	ldi	r24, 0x03	; 3
    24be:	90 e0       	ldi	r25, 0x00	; 0
    24c0:	04 c0       	rjmp	.+8      	; 0x24ca <wysw5+0xe0>
    24c2:	04 97       	sbiw	r24, 0x04	; 4
    24c4:	34 f0       	brlt	.+12     	; 0x24d2 <wysw5+0xe8>
    24c6:	8f ef       	ldi	r24, 0xFF	; 255
    24c8:	9f ef       	ldi	r25, 0xFF	; 255
    24ca:	90 93 d7 05 	sts	0x05D7, r25
    24ce:	80 93 d6 05 	sts	0x05D6, r24
    24d2:	63 e0       	ldi	r22, 0x03	; 3
    24d4:	70 e0       	ldi	r23, 0x00	; 0
    24d6:	5a c0       	rjmp	.+180    	; 0x258c <wysw5+0x1a2>
    24d8:	0e 94 f6 0c 	call	0x19ec	; 0x19ec <end_of_settings>
    24dc:	2c 2f       	mov	r18, r28
    24de:	33 27       	eor	r19, r19
    24e0:	27 fd       	sbrc	r18, 7
    24e2:	30 95       	com	r19
    24e4:	90 e0       	ldi	r25, 0x00	; 0
    24e6:	28 17       	cp	r18, r24
    24e8:	39 07       	cpc	r19, r25
    24ea:	31 f0       	breq	.+12     	; 0x24f8 <wysw5+0x10e>
    24ec:	80 91 d6 05 	lds	r24, 0x05D6
    24f0:	90 91 d7 05 	lds	r25, 0x05D7
    24f4:	89 2b       	or	r24, r25
    24f6:	29 f5       	brne	.+74     	; 0x2542 <wysw5+0x158>
    24f8:	81 e0       	ldi	r24, 0x01	; 1
    24fa:	80 93 7d 00 	sts	0x007D, r24
    24fe:	80 93 bd 05 	sts	0x05BD, r24
    2502:	a0 90 f9 05 	lds	r10, 0x05F9
    2506:	c0 90 bb 05 	lds	r12, 0x05BB
    250a:	e0 90 dd 05 	lds	r14, 0x05DD
    250e:	00 91 fa 05 	lds	r16, 0x05FA
    2512:	20 91 da 05 	lds	r18, 0x05DA
    2516:	40 91 eb 05 	lds	r20, 0x05EB
    251a:	60 91 dc 05 	lds	r22, 0x05DC
    251e:	80 91 db 05 	lds	r24, 0x05DB
    2522:	0e 94 b9 1e 	call	0x3d72	; 0x3d72 <PCF8583_set_alarm_time>
    2526:	80 91 d6 05 	lds	r24, 0x05D6
    252a:	0e 94 31 1e 	call	0x3c62	; 0x3c62 <PCF8583_set_type_of_alarm>
    252e:	80 91 d6 05 	lds	r24, 0x05D6
    2532:	90 91 d7 05 	lds	r25, 0x05D7
    2536:	89 2b       	or	r24, r25
    2538:	09 f0       	breq	.+2      	; 0x253c <wysw5+0x152>
    253a:	6c c0       	rjmp	.+216    	; 0x2614 <wysw5+0x22a>
    253c:	0e 94 64 1c 	call	0x38c8	; 0x38c8 <PCF8583_alarm_flag_off>
    2540:	69 c0       	rjmp	.+210    	; 0x2614 <wysw5+0x22a>
    2542:	0e 94 b5 0e 	call	0x1d6a	; 0x1d6a <correction_of_time>
    2546:	0e 94 e6 0e 	call	0x1dcc	; 0x1dcc <correction_of_date>
    254a:	10 92 aa 05 	sts	0x05AA, r1
    254e:	80 91 d6 05 	lds	r24, 0x05D6
    2552:	0e 94 1c 0b 	call	0x1638	; 0x1638 <show_alarm_format>
    2556:	5e c0       	rjmp	.+188    	; 0x2614 <wysw5+0x22a>
    2558:	81 30       	cpi	r24, 0x01	; 1
    255a:	09 f0       	breq	.+2      	; 0x255e <wysw5+0x174>
    255c:	5b c0       	rjmp	.+182    	; 0x2614 <wysw5+0x22a>
    255e:	cf 3f       	cpi	r28, 0xFF	; 255
    2560:	e1 f4       	brne	.+56     	; 0x259a <wysw5+0x1b0>
    2562:	80 91 d6 05 	lds	r24, 0x05D6
    2566:	90 91 d7 05 	lds	r25, 0x05D7
    256a:	8f 3f       	cpi	r24, 0xFF	; 255
    256c:	2f ef       	ldi	r18, 0xFF	; 255
    256e:	92 07       	cpc	r25, r18
    2570:	1c f4       	brge	.+6      	; 0x2578 <wysw5+0x18e>
    2572:	81 e0       	ldi	r24, 0x01	; 1
    2574:	90 e0       	ldi	r25, 0x00	; 0
    2576:	04 c0       	rjmp	.+8      	; 0x2580 <wysw5+0x196>
    2578:	02 97       	sbiw	r24, 0x02	; 2
    257a:	34 f0       	brlt	.+12     	; 0x2588 <wysw5+0x19e>
    257c:	8f ef       	ldi	r24, 0xFF	; 255
    257e:	9f ef       	ldi	r25, 0xFF	; 255
    2580:	90 93 d7 05 	sts	0x05D7, r25
    2584:	80 93 d6 05 	sts	0x05D6, r24
    2588:	61 e0       	ldi	r22, 0x01	; 1
    258a:	70 e0       	ldi	r23, 0x00	; 0
    258c:	80 91 d6 05 	lds	r24, 0x05D6
    2590:	90 91 d7 05 	lds	r25, 0x05D7
    2594:	0e 94 67 10 	call	0x20ce	; 0x20ce <show_list>
    2598:	3d c0       	rjmp	.+122    	; 0x2614 <wysw5+0x22a>
    259a:	0e 94 f6 0c 	call	0x19ec	; 0x19ec <end_of_settings>
    259e:	2c 2f       	mov	r18, r28
    25a0:	33 27       	eor	r19, r19
    25a2:	27 fd       	sbrc	r18, 7
    25a4:	30 95       	com	r19
    25a6:	90 e0       	ldi	r25, 0x00	; 0
    25a8:	28 17       	cp	r18, r24
    25aa:	39 07       	cpc	r19, r25
    25ac:	31 f0       	breq	.+12     	; 0x25ba <wysw5+0x1d0>
    25ae:	80 91 d6 05 	lds	r24, 0x05D6
    25b2:	90 91 d7 05 	lds	r25, 0x05D7
    25b6:	89 2b       	or	r24, r25
    25b8:	39 f5       	brne	.+78     	; 0x2608 <wysw5+0x21e>
    25ba:	81 e0       	ldi	r24, 0x01	; 1
    25bc:	80 93 7d 00 	sts	0x007D, r24
    25c0:	80 93 bd 05 	sts	0x05BD, r24
    25c4:	a0 90 f9 05 	lds	r10, 0x05F9
    25c8:	c0 90 bb 05 	lds	r12, 0x05BB
    25cc:	e0 90 dd 05 	lds	r14, 0x05DD
    25d0:	00 91 fa 05 	lds	r16, 0x05FA
    25d4:	20 91 da 05 	lds	r18, 0x05DA
    25d8:	40 91 eb 05 	lds	r20, 0x05EB
    25dc:	60 91 dc 05 	lds	r22, 0x05DC
    25e0:	80 91 db 05 	lds	r24, 0x05DB
    25e4:	0e 94 b9 1e 	call	0x3d72	; 0x3d72 <PCF8583_set_alarm_time>
    25e8:	80 91 d6 05 	lds	r24, 0x05D6
    25ec:	90 91 d7 05 	lds	r25, 0x05D7
    25f0:	00 97       	sbiw	r24, 0x00	; 0
    25f2:	29 f4       	brne	.+10     	; 0x25fe <wysw5+0x214>
    25f4:	0e 94 ba 1d 	call	0x3b74	; 0x3b74 <PCF8583_timer_alarm_off>
    25f8:	0e 94 54 1c 	call	0x38a8	; 0x38a8 <PCF8583_timer_flag_off>
    25fc:	0b c0       	rjmp	.+22     	; 0x2614 <wysw5+0x22a>
    25fe:	01 97       	sbiw	r24, 0x01	; 1
    2600:	49 f4       	brne	.+18     	; 0x2614 <wysw5+0x22a>
    2602:	0e 94 c2 1d 	call	0x3b84	; 0x3b84 <PCF8583_timer_alarm_on>
    2606:	06 c0       	rjmp	.+12     	; 0x2614 <wysw5+0x22a>
    2608:	0e 94 e6 0e 	call	0x1dcc	; 0x1dcc <correction_of_date>
    260c:	10 92 aa 05 	sts	0x05AA, r1
    2610:	0e 94 08 0b 	call	0x1610	; 0x1610 <show_timer_alarm_format>
    2614:	80 91 bd 05 	lds	r24, 0x05BD
    2618:	81 30       	cpi	r24, 0x01	; 1
    261a:	41 f4       	brne	.+16     	; 0x262c <wysw5+0x242>
    261c:	80 91 f4 05 	lds	r24, 0x05F4
    2620:	8f 3f       	cpi	r24, 0xFF	; 255
    2622:	24 f0       	brlt	.+8      	; 0x262c <wysw5+0x242>
    2624:	0e 94 25 0d 	call	0x1a4a	; 0x1a4a <setting_information>
    2628:	10 92 bd 05 	sts	0x05BD, r1
    262c:	cf 91       	pop	r28
    262e:	0f 91       	pop	r16
    2630:	ef 90       	pop	r14
    2632:	cf 90       	pop	r12
    2634:	af 90       	pop	r10
    2636:	08 95       	ret

00002638 <wysw6>:
    2638:	cf 93       	push	r28
    263a:	80 91 f4 05 	lds	r24, 0x05F4
    263e:	8e 3f       	cpi	r24, 0xFE	; 254
    2640:	1c f4       	brge	.+6      	; 0x2648 <wysw6+0x10>
    2642:	8e ef       	ldi	r24, 0xFE	; 254
    2644:	80 93 f4 05 	sts	0x05F4, r24
    2648:	0e 94 90 0c 	call	0x1920	; 0x1920 <check_step_value>
    264c:	80 91 e8 05 	lds	r24, 0x05E8
    2650:	88 23       	and	r24, r24
    2652:	21 f0       	breq	.+8      	; 0x265c <wysw6+0x24>
    2654:	0e 94 87 0b 	call	0x170e	; 0x170e <set_appropriate_values_of_time>
    2658:	10 92 e8 05 	sts	0x05E8, r1
    265c:	80 91 bd 05 	lds	r24, 0x05BD
    2660:	81 30       	cpi	r24, 0x01	; 1
    2662:	b1 f4       	brne	.+44     	; 0x2690 <wysw6+0x58>
    2664:	20 91 f4 05 	lds	r18, 0x05F4
    2668:	2f 3f       	cpi	r18, 0xFF	; 255
    266a:	29 f4       	brne	.+10     	; 0x2676 <wysw6+0x3e>
    266c:	80 91 f2 05 	lds	r24, 0x05F2
    2670:	87 ff       	sbrs	r24, 7
    2672:	0e c0       	rjmp	.+28     	; 0x2690 <wysw6+0x58>
    2674:	08 c0       	rjmp	.+16     	; 0x2686 <wysw6+0x4e>
    2676:	21 11       	cpse	r18, r1
    2678:	0b c0       	rjmp	.+22     	; 0x2690 <wysw6+0x58>
    267a:	80 91 d6 05 	lds	r24, 0x05D6
    267e:	90 91 d7 05 	lds	r25, 0x05D7
    2682:	97 ff       	sbrs	r25, 7
    2684:	05 c0       	rjmp	.+10     	; 0x2690 <wysw6+0x58>
    2686:	21 50       	subi	r18, 0x01	; 1
    2688:	20 93 f4 05 	sts	0x05F4, r18
    268c:	10 92 bd 05 	sts	0x05BD, r1
    2690:	80 e0       	ldi	r24, 0x00	; 0
    2692:	90 e0       	ldi	r25, 0x00	; 0
    2694:	0e 94 40 02 	call	0x480	; 0x480 <LCD_Erase>
    2698:	c0 91 f4 05 	lds	r28, 0x05F4
    269c:	ce 3f       	cpi	r28, 0xFE	; 254
    269e:	b9 f5       	brne	.+110    	; 0x270e <wysw6+0xd6>
    26a0:	80 91 f2 05 	lds	r24, 0x05F2
    26a4:	8f 3f       	cpi	r24, 0xFF	; 255
    26a6:	14 f4       	brge	.+4      	; 0x26ac <wysw6+0x74>
    26a8:	85 e0       	ldi	r24, 0x05	; 5
    26aa:	03 c0       	rjmp	.+6      	; 0x26b2 <wysw6+0x7a>
    26ac:	86 30       	cpi	r24, 0x06	; 6
    26ae:	1c f0       	brlt	.+6      	; 0x26b6 <wysw6+0x7e>
    26b0:	8f ef       	ldi	r24, 0xFF	; 255
    26b2:	80 93 f2 05 	sts	0x05F2, r24
    26b6:	80 91 f2 05 	lds	r24, 0x05F2
    26ba:	81 11       	cpse	r24, r1
    26bc:	03 c0       	rjmp	.+6      	; 0x26c4 <wysw6+0x8c>
    26be:	0e 94 28 1f 	call	0x3e50	; 0x3e50 <PCF8583_is_alarm_flag_set>
    26c2:	18 c0       	rjmp	.+48     	; 0x26f4 <wysw6+0xbc>
    26c4:	81 30       	cpi	r24, 0x01	; 1
    26c6:	19 f4       	brne	.+6      	; 0x26ce <wysw6+0x96>
    26c8:	0e 94 23 1f 	call	0x3e46	; 0x3e46 <PCF8583_is_timer_flag_set>
    26cc:	13 c0       	rjmp	.+38     	; 0x26f4 <wysw6+0xbc>
    26ce:	82 30       	cpi	r24, 0x02	; 2
    26d0:	19 f4       	brne	.+6      	; 0x26d8 <wysw6+0xa0>
    26d2:	0e 94 14 1c 	call	0x3828	; 0x3828 <PCF8583_is_clock_counting>
    26d6:	0e c0       	rjmp	.+28     	; 0x26f4 <wysw6+0xbc>
    26d8:	83 30       	cpi	r24, 0x03	; 3
    26da:	19 f4       	brne	.+6      	; 0x26e2 <wysw6+0xaa>
    26dc:	0e 94 1c 1c 	call	0x3838	; 0x3838 <PCF8583_timer_mode>
    26e0:	09 c0       	rjmp	.+18     	; 0x26f4 <wysw6+0xbc>
    26e2:	84 30       	cpi	r24, 0x04	; 4
    26e4:	19 f4       	brne	.+6      	; 0x26ec <wysw6+0xb4>
    26e6:	0e 94 da 1d 	call	0x3bb4	; 0x3bb4 <PCF8583_is_alarm_interrupt>
    26ea:	04 c0       	rjmp	.+8      	; 0x26f4 <wysw6+0xbc>
    26ec:	85 30       	cpi	r24, 0x05	; 5
    26ee:	39 f4       	brne	.+14     	; 0x26fe <wysw6+0xc6>
    26f0:	0e 94 f1 1d 	call	0x3be2	; 0x3be2 <PCF8583_is_timer_interrupt>
    26f4:	90 e0       	ldi	r25, 0x00	; 0
    26f6:	90 93 d7 05 	sts	0x05D7, r25
    26fa:	80 93 d6 05 	sts	0x05D6, r24
    26fe:	80 91 f2 05 	lds	r24, 0x05F2
    2702:	65 e0       	ldi	r22, 0x05	; 5
    2704:	70 e0       	ldi	r23, 0x00	; 0
    2706:	99 27       	eor	r25, r25
    2708:	87 fd       	sbrc	r24, 7
    270a:	90 95       	com	r25
    270c:	23 c0       	rjmp	.+70     	; 0x2754 <wysw6+0x11c>
    270e:	cf 3f       	cpi	r28, 0xFF	; 255
    2710:	e9 f5       	brne	.+122    	; 0x278c <wysw6+0x154>
    2712:	80 91 f2 05 	lds	r24, 0x05F2
    2716:	83 30       	cpi	r24, 0x03	; 3
    2718:	20 f0       	brcs	.+8      	; 0x2722 <wysw6+0xea>
    271a:	9c ef       	ldi	r25, 0xFC	; 252
    271c:	98 0f       	add	r25, r24
    271e:	92 30       	cpi	r25, 0x02	; 2
    2720:	e0 f4       	brcc	.+56     	; 0x275a <wysw6+0x122>
    2722:	80 91 d6 05 	lds	r24, 0x05D6
    2726:	90 91 d7 05 	lds	r25, 0x05D7
    272a:	8f 3f       	cpi	r24, 0xFF	; 255
    272c:	2f ef       	ldi	r18, 0xFF	; 255
    272e:	92 07       	cpc	r25, r18
    2730:	1c f4       	brge	.+6      	; 0x2738 <wysw6+0x100>
    2732:	81 e0       	ldi	r24, 0x01	; 1
    2734:	90 e0       	ldi	r25, 0x00	; 0
    2736:	04 c0       	rjmp	.+8      	; 0x2740 <wysw6+0x108>
    2738:	02 97       	sbiw	r24, 0x02	; 2
    273a:	34 f0       	brlt	.+12     	; 0x2748 <wysw6+0x110>
    273c:	8f ef       	ldi	r24, 0xFF	; 255
    273e:	9f ef       	ldi	r25, 0xFF	; 255
    2740:	90 93 d7 05 	sts	0x05D7, r25
    2744:	80 93 d6 05 	sts	0x05D6, r24
    2748:	61 e0       	ldi	r22, 0x01	; 1
    274a:	70 e0       	ldi	r23, 0x00	; 0
    274c:	80 91 d6 05 	lds	r24, 0x05D6
    2750:	90 91 d7 05 	lds	r25, 0x05D7
    2754:	0e 94 67 10 	call	0x20ce	; 0x20ce <show_list>
    2758:	82 c0       	rjmp	.+260    	; 0x285e <wysw6+0x226>
    275a:	83 30       	cpi	r24, 0x03	; 3
    275c:	09 f0       	breq	.+2      	; 0x2760 <wysw6+0x128>
    275e:	7f c0       	rjmp	.+254    	; 0x285e <wysw6+0x226>
    2760:	80 91 d6 05 	lds	r24, 0x05D6
    2764:	90 91 d7 05 	lds	r25, 0x05D7
    2768:	8f 3f       	cpi	r24, 0xFF	; 255
    276a:	2f ef       	ldi	r18, 0xFF	; 255
    276c:	92 07       	cpc	r25, r18
    276e:	1c f4       	brge	.+6      	; 0x2776 <wysw6+0x13e>
    2770:	86 e0       	ldi	r24, 0x06	; 6
    2772:	90 e0       	ldi	r25, 0x00	; 0
    2774:	04 c0       	rjmp	.+8      	; 0x277e <wysw6+0x146>
    2776:	07 97       	sbiw	r24, 0x07	; 7
    2778:	34 f0       	brlt	.+12     	; 0x2786 <wysw6+0x14e>
    277a:	8f ef       	ldi	r24, 0xFF	; 255
    277c:	9f ef       	ldi	r25, 0xFF	; 255
    277e:	90 93 d7 05 	sts	0x05D7, r25
    2782:	80 93 d6 05 	sts	0x05D6, r24
    2786:	66 e0       	ldi	r22, 0x06	; 6
    2788:	70 e0       	ldi	r23, 0x00	; 0
    278a:	e0 cf       	rjmp	.-64     	; 0x274c <wysw6+0x114>
    278c:	0e 94 f6 0c 	call	0x19ec	; 0x19ec <end_of_settings>
    2790:	2c 2f       	mov	r18, r28
    2792:	33 27       	eor	r19, r19
    2794:	27 fd       	sbrc	r18, 7
    2796:	30 95       	com	r19
    2798:	90 e0       	ldi	r25, 0x00	; 0
    279a:	28 17       	cp	r18, r24
    279c:	39 07       	cpc	r19, r25
    279e:	09 f0       	breq	.+2      	; 0x27a2 <wysw6+0x16a>
    27a0:	5e c0       	rjmp	.+188    	; 0x285e <wysw6+0x226>
    27a2:	81 e0       	ldi	r24, 0x01	; 1
    27a4:	80 93 7d 00 	sts	0x007D, r24
    27a8:	80 93 bd 05 	sts	0x05BD, r24
    27ac:	80 91 f2 05 	lds	r24, 0x05F2
    27b0:	81 11       	cpse	r24, r1
    27b2:	0f c0       	rjmp	.+30     	; 0x27d2 <wysw6+0x19a>
    27b4:	80 91 d6 05 	lds	r24, 0x05D6
    27b8:	90 91 d7 05 	lds	r25, 0x05D7
    27bc:	00 97       	sbiw	r24, 0x00	; 0
    27be:	19 f4       	brne	.+6      	; 0x27c6 <wysw6+0x18e>
    27c0:	0e 94 64 1c 	call	0x38c8	; 0x38c8 <PCF8583_alarm_flag_off>
    27c4:	4c c0       	rjmp	.+152    	; 0x285e <wysw6+0x226>
    27c6:	01 97       	sbiw	r24, 0x01	; 1
    27c8:	09 f0       	breq	.+2      	; 0x27cc <wysw6+0x194>
    27ca:	49 c0       	rjmp	.+146    	; 0x285e <wysw6+0x226>
    27cc:	0e 94 6c 1c 	call	0x38d8	; 0x38d8 <PCF8583_alarm_flag_on>
    27d0:	46 c0       	rjmp	.+140    	; 0x285e <wysw6+0x226>
    27d2:	81 30       	cpi	r24, 0x01	; 1
    27d4:	71 f4       	brne	.+28     	; 0x27f2 <wysw6+0x1ba>
    27d6:	80 91 d6 05 	lds	r24, 0x05D6
    27da:	90 91 d7 05 	lds	r25, 0x05D7
    27de:	00 97       	sbiw	r24, 0x00	; 0
    27e0:	19 f4       	brne	.+6      	; 0x27e8 <wysw6+0x1b0>
    27e2:	0e 94 54 1c 	call	0x38a8	; 0x38a8 <PCF8583_timer_flag_off>
    27e6:	3b c0       	rjmp	.+118    	; 0x285e <wysw6+0x226>
    27e8:	01 97       	sbiw	r24, 0x01	; 1
    27ea:	c9 f5       	brne	.+114    	; 0x285e <wysw6+0x226>
    27ec:	0e 94 5c 1c 	call	0x38b8	; 0x38b8 <PCF8583_timer_flag_on>
    27f0:	36 c0       	rjmp	.+108    	; 0x285e <wysw6+0x226>
    27f2:	82 30       	cpi	r24, 0x02	; 2
    27f4:	71 f4       	brne	.+28     	; 0x2812 <wysw6+0x1da>
    27f6:	80 91 d6 05 	lds	r24, 0x05D6
    27fa:	90 91 d7 05 	lds	r25, 0x05D7
    27fe:	00 97       	sbiw	r24, 0x00	; 0
    2800:	19 f4       	brne	.+6      	; 0x2808 <wysw6+0x1d0>
    2802:	0e 94 04 1c 	call	0x3808	; 0x3808 <PCF8583_stop>
    2806:	2b c0       	rjmp	.+86     	; 0x285e <wysw6+0x226>
    2808:	01 97       	sbiw	r24, 0x01	; 1
    280a:	49 f5       	brne	.+82     	; 0x285e <wysw6+0x226>
    280c:	0e 94 0c 1c 	call	0x3818	; 0x3818 <PCF8583_start>
    2810:	26 c0       	rjmp	.+76     	; 0x285e <wysw6+0x226>
    2812:	83 30       	cpi	r24, 0x03	; 3
    2814:	29 f4       	brne	.+10     	; 0x2820 <wysw6+0x1e8>
    2816:	80 91 d6 05 	lds	r24, 0x05D6
    281a:	0e 94 24 1c 	call	0x3848	; 0x3848 <PCF8583_set_timer_mode>
    281e:	1f c0       	rjmp	.+62     	; 0x285e <wysw6+0x226>
    2820:	84 30       	cpi	r24, 0x04	; 4
    2822:	71 f4       	brne	.+28     	; 0x2840 <wysw6+0x208>
    2824:	80 91 d6 05 	lds	r24, 0x05D6
    2828:	90 91 d7 05 	lds	r25, 0x05D7
    282c:	00 97       	sbiw	r24, 0x00	; 0
    282e:	19 f4       	brne	.+6      	; 0x2836 <wysw6+0x1fe>
    2830:	0e 94 ca 1d 	call	0x3b94	; 0x3b94 <PCF8583_alarm_interrupt_off>
    2834:	14 c0       	rjmp	.+40     	; 0x285e <wysw6+0x226>
    2836:	01 97       	sbiw	r24, 0x01	; 1
    2838:	91 f4       	brne	.+36     	; 0x285e <wysw6+0x226>
    283a:	0e 94 d2 1d 	call	0x3ba4	; 0x3ba4 <PCF8583_alarm_interrupt_on>
    283e:	0f c0       	rjmp	.+30     	; 0x285e <wysw6+0x226>
    2840:	85 30       	cpi	r24, 0x05	; 5
    2842:	69 f4       	brne	.+26     	; 0x285e <wysw6+0x226>
    2844:	80 91 d6 05 	lds	r24, 0x05D6
    2848:	90 91 d7 05 	lds	r25, 0x05D7
    284c:	00 97       	sbiw	r24, 0x00	; 0
    284e:	19 f4       	brne	.+6      	; 0x2856 <wysw6+0x21e>
    2850:	0e 94 e1 1d 	call	0x3bc2	; 0x3bc2 <PCF8583_timer_interrupt_off>
    2854:	04 c0       	rjmp	.+8      	; 0x285e <wysw6+0x226>
    2856:	01 97       	sbiw	r24, 0x01	; 1
    2858:	11 f4       	brne	.+4      	; 0x285e <wysw6+0x226>
    285a:	0e 94 e9 1d 	call	0x3bd2	; 0x3bd2 <PCF8583_timer_interrupt_on>
    285e:	80 91 bd 05 	lds	r24, 0x05BD
    2862:	81 30       	cpi	r24, 0x01	; 1
    2864:	41 f4       	brne	.+16     	; 0x2876 <wysw6+0x23e>
    2866:	80 91 f4 05 	lds	r24, 0x05F4
    286a:	8f 3f       	cpi	r24, 0xFF	; 255
    286c:	24 f0       	brlt	.+8      	; 0x2876 <wysw6+0x23e>
    286e:	0e 94 25 0d 	call	0x1a4a	; 0x1a4a <setting_information>
    2872:	10 92 bd 05 	sts	0x05BD, r1
    2876:	cf 91       	pop	r28
    2878:	08 95       	ret

0000287a <wysw7>:
    287a:	80 e0       	ldi	r24, 0x00	; 0
    287c:	90 e0       	ldi	r25, 0x00	; 0
    287e:	0c 94 40 02 	jmp	0x480	; 0x480 <LCD_Erase>

00002882 <wysw>:
    2882:	80 91 f3 05 	lds	r24, 0x05F3
    2886:	83 30       	cpi	r24, 0x03	; 3
    2888:	f9 f4       	brne	.+62     	; 0x28c8 <wysw+0x46>
    288a:	0e 94 0f 04 	call	0x81e	; 0x81e <lockers_is_safety_bit>
    288e:	81 30       	cpi	r24, 0x01	; 1
    2890:	79 f4       	brne	.+30     	; 0x28b0 <wysw+0x2e>
    2892:	80 e0       	ldi	r24, 0x00	; 0
    2894:	90 e0       	ldi	r25, 0x00	; 0
    2896:	0e 94 40 02 	call	0x480	; 0x480 <LCD_Erase>
    289a:	85 e9       	ldi	r24, 0x95	; 149
    289c:	94 e0       	ldi	r25, 0x04	; 4
    289e:	0e 94 50 01 	call	0x2a0	; 0x2a0 <LCD_WriteText>
    28a2:	61 e0       	ldi	r22, 0x01	; 1
    28a4:	80 e0       	ldi	r24, 0x00	; 0
    28a6:	0e 94 5c 01 	call	0x2b8	; 0x2b8 <LCD_GoTo>
    28aa:	85 ea       	ldi	r24, 0xA5	; 165
    28ac:	94 e0       	ldi	r25, 0x04	; 4
    28ae:	0a c0       	rjmp	.+20     	; 0x28c4 <wysw+0x42>
    28b0:	0e 94 0f 04 	call	0x81e	; 0x81e <lockers_is_safety_bit>
    28b4:	81 11       	cpse	r24, r1
    28b6:	2a c0       	rjmp	.+84     	; 0x290c <wysw+0x8a>
    28b8:	80 e0       	ldi	r24, 0x00	; 0
    28ba:	90 e0       	ldi	r25, 0x00	; 0
    28bc:	0e 94 40 02 	call	0x480	; 0x480 <LCD_Erase>
    28c0:	83 eb       	ldi	r24, 0xB3	; 179
    28c2:	94 e0       	ldi	r25, 0x04	; 4
    28c4:	0c 94 50 01 	jmp	0x2a0	; 0x2a0 <LCD_WriteText>
    28c8:	80 91 ab 05 	lds	r24, 0x05AB
    28cc:	81 11       	cpse	r24, r1
    28ce:	02 c0       	rjmp	.+4      	; 0x28d4 <wysw+0x52>
    28d0:	0c 94 9c 10 	jmp	0x2138	; 0x2138 <wysw0>
    28d4:	81 30       	cpi	r24, 0x01	; 1
    28d6:	11 f4       	brne	.+4      	; 0x28dc <wysw+0x5a>
    28d8:	0c 94 d1 10 	jmp	0x21a2	; 0x21a2 <wysw1>
    28dc:	82 30       	cpi	r24, 0x02	; 2
    28de:	11 f4       	brne	.+4      	; 0x28e4 <wysw+0x62>
    28e0:	0c 94 f0 10 	jmp	0x21e0	; 0x21e0 <wysw2>
    28e4:	83 30       	cpi	r24, 0x03	; 3
    28e6:	11 f4       	brne	.+4      	; 0x28ec <wysw+0x6a>
    28e8:	0c 94 60 11 	jmp	0x22c0	; 0x22c0 <wysw3>
    28ec:	84 30       	cpi	r24, 0x04	; 4
    28ee:	11 f4       	brne	.+4      	; 0x28f4 <wysw+0x72>
    28f0:	0c 94 96 11 	jmp	0x232c	; 0x232c <wysw4>
    28f4:	85 30       	cpi	r24, 0x05	; 5
    28f6:	11 f4       	brne	.+4      	; 0x28fc <wysw+0x7a>
    28f8:	0c 94 f5 11 	jmp	0x23ea	; 0x23ea <wysw5>
    28fc:	86 30       	cpi	r24, 0x06	; 6
    28fe:	11 f4       	brne	.+4      	; 0x2904 <wysw+0x82>
    2900:	0c 94 1c 13 	jmp	0x2638	; 0x2638 <wysw6>
    2904:	87 30       	cpi	r24, 0x07	; 7
    2906:	11 f4       	brne	.+4      	; 0x290c <wysw+0x8a>
    2908:	0c 94 3d 14 	jmp	0x287a	; 0x287a <wysw7>
    290c:	08 95       	ret

0000290e <czynnosc0>:
    290e:	8b 33       	cpi	r24, 0x3B	; 59
    2910:	91 05       	cpc	r25, r1
    2912:	d9 f5       	brne	.+118    	; 0x298a <czynnosc0+0x7c>
    2914:	80 91 a6 05 	lds	r24, 0x05A6
    2918:	80 93 ab 05 	sts	0x05AB, r24
    291c:	90 e0       	ldi	r25, 0x00	; 0
    291e:	0e 94 c4 09 	call	0x1388	; 0x1388 <wybor>
    2922:	80 91 ab 05 	lds	r24, 0x05AB
    2926:	81 30       	cpi	r24, 0x01	; 1
    2928:	09 f4       	brne	.+2      	; 0x292c <czynnosc0+0x1e>
    292a:	41 c0       	rjmp	.+130    	; 0x29ae <czynnosc0+0xa0>
    292c:	82 30       	cpi	r24, 0x02	; 2
    292e:	49 f4       	brne	.+18     	; 0x2942 <czynnosc0+0x34>
    2930:	0e 94 42 1e 	call	0x3c84	; 0x3c84 <PCF8583_recognise_type_of_alarm>
    2934:	80 93 f4 05 	sts	0x05F4, r24
    2938:	0e 94 1c 1f 	call	0x3e38	; 0x3e38 <PCF8583_recognise_type_of_timer_alarm>
    293c:	80 93 bd 05 	sts	0x05BD, r24
    2940:	36 c0       	rjmp	.+108    	; 0x29ae <czynnosc0+0xa0>
    2942:	83 30       	cpi	r24, 0x03	; 3
    2944:	e9 f0       	breq	.+58     	; 0x2980 <czynnosc0+0x72>
    2946:	84 30       	cpi	r24, 0x04	; 4
    2948:	71 f4       	brne	.+28     	; 0x2966 <czynnosc0+0x58>
    294a:	10 92 f4 05 	sts	0x05F4, r1
    294e:	10 92 d7 05 	sts	0x05D7, r1
    2952:	10 92 d6 05 	sts	0x05D6, r1
    2956:	81 e0       	ldi	r24, 0x01	; 1
    2958:	80 93 bd 05 	sts	0x05BD, r24
    295c:	10 92 e8 05 	sts	0x05E8, r1
    2960:	0e 94 57 1f 	call	0x3eae	; 0x3eae <PCF8583_get_wall_time>
    2964:	24 c0       	rjmp	.+72     	; 0x29ae <czynnosc0+0xa0>
    2966:	85 50       	subi	r24, 0x05	; 5
    2968:	82 30       	cpi	r24, 0x02	; 2
    296a:	08 f5       	brcc	.+66     	; 0x29ae <czynnosc0+0xa0>
    296c:	8e ef       	ldi	r24, 0xFE	; 254
    296e:	80 93 f4 05 	sts	0x05F4, r24
    2972:	81 e0       	ldi	r24, 0x01	; 1
    2974:	80 93 bd 05 	sts	0x05BD, r24
    2978:	10 92 e8 05 	sts	0x05E8, r1
    297c:	10 92 f2 05 	sts	0x05F2, r1
    2980:	10 92 d7 05 	sts	0x05D7, r1
    2984:	10 92 d6 05 	sts	0x05D6, r1
    2988:	12 c0       	rjmp	.+36     	; 0x29ae <czynnosc0+0xa0>
    298a:	80 32       	cpi	r24, 0x20	; 32
    298c:	91 05       	cpc	r25, r1
    298e:	31 f4       	brne	.+12     	; 0x299c <czynnosc0+0x8e>
    2990:	80 91 a6 05 	lds	r24, 0x05A6
    2994:	90 91 e9 05 	lds	r25, 0x05E9
    2998:	89 0f       	add	r24, r25
    299a:	07 c0       	rjmp	.+14     	; 0x29aa <czynnosc0+0x9c>
    299c:	81 97       	sbiw	r24, 0x21	; 33
    299e:	39 f4       	brne	.+14     	; 0x29ae <czynnosc0+0xa0>
    29a0:	80 91 a6 05 	lds	r24, 0x05A6
    29a4:	90 91 e9 05 	lds	r25, 0x05E9
    29a8:	89 1b       	sub	r24, r25
    29aa:	80 93 a6 05 	sts	0x05A6, r24
    29ae:	81 e0       	ldi	r24, 0x01	; 1
    29b0:	80 93 a7 05 	sts	0x05A7, r24
    29b4:	08 95       	ret

000029b6 <czynnosc1>:
    29b6:	2f 92       	push	r2
    29b8:	3f 92       	push	r3
    29ba:	af 92       	push	r10
    29bc:	bf 92       	push	r11
    29be:	cf 92       	push	r12
    29c0:	df 92       	push	r13
    29c2:	ef 92       	push	r14
    29c4:	ff 92       	push	r15
    29c6:	0f 93       	push	r16
    29c8:	1f 93       	push	r17
    29ca:	cf 93       	push	r28
    29cc:	df 93       	push	r29
    29ce:	00 d0       	rcall	.+0      	; 0x29d0 <czynnosc1+0x1a>
    29d0:	cd b7       	in	r28, 0x3d	; 61
    29d2:	de b7       	in	r29, 0x3e	; 62
    29d4:	6c 01       	movw	r12, r24
    29d6:	89 e2       	ldi	r24, 0x29	; 41
    29d8:	c8 16       	cp	r12, r24
    29da:	d1 04       	cpc	r13, r1
    29dc:	09 f0       	breq	.+2      	; 0x29e0 <czynnosc1+0x2a>
    29de:	ed c1       	rjmp	.+986    	; 0x2dba <czynnosc1+0x404>
    29e0:	10 92 a7 05 	sts	0x05A7, r1
    29e4:	0e 94 63 01 	call	0x2c6	; 0x2c6 <LCD_Clear>
    29e8:	88 e2       	ldi	r24, 0x28	; 40
    29ea:	90 e0       	ldi	r25, 0x00	; 0
    29ec:	90 93 df 05 	sts	0x05DF, r25
    29f0:	80 93 de 05 	sts	0x05DE, r24
    29f4:	84 e0       	ldi	r24, 0x04	; 4
    29f6:	90 e0       	ldi	r25, 0x00	; 0
    29f8:	0e 94 6a 23 	call	0x46d4	; 0x46d4 <malloc>
    29fc:	7c 01       	movw	r14, r24
    29fe:	10 92 ba 05 	sts	0x05BA, r1
    2a02:	10 92 b9 05 	sts	0x05B9, r1
    2a06:	a1 2c       	mov	r10, r1
    2a08:	bb 24       	eor	r11, r11
    2a0a:	b3 94       	inc	r11
    2a0c:	00 91 b9 05 	lds	r16, 0x05B9
    2a10:	10 91 ba 05 	lds	r17, 0x05BA
    2a14:	02 30       	cpi	r16, 0x02	; 2
    2a16:	11 05       	cpc	r17, r1
    2a18:	c4 f5       	brge	.+112    	; 0x2a8a <czynnosc1+0xd4>
    2a1a:	80 e5       	ldi	r24, 0x50	; 80
    2a1c:	90 e0       	ldi	r25, 0x00	; 0
    2a1e:	0e 94 6a 23 	call	0x46d4	; 0x46d4 <malloc>
    2a22:	f8 01       	movw	r30, r16
    2a24:	ee 0f       	add	r30, r30
    2a26:	ff 1f       	adc	r31, r31
    2a28:	ee 0d       	add	r30, r14
    2a2a:	ff 1d       	adc	r31, r15
    2a2c:	91 83       	std	Z+1, r25	; 0x01
    2a2e:	80 83       	st	Z, r24
    2a30:	10 92 f4 05 	sts	0x05F4, r1
    2a34:	80 91 f4 05 	lds	r24, 0x05F4
    2a38:	99 27       	eor	r25, r25
    2a3a:	87 fd       	sbrc	r24, 7
    2a3c:	90 95       	com	r25
    2a3e:	20 91 de 05 	lds	r18, 0x05DE
    2a42:	30 91 df 05 	lds	r19, 0x05DF
    2a46:	e0 91 b9 05 	lds	r30, 0x05B9
    2a4a:	f0 91 ba 05 	lds	r31, 0x05BA
    2a4e:	82 17       	cp	r24, r18
    2a50:	93 07       	cpc	r25, r19
    2a52:	ac f4       	brge	.+42     	; 0x2a7e <czynnosc1+0xc8>
    2a54:	ee 0f       	add	r30, r30
    2a56:	ff 1f       	adc	r31, r31
    2a58:	ee 0d       	add	r30, r14
    2a5a:	ff 1d       	adc	r31, r15
    2a5c:	00 81       	ld	r16, Z
    2a5e:	11 81       	ldd	r17, Z+1	; 0x01
    2a60:	08 0f       	add	r16, r24
    2a62:	19 1f       	adc	r17, r25
    2a64:	0e 94 df 24 	call	0x49be	; 0x49be <rand>
    2a68:	b5 01       	movw	r22, r10
    2a6a:	0e 94 21 21 	call	0x4242	; 0x4242 <__divmodhi4>
    2a6e:	d8 01       	movw	r26, r16
    2a70:	8c 93       	st	X, r24
    2a72:	80 91 f4 05 	lds	r24, 0x05F4
    2a76:	8f 5f       	subi	r24, 0xFF	; 255
    2a78:	80 93 f4 05 	sts	0x05F4, r24
    2a7c:	db cf       	rjmp	.-74     	; 0x2a34 <czynnosc1+0x7e>
    2a7e:	31 96       	adiw	r30, 0x01	; 1
    2a80:	f0 93 ba 05 	sts	0x05BA, r31
    2a84:	e0 93 b9 05 	sts	0x05B9, r30
    2a88:	c1 cf       	rjmp	.-126    	; 0x2a0c <czynnosc1+0x56>
    2a8a:	10 92 ba 05 	sts	0x05BA, r1
    2a8e:	10 92 b9 05 	sts	0x05B9, r1
    2a92:	80 91 b9 05 	lds	r24, 0x05B9
    2a96:	90 91 ba 05 	lds	r25, 0x05BA
    2a9a:	88 32       	cpi	r24, 0x28	; 40
    2a9c:	91 05       	cpc	r25, r1
    2a9e:	94 f4       	brge	.+36     	; 0x2ac4 <czynnosc1+0x10e>
    2aa0:	d7 01       	movw	r26, r14
    2aa2:	ed 91       	ld	r30, X+
    2aa4:	fc 91       	ld	r31, X
    2aa6:	e8 0f       	add	r30, r24
    2aa8:	f9 1f       	adc	r31, r25
    2aaa:	80 81       	ld	r24, Z
    2aac:	0e 94 4a 01 	call	0x294	; 0x294 <LCD_WriteData>
    2ab0:	80 91 b9 05 	lds	r24, 0x05B9
    2ab4:	90 91 ba 05 	lds	r25, 0x05BA
    2ab8:	01 96       	adiw	r24, 0x01	; 1
    2aba:	90 93 ba 05 	sts	0x05BA, r25
    2abe:	80 93 b9 05 	sts	0x05B9, r24
    2ac2:	e7 cf       	rjmp	.-50     	; 0x2a92 <czynnosc1+0xdc>
    2ac4:	61 e0       	ldi	r22, 0x01	; 1
    2ac6:	80 e0       	ldi	r24, 0x00	; 0
    2ac8:	0e 94 5c 01 	call	0x2b8	; 0x2b8 <LCD_GoTo>
    2acc:	10 92 ba 05 	sts	0x05BA, r1
    2ad0:	10 92 b9 05 	sts	0x05B9, r1
    2ad4:	80 91 b9 05 	lds	r24, 0x05B9
    2ad8:	90 91 ba 05 	lds	r25, 0x05BA
    2adc:	88 32       	cpi	r24, 0x28	; 40
    2ade:	91 05       	cpc	r25, r1
    2ae0:	a4 f4       	brge	.+40     	; 0x2b0a <czynnosc1+0x154>
    2ae2:	d7 01       	movw	r26, r14
    2ae4:	12 96       	adiw	r26, 0x02	; 2
    2ae6:	ed 91       	ld	r30, X+
    2ae8:	fc 91       	ld	r31, X
    2aea:	13 97       	sbiw	r26, 0x03	; 3
    2aec:	e8 0f       	add	r30, r24
    2aee:	f9 1f       	adc	r31, r25
    2af0:	80 81       	ld	r24, Z
    2af2:	0e 94 4a 01 	call	0x294	; 0x294 <LCD_WriteData>
    2af6:	80 91 b9 05 	lds	r24, 0x05B9
    2afa:	90 91 ba 05 	lds	r25, 0x05BA
    2afe:	01 96       	adiw	r24, 0x01	; 1
    2b00:	90 93 ba 05 	sts	0x05BA, r25
    2b04:	80 93 b9 05 	sts	0x05B9, r24
    2b08:	e5 cf       	rjmp	.-54     	; 0x2ad4 <czynnosc1+0x11e>
    2b0a:	81 e0       	ldi	r24, 0x01	; 1
    2b0c:	80 93 f4 05 	sts	0x05F4, r24
    2b10:	80 91 f4 05 	lds	r24, 0x05F4
    2b14:	88 23       	and	r24, r24
    2b16:	09 f4       	brne	.+2      	; 0x2b1a <czynnosc1+0x164>
    2b18:	1f c1       	rjmp	.+574    	; 0x2d58 <czynnosc1+0x3a2>
    2b1a:	84 e0       	ldi	r24, 0x04	; 4
    2b1c:	90 e0       	ldi	r25, 0x00	; 0
    2b1e:	0e 94 6a 23 	call	0x46d4	; 0x46d4 <malloc>
    2b22:	8c 01       	movw	r16, r24
    2b24:	10 92 ba 05 	sts	0x05BA, r1
    2b28:	10 92 b9 05 	sts	0x05B9, r1
    2b2c:	a0 90 b9 05 	lds	r10, 0x05B9
    2b30:	b0 90 ba 05 	lds	r11, 0x05BA
    2b34:	e2 e0       	ldi	r30, 0x02	; 2
    2b36:	ae 16       	cp	r10, r30
    2b38:	b1 04       	cpc	r11, r1
    2b3a:	bc f4       	brge	.+46     	; 0x2b6a <czynnosc1+0x1b4>
    2b3c:	80 91 de 05 	lds	r24, 0x05DE
    2b40:	90 91 df 05 	lds	r25, 0x05DF
    2b44:	88 0f       	add	r24, r24
    2b46:	99 1f       	adc	r25, r25
    2b48:	0e 94 6a 23 	call	0x46d4	; 0x46d4 <malloc>
    2b4c:	f5 01       	movw	r30, r10
    2b4e:	ee 0f       	add	r30, r30
    2b50:	ff 1f       	adc	r31, r31
    2b52:	e0 0f       	add	r30, r16
    2b54:	f1 1f       	adc	r31, r17
    2b56:	91 83       	std	Z+1, r25	; 0x01
    2b58:	80 83       	st	Z, r24
    2b5a:	bf ef       	ldi	r27, 0xFF	; 255
    2b5c:	ab 1a       	sub	r10, r27
    2b5e:	bb 0a       	sbc	r11, r27
    2b60:	b0 92 ba 05 	sts	0x05BA, r11
    2b64:	a0 92 b9 05 	sts	0x05B9, r10
    2b68:	e1 cf       	rjmp	.-62     	; 0x2b2c <czynnosc1+0x176>
    2b6a:	0e 94 6d 01 	call	0x2da	; 0x2da <LCD_Home>
    2b6e:	10 92 ba 05 	sts	0x05BA, r1
    2b72:	10 92 b9 05 	sts	0x05B9, r1
    2b76:	80 91 b9 05 	lds	r24, 0x05B9
    2b7a:	90 91 ba 05 	lds	r25, 0x05BA
    2b7e:	20 91 de 05 	lds	r18, 0x05DE
    2b82:	30 91 df 05 	lds	r19, 0x05DF
    2b86:	82 17       	cp	r24, r18
    2b88:	93 07       	cpc	r25, r19
    2b8a:	9c f4       	brge	.+38     	; 0x2bb2 <czynnosc1+0x1fc>
    2b8c:	d8 01       	movw	r26, r16
    2b8e:	ad 90       	ld	r10, X+
    2b90:	bc 90       	ld	r11, X
    2b92:	a8 0e       	add	r10, r24
    2b94:	b9 1e       	adc	r11, r25
    2b96:	0e 94 4d 01 	call	0x29a	; 0x29a <LCD_ReadData>
    2b9a:	f5 01       	movw	r30, r10
    2b9c:	80 83       	st	Z, r24
    2b9e:	80 91 b9 05 	lds	r24, 0x05B9
    2ba2:	90 91 ba 05 	lds	r25, 0x05BA
    2ba6:	01 96       	adiw	r24, 0x01	; 1
    2ba8:	90 93 ba 05 	sts	0x05BA, r25
    2bac:	80 93 b9 05 	sts	0x05B9, r24
    2bb0:	e2 cf       	rjmp	.-60     	; 0x2b76 <czynnosc1+0x1c0>
    2bb2:	61 e0       	ldi	r22, 0x01	; 1
    2bb4:	80 e0       	ldi	r24, 0x00	; 0
    2bb6:	0e 94 5c 01 	call	0x2b8	; 0x2b8 <LCD_GoTo>
    2bba:	10 92 ba 05 	sts	0x05BA, r1
    2bbe:	10 92 b9 05 	sts	0x05B9, r1
    2bc2:	80 91 b9 05 	lds	r24, 0x05B9
    2bc6:	90 91 ba 05 	lds	r25, 0x05BA
    2bca:	20 91 de 05 	lds	r18, 0x05DE
    2bce:	30 91 df 05 	lds	r19, 0x05DF
    2bd2:	82 17       	cp	r24, r18
    2bd4:	93 07       	cpc	r25, r19
    2bd6:	ac f4       	brge	.+42     	; 0x2c02 <czynnosc1+0x24c>
    2bd8:	d8 01       	movw	r26, r16
    2bda:	12 96       	adiw	r26, 0x02	; 2
    2bdc:	ad 90       	ld	r10, X+
    2bde:	bc 90       	ld	r11, X
    2be0:	13 97       	sbiw	r26, 0x03	; 3
    2be2:	a8 0e       	add	r10, r24
    2be4:	b9 1e       	adc	r11, r25
    2be6:	0e 94 4d 01 	call	0x29a	; 0x29a <LCD_ReadData>
    2bea:	f5 01       	movw	r30, r10
    2bec:	80 83       	st	Z, r24
    2bee:	80 91 b9 05 	lds	r24, 0x05B9
    2bf2:	90 91 ba 05 	lds	r25, 0x05BA
    2bf6:	01 96       	adiw	r24, 0x01	; 1
    2bf8:	90 93 ba 05 	sts	0x05BA, r25
    2bfc:	80 93 b9 05 	sts	0x05B9, r24
    2c00:	e0 cf       	rjmp	.-64     	; 0x2bc2 <czynnosc1+0x20c>
    2c02:	0e 94 63 01 	call	0x2c6	; 0x2c6 <LCD_Clear>
    2c06:	80 91 de 05 	lds	r24, 0x05DE
    2c0a:	90 91 df 05 	lds	r25, 0x05DF
    2c0e:	40 91 f4 05 	lds	r20, 0x05F4
    2c12:	20 e0       	ldi	r18, 0x00	; 0
    2c14:	30 e0       	ldi	r19, 0x00	; 0
    2c16:	28 17       	cp	r18, r24
    2c18:	39 07       	cpc	r19, r25
    2c1a:	0c f5       	brge	.+66     	; 0x2c5e <czynnosc1+0x2a8>
    2c1c:	f8 01       	movw	r30, r16
    2c1e:	a0 81       	ld	r26, Z
    2c20:	b1 81       	ldd	r27, Z+1	; 0x01
    2c22:	a2 0f       	add	r26, r18
    2c24:	b3 1f       	adc	r27, r19
    2c26:	f7 01       	movw	r30, r14
    2c28:	a0 80       	ld	r10, Z
    2c2a:	b1 80       	ldd	r11, Z+1	; 0x01
    2c2c:	a2 0e       	add	r10, r18
    2c2e:	b3 1e       	adc	r11, r19
    2c30:	6c 91       	ld	r22, X
    2c32:	d5 01       	movw	r26, r10
    2c34:	5c 91       	ld	r21, X
    2c36:	65 13       	cpse	r22, r21
    2c38:	0e c0       	rjmp	.+28     	; 0x2c56 <czynnosc1+0x2a0>
    2c3a:	f8 01       	movw	r30, r16
    2c3c:	a2 81       	ldd	r26, Z+2	; 0x02
    2c3e:	b3 81       	ldd	r27, Z+3	; 0x03
    2c40:	a2 0f       	add	r26, r18
    2c42:	b3 1f       	adc	r27, r19
    2c44:	f7 01       	movw	r30, r14
    2c46:	a2 80       	ldd	r10, Z+2	; 0x02
    2c48:	b3 80       	ldd	r11, Z+3	; 0x03
    2c4a:	a2 0e       	add	r10, r18
    2c4c:	b3 1e       	adc	r11, r19
    2c4e:	6c 91       	ld	r22, X
    2c50:	d5 01       	movw	r26, r10
    2c52:	5c 91       	ld	r21, X
    2c54:	65 13       	cpse	r22, r21
    2c56:	40 e0       	ldi	r20, 0x00	; 0
    2c58:	2f 5f       	subi	r18, 0xFF	; 255
    2c5a:	3f 4f       	sbci	r19, 0xFF	; 255
    2c5c:	dc cf       	rjmp	.-72     	; 0x2c16 <czynnosc1+0x260>
    2c5e:	40 93 f4 05 	sts	0x05F4, r20
    2c62:	30 93 ba 05 	sts	0x05BA, r19
    2c66:	20 93 b9 05 	sts	0x05B9, r18
    2c6a:	0e 94 e7 03 	call	0x7ce	; 0x7ce <stop_button>
    2c6e:	89 2b       	or	r24, r25
    2c70:	19 f4       	brne	.+6      	; 0x2c78 <czynnosc1+0x2c2>
    2c72:	80 91 b4 05 	lds	r24, 0x05B4
    2c76:	81 11       	cpse	r24, r1
    2c78:	10 92 f4 05 	sts	0x05F4, r1
    2c7c:	80 91 f4 05 	lds	r24, 0x05F4
    2c80:	81 11       	cpse	r24, r1
    2c82:	05 c0       	rjmp	.+10     	; 0x2c8e <czynnosc1+0x2d8>
    2c84:	10 92 ba 05 	sts	0x05BA, r1
    2c88:	10 92 b9 05 	sts	0x05B9, r1
    2c8c:	48 c0       	rjmp	.+144    	; 0x2d1e <czynnosc1+0x368>
    2c8e:	10 92 ba 05 	sts	0x05BA, r1
    2c92:	10 92 b9 05 	sts	0x05B9, r1
    2c96:	80 91 b9 05 	lds	r24, 0x05B9
    2c9a:	90 91 ba 05 	lds	r25, 0x05BA
    2c9e:	20 91 de 05 	lds	r18, 0x05DE
    2ca2:	30 91 df 05 	lds	r19, 0x05DF
    2ca6:	82 17       	cp	r24, r18
    2ca8:	93 07       	cpc	r25, r19
    2caa:	94 f4       	brge	.+36     	; 0x2cd0 <czynnosc1+0x31a>
    2cac:	d8 01       	movw	r26, r16
    2cae:	ed 91       	ld	r30, X+
    2cb0:	fc 91       	ld	r31, X
    2cb2:	e8 0f       	add	r30, r24
    2cb4:	f9 1f       	adc	r31, r25
    2cb6:	80 81       	ld	r24, Z
    2cb8:	0e 94 4a 01 	call	0x294	; 0x294 <LCD_WriteData>
    2cbc:	80 91 b9 05 	lds	r24, 0x05B9
    2cc0:	90 91 ba 05 	lds	r25, 0x05BA
    2cc4:	01 96       	adiw	r24, 0x01	; 1
    2cc6:	90 93 ba 05 	sts	0x05BA, r25
    2cca:	80 93 b9 05 	sts	0x05B9, r24
    2cce:	e3 cf       	rjmp	.-58     	; 0x2c96 <czynnosc1+0x2e0>
    2cd0:	61 e0       	ldi	r22, 0x01	; 1
    2cd2:	80 e0       	ldi	r24, 0x00	; 0
    2cd4:	0e 94 5c 01 	call	0x2b8	; 0x2b8 <LCD_GoTo>
    2cd8:	10 92 ba 05 	sts	0x05BA, r1
    2cdc:	10 92 b9 05 	sts	0x05B9, r1
    2ce0:	80 91 b9 05 	lds	r24, 0x05B9
    2ce4:	90 91 ba 05 	lds	r25, 0x05BA
    2ce8:	20 91 de 05 	lds	r18, 0x05DE
    2cec:	30 91 df 05 	lds	r19, 0x05DF
    2cf0:	82 17       	cp	r24, r18
    2cf2:	93 07       	cpc	r25, r19
    2cf4:	3c f6       	brge	.-114    	; 0x2c84 <czynnosc1+0x2ce>
    2cf6:	d8 01       	movw	r26, r16
    2cf8:	12 96       	adiw	r26, 0x02	; 2
    2cfa:	ed 91       	ld	r30, X+
    2cfc:	fc 91       	ld	r31, X
    2cfe:	13 97       	sbiw	r26, 0x03	; 3
    2d00:	e8 0f       	add	r30, r24
    2d02:	f9 1f       	adc	r31, r25
    2d04:	80 81       	ld	r24, Z
    2d06:	0e 94 4a 01 	call	0x294	; 0x294 <LCD_WriteData>
    2d0a:	80 91 b9 05 	lds	r24, 0x05B9
    2d0e:	90 91 ba 05 	lds	r25, 0x05BA
    2d12:	01 96       	adiw	r24, 0x01	; 1
    2d14:	90 93 ba 05 	sts	0x05BA, r25
    2d18:	80 93 b9 05 	sts	0x05B9, r24
    2d1c:	e1 cf       	rjmp	.-62     	; 0x2ce0 <czynnosc1+0x32a>
    2d1e:	a0 90 b9 05 	lds	r10, 0x05B9
    2d22:	b0 90 ba 05 	lds	r11, 0x05BA
    2d26:	e2 e0       	ldi	r30, 0x02	; 2
    2d28:	ae 16       	cp	r10, r30
    2d2a:	b1 04       	cpc	r11, r1
    2d2c:	8c f4       	brge	.+34     	; 0x2d50 <czynnosc1+0x39a>
    2d2e:	f5 01       	movw	r30, r10
    2d30:	ee 0f       	add	r30, r30
    2d32:	ff 1f       	adc	r31, r31
    2d34:	e0 0f       	add	r30, r16
    2d36:	f1 1f       	adc	r31, r17
    2d38:	80 81       	ld	r24, Z
    2d3a:	91 81       	ldd	r25, Z+1	; 0x01
    2d3c:	0e 94 02 24 	call	0x4804	; 0x4804 <free>
    2d40:	bf ef       	ldi	r27, 0xFF	; 255
    2d42:	ab 1a       	sub	r10, r27
    2d44:	bb 0a       	sbc	r11, r27
    2d46:	b0 92 ba 05 	sts	0x05BA, r11
    2d4a:	a0 92 b9 05 	sts	0x05B9, r10
    2d4e:	e7 cf       	rjmp	.-50     	; 0x2d1e <czynnosc1+0x368>
    2d50:	c8 01       	movw	r24, r16
    2d52:	0e 94 02 24 	call	0x4804	; 0x4804 <free>
    2d56:	dc ce       	rjmp	.-584    	; 0x2b10 <czynnosc1+0x15a>
    2d58:	10 92 ba 05 	sts	0x05BA, r1
    2d5c:	10 92 b9 05 	sts	0x05B9, r1
    2d60:	00 91 b9 05 	lds	r16, 0x05B9
    2d64:	10 91 ba 05 	lds	r17, 0x05BA
    2d68:	02 30       	cpi	r16, 0x02	; 2
    2d6a:	11 05       	cpc	r17, r1
    2d6c:	84 f4       	brge	.+32     	; 0x2d8e <czynnosc1+0x3d8>
    2d6e:	f8 01       	movw	r30, r16
    2d70:	ee 0f       	add	r30, r30
    2d72:	ff 1f       	adc	r31, r31
    2d74:	ee 0d       	add	r30, r14
    2d76:	ff 1d       	adc	r31, r15
    2d78:	80 81       	ld	r24, Z
    2d7a:	91 81       	ldd	r25, Z+1	; 0x01
    2d7c:	0e 94 02 24 	call	0x4804	; 0x4804 <free>
    2d80:	0f 5f       	subi	r16, 0xFF	; 255
    2d82:	1f 4f       	sbci	r17, 0xFF	; 255
    2d84:	10 93 ba 05 	sts	0x05BA, r17
    2d88:	00 93 b9 05 	sts	0x05B9, r16
    2d8c:	e9 cf       	rjmp	.-46     	; 0x2d60 <czynnosc1+0x3aa>
    2d8e:	c7 01       	movw	r24, r14
    2d90:	0e 94 02 24 	call	0x4804	; 0x4804 <free>
    2d94:	0e 94 fe 08 	call	0x11fc	; 0x11fc <buzzer>
    2d98:	60 e0       	ldi	r22, 0x00	; 0
    2d9a:	70 e0       	ldi	r23, 0x00	; 0
    2d9c:	80 e2       	ldi	r24, 0x20	; 32
    2d9e:	91 e4       	ldi	r25, 0x41	; 65
    2da0:	0e 94 5d 00 	call	0xba	; 0xba <delay_ms_var_double>
    2da4:	0e 94 fe 08 	call	0x11fc	; 0x11fc <buzzer>
    2da8:	60 e0       	ldi	r22, 0x00	; 0
    2daa:	70 e0       	ldi	r23, 0x00	; 0
    2dac:	80 e2       	ldi	r24, 0x20	; 32
    2dae:	91 e4       	ldi	r25, 0x41	; 65
    2db0:	0e 94 5d 00 	call	0xba	; 0xba <delay_ms_var_double>
    2db4:	0e 94 fe 08 	call	0x11fc	; 0x11fc <buzzer>
    2db8:	5b c1       	rjmp	.+694    	; 0x3070 <czynnosc1+0x6ba>
    2dba:	fc e0       	ldi	r31, 0x0C	; 12
    2dbc:	cf 16       	cp	r12, r31
    2dbe:	d1 04       	cpc	r13, r1
    2dc0:	09 f0       	breq	.+2      	; 0x2dc4 <czynnosc1+0x40e>
    2dc2:	56 c1       	rjmp	.+684    	; 0x3070 <czynnosc1+0x6ba>
    2dc4:	0e 94 1d 03 	call	0x63a	; 0x63a <pilot_off>
    2dc8:	10 92 a7 05 	sts	0x05A7, r1
    2dcc:	0e 94 63 01 	call	0x2c6	; 0x2c6 <LCD_Clear>
    2dd0:	84 e0       	ldi	r24, 0x04	; 4
    2dd2:	90 e0       	ldi	r25, 0x00	; 0
    2dd4:	0e 94 6b 02 	call	0x4d6	; 0x4d6 <LCD_Displaying>
    2dd8:	61 e0       	ldi	r22, 0x01	; 1
    2dda:	89 e0       	ldi	r24, 0x09	; 9
    2ddc:	0e 94 5c 01 	call	0x2b8	; 0x2b8 <LCD_GoTo>
    2de0:	8b eb       	ldi	r24, 0xBB	; 187
    2de2:	94 e0       	ldi	r25, 0x04	; 4
    2de4:	0e 94 50 01 	call	0x2a0	; 0x2a0 <LCD_WriteText>
    2de8:	60 e0       	ldi	r22, 0x00	; 0
    2dea:	70 e0       	ldi	r23, 0x00	; 0
    2dec:	8a ef       	ldi	r24, 0xFA	; 250
    2dee:	93 e4       	ldi	r25, 0x43	; 67
    2df0:	0e 94 5d 00 	call	0xba	; 0xba <delay_ms_var_double>
    2df4:	0e 94 6d 01 	call	0x2da	; 0x2da <LCD_Home>
    2df8:	82 ec       	ldi	r24, 0xC2	; 194
    2dfa:	94 e0       	ldi	r25, 0x04	; 4
    2dfc:	0e 94 50 01 	call	0x2a0	; 0x2a0 <LCD_WriteText>
    2e00:	60 e0       	ldi	r22, 0x00	; 0
    2e02:	70 e0       	ldi	r23, 0x00	; 0
    2e04:	8a ef       	ldi	r24, 0xFA	; 250
    2e06:	93 e4       	ldi	r25, 0x43	; 67
    2e08:	0e 94 5d 00 	call	0xba	; 0xba <delay_ms_var_double>
    2e0c:	41 e0       	ldi	r20, 0x01	; 1
    2e0e:	50 e0       	ldi	r21, 0x00	; 0
    2e10:	61 e0       	ldi	r22, 0x01	; 1
    2e12:	70 e0       	ldi	r23, 0x00	; 0
    2e14:	80 e0       	ldi	r24, 0x00	; 0
    2e16:	90 e0       	ldi	r25, 0x00	; 0
    2e18:	0e 94 ee 01 	call	0x3dc	; 0x3dc <LCD_MoveRight>
    2e1c:	60 e0       	ldi	r22, 0x00	; 0
    2e1e:	70 e0       	ldi	r23, 0x00	; 0
    2e20:	8f e2       	ldi	r24, 0x2F	; 47
    2e22:	94 e4       	ldi	r25, 0x44	; 68
    2e24:	0e 94 5d 00 	call	0xba	; 0xba <delay_ms_var_double>
    2e28:	82 e0       	ldi	r24, 0x02	; 2
    2e2a:	90 e0       	ldi	r25, 0x00	; 0
    2e2c:	0e 94 6b 02 	call	0x4d6	; 0x4d6 <LCD_Displaying>
    2e30:	60 e0       	ldi	r22, 0x00	; 0
    2e32:	70 e0       	ldi	r23, 0x00	; 0
    2e34:	8f e2       	ldi	r24, 0x2F	; 47
    2e36:	94 e4       	ldi	r25, 0x44	; 68
    2e38:	0e 94 5d 00 	call	0xba	; 0xba <delay_ms_var_double>
    2e3c:	81 e0       	ldi	r24, 0x01	; 1
    2e3e:	90 e0       	ldi	r25, 0x00	; 0
    2e40:	0e 94 6b 02 	call	0x4d6	; 0x4d6 <LCD_Displaying>
    2e44:	60 e0       	ldi	r22, 0x00	; 0
    2e46:	70 e0       	ldi	r23, 0x00	; 0
    2e48:	8f e2       	ldi	r24, 0x2F	; 47
    2e4a:	94 e4       	ldi	r25, 0x44	; 68
    2e4c:	0e 94 5d 00 	call	0xba	; 0xba <delay_ms_var_double>
    2e50:	82 e0       	ldi	r24, 0x02	; 2
    2e52:	90 e0       	ldi	r25, 0x00	; 0
    2e54:	0e 94 6b 02 	call	0x4d6	; 0x4d6 <LCD_Displaying>
    2e58:	60 e0       	ldi	r22, 0x00	; 0
    2e5a:	70 e0       	ldi	r23, 0x00	; 0
    2e5c:	8f e2       	ldi	r24, 0x2F	; 47
    2e5e:	94 e4       	ldi	r25, 0x44	; 68
    2e60:	0e 94 5d 00 	call	0xba	; 0xba <delay_ms_var_double>
    2e64:	85 e0       	ldi	r24, 0x05	; 5
    2e66:	90 e0       	ldi	r25, 0x00	; 0
    2e68:	0e 94 6b 02 	call	0x4d6	; 0x4d6 <LCD_Displaying>
    2e6c:	60 e0       	ldi	r22, 0x00	; 0
    2e6e:	70 e0       	ldi	r23, 0x00	; 0
    2e70:	8a e7       	ldi	r24, 0x7A	; 122
    2e72:	94 e4       	ldi	r25, 0x44	; 68
    2e74:	0e 94 5d 00 	call	0xba	; 0xba <delay_ms_var_double>
    2e78:	84 e0       	ldi	r24, 0x04	; 4
    2e7a:	90 e0       	ldi	r25, 0x00	; 0
    2e7c:	0e 94 6b 02 	call	0x4d6	; 0x4d6 <LCD_Displaying>
    2e80:	40 e0       	ldi	r20, 0x00	; 0
    2e82:	50 e0       	ldi	r21, 0x00	; 0
    2e84:	61 e0       	ldi	r22, 0x01	; 1
    2e86:	70 e0       	ldi	r23, 0x00	; 0
    2e88:	80 e0       	ldi	r24, 0x00	; 0
    2e8a:	90 e0       	ldi	r25, 0x00	; 0
    2e8c:	0e 94 ee 01 	call	0x3dc	; 0x3dc <LCD_MoveRight>
    2e90:	60 e0       	ldi	r22, 0x00	; 0
    2e92:	70 e0       	ldi	r23, 0x00	; 0
    2e94:	8a e7       	ldi	r24, 0x7A	; 122
    2e96:	94 e4       	ldi	r25, 0x44	; 68
    2e98:	0e 94 5d 00 	call	0xba	; 0xba <delay_ms_var_double>
    2e9c:	40 e0       	ldi	r20, 0x00	; 0
    2e9e:	50 e0       	ldi	r21, 0x00	; 0
    2ea0:	61 e0       	ldi	r22, 0x01	; 1
    2ea2:	70 e0       	ldi	r23, 0x00	; 0
    2ea4:	80 e0       	ldi	r24, 0x00	; 0
    2ea6:	90 e0       	ldi	r25, 0x00	; 0
    2ea8:	0e 94 17 02 	call	0x42e	; 0x42e <LCD_MoveLeft>
    2eac:	83 e0       	ldi	r24, 0x03	; 3
    2eae:	90 e0       	ldi	r25, 0x00	; 0
    2eb0:	0e 94 6b 02 	call	0x4d6	; 0x4d6 <LCD_Displaying>
    2eb4:	60 e0       	ldi	r22, 0x00	; 0
    2eb6:	70 e0       	ldi	r23, 0x00	; 0
    2eb8:	8a e7       	ldi	r24, 0x7A	; 122
    2eba:	94 e4       	ldi	r25, 0x44	; 68
    2ebc:	0e 94 5d 00 	call	0xba	; 0xba <delay_ms_var_double>
    2ec0:	85 e0       	ldi	r24, 0x05	; 5
    2ec2:	90 e0       	ldi	r25, 0x00	; 0
    2ec4:	0e 94 6b 02 	call	0x4d6	; 0x4d6 <LCD_Displaying>
    2ec8:	61 e0       	ldi	r22, 0x01	; 1
    2eca:	80 e0       	ldi	r24, 0x00	; 0
    2ecc:	0e 94 5c 01 	call	0x2b8	; 0x2b8 <LCD_GoTo>
    2ed0:	8e ec       	ldi	r24, 0xCE	; 206
    2ed2:	94 e0       	ldi	r25, 0x04	; 4
    2ed4:	0e 94 50 01 	call	0x2a0	; 0x2a0 <LCD_WriteText>
    2ed8:	60 e0       	ldi	r22, 0x00	; 0
    2eda:	70 e8       	ldi	r23, 0x80	; 128
    2edc:	8b eb       	ldi	r24, 0xBB	; 187
    2ede:	94 e4       	ldi	r25, 0x44	; 68
    2ee0:	0e 94 5d 00 	call	0xba	; 0xba <delay_ms_var_double>
    2ee4:	61 e0       	ldi	r22, 0x01	; 1
    2ee6:	89 e0       	ldi	r24, 0x09	; 9
    2ee8:	0e 94 5c 01 	call	0x2b8	; 0x2b8 <LCD_GoTo>
    2eec:	86 e0       	ldi	r24, 0x06	; 6
    2eee:	90 e0       	ldi	r25, 0x00	; 0
    2ef0:	90 93 df 05 	sts	0x05DF, r25
    2ef4:	80 93 de 05 	sts	0x05DE, r24
    2ef8:	0e 94 6a 23 	call	0x46d4	; 0x46d4 <malloc>
    2efc:	9a 83       	std	Y+2, r25	; 0x02
    2efe:	89 83       	std	Y+1, r24	; 0x01
    2f00:	10 92 ba 05 	sts	0x05BA, r1
    2f04:	10 92 b9 05 	sts	0x05B9, r1
    2f08:	80 91 b9 05 	lds	r24, 0x05B9
    2f0c:	90 91 ba 05 	lds	r25, 0x05BA
    2f10:	20 91 de 05 	lds	r18, 0x05DE
    2f14:	30 91 df 05 	lds	r19, 0x05DF
    2f18:	82 17       	cp	r24, r18
    2f1a:	93 07       	cpc	r25, r19
    2f1c:	c4 f4       	brge	.+48     	; 0x2f4e <czynnosc1+0x598>
    2f1e:	09 81       	ldd	r16, Y+1	; 0x01
    2f20:	1a 81       	ldd	r17, Y+2	; 0x02
    2f22:	08 0f       	add	r16, r24
    2f24:	19 1f       	adc	r17, r25
    2f26:	0e 94 4d 01 	call	0x29a	; 0x29a <LCD_ReadData>
    2f2a:	d8 01       	movw	r26, r16
    2f2c:	8c 93       	st	X, r24
    2f2e:	60 e0       	ldi	r22, 0x00	; 0
    2f30:	70 e0       	ldi	r23, 0x00	; 0
    2f32:	88 ec       	ldi	r24, 0xC8	; 200
    2f34:	92 e4       	ldi	r25, 0x42	; 66
    2f36:	0e 94 5d 00 	call	0xba	; 0xba <delay_ms_var_double>
    2f3a:	80 91 b9 05 	lds	r24, 0x05B9
    2f3e:	90 91 ba 05 	lds	r25, 0x05BA
    2f42:	01 96       	adiw	r24, 0x01	; 1
    2f44:	90 93 ba 05 	sts	0x05BA, r25
    2f48:	80 93 b9 05 	sts	0x05B9, r24
    2f4c:	dd cf       	rjmp	.-70     	; 0x2f08 <czynnosc1+0x552>
    2f4e:	41 e0       	ldi	r20, 0x01	; 1
    2f50:	50 e0       	ldi	r21, 0x00	; 0
    2f52:	61 e0       	ldi	r22, 0x01	; 1
    2f54:	70 e0       	ldi	r23, 0x00	; 0
    2f56:	80 e0       	ldi	r24, 0x00	; 0
    2f58:	90 e0       	ldi	r25, 0x00	; 0
    2f5a:	0e 94 17 02 	call	0x42e	; 0x42e <LCD_MoveLeft>
    2f5e:	60 e0       	ldi	r22, 0x00	; 0
    2f60:	70 e8       	ldi	r23, 0x80	; 128
    2f62:	8b eb       	ldi	r24, 0xBB	; 187
    2f64:	94 e4       	ldi	r25, 0x44	; 68
    2f66:	0e 94 5d 00 	call	0xba	; 0xba <delay_ms_var_double>
    2f6a:	83 e0       	ldi	r24, 0x03	; 3
    2f6c:	90 e0       	ldi	r25, 0x00	; 0
    2f6e:	0e 94 6b 02 	call	0x4d6	; 0x4d6 <LCD_Displaying>
    2f72:	80 e0       	ldi	r24, 0x00	; 0
    2f74:	90 e0       	ldi	r25, 0x00	; 0
    2f76:	0e 94 40 02 	call	0x480	; 0x480 <LCD_Erase>
    2f7a:	60 e0       	ldi	r22, 0x00	; 0
    2f7c:	70 e8       	ldi	r23, 0x80	; 128
    2f7e:	8b eb       	ldi	r24, 0xBB	; 187
    2f80:	94 e4       	ldi	r25, 0x44	; 68
    2f82:	0e 94 5d 00 	call	0xba	; 0xba <delay_ms_var_double>
    2f86:	61 e0       	ldi	r22, 0x01	; 1
    2f88:	80 e0       	ldi	r24, 0x00	; 0
    2f8a:	0e 94 5c 01 	call	0x2b8	; 0x2b8 <LCD_GoTo>
    2f8e:	fe 01       	movw	r30, r28
    2f90:	31 96       	adiw	r30, 0x01	; 1
    2f92:	1f 01       	movw	r2, r30
    2f94:	0e 94 6d 07 	call	0xeda	; 0xeda <pisz.2700>
    2f98:	84 e0       	ldi	r24, 0x04	; 4
    2f9a:	90 e0       	ldi	r25, 0x00	; 0
    2f9c:	0e 94 6b 02 	call	0x4d6	; 0x4d6 <LCD_Displaying>
    2fa0:	60 e0       	ldi	r22, 0x00	; 0
    2fa2:	89 e0       	ldi	r24, 0x09	; 9
    2fa4:	0e 94 5c 01 	call	0x2b8	; 0x2b8 <LCD_GoTo>
    2fa8:	0e 94 6d 07 	call	0xeda	; 0xeda <pisz.2700>
    2fac:	61 e0       	ldi	r22, 0x01	; 1
    2fae:	88 e0       	ldi	r24, 0x08	; 8
    2fb0:	0e 94 5c 01 	call	0x2b8	; 0x2b8 <LCD_GoTo>
    2fb4:	85 e0       	ldi	r24, 0x05	; 5
    2fb6:	90 e0       	ldi	r25, 0x00	; 0
    2fb8:	0e 94 6b 02 	call	0x4d6	; 0x4d6 <LCD_Displaying>
    2fbc:	0e 94 6d 07 	call	0xeda	; 0xeda <pisz.2700>
    2fc0:	60 e0       	ldi	r22, 0x00	; 0
    2fc2:	81 e0       	ldi	r24, 0x01	; 1
    2fc4:	0e 94 5c 01 	call	0x2b8	; 0x2b8 <LCD_GoTo>
    2fc8:	0e 94 6d 07 	call	0xeda	; 0xeda <pisz.2700>
    2fcc:	89 81       	ldd	r24, Y+1	; 0x01
    2fce:	9a 81       	ldd	r25, Y+2	; 0x02
    2fd0:	0e 94 02 24 	call	0x4804	; 0x4804 <free>
    2fd4:	83 e0       	ldi	r24, 0x03	; 3
    2fd6:	90 e0       	ldi	r25, 0x00	; 0
    2fd8:	0e 94 6b 02 	call	0x4d6	; 0x4d6 <LCD_Displaying>
    2fdc:	60 e0       	ldi	r22, 0x00	; 0
    2fde:	70 e8       	ldi	r23, 0x80	; 128
    2fe0:	8b eb       	ldi	r24, 0xBB	; 187
    2fe2:	94 e4       	ldi	r25, 0x44	; 68
    2fe4:	0e 94 5d 00 	call	0xba	; 0xba <delay_ms_var_double>
    2fe8:	41 e0       	ldi	r20, 0x01	; 1
    2fea:	50 e0       	ldi	r21, 0x00	; 0
    2fec:	6f e0       	ldi	r22, 0x0F	; 15
    2fee:	70 e0       	ldi	r23, 0x00	; 0
    2ff0:	84 e1       	ldi	r24, 0x14	; 20
    2ff2:	90 e0       	ldi	r25, 0x00	; 0
    2ff4:	0e 94 ee 01 	call	0x3dc	; 0x3dc <LCD_MoveRight>
    2ff8:	41 e0       	ldi	r20, 0x01	; 1
    2ffa:	50 e0       	ldi	r21, 0x00	; 0
    2ffc:	6f e0       	ldi	r22, 0x0F	; 15
    2ffe:	70 e0       	ldi	r23, 0x00	; 0
    3000:	84 e1       	ldi	r24, 0x14	; 20
    3002:	90 e0       	ldi	r25, 0x00	; 0
    3004:	0e 94 17 02 	call	0x42e	; 0x42e <LCD_MoveLeft>
    3008:	81 e0       	ldi	r24, 0x01	; 1
    300a:	90 e0       	ldi	r25, 0x00	; 0
    300c:	0e 94 40 02 	call	0x480	; 0x480 <LCD_Erase>
    3010:	84 e0       	ldi	r24, 0x04	; 4
    3012:	90 e0       	ldi	r25, 0x00	; 0
    3014:	0e 94 6b 02 	call	0x4d6	; 0x4d6 <LCD_Displaying>
    3018:	60 e0       	ldi	r22, 0x00	; 0
    301a:	70 e0       	ldi	r23, 0x00	; 0
    301c:	8a e7       	ldi	r24, 0x7A	; 122
    301e:	94 e4       	ldi	r25, 0x44	; 68
    3020:	0e 94 5d 00 	call	0xba	; 0xba <delay_ms_var_double>
    3024:	41 e0       	ldi	r20, 0x01	; 1
    3026:	50 e0       	ldi	r21, 0x00	; 0
    3028:	6f e0       	ldi	r22, 0x0F	; 15
    302a:	70 e0       	ldi	r23, 0x00	; 0
    302c:	84 e1       	ldi	r24, 0x14	; 20
    302e:	90 e0       	ldi	r25, 0x00	; 0
    3030:	0e 94 17 02 	call	0x42e	; 0x42e <LCD_MoveLeft>
    3034:	41 e0       	ldi	r20, 0x01	; 1
    3036:	50 e0       	ldi	r21, 0x00	; 0
    3038:	6f e0       	ldi	r22, 0x0F	; 15
    303a:	70 e0       	ldi	r23, 0x00	; 0
    303c:	84 e1       	ldi	r24, 0x14	; 20
    303e:	90 e0       	ldi	r25, 0x00	; 0
    3040:	0e 94 ee 01 	call	0x3dc	; 0x3dc <LCD_MoveRight>
    3044:	83 e0       	ldi	r24, 0x03	; 3
    3046:	90 e0       	ldi	r25, 0x00	; 0
    3048:	0e 94 6b 02 	call	0x4d6	; 0x4d6 <LCD_Displaying>
    304c:	82 e0       	ldi	r24, 0x02	; 2
    304e:	90 e0       	ldi	r25, 0x00	; 0
    3050:	0e 94 40 02 	call	0x480	; 0x480 <LCD_Erase>
    3054:	60 e0       	ldi	r22, 0x00	; 0
    3056:	70 e0       	ldi	r23, 0x00	; 0
    3058:	8a ef       	ldi	r24, 0xFA	; 250
    305a:	93 e4       	ldi	r25, 0x43	; 67
    305c:	0e 94 5d 00 	call	0xba	; 0xba <delay_ms_var_double>
    3060:	0e 94 63 01 	call	0x2c6	; 0x2c6 <LCD_Clear>
    3064:	81 e0       	ldi	r24, 0x01	; 1
    3066:	90 e0       	ldi	r25, 0x00	; 0
    3068:	0e 94 6b 02 	call	0x4d6	; 0x4d6 <LCD_Displaying>
    306c:	0e 94 21 03 	call	0x642	; 0x642 <pilot_on>
    3070:	f6 e0       	ldi	r31, 0x06	; 6
    3072:	cf 16       	cp	r12, r31
    3074:	d1 04       	cpc	r13, r1
    3076:	18 f4       	brcc	.+6      	; 0x307e <czynnosc1+0x6c8>
    3078:	c6 01       	movw	r24, r12
    307a:	0e 94 6b 02 	call	0x4d6	; 0x4d6 <LCD_Displaying>
    307e:	0e 94 41 14 	call	0x2882	; 0x2882 <wysw>
    3082:	0f 90       	pop	r0
    3084:	0f 90       	pop	r0
    3086:	df 91       	pop	r29
    3088:	cf 91       	pop	r28
    308a:	1f 91       	pop	r17
    308c:	0f 91       	pop	r16
    308e:	ff 90       	pop	r15
    3090:	ef 90       	pop	r14
    3092:	df 90       	pop	r13
    3094:	cf 90       	pop	r12
    3096:	bf 90       	pop	r11
    3098:	af 90       	pop	r10
    309a:	3f 90       	pop	r3
    309c:	2f 90       	pop	r2
    309e:	08 95       	ret

000030a0 <czynnosc2>:
    30a0:	81 e0       	ldi	r24, 0x01	; 1
    30a2:	80 93 a7 05 	sts	0x05A7, r24
    30a6:	08 95       	ret

000030a8 <czynnosc3>:
    30a8:	8c 30       	cpi	r24, 0x0C	; 12
    30aa:	91 05       	cpc	r25, r1
    30ac:	61 f4       	brne	.+24     	; 0x30c6 <czynnosc3+0x1e>
    30ae:	61 30       	cpi	r22, 0x01	; 1
    30b0:	71 05       	cpc	r23, r1
    30b2:	69 f5       	brne	.+90     	; 0x310e <czynnosc3+0x66>
    30b4:	0e 94 63 01 	call	0x2c6	; 0x2c6 <LCD_Clear>
    30b8:	86 ed       	ldi	r24, 0xD6	; 214
    30ba:	94 e0       	ldi	r25, 0x04	; 4
    30bc:	0e 94 50 01 	call	0x2a0	; 0x2a0 <LCD_WriteText>
    30c0:	0e 94 5a 07 	call	0xeb4	; 0xeb4 <lockers_clear_all_memory>
    30c4:	24 c0       	rjmp	.+72     	; 0x310e <czynnosc3+0x66>
    30c6:	89 32       	cpi	r24, 0x29	; 41
    30c8:	91 05       	cpc	r25, r1
    30ca:	19 f4       	brne	.+6      	; 0x30d2 <czynnosc3+0x2a>
    30cc:	0e 94 52 05 	call	0xaa4	; 0xaa4 <lockers_print_all_memory>
    30d0:	1e c0       	rjmp	.+60     	; 0x310e <czynnosc3+0x66>
    30d2:	80 32       	cpi	r24, 0x20	; 32
    30d4:	91 05       	cpc	r25, r1
    30d6:	59 f4       	brne	.+22     	; 0x30ee <czynnosc3+0x46>
    30d8:	80 91 d6 05 	lds	r24, 0x05D6
    30dc:	90 91 d7 05 	lds	r25, 0x05D7
    30e0:	20 91 e9 05 	lds	r18, 0x05E9
    30e4:	30 91 ea 05 	lds	r19, 0x05EA
    30e8:	82 1b       	sub	r24, r18
    30ea:	93 0b       	sbc	r25, r19
    30ec:	0c c0       	rjmp	.+24     	; 0x3106 <czynnosc3+0x5e>
    30ee:	81 97       	sbiw	r24, 0x21	; 33
    30f0:	71 f4       	brne	.+28     	; 0x310e <czynnosc3+0x66>
    30f2:	80 91 d6 05 	lds	r24, 0x05D6
    30f6:	90 91 d7 05 	lds	r25, 0x05D7
    30fa:	20 91 e9 05 	lds	r18, 0x05E9
    30fe:	30 91 ea 05 	lds	r19, 0x05EA
    3102:	82 0f       	add	r24, r18
    3104:	93 1f       	adc	r25, r19
    3106:	90 93 d7 05 	sts	0x05D7, r25
    310a:	80 93 d6 05 	sts	0x05D6, r24
    310e:	81 e0       	ldi	r24, 0x01	; 1
    3110:	80 93 a7 05 	sts	0x05A7, r24
    3114:	08 95       	ret

00003116 <czynnosc4>:
    3116:	80 31       	cpi	r24, 0x10	; 16
    3118:	91 05       	cpc	r25, r1
    311a:	21 f4       	brne	.+8      	; 0x3124 <czynnosc4+0xe>
    311c:	80 91 f4 05 	lds	r24, 0x05F4
    3120:	8f 5f       	subi	r24, 0xFF	; 255
    3122:	06 c0       	rjmp	.+12     	; 0x3130 <czynnosc4+0x1a>
    3124:	81 31       	cpi	r24, 0x11	; 17
    3126:	91 05       	cpc	r25, r1
    3128:	49 f4       	brne	.+18     	; 0x313c <czynnosc4+0x26>
    312a:	80 91 f4 05 	lds	r24, 0x05F4
    312e:	81 50       	subi	r24, 0x01	; 1
    3130:	80 93 f4 05 	sts	0x05F4, r24
    3134:	81 e0       	ldi	r24, 0x01	; 1
    3136:	80 93 bd 05 	sts	0x05BD, r24
    313a:	12 c0       	rjmp	.+36     	; 0x3160 <czynnosc4+0x4a>
    313c:	80 32       	cpi	r24, 0x20	; 32
    313e:	91 05       	cpc	r25, r1
    3140:	11 f4       	brne	.+4      	; 0x3146 <czynnosc4+0x30>
    3142:	81 e0       	ldi	r24, 0x01	; 1
    3144:	04 c0       	rjmp	.+8      	; 0x314e <czynnosc4+0x38>
    3146:	81 32       	cpi	r24, 0x21	; 33
    3148:	91 05       	cpc	r25, r1
    314a:	21 f4       	brne	.+8      	; 0x3154 <czynnosc4+0x3e>
    314c:	82 e0       	ldi	r24, 0x02	; 2
    314e:	80 93 e8 05 	sts	0x05E8, r24
    3152:	06 c0       	rjmp	.+12     	; 0x3160 <czynnosc4+0x4a>
    3154:	cb 97       	sbiw	r24, 0x3b	; 59
    3156:	21 f4       	brne	.+8      	; 0x3160 <czynnosc4+0x4a>
    3158:	0e 94 f6 0c 	call	0x19ec	; 0x19ec <end_of_settings>
    315c:	80 93 f4 05 	sts	0x05F4, r24
    3160:	81 e0       	ldi	r24, 0x01	; 1
    3162:	80 93 a7 05 	sts	0x05A7, r24
    3166:	08 95       	ret

00003168 <czynnosc5>:
    3168:	80 31       	cpi	r24, 0x10	; 16
    316a:	91 05       	cpc	r25, r1
    316c:	21 f4       	brne	.+8      	; 0x3176 <czynnosc5+0xe>
    316e:	80 91 f4 05 	lds	r24, 0x05F4
    3172:	8f 5f       	subi	r24, 0xFF	; 255
    3174:	06 c0       	rjmp	.+12     	; 0x3182 <czynnosc5+0x1a>
    3176:	81 31       	cpi	r24, 0x11	; 17
    3178:	91 05       	cpc	r25, r1
    317a:	49 f4       	brne	.+18     	; 0x318e <czynnosc5+0x26>
    317c:	80 91 f4 05 	lds	r24, 0x05F4
    3180:	81 50       	subi	r24, 0x01	; 1
    3182:	80 93 f4 05 	sts	0x05F4, r24
    3186:	81 e0       	ldi	r24, 0x01	; 1
    3188:	80 93 bd 05 	sts	0x05BD, r24
    318c:	12 c0       	rjmp	.+36     	; 0x31b2 <czynnosc5+0x4a>
    318e:	80 32       	cpi	r24, 0x20	; 32
    3190:	91 05       	cpc	r25, r1
    3192:	11 f4       	brne	.+4      	; 0x3198 <czynnosc5+0x30>
    3194:	81 e0       	ldi	r24, 0x01	; 1
    3196:	04 c0       	rjmp	.+8      	; 0x31a0 <czynnosc5+0x38>
    3198:	81 32       	cpi	r24, 0x21	; 33
    319a:	91 05       	cpc	r25, r1
    319c:	21 f4       	brne	.+8      	; 0x31a6 <czynnosc5+0x3e>
    319e:	82 e0       	ldi	r24, 0x02	; 2
    31a0:	80 93 e8 05 	sts	0x05E8, r24
    31a4:	06 c0       	rjmp	.+12     	; 0x31b2 <czynnosc5+0x4a>
    31a6:	cb 97       	sbiw	r24, 0x3b	; 59
    31a8:	21 f4       	brne	.+8      	; 0x31b2 <czynnosc5+0x4a>
    31aa:	0e 94 f6 0c 	call	0x19ec	; 0x19ec <end_of_settings>
    31ae:	80 93 f4 05 	sts	0x05F4, r24
    31b2:	81 e0       	ldi	r24, 0x01	; 1
    31b4:	80 93 a7 05 	sts	0x05A7, r24
    31b8:	08 95       	ret

000031ba <czynnosc6>:
    31ba:	80 31       	cpi	r24, 0x10	; 16
    31bc:	91 05       	cpc	r25, r1
    31be:	21 f4       	brne	.+8      	; 0x31c8 <czynnosc6+0xe>
    31c0:	80 91 f4 05 	lds	r24, 0x05F4
    31c4:	8f 5f       	subi	r24, 0xFF	; 255
    31c6:	06 c0       	rjmp	.+12     	; 0x31d4 <czynnosc6+0x1a>
    31c8:	81 31       	cpi	r24, 0x11	; 17
    31ca:	91 05       	cpc	r25, r1
    31cc:	49 f4       	brne	.+18     	; 0x31e0 <czynnosc6+0x26>
    31ce:	80 91 f4 05 	lds	r24, 0x05F4
    31d2:	81 50       	subi	r24, 0x01	; 1
    31d4:	80 93 f4 05 	sts	0x05F4, r24
    31d8:	81 e0       	ldi	r24, 0x01	; 1
    31da:	80 93 bd 05 	sts	0x05BD, r24
    31de:	12 c0       	rjmp	.+36     	; 0x3204 <czynnosc6+0x4a>
    31e0:	80 32       	cpi	r24, 0x20	; 32
    31e2:	91 05       	cpc	r25, r1
    31e4:	11 f4       	brne	.+4      	; 0x31ea <czynnosc6+0x30>
    31e6:	81 e0       	ldi	r24, 0x01	; 1
    31e8:	04 c0       	rjmp	.+8      	; 0x31f2 <czynnosc6+0x38>
    31ea:	81 32       	cpi	r24, 0x21	; 33
    31ec:	91 05       	cpc	r25, r1
    31ee:	21 f4       	brne	.+8      	; 0x31f8 <czynnosc6+0x3e>
    31f0:	82 e0       	ldi	r24, 0x02	; 2
    31f2:	80 93 e8 05 	sts	0x05E8, r24
    31f6:	06 c0       	rjmp	.+12     	; 0x3204 <czynnosc6+0x4a>
    31f8:	cb 97       	sbiw	r24, 0x3b	; 59
    31fa:	21 f4       	brne	.+8      	; 0x3204 <czynnosc6+0x4a>
    31fc:	0e 94 f6 0c 	call	0x19ec	; 0x19ec <end_of_settings>
    3200:	80 93 f4 05 	sts	0x05F4, r24
    3204:	81 e0       	ldi	r24, 0x01	; 1
    3206:	80 93 a7 05 	sts	0x05A7, r24
    320a:	08 95       	ret

0000320c <czynnosc7>:
    320c:	cb 97       	sbiw	r24, 0x3b	; 59
    320e:	21 f4       	brne	.+8      	; 0x3218 <czynnosc7+0xc>
    3210:	0e 94 f6 0c 	call	0x19ec	; 0x19ec <end_of_settings>
    3214:	80 93 f4 05 	sts	0x05F4, r24
    3218:	81 e0       	ldi	r24, 0x01	; 1
    321a:	80 93 a7 05 	sts	0x05A7, r24
    321e:	08 95       	ret

00003220 <czynnosc>:
    3220:	0f 93       	push	r16
    3222:	1f 93       	push	r17
    3224:	cf 93       	push	r28
    3226:	df 93       	push	r29
    3228:	ec 01       	movw	r28, r24
    322a:	8b 01       	movw	r16, r22
    322c:	0e 94 fe 08 	call	0x11fc	; 0x11fc <buzzer>
    3230:	80 91 ab 05 	lds	r24, 0x05AB
    3234:	81 11       	cpse	r24, r1
    3236:	05 c0       	rjmp	.+10     	; 0x3242 <czynnosc+0x22>
    3238:	b8 01       	movw	r22, r16
    323a:	ce 01       	movw	r24, r28
    323c:	0e 94 87 14 	call	0x290e	; 0x290e <czynnosc0>
    3240:	28 c0       	rjmp	.+80     	; 0x3292 <czynnosc+0x72>
    3242:	81 30       	cpi	r24, 0x01	; 1
    3244:	29 f4       	brne	.+10     	; 0x3250 <czynnosc+0x30>
    3246:	b8 01       	movw	r22, r16
    3248:	ce 01       	movw	r24, r28
    324a:	0e 94 db 14 	call	0x29b6	; 0x29b6 <czynnosc1>
    324e:	21 c0       	rjmp	.+66     	; 0x3292 <czynnosc+0x72>
    3250:	82 30       	cpi	r24, 0x02	; 2
    3252:	21 f4       	brne	.+8      	; 0x325c <czynnosc+0x3c>
    3254:	81 e0       	ldi	r24, 0x01	; 1
    3256:	80 93 a7 05 	sts	0x05A7, r24
    325a:	1b c0       	rjmp	.+54     	; 0x3292 <czynnosc+0x72>
    325c:	83 30       	cpi	r24, 0x03	; 3
    325e:	29 f4       	brne	.+10     	; 0x326a <czynnosc+0x4a>
    3260:	b8 01       	movw	r22, r16
    3262:	ce 01       	movw	r24, r28
    3264:	0e 94 54 18 	call	0x30a8	; 0x30a8 <czynnosc3>
    3268:	14 c0       	rjmp	.+40     	; 0x3292 <czynnosc+0x72>
    326a:	84 30       	cpi	r24, 0x04	; 4
    326c:	29 f4       	brne	.+10     	; 0x3278 <czynnosc+0x58>
    326e:	b8 01       	movw	r22, r16
    3270:	ce 01       	movw	r24, r28
    3272:	0e 94 8b 18 	call	0x3116	; 0x3116 <czynnosc4>
    3276:	0d c0       	rjmp	.+26     	; 0x3292 <czynnosc+0x72>
    3278:	85 30       	cpi	r24, 0x05	; 5
    327a:	29 f4       	brne	.+10     	; 0x3286 <czynnosc+0x66>
    327c:	b8 01       	movw	r22, r16
    327e:	ce 01       	movw	r24, r28
    3280:	0e 94 b4 18 	call	0x3168	; 0x3168 <czynnosc5>
    3284:	06 c0       	rjmp	.+12     	; 0x3292 <czynnosc+0x72>
    3286:	86 30       	cpi	r24, 0x06	; 6
    3288:	21 f4       	brne	.+8      	; 0x3292 <czynnosc+0x72>
    328a:	b8 01       	movw	r22, r16
    328c:	ce 01       	movw	r24, r28
    328e:	0e 94 dd 18 	call	0x31ba	; 0x31ba <czynnosc6>
    3292:	c6 32       	cpi	r28, 0x26	; 38
    3294:	d1 05       	cpc	r29, r1
    3296:	51 f5       	brne	.+84     	; 0x32ec <czynnosc+0xcc>
    3298:	10 92 a7 05 	sts	0x05A7, r1
    329c:	0e 94 63 01 	call	0x2c6	; 0x2c6 <LCD_Clear>
    32a0:	85 ee       	ldi	r24, 0xE5	; 229
    32a2:	94 e0       	ldi	r25, 0x04	; 4
    32a4:	0e 94 50 01 	call	0x2a0	; 0x2a0 <LCD_WriteText>
    32a8:	61 e0       	ldi	r22, 0x01	; 1
    32aa:	80 e0       	ldi	r24, 0x00	; 0
    32ac:	0e 94 5c 01 	call	0x2b8	; 0x2b8 <LCD_GoTo>
    32b0:	81 ef       	ldi	r24, 0xF1	; 241
    32b2:	94 e0       	ldi	r25, 0x04	; 4
    32b4:	0e 94 50 01 	call	0x2a0	; 0x2a0 <LCD_WriteText>
    32b8:	60 e0       	ldi	r22, 0x00	; 0
    32ba:	70 e0       	ldi	r23, 0x00	; 0
    32bc:	8a e7       	ldi	r24, 0x7A	; 122
    32be:	93 e4       	ldi	r25, 0x43	; 67
    32c0:	0e 94 5d 00 	call	0xba	; 0xba <delay_ms_var_double>
    32c4:	41 e0       	ldi	r20, 0x01	; 1
    32c6:	50 e0       	ldi	r21, 0x00	; 0
    32c8:	6f e0       	ldi	r22, 0x0F	; 15
    32ca:	70 e0       	ldi	r23, 0x00	; 0
    32cc:	84 e1       	ldi	r24, 0x14	; 20
    32ce:	90 e0       	ldi	r25, 0x00	; 0
    32d0:	0e 94 ee 01 	call	0x3dc	; 0x3dc <LCD_MoveRight>
    32d4:	41 e0       	ldi	r20, 0x01	; 1
    32d6:	50 e0       	ldi	r21, 0x00	; 0
    32d8:	6f e0       	ldi	r22, 0x0F	; 15
    32da:	70 e0       	ldi	r23, 0x00	; 0
    32dc:	84 e1       	ldi	r24, 0x14	; 20
    32de:	90 e0       	ldi	r25, 0x00	; 0
    32e0:	0e 94 17 02 	call	0x42e	; 0x42e <LCD_MoveLeft>
    32e4:	81 e0       	ldi	r24, 0x01	; 1
    32e6:	80 93 a7 05 	sts	0x05A7, r24
    32ea:	38 c0       	rjmp	.+112    	; 0x335c <czynnosc+0x13c>
    32ec:	cf 30       	cpi	r28, 0x0F	; 15
    32ee:	d1 05       	cpc	r29, r1
    32f0:	89 f4       	brne	.+34     	; 0x3314 <czynnosc+0xf4>
    32f2:	01 15       	cp	r16, r1
    32f4:	11 05       	cpc	r17, r1
    32f6:	31 f4       	brne	.+12     	; 0x3304 <czynnosc+0xe4>
    32f8:	10 92 a8 05 	sts	0x05A8, r1
    32fc:	82 e0       	ldi	r24, 0x02	; 2
    32fe:	0e 94 16 09 	call	0x122c	; 0x122c <backlight>
    3302:	2c c0       	rjmp	.+88     	; 0x335c <czynnosc+0x13c>
    3304:	01 30       	cpi	r16, 0x01	; 1
    3306:	11 05       	cpc	r17, r1
    3308:	49 f5       	brne	.+82     	; 0x335c <czynnosc+0x13c>
    330a:	0e 94 77 01 	call	0x2ee	; 0x2ee <LCD_BacklightOn>
    330e:	0e 94 0c 09 	call	0x1218	; 0x1218 <backlight.part.0>
    3312:	24 c0       	rjmp	.+72     	; 0x335c <czynnosc+0x13c>
    3314:	ce 32       	cpi	r28, 0x2E	; 46
    3316:	d1 05       	cpc	r29, r1
    3318:	49 f4       	brne	.+18     	; 0x332c <czynnosc+0x10c>
    331a:	41 e0       	ldi	r20, 0x01	; 1
    331c:	50 e0       	ldi	r21, 0x00	; 0
    331e:	61 e0       	ldi	r22, 0x01	; 1
    3320:	70 e0       	ldi	r23, 0x00	; 0
    3322:	80 e0       	ldi	r24, 0x00	; 0
    3324:	90 e0       	ldi	r25, 0x00	; 0
    3326:	0e 94 ee 01 	call	0x3dc	; 0x3dc <LCD_MoveRight>
    332a:	27 c0       	rjmp	.+78     	; 0x337a <czynnosc+0x15a>
    332c:	c2 32       	cpi	r28, 0x22	; 34
    332e:	d1 05       	cpc	r29, r1
    3330:	49 f4       	brne	.+18     	; 0x3344 <czynnosc+0x124>
    3332:	41 e0       	ldi	r20, 0x01	; 1
    3334:	50 e0       	ldi	r21, 0x00	; 0
    3336:	61 e0       	ldi	r22, 0x01	; 1
    3338:	70 e0       	ldi	r23, 0x00	; 0
    333a:	80 e0       	ldi	r24, 0x00	; 0
    333c:	90 e0       	ldi	r25, 0x00	; 0
    333e:	0e 94 17 02 	call	0x42e	; 0x42e <LCD_MoveLeft>
    3342:	2d c0       	rjmp	.+90     	; 0x339e <czynnosc+0x17e>
    3344:	c4 32       	cpi	r28, 0x24	; 36
    3346:	d1 05       	cpc	r29, r1
    3348:	49 f4       	brne	.+18     	; 0x335c <czynnosc+0x13c>
    334a:	41 e0       	ldi	r20, 0x01	; 1
    334c:	50 e0       	ldi	r21, 0x00	; 0
    334e:	6f e0       	ldi	r22, 0x0F	; 15
    3350:	70 e0       	ldi	r23, 0x00	; 0
    3352:	84 e1       	ldi	r24, 0x14	; 20
    3354:	90 e0       	ldi	r25, 0x00	; 0
    3356:	0e 94 ee 01 	call	0x3dc	; 0x3dc <LCD_MoveRight>
    335a:	2b c0       	rjmp	.+86     	; 0x33b2 <czynnosc+0x192>
    335c:	c3 32       	cpi	r28, 0x23	; 35
    335e:	d1 05       	cpc	r29, r1
    3360:	61 f4       	brne	.+24     	; 0x337a <czynnosc+0x15a>
    3362:	41 e0       	ldi	r20, 0x01	; 1
    3364:	50 e0       	ldi	r21, 0x00	; 0
    3366:	6f e0       	ldi	r22, 0x0F	; 15
    3368:	70 e0       	ldi	r23, 0x00	; 0
    336a:	84 e1       	ldi	r24, 0x14	; 20
    336c:	90 e0       	ldi	r25, 0x00	; 0
    336e:	df 91       	pop	r29
    3370:	cf 91       	pop	r28
    3372:	1f 91       	pop	r17
    3374:	0f 91       	pop	r16
    3376:	0c 94 17 02 	jmp	0x42e	; 0x42e <LCD_MoveLeft>
    337a:	cc 32       	cpi	r28, 0x2C	; 44
    337c:	d1 05       	cpc	r29, r1
    337e:	31 f4       	brne	.+12     	; 0x338c <czynnosc+0x16c>
    3380:	df 91       	pop	r29
    3382:	cf 91       	pop	r28
    3384:	1f 91       	pop	r17
    3386:	0f 91       	pop	r16
    3388:	0c 94 8e 09 	jmp	0x131c	; 0x131c <step_increase>
    338c:	cd 32       	cpi	r28, 0x2D	; 45
    338e:	d1 05       	cpc	r29, r1
    3390:	31 f4       	brne	.+12     	; 0x339e <czynnosc+0x17e>
    3392:	df 91       	pop	r29
    3394:	cf 91       	pop	r28
    3396:	1f 91       	pop	r17
    3398:	0f 91       	pop	r16
    339a:	0c 94 a8 09 	jmp	0x1350	; 0x1350 <step_decrease>
    339e:	ce 30       	cpi	r28, 0x0E	; 14
    33a0:	d1 05       	cpc	r29, r1
    33a2:	39 f4       	brne	.+14     	; 0x33b2 <czynnosc+0x192>
    33a4:	01 30       	cpi	r16, 0x01	; 1
    33a6:	11 05       	cpc	r17, r1
    33a8:	31 f5       	brne	.+76     	; 0x33f6 <czynnosc+0x1d6>
    33aa:	81 e0       	ldi	r24, 0x01	; 1
    33ac:	80 93 7d 00 	sts	0x007D, r24
    33b0:	22 c0       	rjmp	.+68     	; 0x33f6 <czynnosc+0x1d6>
    33b2:	c4 36       	cpi	r28, 0x64	; 100
    33b4:	d1 05       	cpc	r29, r1
    33b6:	f9 f4       	brne	.+62     	; 0x33f6 <czynnosc+0x1d6>
    33b8:	80 91 a9 05 	lds	r24, 0x05A9
    33bc:	81 30       	cpi	r24, 0x01	; 1
    33be:	69 f4       	brne	.+26     	; 0x33da <czynnosc+0x1ba>
    33c0:	10 92 a9 05 	sts	0x05A9, r1
    33c4:	60 e0       	ldi	r22, 0x00	; 0
    33c6:	70 e0       	ldi	r23, 0x00	; 0
    33c8:	8a ef       	ldi	r24, 0xFA	; 250
    33ca:	93 e4       	ldi	r25, 0x43	; 67
    33cc:	0e 94 07 09 	call	0x120e	; 0x120e <buzzer_time>
    33d0:	0e 94 1d 03 	call	0x63a	; 0x63a <pilot_off>
    33d4:	10 92 a8 05 	sts	0x05A8, r1
    33d8:	0e c0       	rjmp	.+28     	; 0x33f6 <czynnosc+0x1d6>
    33da:	81 11       	cpse	r24, r1
    33dc:	0c c0       	rjmp	.+24     	; 0x33f6 <czynnosc+0x1d6>
    33de:	81 e0       	ldi	r24, 0x01	; 1
    33e0:	80 93 a9 05 	sts	0x05A9, r24
    33e4:	0e 94 21 03 	call	0x642	; 0x642 <pilot_on>
    33e8:	82 e0       	ldi	r24, 0x02	; 2
    33ea:	df 91       	pop	r29
    33ec:	cf 91       	pop	r28
    33ee:	1f 91       	pop	r17
    33f0:	0f 91       	pop	r16
    33f2:	0c 94 16 09 	jmp	0x122c	; 0x122c <backlight>
    33f6:	df 91       	pop	r29
    33f8:	cf 91       	pop	r28
    33fa:	1f 91       	pop	r17
    33fc:	0f 91       	pop	r16
    33fe:	08 95       	ret

00003400 <pilot>:
    3400:	0f 93       	push	r16
    3402:	1f 93       	push	r17
    3404:	cf 93       	push	r28
    3406:	df 93       	push	r29
    3408:	ec 01       	movw	r28, r24
    340a:	8b 01       	movw	r16, r22
    340c:	80 91 a8 05 	lds	r24, 0x05A8
    3410:	87 fd       	sbrc	r24, 7
    3412:	03 c0       	rjmp	.+6      	; 0x341a <pilot+0x1a>
    3414:	82 e0       	ldi	r24, 0x02	; 2
    3416:	0e 94 16 09 	call	0x122c	; 0x122c <backlight>
    341a:	80 91 f3 05 	lds	r24, 0x05F3
    341e:	83 30       	cpi	r24, 0x03	; 3
    3420:	49 f4       	brne	.+18     	; 0x3434 <pilot+0x34>
    3422:	0e 94 0f 04 	call	0x81e	; 0x81e <lockers_is_safety_bit>
    3426:	81 30       	cpi	r24, 0x01	; 1
    3428:	29 f4       	brne	.+10     	; 0x3434 <pilot+0x34>
    342a:	10 92 f3 05 	sts	0x05F3, r1
    342e:	82 e0       	ldi	r24, 0x02	; 2
    3430:	0e 94 16 09 	call	0x122c	; 0x122c <backlight>
    3434:	80 91 f3 05 	lds	r24, 0x05F3
    3438:	83 30       	cpi	r24, 0x03	; 3
    343a:	41 f0       	breq	.+16     	; 0x344c <pilot+0x4c>
    343c:	b8 01       	movw	r22, r16
    343e:	ce 01       	movw	r24, r28
    3440:	df 91       	pop	r29
    3442:	cf 91       	pop	r28
    3444:	1f 91       	pop	r17
    3446:	0f 91       	pop	r16
    3448:	0c 94 10 19 	jmp	0x3220	; 0x3220 <czynnosc>
    344c:	df 91       	pop	r29
    344e:	cf 91       	pop	r28
    3450:	1f 91       	pop	r17
    3452:	0f 91       	pop	r16
    3454:	08 95       	ret

00003456 <toggle_action>:
    3456:	10 92 ba 05 	sts	0x05BA, r1
    345a:	10 92 b9 05 	sts	0x05B9, r1
    345e:	20 91 7c 00 	lds	r18, 0x007C
    3462:	80 91 b0 05 	lds	r24, 0x05B0
    3466:	22 30       	cpi	r18, 0x02	; 2
    3468:	79 f0       	breq	.+30     	; 0x3488 <toggle_action+0x32>
    346a:	33 27       	eor	r19, r19
    346c:	27 fd       	sbrc	r18, 7
    346e:	30 95       	com	r19
    3470:	90 e0       	ldi	r25, 0x00	; 0
    3472:	28 17       	cp	r18, r24
    3474:	39 07       	cpc	r19, r25
    3476:	31 f4       	brne	.+12     	; 0x3484 <toggle_action+0x2e>
    3478:	81 e0       	ldi	r24, 0x01	; 1
    347a:	90 e0       	ldi	r25, 0x00	; 0
    347c:	90 93 ba 05 	sts	0x05BA, r25
    3480:	80 93 b9 05 	sts	0x05B9, r24
    3484:	80 91 b0 05 	lds	r24, 0x05B0
    3488:	80 93 7c 00 	sts	0x007C, r24
    348c:	08 95       	ret

0000348e <sczytaj_komende>:
    348e:	8f 92       	push	r8
    3490:	9f 92       	push	r9
    3492:	af 92       	push	r10
    3494:	bf 92       	push	r11
    3496:	cf 92       	push	r12
    3498:	df 92       	push	r13
    349a:	ef 92       	push	r14
    349c:	ff 92       	push	r15
    349e:	cf 93       	push	r28
    34a0:	80 91 a7 05 	lds	r24, 0x05A7
    34a4:	81 30       	cpi	r24, 0x01	; 1
    34a6:	21 f4       	brne	.+8      	; 0x34b0 <sczytaj_komende+0x22>
    34a8:	10 92 a7 05 	sts	0x05A7, r1
    34ac:	0e 94 41 14 	call	0x2882	; 0x2882 <wysw>
    34b0:	80 91 d3 05 	lds	r24, 0x05D3
    34b4:	81 30       	cpi	r24, 0x01	; 1
    34b6:	09 f0       	breq	.+2      	; 0x34ba <sczytaj_komende+0x2c>
    34b8:	fa c0       	rjmp	.+500    	; 0x36ae <sczytaj_komende+0x220>
    34ba:	10 92 d9 05 	sts	0x05D9, r1
    34be:	10 92 d8 05 	sts	0x05D8, r1
    34c2:	10 92 d3 05 	sts	0x05D3, r1
    34c6:	90 91 f3 05 	lds	r25, 0x05F3
    34ca:	80 91 ac 05 	lds	r24, 0x05AC
    34ce:	93 30       	cpi	r25, 0x03	; 3
    34d0:	71 f5       	brne	.+92     	; 0x352e <sczytaj_komende+0xa0>
    34d2:	81 11       	cpse	r24, r1
    34d4:	2c c0       	rjmp	.+88     	; 0x352e <sczytaj_komende+0xa0>
    34d6:	0e 94 0f 04 	call	0x81e	; 0x81e <lockers_is_safety_bit>
    34da:	c8 2f       	mov	r28, r24
    34dc:	81 30       	cpi	r24, 0x01	; 1
    34de:	f1 f4       	brne	.+60     	; 0x351c <sczytaj_komende+0x8e>
    34e0:	0e 94 fe 08 	call	0x11fc	; 0x11fc <buzzer>
    34e4:	82 e0       	ldi	r24, 0x02	; 2
    34e6:	0e 94 16 09 	call	0x122c	; 0x122c <backlight>
    34ea:	83 e2       	ldi	r24, 0x23	; 35
    34ec:	90 e0       	ldi	r25, 0x00	; 0
    34ee:	0e 94 28 25 	call	0x4a50	; 0x4a50 <putchar>
    34f2:	0e 94 1b 04 	call	0x836	; 0x836 <USART_Recieve_without_waiting>
    34f6:	82 37       	cpi	r24, 0x72	; 114
    34f8:	11 f5       	brne	.+68     	; 0x353e <sczytaj_komende+0xb0>
    34fa:	2b ef       	ldi	r18, 0xFB	; 251
    34fc:	34 e0       	ldi	r19, 0x04	; 4
    34fe:	3f 93       	push	r19
    3500:	2f 93       	push	r18
    3502:	0e 94 14 25 	call	0x4a28	; 0x4a28 <printf>
    3506:	0e 94 07 04 	call	0x80e	; 0x80e <lockers_safety_bit_off>
    350a:	0e 94 77 01 	call	0x2ee	; 0x2ee <LCD_BacklightOn>
    350e:	0e 94 0c 09 	call	0x1218	; 0x1218 <backlight.part.0>
    3512:	c0 93 ac 05 	sts	0x05AC, r28
    3516:	0f 90       	pop	r0
    3518:	0f 90       	pop	r0
    351a:	11 c0       	rjmp	.+34     	; 0x353e <sczytaj_komende+0xb0>
    351c:	0e 94 0f 04 	call	0x81e	; 0x81e <lockers_is_safety_bit>
    3520:	81 11       	cpse	r24, r1
    3522:	0d c0       	rjmp	.+26     	; 0x353e <sczytaj_komende+0xb0>
    3524:	0e 94 ff 03 	call	0x7fe	; 0x7fe <lockers_safety_bit_on>
    3528:	10 92 f3 05 	sts	0x05F3, r1
    352c:	08 c0       	rjmp	.+16     	; 0x353e <sczytaj_komende+0xb0>
    352e:	81 30       	cpi	r24, 0x01	; 1
    3530:	31 f4       	brne	.+12     	; 0x353e <sczytaj_komende+0xb0>
    3532:	60 e0       	ldi	r22, 0x00	; 0
    3534:	70 e0       	ldi	r23, 0x00	; 0
    3536:	88 ec       	ldi	r24, 0xC8	; 200
    3538:	92 e4       	ldi	r25, 0x42	; 66
    353a:	0e 94 07 09 	call	0x120e	; 0x120e <buzzer_time>
    353e:	80 91 f3 05 	lds	r24, 0x05F3
    3542:	81 11       	cpse	r24, r1
    3544:	17 c0       	rjmp	.+46     	; 0x3574 <sczytaj_komende+0xe6>
    3546:	84 e1       	ldi	r24, 0x14	; 20
    3548:	95 e0       	ldi	r25, 0x05	; 5
    354a:	9f 93       	push	r25
    354c:	8f 93       	push	r24
    354e:	0e 94 14 25 	call	0x4a28	; 0x4a28 <printf>
    3552:	0e 94 97 04 	call	0x92e	; 0x92e <lockers_print_date_of_report>
    3556:	0e 94 39 06 	call	0xc72	; 0xc72 <lockers_is_queue_full>
    355a:	0f 90       	pop	r0
    355c:	0f 90       	pop	r0
    355e:	81 30       	cpi	r24, 0x01	; 1
    3560:	31 f4       	brne	.+12     	; 0x356e <sczytaj_komende+0xe0>
    3562:	84 e3       	ldi	r24, 0x34	; 52
    3564:	95 e0       	ldi	r25, 0x05	; 5
    3566:	0e 94 2f 25 	call	0x4a5e	; 0x4a5e <puts>
    356a:	0e 94 d1 05 	call	0xba2	; 0xba2 <lockers_print_latest_data>
    356e:	82 e0       	ldi	r24, 0x02	; 2
    3570:	80 93 f3 05 	sts	0x05F3, r24
    3574:	80 91 f3 05 	lds	r24, 0x05F3
    3578:	82 50       	subi	r24, 0x02	; 2
    357a:	82 30       	cpi	r24, 0x02	; 2
    357c:	08 f0       	brcs	.+2      	; 0x3580 <sczytaj_komende+0xf2>
    357e:	7d c0       	rjmp	.+250    	; 0x367a <sczytaj_komende+0x1ec>
    3580:	80 91 ab 05 	lds	r24, 0x05AB
    3584:	84 50       	subi	r24, 0x04	; 4
    3586:	82 30       	cpi	r24, 0x02	; 2
    3588:	08 f4       	brcc	.+2      	; 0x358c <sczytaj_komende+0xfe>
    358a:	73 c0       	rjmp	.+230    	; 0x3672 <sczytaj_komende+0x1e4>
    358c:	0e 94 a4 08 	call	0x1148	; 0x1148 <change_color_RGB>
    3590:	0e 94 10 20 	call	0x4020	; 0x4020 <ds18b20_temperature>
    3594:	0e 94 02 07 	call	0xe04	; 0xe04 <lockers_check_events>
    3598:	80 91 f3 05 	lds	r24, 0x05F3
    359c:	82 30       	cpi	r24, 0x02	; 2
    359e:	09 f0       	breq	.+2      	; 0x35a2 <sczytaj_komende+0x114>
    35a0:	6c c0       	rjmp	.+216    	; 0x367a <sczytaj_komende+0x1ec>
    35a2:	0e 94 1b 04 	call	0x836	; 0x836 <USART_Recieve_without_waiting>
    35a6:	82 35       	cpi	r24, 0x52	; 82
    35a8:	19 f4       	brne	.+6      	; 0x35b0 <sczytaj_komende+0x122>
    35aa:	0e 94 52 05 	call	0xaa4	; 0xaa4 <lockers_print_all_memory>
    35ae:	07 c0       	rjmp	.+14     	; 0x35be <sczytaj_komende+0x130>
    35b0:	82 37       	cpi	r24, 0x72	; 114
    35b2:	19 f4       	brne	.+6      	; 0x35ba <sczytaj_komende+0x12c>
    35b4:	0e 94 d1 05 	call	0xba2	; 0xba2 <lockers_print_latest_data>
    35b8:	02 c0       	rjmp	.+4      	; 0x35be <sczytaj_komende+0x130>
    35ba:	88 23       	and	r24, r24
    35bc:	19 f0       	breq	.+6      	; 0x35c4 <sczytaj_komende+0x136>
    35be:	81 e0       	ldi	r24, 0x01	; 1
    35c0:	80 93 a7 05 	sts	0x05A7, r24
    35c4:	0e 94 23 1f 	call	0x3e46	; 0x3e46 <PCF8583_is_timer_flag_set>
    35c8:	81 30       	cpi	r24, 0x01	; 1
    35ca:	49 f4       	brne	.+18     	; 0x35de <sczytaj_komende+0x150>
    35cc:	82 e0       	ldi	r24, 0x02	; 2
    35ce:	0e 94 16 09 	call	0x122c	; 0x122c <backlight>
    35d2:	0e 94 fe 08 	call	0x11fc	; 0x11fc <buzzer>
    35d6:	0e 94 d1 05 	call	0xba2	; 0xba2 <lockers_print_latest_data>
    35da:	0e 94 54 1c 	call	0x38a8	; 0x38a8 <PCF8583_timer_flag_off>
    35de:	60 91 b5 05 	lds	r22, 0x05B5
    35e2:	70 91 b6 05 	lds	r23, 0x05B6
    35e6:	80 91 b7 05 	lds	r24, 0x05B7
    35ea:	90 91 b8 05 	lds	r25, 0x05B8
    35ee:	42 e0       	ldi	r20, 0x02	; 2
    35f0:	0e 94 de 07 	call	0xfbc	; 0xfbc <get_double_format>
    35f4:	0e 94 b8 07 	call	0xf70	; 0xf70 <get_double_form_double_format>
    35f8:	6b 01       	movw	r12, r22
    35fa:	7c 01       	movw	r14, r24
    35fc:	60 91 f5 05 	lds	r22, 0x05F5
    3600:	70 91 f6 05 	lds	r23, 0x05F6
    3604:	80 91 f7 05 	lds	r24, 0x05F7
    3608:	0e 94 b8 07 	call	0xf70	; 0xf70 <get_double_form_double_format>
    360c:	4b 01       	movw	r8, r22
    360e:	5c 01       	movw	r10, r24
    3610:	0e 94 28 1f 	call	0x3e50	; 0x3e50 <PCF8583_is_alarm_flag_set>
    3614:	81 30       	cpi	r24, 0x01	; 1
    3616:	41 f0       	breq	.+16     	; 0x3628 <sczytaj_komende+0x19a>
    3618:	a5 01       	movw	r20, r10
    361a:	94 01       	movw	r18, r8
    361c:	c7 01       	movw	r24, r14
    361e:	b6 01       	movw	r22, r12
    3620:	0e 94 03 23 	call	0x4606	; 0x4606 <__gesf2>
    3624:	18 16       	cp	r1, r24
    3626:	4c f5       	brge	.+82     	; 0x367a <sczytaj_komende+0x1ec>
    3628:	82 e0       	ldi	r24, 0x02	; 2
    362a:	0e 94 16 09 	call	0x122c	; 0x122c <backlight>
    362e:	a5 01       	movw	r20, r10
    3630:	94 01       	movw	r18, r8
    3632:	c7 01       	movw	r24, r14
    3634:	b6 01       	movw	r22, r12
    3636:	0e 94 03 23 	call	0x4606	; 0x4606 <__gesf2>
    363a:	18 16       	cp	r1, r24
    363c:	7c f4       	brge	.+30     	; 0x365c <sczytaj_komende+0x1ce>
    363e:	60 e0       	ldi	r22, 0x00	; 0
    3640:	70 e0       	ldi	r23, 0x00	; 0
    3642:	80 e2       	ldi	r24, 0x20	; 32
    3644:	91 e4       	ldi	r25, 0x41	; 65
    3646:	0e 94 07 09 	call	0x120e	; 0x120e <buzzer_time>
    364a:	82 e5       	ldi	r24, 0x52	; 82
    364c:	95 e0       	ldi	r25, 0x05	; 5
    364e:	9f 93       	push	r25
    3650:	8f 93       	push	r24
    3652:	0e 94 14 25 	call	0x4a28	; 0x4a28 <printf>
    3656:	0f 90       	pop	r0
    3658:	0f 90       	pop	r0
    365a:	06 c0       	rjmp	.+12     	; 0x3668 <sczytaj_komende+0x1da>
    365c:	0e 94 28 1f 	call	0x3e50	; 0x3e50 <PCF8583_is_alarm_flag_set>
    3660:	81 30       	cpi	r24, 0x01	; 1
    3662:	11 f4       	brne	.+4      	; 0x3668 <sczytaj_komende+0x1da>
    3664:	0e 94 fe 08 	call	0x11fc	; 0x11fc <buzzer>
    3668:	0e 94 d8 04 	call	0x9b0	; 0x9b0 <lockers_print_temperature>
    366c:	0e 94 64 1c 	call	0x38c8	; 0x38c8 <PCF8583_alarm_flag_off>
    3670:	04 c0       	rjmp	.+8      	; 0x367a <sczytaj_komende+0x1ec>
    3672:	0e 94 f1 06 	call	0xde2	; 0xde2 <lockers_beginning_actions>
    3676:	0e 94 f7 08 	call	0x11ee	; 0x11ee <no_colors_RGB>
    367a:	80 91 ab 05 	lds	r24, 0x05AB
    367e:	82 30       	cpi	r24, 0x02	; 2
    3680:	19 f4       	brne	.+6      	; 0x3688 <sczytaj_komende+0x1fa>
    3682:	81 e0       	ldi	r24, 0x01	; 1
    3684:	80 93 a7 05 	sts	0x05A7, r24
    3688:	80 91 a8 05 	lds	r24, 0x05A8
    368c:	18 16       	cp	r1, r24
    368e:	1c f4       	brge	.+6      	; 0x3696 <sczytaj_komende+0x208>
    3690:	81 50       	subi	r24, 0x01	; 1
    3692:	80 93 a8 05 	sts	0x05A8, r24
    3696:	80 91 a8 05 	lds	r24, 0x05A8
    369a:	81 11       	cpse	r24, r1
    369c:	02 c0       	rjmp	.+4      	; 0x36a2 <sczytaj_komende+0x214>
    369e:	0e 94 b6 01 	call	0x36c	; 0x36c <LCD_BacklightOff>
    36a2:	0e 94 39 06 	call	0xc72	; 0xc72 <lockers_is_queue_full>
    36a6:	81 30       	cpi	r24, 0x01	; 1
    36a8:	11 f4       	brne	.+4      	; 0x36ae <sczytaj_komende+0x220>
    36aa:	0e 94 ef 08 	call	0x11de	; 0x11de <all_colors_RGB>
    36ae:	c0 91 7d 00 	lds	r28, 0x007D
    36b2:	c1 30       	cpi	r28, 0x01	; 1
    36b4:	01 f5       	brne	.+64     	; 0x36f6 <sczytaj_komende+0x268>
    36b6:	10 92 7d 00 	sts	0x007D, r1
    36ba:	81 e0       	ldi	r24, 0x01	; 1
    36bc:	90 e0       	ldi	r25, 0x00	; 0
    36be:	0e 94 6b 02 	call	0x4d6	; 0x4d6 <LCD_Displaying>
    36c2:	80 91 ab 05 	lds	r24, 0x05AB
    36c6:	80 93 f4 05 	sts	0x05F4, r24
    36ca:	10 92 ab 05 	sts	0x05AB, r1
    36ce:	10 92 a6 05 	sts	0x05A6, r1
    36d2:	81 e0       	ldi	r24, 0x01	; 1
    36d4:	90 e0       	ldi	r25, 0x00	; 0
    36d6:	90 93 ea 05 	sts	0x05EA, r25
    36da:	80 93 e9 05 	sts	0x05E9, r24
    36de:	60 e0       	ldi	r22, 0x00	; 0
    36e0:	70 e0       	ldi	r23, 0x00	; 0
    36e2:	8b e3       	ldi	r24, 0x3B	; 59
    36e4:	90 e0       	ldi	r25, 0x00	; 0
    36e6:	0e 94 00 1a 	call	0x3400	; 0x3400 <pilot>
    36ea:	80 91 f4 05 	lds	r24, 0x05F4
    36ee:	80 93 a6 05 	sts	0x05A6, r24
    36f2:	c0 93 a7 05 	sts	0x05A7, r28
    36f6:	0e 94 e7 03 	call	0x7ce	; 0x7ce <stop_button>
    36fa:	89 2b       	or	r24, r25
    36fc:	91 f0       	breq	.+36     	; 0x3722 <sczytaj_komende+0x294>
    36fe:	8e e1       	ldi	r24, 0x1E	; 30
    3700:	90 e0       	ldi	r25, 0x00	; 0
    3702:	0e 94 49 00 	call	0x92	; 0x92 <delay_ms_var>
    3706:	0e 94 e7 03 	call	0x7ce	; 0x7ce <stop_button>
    370a:	89 2b       	or	r24, r25
    370c:	51 f0       	breq	.+20     	; 0x3722 <sczytaj_komende+0x294>
    370e:	60 e0       	ldi	r22, 0x00	; 0
    3710:	70 e0       	ldi	r23, 0x00	; 0
    3712:	84 e6       	ldi	r24, 0x64	; 100
    3714:	90 e0       	ldi	r25, 0x00	; 0
    3716:	0e 94 00 1a 	call	0x3400	; 0x3400 <pilot>
    371a:	84 e6       	ldi	r24, 0x64	; 100
    371c:	90 e0       	ldi	r25, 0x00	; 0
    371e:	0e 94 49 00 	call	0x92	; 0x92 <delay_ms_var>
    3722:	80 91 b4 05 	lds	r24, 0x05B4
    3726:	88 23       	and	r24, r24
    3728:	e1 f0       	breq	.+56     	; 0x3762 <sczytaj_komende+0x2d4>
    372a:	80 91 b1 05 	lds	r24, 0x05B1
    372e:	81 11       	cpse	r24, r1
    3730:	18 c0       	rjmp	.+48     	; 0x3762 <sczytaj_komende+0x2d4>
    3732:	0e 94 2b 1a 	call	0x3456	; 0x3456 <toggle_action>
    3736:	10 92 b4 05 	sts	0x05B4, r1
    373a:	80 91 b2 05 	lds	r24, 0x05B2
    373e:	60 91 b9 05 	lds	r22, 0x05B9
    3742:	70 91 ba 05 	lds	r23, 0x05BA
    3746:	90 e0       	ldi	r25, 0x00	; 0
    3748:	0e 94 00 1a 	call	0x3400	; 0x3400 <pilot>
    374c:	cf 91       	pop	r28
    374e:	ff 90       	pop	r15
    3750:	ef 90       	pop	r14
    3752:	df 90       	pop	r13
    3754:	cf 90       	pop	r12
    3756:	bf 90       	pop	r11
    3758:	af 90       	pop	r10
    375a:	9f 90       	pop	r9
    375c:	8f 90       	pop	r8
    375e:	0c 94 e1 03 	jmp	0x7c2	; 0x7c2 <pilot_reset>
    3762:	cf 91       	pop	r28
    3764:	ff 90       	pop	r15
    3766:	ef 90       	pop	r14
    3768:	df 90       	pop	r13
    376a:	cf 90       	pop	r12
    376c:	bf 90       	pop	r11
    376e:	af 90       	pop	r10
    3770:	9f 90       	pop	r9
    3772:	8f 90       	pop	r8
    3774:	08 95       	ret

00003776 <bcd2bin>:
    3776:	98 2f       	mov	r25, r24
    3778:	92 95       	swap	r25
    377a:	9f 70       	andi	r25, 0x0F	; 15
    377c:	8f 70       	andi	r24, 0x0F	; 15
    377e:	2a e0       	ldi	r18, 0x0A	; 10
    3780:	92 9f       	mul	r25, r18
    3782:	80 0d       	add	r24, r0
    3784:	11 24       	eor	r1, r1
    3786:	08 95       	ret

00003788 <bin2bcd>:
    3788:	6a e0       	ldi	r22, 0x0A	; 10
    378a:	0e 94 01 21 	call	0x4202	; 0x4202 <__udivmodqi4>
    378e:	29 2f       	mov	r18, r25
    3790:	30 e1       	ldi	r19, 0x10	; 16
    3792:	83 9f       	mul	r24, r19
    3794:	c0 01       	movw	r24, r0
    3796:	11 24       	eor	r1, r1
    3798:	82 2b       	or	r24, r18
    379a:	08 95       	ret

0000379c <PCF8583_write>:
    379c:	cf 93       	push	r28
    379e:	df 93       	push	r29
    37a0:	1f 92       	push	r1
    37a2:	cd b7       	in	r28, 0x3d	; 61
    37a4:	de b7       	in	r29, 0x3e	; 62
    37a6:	69 83       	std	Y+1, r22	; 0x01
    37a8:	9e 01       	movw	r18, r28
    37aa:	2f 5f       	subi	r18, 0xFF	; 255
    37ac:	3f 4f       	sbci	r19, 0xFF	; 255
    37ae:	41 e0       	ldi	r20, 0x01	; 1
    37b0:	68 2f       	mov	r22, r24
    37b2:	80 ea       	ldi	r24, 0xA0	; 160
    37b4:	0e 94 b5 02 	call	0x56a	; 0x56a <i2c_write_buf>
    37b8:	0f 90       	pop	r0
    37ba:	df 91       	pop	r29
    37bc:	cf 91       	pop	r28
    37be:	08 95       	ret

000037c0 <PCF8583_read>:
    37c0:	cf 93       	push	r28
    37c2:	df 93       	push	r29
    37c4:	1f 92       	push	r1
    37c6:	cd b7       	in	r28, 0x3d	; 61
    37c8:	de b7       	in	r29, 0x3e	; 62
    37ca:	9e 01       	movw	r18, r28
    37cc:	2f 5f       	subi	r18, 0xFF	; 255
    37ce:	3f 4f       	sbci	r19, 0xFF	; 255
    37d0:	41 e0       	ldi	r20, 0x01	; 1
    37d2:	68 2f       	mov	r22, r24
    37d4:	80 ea       	ldi	r24, 0xA0	; 160
    37d6:	0e 94 e4 02 	call	0x5c8	; 0x5c8 <i2c_read_buf>
    37da:	89 81       	ldd	r24, Y+1	; 0x01
    37dc:	0f 90       	pop	r0
    37de:	df 91       	pop	r29
    37e0:	cf 91       	pop	r28
    37e2:	08 95       	ret

000037e4 <PCF8583_init>:
    37e4:	80 e0       	ldi	r24, 0x00	; 0
    37e6:	0e 94 e0 1b 	call	0x37c0	; 0x37c0 <PCF8583_read>
    37ea:	68 2f       	mov	r22, r24
    37ec:	6f 7c       	andi	r22, 0xCF	; 207
    37ee:	80 e0       	ldi	r24, 0x00	; 0
    37f0:	0e 94 ce 1b 	call	0x379c	; 0x379c <PCF8583_write>
    37f4:	80 e0       	ldi	r24, 0x00	; 0
    37f6:	0e 94 e0 1b 	call	0x37c0	; 0x37c0 <PCF8583_read>
    37fa:	68 2f       	mov	r22, r24
    37fc:	64 60       	ori	r22, 0x04	; 4
    37fe:	80 e0       	ldi	r24, 0x00	; 0
    3800:	0c 94 ce 1b 	jmp	0x379c	; 0x379c <PCF8583_write>

00003804 <PCF8583_address>:
    3804:	80 ea       	ldi	r24, 0xA0	; 160
    3806:	08 95       	ret

00003808 <PCF8583_stop>:
    3808:	80 e0       	ldi	r24, 0x00	; 0
    380a:	0e 94 e0 1b 	call	0x37c0	; 0x37c0 <PCF8583_read>
    380e:	68 2f       	mov	r22, r24
    3810:	60 68       	ori	r22, 0x80	; 128
    3812:	80 e0       	ldi	r24, 0x00	; 0
    3814:	0c 94 ce 1b 	jmp	0x379c	; 0x379c <PCF8583_write>

00003818 <PCF8583_start>:
    3818:	80 e0       	ldi	r24, 0x00	; 0
    381a:	0e 94 e0 1b 	call	0x37c0	; 0x37c0 <PCF8583_read>
    381e:	68 2f       	mov	r22, r24
    3820:	6f 77       	andi	r22, 0x7F	; 127
    3822:	80 e0       	ldi	r24, 0x00	; 0
    3824:	0c 94 ce 1b 	jmp	0x379c	; 0x379c <PCF8583_write>

00003828 <PCF8583_is_clock_counting>:
    3828:	80 e0       	ldi	r24, 0x00	; 0
    382a:	0e 94 e0 1b 	call	0x37c0	; 0x37c0 <PCF8583_read>
    382e:	80 95       	com	r24
    3830:	88 1f       	adc	r24, r24
    3832:	88 27       	eor	r24, r24
    3834:	88 1f       	adc	r24, r24
    3836:	08 95       	ret

00003838 <PCF8583_timer_mode>:
    3838:	88 e0       	ldi	r24, 0x08	; 8
    383a:	0e 94 e0 1b 	call	0x37c0	; 0x37c0 <PCF8583_read>
    383e:	87 70       	andi	r24, 0x07	; 7
    3840:	87 30       	cpi	r24, 0x07	; 7
    3842:	09 f4       	brne	.+2      	; 0x3846 <PCF8583_timer_mode+0xe>
    3844:	86 e0       	ldi	r24, 0x06	; 6
    3846:	08 95       	ret

00003848 <PCF8583_set_timer_mode>:
    3848:	cf 93       	push	r28
    384a:	c8 2f       	mov	r28, r24
    384c:	86 30       	cpi	r24, 0x06	; 6
    384e:	09 f4       	brne	.+2      	; 0x3852 <PCF8583_set_timer_mode+0xa>
    3850:	c7 e0       	ldi	r28, 0x07	; 7
    3852:	88 e0       	ldi	r24, 0x08	; 8
    3854:	0e 94 e0 1b 	call	0x37c0	; 0x37c0 <PCF8583_read>
    3858:	6c 2f       	mov	r22, r28
    385a:	67 70       	andi	r22, 0x07	; 7
    385c:	88 7f       	andi	r24, 0xF8	; 248
    385e:	68 2b       	or	r22, r24
    3860:	88 e0       	ldi	r24, 0x08	; 8
    3862:	cf 91       	pop	r28
    3864:	0c 94 ce 1b 	jmp	0x379c	; 0x379c <PCF8583_write>

00003868 <PCF8583_hold_off>:
    3868:	80 e0       	ldi	r24, 0x00	; 0
    386a:	0e 94 e0 1b 	call	0x37c0	; 0x37c0 <PCF8583_read>
    386e:	68 2f       	mov	r22, r24
    3870:	6f 7b       	andi	r22, 0xBF	; 191
    3872:	80 e0       	ldi	r24, 0x00	; 0
    3874:	0c 94 ce 1b 	jmp	0x379c	; 0x379c <PCF8583_write>

00003878 <PCF8583_hold_on>:
    3878:	80 e0       	ldi	r24, 0x00	; 0
    387a:	0e 94 e0 1b 	call	0x37c0	; 0x37c0 <PCF8583_read>
    387e:	68 2f       	mov	r22, r24
    3880:	60 64       	ori	r22, 0x40	; 64
    3882:	80 e0       	ldi	r24, 0x00	; 0
    3884:	0c 94 ce 1b 	jmp	0x379c	; 0x379c <PCF8583_write>

00003888 <PCF8583_mask_off>:
    3888:	80 e0       	ldi	r24, 0x00	; 0
    388a:	0e 94 e0 1b 	call	0x37c0	; 0x37c0 <PCF8583_read>
    388e:	68 2f       	mov	r22, r24
    3890:	67 7f       	andi	r22, 0xF7	; 247
    3892:	80 e0       	ldi	r24, 0x00	; 0
    3894:	0c 94 ce 1b 	jmp	0x379c	; 0x379c <PCF8583_write>

00003898 <PCF8583_mask_on>:
    3898:	80 e0       	ldi	r24, 0x00	; 0
    389a:	0e 94 e0 1b 	call	0x37c0	; 0x37c0 <PCF8583_read>
    389e:	68 2f       	mov	r22, r24
    38a0:	68 60       	ori	r22, 0x08	; 8
    38a2:	80 e0       	ldi	r24, 0x00	; 0
    38a4:	0c 94 ce 1b 	jmp	0x379c	; 0x379c <PCF8583_write>

000038a8 <PCF8583_timer_flag_off>:
    38a8:	80 e0       	ldi	r24, 0x00	; 0
    38aa:	0e 94 e0 1b 	call	0x37c0	; 0x37c0 <PCF8583_read>
    38ae:	68 2f       	mov	r22, r24
    38b0:	6e 7f       	andi	r22, 0xFE	; 254
    38b2:	80 e0       	ldi	r24, 0x00	; 0
    38b4:	0c 94 ce 1b 	jmp	0x379c	; 0x379c <PCF8583_write>

000038b8 <PCF8583_timer_flag_on>:
    38b8:	80 e0       	ldi	r24, 0x00	; 0
    38ba:	0e 94 e0 1b 	call	0x37c0	; 0x37c0 <PCF8583_read>
    38be:	68 2f       	mov	r22, r24
    38c0:	61 60       	ori	r22, 0x01	; 1
    38c2:	80 e0       	ldi	r24, 0x00	; 0
    38c4:	0c 94 ce 1b 	jmp	0x379c	; 0x379c <PCF8583_write>

000038c8 <PCF8583_alarm_flag_off>:
    38c8:	80 e0       	ldi	r24, 0x00	; 0
    38ca:	0e 94 e0 1b 	call	0x37c0	; 0x37c0 <PCF8583_read>
    38ce:	68 2f       	mov	r22, r24
    38d0:	6d 7f       	andi	r22, 0xFD	; 253
    38d2:	80 e0       	ldi	r24, 0x00	; 0
    38d4:	0c 94 ce 1b 	jmp	0x379c	; 0x379c <PCF8583_write>

000038d8 <PCF8583_alarm_flag_on>:
    38d8:	80 e0       	ldi	r24, 0x00	; 0
    38da:	0e 94 e0 1b 	call	0x37c0	; 0x37c0 <PCF8583_read>
    38de:	68 2f       	mov	r22, r24
    38e0:	62 60       	ori	r22, 0x02	; 2
    38e2:	80 e0       	ldi	r24, 0x00	; 0
    38e4:	0c 94 ce 1b 	jmp	0x379c	; 0x379c <PCF8583_write>

000038e8 <PCF8583_write_word>:
    38e8:	cf 93       	push	r28
    38ea:	df 93       	push	r29
    38ec:	00 d0       	rcall	.+0      	; 0x38ee <PCF8583_write_word+0x6>
    38ee:	cd b7       	in	r28, 0x3d	; 61
    38f0:	de b7       	in	r29, 0x3e	; 62
    38f2:	69 83       	std	Y+1, r22	; 0x01
    38f4:	7a 83       	std	Y+2, r23	; 0x02
    38f6:	9e 01       	movw	r18, r28
    38f8:	2f 5f       	subi	r18, 0xFF	; 255
    38fa:	3f 4f       	sbci	r19, 0xFF	; 255
    38fc:	42 e0       	ldi	r20, 0x02	; 2
    38fe:	68 2f       	mov	r22, r24
    3900:	80 ea       	ldi	r24, 0xA0	; 160
    3902:	0e 94 b5 02 	call	0x56a	; 0x56a <i2c_write_buf>
    3906:	0f 90       	pop	r0
    3908:	0f 90       	pop	r0
    390a:	df 91       	pop	r29
    390c:	cf 91       	pop	r28
    390e:	08 95       	ret

00003910 <PCF8583_read_word>:
    3910:	cf 93       	push	r28
    3912:	df 93       	push	r29
    3914:	00 d0       	rcall	.+0      	; 0x3916 <PCF8583_read_word+0x6>
    3916:	cd b7       	in	r28, 0x3d	; 61
    3918:	de b7       	in	r29, 0x3e	; 62
    391a:	9e 01       	movw	r18, r28
    391c:	2f 5f       	subi	r18, 0xFF	; 255
    391e:	3f 4f       	sbci	r19, 0xFF	; 255
    3920:	42 e0       	ldi	r20, 0x02	; 2
    3922:	68 2f       	mov	r22, r24
    3924:	80 ea       	ldi	r24, 0xA0	; 160
    3926:	0e 94 e4 02 	call	0x5c8	; 0x5c8 <i2c_read_buf>
    392a:	89 81       	ldd	r24, Y+1	; 0x01
    392c:	2a 81       	ldd	r18, Y+2	; 0x02
    392e:	90 e0       	ldi	r25, 0x00	; 0
    3930:	92 2b       	or	r25, r18
    3932:	0f 90       	pop	r0
    3934:	0f 90       	pop	r0
    3936:	df 91       	pop	r29
    3938:	cf 91       	pop	r28
    393a:	08 95       	ret

0000393c <PCF8583_get_time>:
    393c:	2f 92       	push	r2
    393e:	3f 92       	push	r3
    3940:	4f 92       	push	r4
    3942:	5f 92       	push	r5
    3944:	6f 92       	push	r6
    3946:	7f 92       	push	r7
    3948:	8f 92       	push	r8
    394a:	9f 92       	push	r9
    394c:	af 92       	push	r10
    394e:	bf 92       	push	r11
    3950:	cf 92       	push	r12
    3952:	df 92       	push	r13
    3954:	ef 92       	push	r14
    3956:	ff 92       	push	r15
    3958:	0f 93       	push	r16
    395a:	1f 93       	push	r17
    395c:	cf 93       	push	r28
    395e:	df 93       	push	r29
    3960:	cd b7       	in	r28, 0x3d	; 61
    3962:	de b7       	in	r29, 0x3e	; 62
    3964:	2b 97       	sbiw	r28, 0x0b	; 11
    3966:	0f b6       	in	r0, 0x3f	; 63
    3968:	f8 94       	cli
    396a:	de bf       	out	0x3e, r29	; 62
    396c:	0f be       	out	0x3f, r0	; 63
    396e:	cd bf       	out	0x3d, r28	; 61
    3970:	9b 87       	std	Y+11, r25	; 0x0b
    3972:	8a 87       	std	Y+10, r24	; 0x0a
    3974:	3b 01       	movw	r6, r22
    3976:	2a 01       	movw	r4, r20
    3978:	19 01       	movw	r2, r18
    397a:	0e 94 44 1c 	call	0x3888	; 0x3888 <PCF8583_mask_off>
    397e:	0e 94 3c 1c 	call	0x3878	; 0x3878 <PCF8583_hold_on>
    3982:	9e 01       	movw	r18, r28
    3984:	2f 5f       	subi	r18, 0xFF	; 255
    3986:	3f 4f       	sbci	r19, 0xFF	; 255
    3988:	47 e0       	ldi	r20, 0x07	; 7
    398a:	61 e0       	ldi	r22, 0x01	; 1
    398c:	80 ea       	ldi	r24, 0xA0	; 160
    398e:	0e 94 e4 02 	call	0x5c8	; 0x5c8 <i2c_read_buf>
    3992:	0e 94 34 1c 	call	0x3868	; 0x3868 <PCF8583_hold_off>
    3996:	0e 94 4c 1c 	call	0x3898	; 0x3898 <PCF8583_mask_on>
    399a:	9e 01       	movw	r18, r28
    399c:	28 5f       	subi	r18, 0xF8	; 248
    399e:	3f 4f       	sbci	r19, 0xFF	; 255
    39a0:	42 e0       	ldi	r20, 0x02	; 2
    39a2:	60 e1       	ldi	r22, 0x10	; 16
    39a4:	80 ea       	ldi	r24, 0xA0	; 160
    39a6:	0e 94 e4 02 	call	0x5c8	; 0x5c8 <i2c_read_buf>
    39aa:	89 81       	ldd	r24, Y+1	; 0x01
    39ac:	0e 94 bb 1b 	call	0x3776	; 0x3776 <bcd2bin>
    39b0:	f1 01       	movw	r30, r2
    39b2:	80 83       	st	Z, r24
    39b4:	8a 81       	ldd	r24, Y+2	; 0x02
    39b6:	0e 94 bb 1b 	call	0x3776	; 0x3776 <bcd2bin>
    39ba:	f2 01       	movw	r30, r4
    39bc:	80 83       	st	Z, r24
    39be:	8b 81       	ldd	r24, Y+3	; 0x03
    39c0:	0e 94 bb 1b 	call	0x3776	; 0x3776 <bcd2bin>
    39c4:	f3 01       	movw	r30, r6
    39c6:	80 83       	st	Z, r24
    39c8:	7c 80       	ldd	r7, Y+4	; 0x04
    39ca:	87 2d       	mov	r24, r7
    39cc:	8f 73       	andi	r24, 0x3F	; 63
    39ce:	0e 94 bb 1b 	call	0x3776	; 0x3776 <bcd2bin>
    39d2:	ea 85       	ldd	r30, Y+10	; 0x0a
    39d4:	fb 85       	ldd	r31, Y+11	; 0x0b
    39d6:	80 83       	st	Z, r24
    39d8:	76 fa       	bst	r7, 6
    39da:	77 24       	eor	r7, r7
    39dc:	70 f8       	bld	r7, 0
    39de:	e8 a1       	ldd	r30, Y+32	; 0x20
    39e0:	f9 a1       	ldd	r31, Y+33	; 0x21
    39e2:	70 82       	st	Z, r7
    39e4:	7d 80       	ldd	r7, Y+5	; 0x05
    39e6:	87 2d       	mov	r24, r7
    39e8:	8f 73       	andi	r24, 0x3F	; 63
    39ea:	0e 94 bb 1b 	call	0x3776	; 0x3776 <bcd2bin>
    39ee:	f8 01       	movw	r30, r16
    39f0:	80 83       	st	Z, r24
    39f2:	1e 81       	ldd	r17, Y+6	; 0x06
    39f4:	81 2f       	mov	r24, r17
    39f6:	8f 71       	andi	r24, 0x1F	; 31
    39f8:	0e 94 bb 1b 	call	0x3776	; 0x3776 <bcd2bin>
    39fc:	f6 01       	movw	r30, r12
    39fe:	80 83       	st	Z, r24
    3a00:	12 95       	swap	r17
    3a02:	16 95       	lsr	r17
    3a04:	17 70       	andi	r17, 0x07	; 7
    3a06:	f7 01       	movw	r30, r14
    3a08:	10 83       	st	Z, r17
    3a0a:	09 85       	ldd	r16, Y+9	; 0x09
    3a0c:	10 e0       	ldi	r17, 0x00	; 0
    3a0e:	10 2f       	mov	r17, r16
    3a10:	00 27       	eor	r16, r16
    3a12:	88 85       	ldd	r24, Y+8	; 0x08
    3a14:	08 2b       	or	r16, r24
    3a16:	98 01       	movw	r18, r16
    3a18:	23 70       	andi	r18, 0x03	; 3
    3a1a:	33 27       	eor	r19, r19
    3a1c:	72 94       	swap	r7
    3a1e:	76 94       	lsr	r7
    3a20:	76 94       	lsr	r7
    3a22:	93 e0       	ldi	r25, 0x03	; 3
    3a24:	79 22       	and	r7, r25
    3a26:	87 2d       	mov	r24, r7
    3a28:	90 e0       	ldi	r25, 0x00	; 0
    3a2a:	28 17       	cp	r18, r24
    3a2c:	39 07       	cpc	r19, r25
    3a2e:	31 f0       	breq	.+12     	; 0x3a3c <PCF8583_get_time+0x100>
    3a30:	0f 5f       	subi	r16, 0xFF	; 255
    3a32:	1f 4f       	sbci	r17, 0xFF	; 255
    3a34:	b8 01       	movw	r22, r16
    3a36:	80 e1       	ldi	r24, 0x10	; 16
    3a38:	0e 94 74 1c 	call	0x38e8	; 0x38e8 <PCF8583_write_word>
    3a3c:	f5 01       	movw	r30, r10
    3a3e:	11 83       	std	Z+1, r17	; 0x01
    3a40:	00 83       	st	Z, r16
    3a42:	8f 81       	ldd	r24, Y+7	; 0x07
    3a44:	0e 94 bb 1b 	call	0x3776	; 0x3776 <bcd2bin>
    3a48:	f4 01       	movw	r30, r8
    3a4a:	80 83       	st	Z, r24
    3a4c:	2b 96       	adiw	r28, 0x0b	; 11
    3a4e:	0f b6       	in	r0, 0x3f	; 63
    3a50:	f8 94       	cli
    3a52:	de bf       	out	0x3e, r29	; 62
    3a54:	0f be       	out	0x3f, r0	; 63
    3a56:	cd bf       	out	0x3d, r28	; 61
    3a58:	df 91       	pop	r29
    3a5a:	cf 91       	pop	r28
    3a5c:	1f 91       	pop	r17
    3a5e:	0f 91       	pop	r16
    3a60:	ff 90       	pop	r15
    3a62:	ef 90       	pop	r14
    3a64:	df 90       	pop	r13
    3a66:	cf 90       	pop	r12
    3a68:	bf 90       	pop	r11
    3a6a:	af 90       	pop	r10
    3a6c:	9f 90       	pop	r9
    3a6e:	8f 90       	pop	r8
    3a70:	7f 90       	pop	r7
    3a72:	6f 90       	pop	r6
    3a74:	5f 90       	pop	r5
    3a76:	4f 90       	pop	r4
    3a78:	3f 90       	pop	r3
    3a7a:	2f 90       	pop	r2
    3a7c:	08 95       	ret

00003a7e <PCF8583_set_time>:
    3a7e:	8f 92       	push	r8
    3a80:	af 92       	push	r10
    3a82:	bf 92       	push	r11
    3a84:	cf 92       	push	r12
    3a86:	ef 92       	push	r14
    3a88:	ff 92       	push	r15
    3a8a:	0f 93       	push	r16
    3a8c:	1f 93       	push	r17
    3a8e:	cf 93       	push	r28
    3a90:	df 93       	push	r29
    3a92:	cd b7       	in	r28, 0x3d	; 61
    3a94:	de b7       	in	r29, 0x3e	; 62
    3a96:	2b 97       	sbiw	r28, 0x0b	; 11
    3a98:	0f b6       	in	r0, 0x3f	; 63
    3a9a:	f8 94       	cli
    3a9c:	de bf       	out	0x3e, r29	; 62
    3a9e:	0f be       	out	0x3f, r0	; 63
    3aa0:	cd bf       	out	0x3d, r28	; 61
    3aa2:	f8 2e       	mov	r15, r24
    3aa4:	82 2f       	mov	r24, r18
    3aa6:	4a 87       	std	Y+10, r20	; 0x0a
    3aa8:	6b 87       	std	Y+11, r22	; 0x0b
    3aaa:	0e 94 c4 1b 	call	0x3788	; 0x3788 <bin2bcd>
    3aae:	89 83       	std	Y+1, r24	; 0x01
    3ab0:	4a 85       	ldd	r20, Y+10	; 0x0a
    3ab2:	84 2f       	mov	r24, r20
    3ab4:	0e 94 c4 1b 	call	0x3788	; 0x3788 <bin2bcd>
    3ab8:	8a 83       	std	Y+2, r24	; 0x02
    3aba:	6b 85       	ldd	r22, Y+11	; 0x0b
    3abc:	86 2f       	mov	r24, r22
    3abe:	0e 94 c4 1b 	call	0x3788	; 0x3788 <bin2bcd>
    3ac2:	8b 83       	std	Y+3, r24	; 0x03
    3ac4:	8f 2d       	mov	r24, r15
    3ac6:	0e 94 c4 1b 	call	0x3788	; 0x3788 <bin2bcd>
    3aca:	18 2f       	mov	r17, r24
    3acc:	84 e0       	ldi	r24, 0x04	; 4
    3ace:	0e 94 e0 1b 	call	0x37c0	; 0x37c0 <PCF8583_read>
    3ad2:	91 2f       	mov	r25, r17
    3ad4:	9f 73       	andi	r25, 0x3F	; 63
    3ad6:	80 78       	andi	r24, 0x80	; 128
    3ad8:	98 2b       	or	r25, r24
    3ada:	28 8d       	ldd	r18, Y+24	; 0x18
    3adc:	80 e4       	ldi	r24, 0x40	; 64
    3ade:	28 9f       	mul	r18, r24
    3ae0:	90 01       	movw	r18, r0
    3ae2:	11 24       	eor	r1, r1
    3ae4:	20 74       	andi	r18, 0x40	; 64
    3ae6:	92 2b       	or	r25, r18
    3ae8:	9c 83       	std	Y+4, r25	; 0x04
    3aea:	80 2f       	mov	r24, r16
    3aec:	0e 94 c4 1b 	call	0x3788	; 0x3788 <bin2bcd>
    3af0:	8f 73       	andi	r24, 0x3F	; 63
    3af2:	9a 2d       	mov	r25, r10
    3af4:	92 95       	swap	r25
    3af6:	99 0f       	add	r25, r25
    3af8:	99 0f       	add	r25, r25
    3afa:	90 7c       	andi	r25, 0xC0	; 192
    3afc:	98 2b       	or	r25, r24
    3afe:	9d 83       	std	Y+5, r25	; 0x05
    3b00:	8c 2d       	mov	r24, r12
    3b02:	0e 94 c4 1b 	call	0x3788	; 0x3788 <bin2bcd>
    3b06:	8f 71       	andi	r24, 0x1F	; 31
    3b08:	90 e2       	ldi	r25, 0x20	; 32
    3b0a:	e9 9e       	mul	r14, r25
    3b0c:	70 01       	movw	r14, r0
    3b0e:	11 24       	eor	r1, r1
    3b10:	8e 29       	or	r24, r14
    3b12:	8e 83       	std	Y+6, r24	; 0x06
    3b14:	a8 86       	std	Y+8, r10	; 0x08
    3b16:	b9 86       	std	Y+9, r11	; 0x09
    3b18:	88 2d       	mov	r24, r8
    3b1a:	0e 94 c4 1b 	call	0x3788	; 0x3788 <bin2bcd>
    3b1e:	8f 83       	std	Y+7, r24	; 0x07
    3b20:	0e 94 14 1c 	call	0x3828	; 0x3828 <PCF8583_is_clock_counting>
    3b24:	08 2f       	mov	r16, r24
    3b26:	0e 94 04 1c 	call	0x3808	; 0x3808 <PCF8583_stop>
    3b2a:	9e 01       	movw	r18, r28
    3b2c:	2f 5f       	subi	r18, 0xFF	; 255
    3b2e:	3f 4f       	sbci	r19, 0xFF	; 255
    3b30:	47 e0       	ldi	r20, 0x07	; 7
    3b32:	61 e0       	ldi	r22, 0x01	; 1
    3b34:	80 ea       	ldi	r24, 0xA0	; 160
    3b36:	0e 94 b5 02 	call	0x56a	; 0x56a <i2c_write_buf>
    3b3a:	9e 01       	movw	r18, r28
    3b3c:	28 5f       	subi	r18, 0xF8	; 248
    3b3e:	3f 4f       	sbci	r19, 0xFF	; 255
    3b40:	42 e0       	ldi	r20, 0x02	; 2
    3b42:	60 e1       	ldi	r22, 0x10	; 16
    3b44:	80 ea       	ldi	r24, 0xA0	; 160
    3b46:	0e 94 b5 02 	call	0x56a	; 0x56a <i2c_write_buf>
    3b4a:	01 30       	cpi	r16, 0x01	; 1
    3b4c:	11 f4       	brne	.+4      	; 0x3b52 <PCF8583_set_time+0xd4>
    3b4e:	0e 94 0c 1c 	call	0x3818	; 0x3818 <PCF8583_start>
    3b52:	2b 96       	adiw	r28, 0x0b	; 11
    3b54:	0f b6       	in	r0, 0x3f	; 63
    3b56:	f8 94       	cli
    3b58:	de bf       	out	0x3e, r29	; 62
    3b5a:	0f be       	out	0x3f, r0	; 63
    3b5c:	cd bf       	out	0x3d, r28	; 61
    3b5e:	df 91       	pop	r29
    3b60:	cf 91       	pop	r28
    3b62:	1f 91       	pop	r17
    3b64:	0f 91       	pop	r16
    3b66:	ff 90       	pop	r15
    3b68:	ef 90       	pop	r14
    3b6a:	cf 90       	pop	r12
    3b6c:	bf 90       	pop	r11
    3b6e:	af 90       	pop	r10
    3b70:	8f 90       	pop	r8
    3b72:	08 95       	ret

00003b74 <PCF8583_timer_alarm_off>:
    3b74:	88 e0       	ldi	r24, 0x08	; 8
    3b76:	0e 94 e0 1b 	call	0x37c0	; 0x37c0 <PCF8583_read>
    3b7a:	68 2f       	mov	r22, r24
    3b7c:	6f 7b       	andi	r22, 0xBF	; 191
    3b7e:	88 e0       	ldi	r24, 0x08	; 8
    3b80:	0c 94 ce 1b 	jmp	0x379c	; 0x379c <PCF8583_write>

00003b84 <PCF8583_timer_alarm_on>:
    3b84:	88 e0       	ldi	r24, 0x08	; 8
    3b86:	0e 94 e0 1b 	call	0x37c0	; 0x37c0 <PCF8583_read>
    3b8a:	68 2f       	mov	r22, r24
    3b8c:	60 64       	ori	r22, 0x40	; 64
    3b8e:	88 e0       	ldi	r24, 0x08	; 8
    3b90:	0c 94 ce 1b 	jmp	0x379c	; 0x379c <PCF8583_write>

00003b94 <PCF8583_alarm_interrupt_off>:
    3b94:	88 e0       	ldi	r24, 0x08	; 8
    3b96:	0e 94 e0 1b 	call	0x37c0	; 0x37c0 <PCF8583_read>
    3b9a:	68 2f       	mov	r22, r24
    3b9c:	6f 77       	andi	r22, 0x7F	; 127
    3b9e:	88 e0       	ldi	r24, 0x08	; 8
    3ba0:	0c 94 ce 1b 	jmp	0x379c	; 0x379c <PCF8583_write>

00003ba4 <PCF8583_alarm_interrupt_on>:
    3ba4:	88 e0       	ldi	r24, 0x08	; 8
    3ba6:	0e 94 e0 1b 	call	0x37c0	; 0x37c0 <PCF8583_read>
    3baa:	68 2f       	mov	r22, r24
    3bac:	60 68       	ori	r22, 0x80	; 128
    3bae:	88 e0       	ldi	r24, 0x08	; 8
    3bb0:	0c 94 ce 1b 	jmp	0x379c	; 0x379c <PCF8583_write>

00003bb4 <PCF8583_is_alarm_interrupt>:
    3bb4:	88 e0       	ldi	r24, 0x08	; 8
    3bb6:	0e 94 e0 1b 	call	0x37c0	; 0x37c0 <PCF8583_read>
    3bba:	88 1f       	adc	r24, r24
    3bbc:	88 27       	eor	r24, r24
    3bbe:	88 1f       	adc	r24, r24
    3bc0:	08 95       	ret

00003bc2 <PCF8583_timer_interrupt_off>:
    3bc2:	88 e0       	ldi	r24, 0x08	; 8
    3bc4:	0e 94 e0 1b 	call	0x37c0	; 0x37c0 <PCF8583_read>
    3bc8:	68 2f       	mov	r22, r24
    3bca:	67 7f       	andi	r22, 0xF7	; 247
    3bcc:	88 e0       	ldi	r24, 0x08	; 8
    3bce:	0c 94 ce 1b 	jmp	0x379c	; 0x379c <PCF8583_write>

00003bd2 <PCF8583_timer_interrupt_on>:
    3bd2:	88 e0       	ldi	r24, 0x08	; 8
    3bd4:	0e 94 e0 1b 	call	0x37c0	; 0x37c0 <PCF8583_read>
    3bd8:	68 2f       	mov	r22, r24
    3bda:	68 60       	ori	r22, 0x08	; 8
    3bdc:	88 e0       	ldi	r24, 0x08	; 8
    3bde:	0c 94 ce 1b 	jmp	0x379c	; 0x379c <PCF8583_write>

00003be2 <PCF8583_is_timer_interrupt>:
    3be2:	88 e0       	ldi	r24, 0x08	; 8
    3be4:	0e 94 e0 1b 	call	0x37c0	; 0x37c0 <PCF8583_read>
    3be8:	83 fb       	bst	r24, 3
    3bea:	88 27       	eor	r24, r24
    3bec:	80 f9       	bld	r24, 0
    3bee:	08 95       	ret

00003bf0 <PCF8583_24h_format>:
    3bf0:	84 e0       	ldi	r24, 0x04	; 4
    3bf2:	0e 94 e0 1b 	call	0x37c0	; 0x37c0 <PCF8583_read>
    3bf6:	68 2f       	mov	r22, r24
    3bf8:	6f 77       	andi	r22, 0x7F	; 127
    3bfa:	84 e0       	ldi	r24, 0x04	; 4
    3bfc:	0e 94 ce 1b 	call	0x379c	; 0x379c <PCF8583_write>
    3c00:	8c e0       	ldi	r24, 0x0C	; 12
    3c02:	0e 94 e0 1b 	call	0x37c0	; 0x37c0 <PCF8583_read>
    3c06:	68 2f       	mov	r22, r24
    3c08:	6f 77       	andi	r22, 0x7F	; 127
    3c0a:	8c e0       	ldi	r24, 0x0C	; 12
    3c0c:	0c 94 ce 1b 	jmp	0x379c	; 0x379c <PCF8583_write>

00003c10 <PCF8583_12h_format>:
    3c10:	84 e0       	ldi	r24, 0x04	; 4
    3c12:	0e 94 e0 1b 	call	0x37c0	; 0x37c0 <PCF8583_read>
    3c16:	68 2f       	mov	r22, r24
    3c18:	60 68       	ori	r22, 0x80	; 128
    3c1a:	84 e0       	ldi	r24, 0x04	; 4
    3c1c:	0e 94 ce 1b 	call	0x379c	; 0x379c <PCF8583_write>
    3c20:	8c e0       	ldi	r24, 0x0C	; 12
    3c22:	0e 94 e0 1b 	call	0x37c0	; 0x37c0 <PCF8583_read>
    3c26:	68 2f       	mov	r22, r24
    3c28:	60 68       	ori	r22, 0x80	; 128
    3c2a:	8c e0       	ldi	r24, 0x0C	; 12
    3c2c:	0c 94 ce 1b 	jmp	0x379c	; 0x379c <PCF8583_write>

00003c30 <PCF8583_is_12h_24h_format>:
    3c30:	84 e0       	ldi	r24, 0x04	; 4
    3c32:	0e 94 e0 1b 	call	0x37c0	; 0x37c0 <PCF8583_read>
    3c36:	87 fd       	sbrc	r24, 7
    3c38:	07 c0       	rjmp	.+14     	; 0x3c48 <PCF8583_is_12h_24h_format+0x18>
    3c3a:	84 e0       	ldi	r24, 0x04	; 4
    3c3c:	0e 94 e0 1b 	call	0x37c0	; 0x37c0 <PCF8583_read>
    3c40:	87 ff       	sbrs	r24, 7
    3c42:	09 c0       	rjmp	.+18     	; 0x3c56 <PCF8583_is_12h_24h_format+0x26>
    3c44:	8f ef       	ldi	r24, 0xFF	; 255
    3c46:	08 95       	ret
    3c48:	8c e0       	ldi	r24, 0x0C	; 12
    3c4a:	0e 94 e0 1b 	call	0x37c0	; 0x37c0 <PCF8583_read>
    3c4e:	87 ff       	sbrs	r24, 7
    3c50:	f4 cf       	rjmp	.-24     	; 0x3c3a <PCF8583_is_12h_24h_format+0xa>
    3c52:	81 e0       	ldi	r24, 0x01	; 1
    3c54:	08 95       	ret
    3c56:	8c e0       	ldi	r24, 0x0C	; 12
    3c58:	0e 94 e0 1b 	call	0x37c0	; 0x37c0 <PCF8583_read>
    3c5c:	88 0f       	add	r24, r24
    3c5e:	88 0b       	sbc	r24, r24
    3c60:	08 95       	ret

00003c62 <PCF8583_set_type_of_alarm>:
    3c62:	cf 93       	push	r28
    3c64:	c8 2f       	mov	r28, r24
    3c66:	88 e0       	ldi	r24, 0x08	; 8
    3c68:	0e 94 e0 1b 	call	0x37c0	; 0x37c0 <PCF8583_read>
    3c6c:	68 2f       	mov	r22, r24
    3c6e:	6f 7c       	andi	r22, 0xCF	; 207
    3c70:	80 e1       	ldi	r24, 0x10	; 16
    3c72:	c8 9f       	mul	r28, r24
    3c74:	90 01       	movw	r18, r0
    3c76:	11 24       	eor	r1, r1
    3c78:	20 73       	andi	r18, 0x30	; 48
    3c7a:	62 2b       	or	r22, r18
    3c7c:	88 e0       	ldi	r24, 0x08	; 8
    3c7e:	cf 91       	pop	r28
    3c80:	0c 94 ce 1b 	jmp	0x379c	; 0x379c <PCF8583_write>

00003c84 <PCF8583_recognise_type_of_alarm>:
    3c84:	88 e0       	ldi	r24, 0x08	; 8
    3c86:	0e 94 e0 1b 	call	0x37c0	; 0x37c0 <PCF8583_read>
    3c8a:	80 73       	andi	r24, 0x30	; 48
    3c8c:	82 95       	swap	r24
    3c8e:	8f 70       	andi	r24, 0x0F	; 15
    3c90:	08 95       	ret

00003c92 <PCF8583_get_alarm_time>:
    3c92:	2f 92       	push	r2
    3c94:	3f 92       	push	r3
    3c96:	4f 92       	push	r4
    3c98:	5f 92       	push	r5
    3c9a:	6f 92       	push	r6
    3c9c:	7f 92       	push	r7
    3c9e:	8f 92       	push	r8
    3ca0:	9f 92       	push	r9
    3ca2:	af 92       	push	r10
    3ca4:	bf 92       	push	r11
    3ca6:	cf 92       	push	r12
    3ca8:	df 92       	push	r13
    3caa:	ef 92       	push	r14
    3cac:	ff 92       	push	r15
    3cae:	0f 93       	push	r16
    3cb0:	1f 93       	push	r17
    3cb2:	cf 93       	push	r28
    3cb4:	df 93       	push	r29
    3cb6:	cd b7       	in	r28, 0x3d	; 61
    3cb8:	de b7       	in	r29, 0x3e	; 62
    3cba:	27 97       	sbiw	r28, 0x07	; 7
    3cbc:	0f b6       	in	r0, 0x3f	; 63
    3cbe:	f8 94       	cli
    3cc0:	de bf       	out	0x3e, r29	; 62
    3cc2:	0f be       	out	0x3f, r0	; 63
    3cc4:	cd bf       	out	0x3d, r28	; 61
    3cc6:	1c 01       	movw	r2, r24
    3cc8:	4b 01       	movw	r8, r22
    3cca:	3a 01       	movw	r6, r20
    3ccc:	29 01       	movw	r4, r18
    3cce:	9e 01       	movw	r18, r28
    3cd0:	2f 5f       	subi	r18, 0xFF	; 255
    3cd2:	3f 4f       	sbci	r19, 0xFF	; 255
    3cd4:	47 e0       	ldi	r20, 0x07	; 7
    3cd6:	69 e0       	ldi	r22, 0x09	; 9
    3cd8:	80 ea       	ldi	r24, 0xA0	; 160
    3cda:	0e 94 e4 02 	call	0x5c8	; 0x5c8 <i2c_read_buf>
    3cde:	89 81       	ldd	r24, Y+1	; 0x01
    3ce0:	0e 94 bb 1b 	call	0x3776	; 0x3776 <bcd2bin>
    3ce4:	f2 01       	movw	r30, r4
    3ce6:	80 83       	st	Z, r24
    3ce8:	8a 81       	ldd	r24, Y+2	; 0x02
    3cea:	0e 94 bb 1b 	call	0x3776	; 0x3776 <bcd2bin>
    3cee:	f3 01       	movw	r30, r6
    3cf0:	80 83       	st	Z, r24
    3cf2:	8b 81       	ldd	r24, Y+3	; 0x03
    3cf4:	0e 94 bb 1b 	call	0x3776	; 0x3776 <bcd2bin>
    3cf8:	f4 01       	movw	r30, r8
    3cfa:	80 83       	st	Z, r24
    3cfc:	9c 80       	ldd	r9, Y+4	; 0x04
    3cfe:	89 2d       	mov	r24, r9
    3d00:	8f 73       	andi	r24, 0x3F	; 63
    3d02:	0e 94 bb 1b 	call	0x3776	; 0x3776 <bcd2bin>
    3d06:	f1 01       	movw	r30, r2
    3d08:	80 83       	st	Z, r24
    3d0a:	96 fa       	bst	r9, 6
    3d0c:	99 24       	eor	r9, r9
    3d0e:	90 f8       	bld	r9, 0
    3d10:	f5 01       	movw	r30, r10
    3d12:	90 82       	st	Z, r9
    3d14:	8d 81       	ldd	r24, Y+5	; 0x05
    3d16:	0e 94 bb 1b 	call	0x3776	; 0x3776 <bcd2bin>
    3d1a:	f8 01       	movw	r30, r16
    3d1c:	80 83       	st	Z, r24
    3d1e:	0e 94 42 1e 	call	0x3c84	; 0x3c84 <PCF8583_recognise_type_of_alarm>
    3d22:	82 30       	cpi	r24, 0x02	; 2
    3d24:	19 f4       	brne	.+6      	; 0x3d2c <PCF8583_get_alarm_time+0x9a>
    3d26:	8e 81       	ldd	r24, Y+6	; 0x06
    3d28:	8f 77       	andi	r24, 0x7F	; 127
    3d2a:	03 c0       	rjmp	.+6      	; 0x3d32 <PCF8583_get_alarm_time+0xa0>
    3d2c:	8e 81       	ldd	r24, Y+6	; 0x06
    3d2e:	0e 94 bb 1b 	call	0x3776	; 0x3776 <bcd2bin>
    3d32:	f7 01       	movw	r30, r14
    3d34:	80 83       	st	Z, r24
    3d36:	8f 81       	ldd	r24, Y+7	; 0x07
    3d38:	0e 94 bb 1b 	call	0x3776	; 0x3776 <bcd2bin>
    3d3c:	f6 01       	movw	r30, r12
    3d3e:	80 83       	st	Z, r24
    3d40:	27 96       	adiw	r28, 0x07	; 7
    3d42:	0f b6       	in	r0, 0x3f	; 63
    3d44:	f8 94       	cli
    3d46:	de bf       	out	0x3e, r29	; 62
    3d48:	0f be       	out	0x3f, r0	; 63
    3d4a:	cd bf       	out	0x3d, r28	; 61
    3d4c:	df 91       	pop	r29
    3d4e:	cf 91       	pop	r28
    3d50:	1f 91       	pop	r17
    3d52:	0f 91       	pop	r16
    3d54:	ff 90       	pop	r15
    3d56:	ef 90       	pop	r14
    3d58:	df 90       	pop	r13
    3d5a:	cf 90       	pop	r12
    3d5c:	bf 90       	pop	r11
    3d5e:	af 90       	pop	r10
    3d60:	9f 90       	pop	r9
    3d62:	8f 90       	pop	r8
    3d64:	7f 90       	pop	r7
    3d66:	6f 90       	pop	r6
    3d68:	5f 90       	pop	r5
    3d6a:	4f 90       	pop	r4
    3d6c:	3f 90       	pop	r3
    3d6e:	2f 90       	pop	r2
    3d70:	08 95       	ret

00003d72 <PCF8583_set_alarm_time>:
    3d72:	af 92       	push	r10
    3d74:	cf 92       	push	r12
    3d76:	df 92       	push	r13
    3d78:	ef 92       	push	r14
    3d7a:	ff 92       	push	r15
    3d7c:	0f 93       	push	r16
    3d7e:	1f 93       	push	r17
    3d80:	cf 93       	push	r28
    3d82:	df 93       	push	r29
    3d84:	cd b7       	in	r28, 0x3d	; 61
    3d86:	de b7       	in	r29, 0x3e	; 62
    3d88:	29 97       	sbiw	r28, 0x09	; 9
    3d8a:	0f b6       	in	r0, 0x3f	; 63
    3d8c:	f8 94       	cli
    3d8e:	de bf       	out	0x3e, r29	; 62
    3d90:	0f be       	out	0x3f, r0	; 63
    3d92:	cd bf       	out	0x3d, r28	; 61
    3d94:	f8 2e       	mov	r15, r24
    3d96:	d2 2e       	mov	r13, r18
    3d98:	48 87       	std	Y+8, r20	; 0x08
    3d9a:	69 87       	std	Y+9, r22	; 0x09
    3d9c:	0e 94 42 1e 	call	0x3c84	; 0x3c84 <PCF8583_recognise_type_of_alarm>
    3da0:	18 2f       	mov	r17, r24
    3da2:	8d 2d       	mov	r24, r13
    3da4:	0e 94 c4 1b 	call	0x3788	; 0x3788 <bin2bcd>
    3da8:	89 83       	std	Y+1, r24	; 0x01
    3daa:	48 85       	ldd	r20, Y+8	; 0x08
    3dac:	84 2f       	mov	r24, r20
    3dae:	0e 94 c4 1b 	call	0x3788	; 0x3788 <bin2bcd>
    3db2:	8a 83       	std	Y+2, r24	; 0x02
    3db4:	69 85       	ldd	r22, Y+9	; 0x09
    3db6:	86 2f       	mov	r24, r22
    3db8:	0e 94 c4 1b 	call	0x3788	; 0x3788 <bin2bcd>
    3dbc:	8b 83       	std	Y+3, r24	; 0x03
    3dbe:	8f 2d       	mov	r24, r15
    3dc0:	0e 94 c4 1b 	call	0x3788	; 0x3788 <bin2bcd>
    3dc4:	f8 2e       	mov	r15, r24
    3dc6:	8c e0       	ldi	r24, 0x0C	; 12
    3dc8:	0e 94 e0 1b 	call	0x37c0	; 0x37c0 <PCF8583_read>
    3dcc:	9f 2d       	mov	r25, r15
    3dce:	9f 73       	andi	r25, 0x3F	; 63
    3dd0:	80 78       	andi	r24, 0x80	; 128
    3dd2:	98 2b       	or	r25, r24
    3dd4:	80 e4       	ldi	r24, 0x40	; 64
    3dd6:	a8 9e       	mul	r10, r24
    3dd8:	90 01       	movw	r18, r0
    3dda:	11 24       	eor	r1, r1
    3ddc:	20 74       	andi	r18, 0x40	; 64
    3dde:	92 2b       	or	r25, r18
    3de0:	9c 83       	std	Y+4, r25	; 0x04
    3de2:	12 30       	cpi	r17, 0x02	; 2
    3de4:	19 f4       	brne	.+6      	; 0x3dec <PCF8583_set_alarm_time+0x7a>
    3de6:	8e 2d       	mov	r24, r14
    3de8:	8f 77       	andi	r24, 0x7F	; 127
    3dea:	09 c0       	rjmp	.+18     	; 0x3dfe <PCF8583_set_alarm_time+0x8c>
    3dec:	13 30       	cpi	r17, 0x03	; 3
    3dee:	41 f4       	brne	.+16     	; 0x3e00 <PCF8583_set_alarm_time+0x8e>
    3df0:	80 2f       	mov	r24, r16
    3df2:	0e 94 c4 1b 	call	0x3788	; 0x3788 <bin2bcd>
    3df6:	8d 83       	std	Y+5, r24	; 0x05
    3df8:	8e 2d       	mov	r24, r14
    3dfa:	0e 94 c4 1b 	call	0x3788	; 0x3788 <bin2bcd>
    3dfe:	8e 83       	std	Y+6, r24	; 0x06
    3e00:	8c 2d       	mov	r24, r12
    3e02:	0e 94 c4 1b 	call	0x3788	; 0x3788 <bin2bcd>
    3e06:	8f 83       	std	Y+7, r24	; 0x07
    3e08:	9e 01       	movw	r18, r28
    3e0a:	2f 5f       	subi	r18, 0xFF	; 255
    3e0c:	3f 4f       	sbci	r19, 0xFF	; 255
    3e0e:	47 e0       	ldi	r20, 0x07	; 7
    3e10:	69 e0       	ldi	r22, 0x09	; 9
    3e12:	80 ea       	ldi	r24, 0xA0	; 160
    3e14:	0e 94 b5 02 	call	0x56a	; 0x56a <i2c_write_buf>
    3e18:	29 96       	adiw	r28, 0x09	; 9
    3e1a:	0f b6       	in	r0, 0x3f	; 63
    3e1c:	f8 94       	cli
    3e1e:	de bf       	out	0x3e, r29	; 62
    3e20:	0f be       	out	0x3f, r0	; 63
    3e22:	cd bf       	out	0x3d, r28	; 61
    3e24:	df 91       	pop	r29
    3e26:	cf 91       	pop	r28
    3e28:	1f 91       	pop	r17
    3e2a:	0f 91       	pop	r16
    3e2c:	ff 90       	pop	r15
    3e2e:	ef 90       	pop	r14
    3e30:	df 90       	pop	r13
    3e32:	cf 90       	pop	r12
    3e34:	af 90       	pop	r10
    3e36:	08 95       	ret

00003e38 <PCF8583_recognise_type_of_timer_alarm>:
    3e38:	88 e0       	ldi	r24, 0x08	; 8
    3e3a:	0e 94 e0 1b 	call	0x37c0	; 0x37c0 <PCF8583_read>
    3e3e:	86 fb       	bst	r24, 6
    3e40:	88 27       	eor	r24, r24
    3e42:	80 f9       	bld	r24, 0
    3e44:	08 95       	ret

00003e46 <PCF8583_is_timer_flag_set>:
    3e46:	80 e0       	ldi	r24, 0x00	; 0
    3e48:	0e 94 e0 1b 	call	0x37c0	; 0x37c0 <PCF8583_read>
    3e4c:	81 70       	andi	r24, 0x01	; 1
    3e4e:	08 95       	ret

00003e50 <PCF8583_is_alarm_flag_set>:
    3e50:	80 e0       	ldi	r24, 0x00	; 0
    3e52:	0e 94 e0 1b 	call	0x37c0	; 0x37c0 <PCF8583_read>
    3e56:	86 95       	lsr	r24
    3e58:	81 70       	andi	r24, 0x01	; 1
    3e5a:	08 95       	ret

00003e5c <PCF8583_get_wall_alarm>:
    3e5c:	af 92       	push	r10
    3e5e:	bf 92       	push	r11
    3e60:	cf 92       	push	r12
    3e62:	df 92       	push	r13
    3e64:	ef 92       	push	r14
    3e66:	ff 92       	push	r15
    3e68:	0f 93       	push	r16
    3e6a:	1f 93       	push	r17
    3e6c:	29 ef       	ldi	r18, 0xF9	; 249
    3e6e:	a2 2e       	mov	r10, r18
    3e70:	25 e0       	ldi	r18, 0x05	; 5
    3e72:	b2 2e       	mov	r11, r18
    3e74:	3b eb       	ldi	r19, 0xBB	; 187
    3e76:	c3 2e       	mov	r12, r19
    3e78:	35 e0       	ldi	r19, 0x05	; 5
    3e7a:	d3 2e       	mov	r13, r19
    3e7c:	4d ed       	ldi	r20, 0xDD	; 221
    3e7e:	e4 2e       	mov	r14, r20
    3e80:	45 e0       	ldi	r20, 0x05	; 5
    3e82:	f4 2e       	mov	r15, r20
    3e84:	0a ef       	ldi	r16, 0xFA	; 250
    3e86:	15 e0       	ldi	r17, 0x05	; 5
    3e88:	2a ed       	ldi	r18, 0xDA	; 218
    3e8a:	35 e0       	ldi	r19, 0x05	; 5
    3e8c:	4b ee       	ldi	r20, 0xEB	; 235
    3e8e:	55 e0       	ldi	r21, 0x05	; 5
    3e90:	6c ed       	ldi	r22, 0xDC	; 220
    3e92:	75 e0       	ldi	r23, 0x05	; 5
    3e94:	8b ed       	ldi	r24, 0xDB	; 219
    3e96:	95 e0       	ldi	r25, 0x05	; 5
    3e98:	0e 94 49 1e 	call	0x3c92	; 0x3c92 <PCF8583_get_alarm_time>
    3e9c:	1f 91       	pop	r17
    3e9e:	0f 91       	pop	r16
    3ea0:	ff 90       	pop	r15
    3ea2:	ef 90       	pop	r14
    3ea4:	df 90       	pop	r13
    3ea6:	cf 90       	pop	r12
    3ea8:	bf 90       	pop	r11
    3eaa:	af 90       	pop	r10
    3eac:	08 95       	ret

00003eae <PCF8583_get_wall_time>:
    3eae:	8f 92       	push	r8
    3eb0:	9f 92       	push	r9
    3eb2:	af 92       	push	r10
    3eb4:	bf 92       	push	r11
    3eb6:	cf 92       	push	r12
    3eb8:	df 92       	push	r13
    3eba:	ef 92       	push	r14
    3ebc:	ff 92       	push	r15
    3ebe:	0f 93       	push	r16
    3ec0:	1f 93       	push	r17
    3ec2:	89 ef       	ldi	r24, 0xF9	; 249
    3ec4:	95 e0       	ldi	r25, 0x05	; 5
    3ec6:	9f 93       	push	r25
    3ec8:	8f 93       	push	r24
    3eca:	5b eb       	ldi	r21, 0xBB	; 187
    3ecc:	85 2e       	mov	r8, r21
    3ece:	55 e0       	ldi	r21, 0x05	; 5
    3ed0:	95 2e       	mov	r9, r21
    3ed2:	6c ee       	ldi	r22, 0xEC	; 236
    3ed4:	a6 2e       	mov	r10, r22
    3ed6:	65 e0       	ldi	r22, 0x05	; 5
    3ed8:	b6 2e       	mov	r11, r22
    3eda:	7d ed       	ldi	r23, 0xDD	; 221
    3edc:	c7 2e       	mov	r12, r23
    3ede:	75 e0       	ldi	r23, 0x05	; 5
    3ee0:	d7 2e       	mov	r13, r23
    3ee2:	ee ee       	ldi	r30, 0xEE	; 238
    3ee4:	ee 2e       	mov	r14, r30
    3ee6:	e5 e0       	ldi	r30, 0x05	; 5
    3ee8:	fe 2e       	mov	r15, r30
    3eea:	0a ef       	ldi	r16, 0xFA	; 250
    3eec:	15 e0       	ldi	r17, 0x05	; 5
    3eee:	2a ed       	ldi	r18, 0xDA	; 218
    3ef0:	35 e0       	ldi	r19, 0x05	; 5
    3ef2:	4b ee       	ldi	r20, 0xEB	; 235
    3ef4:	55 e0       	ldi	r21, 0x05	; 5
    3ef6:	6c ed       	ldi	r22, 0xDC	; 220
    3ef8:	75 e0       	ldi	r23, 0x05	; 5
    3efa:	8b ed       	ldi	r24, 0xDB	; 219
    3efc:	95 e0       	ldi	r25, 0x05	; 5
    3efe:	0e 94 9e 1c 	call	0x393c	; 0x393c <PCF8583_get_time>
    3f02:	0f 90       	pop	r0
    3f04:	0f 90       	pop	r0
    3f06:	1f 91       	pop	r17
    3f08:	0f 91       	pop	r16
    3f0a:	ff 90       	pop	r15
    3f0c:	ef 90       	pop	r14
    3f0e:	df 90       	pop	r13
    3f10:	cf 90       	pop	r12
    3f12:	bf 90       	pop	r11
    3f14:	af 90       	pop	r10
    3f16:	9f 90       	pop	r9
    3f18:	8f 90       	pop	r8
    3f1a:	08 95       	ret

00003f1c <OneWireStrong>:
    3f1c:	88 23       	and	r24, r24
    3f1e:	19 f0       	breq	.+6      	; 0x3f26 <OneWireStrong+0xa>
    3f20:	d8 9a       	sbi	0x1b, 0	; 27
    3f22:	d0 9a       	sbi	0x1a, 0	; 26
    3f24:	08 95       	ret
    3f26:	d0 98       	cbi	0x1a, 0	; 26
    3f28:	08 95       	ret

00003f2a <OneWireReset>:
    3f2a:	d8 98       	cbi	0x1b, 0	; 27
    3f2c:	99 b3       	in	r25, 0x19	; 25
    3f2e:	89 2f       	mov	r24, r25
    3f30:	81 70       	andi	r24, 0x01	; 1
    3f32:	90 ff       	sbrs	r25, 0
    3f34:	15 c0       	rjmp	.+42     	; 0x3f60 <OneWireReset+0x36>
    3f36:	d0 9a       	sbi	0x1a, 0	; 26
    3f38:	84 ef       	ldi	r24, 0xF4	; 244
    3f3a:	91 e0       	ldi	r25, 0x01	; 1
    3f3c:	0e 94 54 00 	call	0xa8	; 0xa8 <delay_us_var>
    3f40:	d0 98       	cbi	0x1a, 0	; 26
    3f42:	86 e4       	ldi	r24, 0x46	; 70
    3f44:	90 e0       	ldi	r25, 0x00	; 0
    3f46:	0e 94 54 00 	call	0xa8	; 0xa8 <delay_us_var>
    3f4a:	84 ef       	ldi	r24, 0xF4	; 244
    3f4c:	91 e0       	ldi	r25, 0x01	; 1
    3f4e:	c8 99       	sbic	0x19, 0	; 25
    3f50:	04 c0       	rjmp	.+8      	; 0x3f5a <OneWireReset+0x30>
    3f52:	0e 94 54 00 	call	0xa8	; 0xa8 <delay_us_var>
    3f56:	81 e0       	ldi	r24, 0x01	; 1
    3f58:	08 95       	ret
    3f5a:	0e 94 54 00 	call	0xa8	; 0xa8 <delay_us_var>
    3f5e:	80 e0       	ldi	r24, 0x00	; 0
    3f60:	08 95       	ret

00003f62 <OneWireWriteByte>:
    3f62:	cf 93       	push	r28
    3f64:	df 93       	push	r29
    3f66:	d8 2f       	mov	r29, r24
    3f68:	d8 98       	cbi	0x1b, 0	; 27
    3f6a:	c8 e0       	ldi	r28, 0x08	; 8
    3f6c:	d0 9a       	sbi	0x1a, 0	; 26
    3f6e:	d0 ff       	sbrs	r29, 0
    3f70:	08 c0       	rjmp	.+16     	; 0x3f82 <OneWireWriteByte+0x20>
    3f72:	87 e0       	ldi	r24, 0x07	; 7
    3f74:	90 e0       	ldi	r25, 0x00	; 0
    3f76:	0e 94 54 00 	call	0xa8	; 0xa8 <delay_us_var>
    3f7a:	d0 98       	cbi	0x1a, 0	; 26
    3f7c:	86 e4       	ldi	r24, 0x46	; 70
    3f7e:	90 e0       	ldi	r25, 0x00	; 0
    3f80:	07 c0       	rjmp	.+14     	; 0x3f90 <OneWireWriteByte+0x2e>
    3f82:	86 e4       	ldi	r24, 0x46	; 70
    3f84:	90 e0       	ldi	r25, 0x00	; 0
    3f86:	0e 94 54 00 	call	0xa8	; 0xa8 <delay_us_var>
    3f8a:	d0 98       	cbi	0x1a, 0	; 26
    3f8c:	87 e0       	ldi	r24, 0x07	; 7
    3f8e:	90 e0       	ldi	r25, 0x00	; 0
    3f90:	0e 94 54 00 	call	0xa8	; 0xa8 <delay_us_var>
    3f94:	d6 95       	lsr	r29
    3f96:	c1 50       	subi	r28, 0x01	; 1
    3f98:	49 f7       	brne	.-46     	; 0x3f6c <OneWireWriteByte+0xa>
    3f9a:	df 91       	pop	r29
    3f9c:	cf 91       	pop	r28
    3f9e:	08 95       	ret

00003fa0 <ds18b20_ConvertT>:
    3fa0:	0e 94 95 1f 	call	0x3f2a	; 0x3f2a <OneWireReset>
    3fa4:	88 23       	and	r24, r24
    3fa6:	39 f0       	breq	.+14     	; 0x3fb6 <ds18b20_ConvertT+0x16>
    3fa8:	8c ec       	ldi	r24, 0xCC	; 204
    3faa:	0e 94 b1 1f 	call	0x3f62	; 0x3f62 <OneWireWriteByte>
    3fae:	84 e4       	ldi	r24, 0x44	; 68
    3fb0:	0e 94 b1 1f 	call	0x3f62	; 0x3f62 <OneWireWriteByte>
    3fb4:	8f ef       	ldi	r24, 0xFF	; 255
    3fb6:	08 95       	ret

00003fb8 <OneWireReadByte>:
    3fb8:	cf 93       	push	r28
    3fba:	df 93       	push	r29
    3fbc:	d0 98       	cbi	0x1a, 0	; 26
    3fbe:	d8 e0       	ldi	r29, 0x08	; 8
    3fc0:	c0 e0       	ldi	r28, 0x00	; 0
    3fc2:	d0 9a       	sbi	0x1a, 0	; 26
    3fc4:	87 e0       	ldi	r24, 0x07	; 7
    3fc6:	90 e0       	ldi	r25, 0x00	; 0
    3fc8:	0e 94 54 00 	call	0xa8	; 0xa8 <delay_us_var>
    3fcc:	d0 98       	cbi	0x1a, 0	; 26
    3fce:	87 e0       	ldi	r24, 0x07	; 7
    3fd0:	90 e0       	ldi	r25, 0x00	; 0
    3fd2:	0e 94 54 00 	call	0xa8	; 0xa8 <delay_us_var>
    3fd6:	c6 95       	lsr	r28
    3fd8:	c8 99       	sbic	0x19, 0	; 25
    3fda:	c0 68       	ori	r28, 0x80	; 128
    3fdc:	86 e4       	ldi	r24, 0x46	; 70
    3fde:	90 e0       	ldi	r25, 0x00	; 0
    3fe0:	0e 94 54 00 	call	0xa8	; 0xa8 <delay_us_var>
    3fe4:	d1 50       	subi	r29, 0x01	; 1
    3fe6:	69 f7       	brne	.-38     	; 0x3fc2 <OneWireReadByte+0xa>
    3fe8:	8c 2f       	mov	r24, r28
    3fea:	df 91       	pop	r29
    3fec:	cf 91       	pop	r28
    3fee:	08 95       	ret

00003ff0 <ds18b20_Read>:
    3ff0:	0e 94 95 1f 	call	0x3f2a	; 0x3f2a <OneWireReset>
    3ff4:	88 23       	and	r24, r24
    3ff6:	89 f0       	breq	.+34     	; 0x401a <ds18b20_Read+0x2a>
    3ff8:	8c ec       	ldi	r24, 0xCC	; 204
    3ffa:	0e 94 b1 1f 	call	0x3f62	; 0x3f62 <OneWireWriteByte>
    3ffe:	8e eb       	ldi	r24, 0xBE	; 190
    4000:	0e 94 b1 1f 	call	0x3f62	; 0x3f62 <OneWireWriteByte>
    4004:	0e 94 dc 1f 	call	0x3fb8	; 0x3fb8 <OneWireReadByte>
    4008:	80 93 ef 05 	sts	0x05EF, r24
    400c:	0e 94 dc 1f 	call	0x3fb8	; 0x3fb8 <OneWireReadByte>
    4010:	80 93 f0 05 	sts	0x05F0, r24
    4014:	81 e0       	ldi	r24, 0x01	; 1
    4016:	90 e0       	ldi	r25, 0x00	; 0
    4018:	08 95       	ret
    401a:	80 e0       	ldi	r24, 0x00	; 0
    401c:	90 e0       	ldi	r25, 0x00	; 0
    401e:	08 95       	ret

00004020 <ds18b20_temperature>:
    4020:	0e 94 d0 1f 	call	0x3fa0	; 0x3fa0 <ds18b20_ConvertT>
    4024:	88 23       	and	r24, r24
    4026:	f1 f0       	breq	.+60     	; 0x4064 <ds18b20_temperature+0x44>
    4028:	8f ee       	ldi	r24, 0xEF	; 239
    402a:	95 e0       	ldi	r25, 0x05	; 5
    402c:	0e 94 f8 1f 	call	0x3ff0	; 0x3ff0 <ds18b20_Read>
    4030:	60 91 f0 05 	lds	r22, 0x05F0
    4034:	70 e0       	ldi	r23, 0x00	; 0
    4036:	76 2f       	mov	r23, r22
    4038:	66 27       	eor	r22, r22
    403a:	80 91 ef 05 	lds	r24, 0x05EF
    403e:	68 0f       	add	r22, r24
    4040:	71 1d       	adc	r23, r1
    4042:	88 27       	eor	r24, r24
    4044:	77 fd       	sbrc	r23, 7
    4046:	80 95       	com	r24
    4048:	98 2f       	mov	r25, r24
    404a:	0e 94 53 22 	call	0x44a6	; 0x44a6 <__floatsisf>
    404e:	20 e0       	ldi	r18, 0x00	; 0
    4050:	30 e0       	ldi	r19, 0x00	; 0
    4052:	40 e8       	ldi	r20, 0x80	; 128
    4054:	5d e3       	ldi	r21, 0x3D	; 61
    4056:	0e 94 07 23 	call	0x460e	; 0x460e <__mulsf3>
    405a:	10 92 ef 05 	sts	0x05EF, r1
    405e:	10 92 f0 05 	sts	0x05F0, r1
    4062:	03 c0       	rjmp	.+6      	; 0x406a <ds18b20_temperature+0x4a>
    4064:	60 e0       	ldi	r22, 0x00	; 0
    4066:	70 e0       	ldi	r23, 0x00	; 0
    4068:	cb 01       	movw	r24, r22
    406a:	60 93 b5 05 	sts	0x05B5, r22
    406e:	70 93 b6 05 	sts	0x05B6, r23
    4072:	80 93 b7 05 	sts	0x05B7, r24
    4076:	90 93 b8 05 	sts	0x05B8, r25
    407a:	08 95       	ret

0000407c <timer_2_init>:
    407c:	85 b5       	in	r24, 0x25	; 37
    407e:	88 60       	ori	r24, 0x08	; 8
    4080:	85 bd       	out	0x25, r24	; 37
    4082:	85 e0       	ldi	r24, 0x05	; 5
    4084:	83 bd       	out	0x23, r24	; 35
    4086:	89 b7       	in	r24, 0x39	; 57
    4088:	80 68       	ori	r24, 0x80	; 128
    408a:	89 bf       	out	0x39, r24	; 57
    408c:	08 95       	ret

0000408e <RGB_init>:
    408e:	b9 9a       	sbi	0x17, 1	; 23
    4090:	ba 9a       	sbi	0x17, 2	; 23
    4092:	bb 9a       	sbi	0x17, 3	; 23
    4094:	10 92 d4 05 	sts	0x05D4, r1
    4098:	10 92 c8 05 	sts	0x05C8, r1
    409c:	10 92 f8 05 	sts	0x05F8, r1
    40a0:	08 95       	ret

000040a2 <refreshing_interrupt_on>:
    40a2:	85 b5       	in	r24, 0x25	; 37
    40a4:	87 60       	ori	r24, 0x07	; 7
    40a6:	85 bd       	out	0x25, r24	; 37
    40a8:	08 95       	ret

000040aa <refreshing_interrupt_off>:
    40aa:	85 b5       	in	r24, 0x25	; 37
    40ac:	88 7f       	andi	r24, 0xF8	; 248
    40ae:	85 bd       	out	0x25, r24	; 37
    40b0:	08 95       	ret

000040b2 <__vector_4>:
    40b2:	1f 92       	push	r1
    40b4:	0f 92       	push	r0
    40b6:	0f b6       	in	r0, 0x3f	; 63
    40b8:	0f 92       	push	r0
    40ba:	11 24       	eor	r1, r1
    40bc:	2f 93       	push	r18
    40be:	8f 93       	push	r24
    40c0:	9f 93       	push	r25
    40c2:	80 91 d8 05 	lds	r24, 0x05D8
    40c6:	90 91 d9 05 	lds	r25, 0x05D9
    40ca:	8c 3d       	cpi	r24, 0xDC	; 220
    40cc:	95 40       	sbci	r25, 0x05	; 5
    40ce:	19 f4       	brne	.+6      	; 0x40d6 <__vector_4+0x24>
    40d0:	81 e0       	ldi	r24, 0x01	; 1
    40d2:	80 93 d3 05 	sts	0x05D3, r24
    40d6:	90 91 bc 05 	lds	r25, 0x05BC
    40da:	80 91 d4 05 	lds	r24, 0x05D4
    40de:	98 17       	cp	r25, r24
    40e0:	10 f0       	brcs	.+4      	; 0x40e6 <__vector_4+0x34>
    40e2:	c1 9a       	sbi	0x18, 1	; 24
    40e4:	01 c0       	rjmp	.+2      	; 0x40e8 <__vector_4+0x36>
    40e6:	c1 98       	cbi	0x18, 1	; 24
    40e8:	90 91 bc 05 	lds	r25, 0x05BC
    40ec:	80 91 c8 05 	lds	r24, 0x05C8
    40f0:	98 17       	cp	r25, r24
    40f2:	10 f0       	brcs	.+4      	; 0x40f8 <__vector_4+0x46>
    40f4:	c2 9a       	sbi	0x18, 2	; 24
    40f6:	01 c0       	rjmp	.+2      	; 0x40fa <__vector_4+0x48>
    40f8:	c2 98       	cbi	0x18, 2	; 24
    40fa:	90 91 bc 05 	lds	r25, 0x05BC
    40fe:	80 91 f8 05 	lds	r24, 0x05F8
    4102:	98 17       	cp	r25, r24
    4104:	10 f0       	brcs	.+4      	; 0x410a <__vector_4+0x58>
    4106:	c3 9a       	sbi	0x18, 3	; 24
    4108:	01 c0       	rjmp	.+2      	; 0x410c <__vector_4+0x5a>
    410a:	c3 98       	cbi	0x18, 3	; 24
    410c:	80 91 d8 05 	lds	r24, 0x05D8
    4110:	90 91 d9 05 	lds	r25, 0x05D9
    4114:	01 96       	adiw	r24, 0x01	; 1
    4116:	90 93 d9 05 	sts	0x05D9, r25
    411a:	80 93 d8 05 	sts	0x05D8, r24
    411e:	80 91 bc 05 	lds	r24, 0x05BC
    4122:	8f 5f       	subi	r24, 0xFF	; 255
    4124:	80 93 bc 05 	sts	0x05BC, r24
    4128:	9f 91       	pop	r25
    412a:	8f 91       	pop	r24
    412c:	2f 91       	pop	r18
    412e:	0f 90       	pop	r0
    4130:	0f be       	out	0x3f, r0	; 63
    4132:	0f 90       	pop	r0
    4134:	1f 90       	pop	r1
    4136:	18 95       	reti

00004138 <main>:
    4138:	8f 9a       	sbi	0x11, 7	; 17
    413a:	88 ee       	ldi	r24, 0xE8	; 232
    413c:	93 e0       	ldi	r25, 0x03	; 3
    413e:	0e 94 49 00 	call	0x92	; 0x92 <delay_ms_var>
    4142:	0e 94 79 01 	call	0x2f2	; 0x2f2 <LCD_Initalize>
    4146:	84 e6       	ldi	r24, 0x64	; 100
    4148:	90 e0       	ldi	r25, 0x00	; 0
    414a:	0e 94 86 02 	call	0x50c	; 0x50c <i2cSetBitrate>
    414e:	0e 94 f2 1b 	call	0x37e4	; 0x37e4 <PCF8583_init>
    4152:	0e 94 64 1c 	call	0x38c8	; 0x38c8 <PCF8583_alarm_flag_off>
    4156:	0e 94 54 1c 	call	0x38a8	; 0x38a8 <PCF8583_timer_flag_off>
    415a:	0e 94 f8 1d 	call	0x3bf0	; 0x3bf0 <PCF8583_24h_format>
    415e:	0e 94 47 20 	call	0x408e	; 0x408e <RGB_init>
    4162:	0e 94 10 20 	call	0x4020	; 0x4020 <ds18b20_temperature>
    4166:	0e 94 3e 20 	call	0x407c	; 0x407c <timer_2_init>
    416a:	0e 94 51 20 	call	0x40a2	; 0x40a2 <refreshing_interrupt_on>
    416e:	0e 94 25 03 	call	0x64a	; 0x64a <ir_init>
    4172:	0e 94 66 05 	call	0xacc	; 0xacc <lockers_init>
    4176:	8d e6       	ldi	r24, 0x6D	; 109
    4178:	95 e0       	ldi	r25, 0x05	; 5
    417a:	0e 94 2f 25 	call	0x4a5e	; 0x4a5e <puts>
    417e:	0e 94 21 03 	call	0x642	; 0x642 <pilot_on>
    4182:	81 e0       	ldi	r24, 0x01	; 1
    4184:	80 93 a9 05 	sts	0x05A9, r24
    4188:	80 93 f3 05 	sts	0x05F3, r24
    418c:	85 e8       	ldi	r24, 0x85	; 133
    418e:	95 e0       	ldi	r25, 0x05	; 5
    4190:	0e 94 50 01 	call	0x2a0	; 0x2a0 <LCD_WriteText>
    4194:	8c ed       	ldi	r24, 0xDC	; 220
    4196:	95 e0       	ldi	r25, 0x05	; 5
    4198:	0e 94 49 00 	call	0x92	; 0x92 <delay_ms_var>
    419c:	61 e0       	ldi	r22, 0x01	; 1
    419e:	86 e0       	ldi	r24, 0x06	; 6
    41a0:	0e 94 5c 01 	call	0x2b8	; 0x2b8 <LCD_GoTo>
    41a4:	83 e9       	ldi	r24, 0x93	; 147
    41a6:	95 e0       	ldi	r25, 0x05	; 5
    41a8:	0e 94 50 01 	call	0x2a0	; 0x2a0 <LCD_WriteText>
    41ac:	88 ee       	ldi	r24, 0xE8	; 232
    41ae:	93 e0       	ldi	r25, 0x03	; 3
    41b0:	0e 94 49 00 	call	0x92	; 0x92 <delay_ms_var>
    41b4:	41 e0       	ldi	r20, 0x01	; 1
    41b6:	50 e0       	ldi	r21, 0x00	; 0
    41b8:	6f e0       	ldi	r22, 0x0F	; 15
    41ba:	70 e0       	ldi	r23, 0x00	; 0
    41bc:	84 e1       	ldi	r24, 0x14	; 20
    41be:	90 e0       	ldi	r25, 0x00	; 0
    41c0:	0e 94 ee 01 	call	0x3dc	; 0x3dc <LCD_MoveRight>
    41c4:	0e 94 63 01 	call	0x2c6	; 0x2c6 <LCD_Clear>
    41c8:	0e 94 47 1a 	call	0x348e	; 0x348e <sczytaj_komende>
    41cc:	82 e0       	ldi	r24, 0x02	; 2
    41ce:	80 93 a6 05 	sts	0x05A6, r24
    41d2:	60 e0       	ldi	r22, 0x00	; 0
    41d4:	70 e0       	ldi	r23, 0x00	; 0
    41d6:	8b e3       	ldi	r24, 0x3B	; 59
    41d8:	90 e0       	ldi	r25, 0x00	; 0
    41da:	0e 94 00 1a 	call	0x3400	; 0x3400 <pilot>
    41de:	83 e0       	ldi	r24, 0x03	; 3
    41e0:	80 93 f3 05 	sts	0x05F3, r24
    41e4:	0e 94 f1 06 	call	0xde2	; 0xde2 <lockers_beginning_actions>
    41e8:	8b e1       	ldi	r24, 0x1B	; 27
    41ea:	90 e0       	ldi	r25, 0x00	; 0
    41ec:	90 93 f6 05 	sts	0x05F6, r25
    41f0:	80 93 f5 05 	sts	0x05F5, r24
    41f4:	8f e0       	ldi	r24, 0x0F	; 15
    41f6:	80 93 f7 05 	sts	0x05F7, r24
    41fa:	78 94       	sei
    41fc:	0e 94 47 1a 	call	0x348e	; 0x348e <sczytaj_komende>
    4200:	fd cf       	rjmp	.-6      	; 0x41fc <main+0xc4>

00004202 <__udivmodqi4>:
    4202:	99 1b       	sub	r25, r25
    4204:	79 e0       	ldi	r23, 0x09	; 9
    4206:	04 c0       	rjmp	.+8      	; 0x4210 <__udivmodqi4_ep>

00004208 <__udivmodqi4_loop>:
    4208:	99 1f       	adc	r25, r25
    420a:	96 17       	cp	r25, r22
    420c:	08 f0       	brcs	.+2      	; 0x4210 <__udivmodqi4_ep>
    420e:	96 1b       	sub	r25, r22

00004210 <__udivmodqi4_ep>:
    4210:	88 1f       	adc	r24, r24
    4212:	7a 95       	dec	r23
    4214:	c9 f7       	brne	.-14     	; 0x4208 <__udivmodqi4_loop>
    4216:	80 95       	com	r24
    4218:	08 95       	ret

0000421a <__udivmodhi4>:
    421a:	aa 1b       	sub	r26, r26
    421c:	bb 1b       	sub	r27, r27
    421e:	51 e1       	ldi	r21, 0x11	; 17
    4220:	07 c0       	rjmp	.+14     	; 0x4230 <__udivmodhi4_ep>

00004222 <__udivmodhi4_loop>:
    4222:	aa 1f       	adc	r26, r26
    4224:	bb 1f       	adc	r27, r27
    4226:	a6 17       	cp	r26, r22
    4228:	b7 07       	cpc	r27, r23
    422a:	10 f0       	brcs	.+4      	; 0x4230 <__udivmodhi4_ep>
    422c:	a6 1b       	sub	r26, r22
    422e:	b7 0b       	sbc	r27, r23

00004230 <__udivmodhi4_ep>:
    4230:	88 1f       	adc	r24, r24
    4232:	99 1f       	adc	r25, r25
    4234:	5a 95       	dec	r21
    4236:	a9 f7       	brne	.-22     	; 0x4222 <__udivmodhi4_loop>
    4238:	80 95       	com	r24
    423a:	90 95       	com	r25
    423c:	bc 01       	movw	r22, r24
    423e:	cd 01       	movw	r24, r26
    4240:	08 95       	ret

00004242 <__divmodhi4>:
    4242:	97 fb       	bst	r25, 7
    4244:	07 2e       	mov	r0, r23
    4246:	16 f4       	brtc	.+4      	; 0x424c <__divmodhi4+0xa>
    4248:	00 94       	com	r0
    424a:	07 d0       	rcall	.+14     	; 0x425a <__divmodhi4_neg1>
    424c:	77 fd       	sbrc	r23, 7
    424e:	09 d0       	rcall	.+18     	; 0x4262 <__divmodhi4_neg2>
    4250:	0e 94 0d 21 	call	0x421a	; 0x421a <__udivmodhi4>
    4254:	07 fc       	sbrc	r0, 7
    4256:	05 d0       	rcall	.+10     	; 0x4262 <__divmodhi4_neg2>
    4258:	3e f4       	brtc	.+14     	; 0x4268 <__divmodhi4_exit>

0000425a <__divmodhi4_neg1>:
    425a:	90 95       	com	r25
    425c:	81 95       	neg	r24
    425e:	9f 4f       	sbci	r25, 0xFF	; 255
    4260:	08 95       	ret

00004262 <__divmodhi4_neg2>:
    4262:	70 95       	com	r23
    4264:	61 95       	neg	r22
    4266:	7f 4f       	sbci	r23, 0xFF	; 255

00004268 <__divmodhi4_exit>:
    4268:	08 95       	ret

0000426a <__muluhisi3>:
    426a:	0e 94 40 21 	call	0x4280	; 0x4280 <__umulhisi3>
    426e:	a5 9f       	mul	r26, r21
    4270:	90 0d       	add	r25, r0
    4272:	b4 9f       	mul	r27, r20
    4274:	90 0d       	add	r25, r0
    4276:	a4 9f       	mul	r26, r20
    4278:	80 0d       	add	r24, r0
    427a:	91 1d       	adc	r25, r1
    427c:	11 24       	eor	r1, r1
    427e:	08 95       	ret

00004280 <__umulhisi3>:
    4280:	a2 9f       	mul	r26, r18
    4282:	b0 01       	movw	r22, r0
    4284:	b3 9f       	mul	r27, r19
    4286:	c0 01       	movw	r24, r0
    4288:	a3 9f       	mul	r26, r19
    428a:	70 0d       	add	r23, r0
    428c:	81 1d       	adc	r24, r1
    428e:	11 24       	eor	r1, r1
    4290:	91 1d       	adc	r25, r1
    4292:	b2 9f       	mul	r27, r18
    4294:	70 0d       	add	r23, r0
    4296:	81 1d       	adc	r24, r1
    4298:	11 24       	eor	r1, r1
    429a:	91 1d       	adc	r25, r1
    429c:	08 95       	ret

0000429e <__subsf3>:
    429e:	50 58       	subi	r21, 0x80	; 128

000042a0 <__addsf3>:
    42a0:	bb 27       	eor	r27, r27
    42a2:	aa 27       	eor	r26, r26
    42a4:	0e d0       	rcall	.+28     	; 0x42c2 <__addsf3x>
    42a6:	75 c1       	rjmp	.+746    	; 0x4592 <__fp_round>
    42a8:	66 d1       	rcall	.+716    	; 0x4576 <__fp_pscA>
    42aa:	30 f0       	brcs	.+12     	; 0x42b8 <__addsf3+0x18>
    42ac:	6b d1       	rcall	.+726    	; 0x4584 <__fp_pscB>
    42ae:	20 f0       	brcs	.+8      	; 0x42b8 <__addsf3+0x18>
    42b0:	31 f4       	brne	.+12     	; 0x42be <__addsf3+0x1e>
    42b2:	9f 3f       	cpi	r25, 0xFF	; 255
    42b4:	11 f4       	brne	.+4      	; 0x42ba <__addsf3+0x1a>
    42b6:	1e f4       	brtc	.+6      	; 0x42be <__addsf3+0x1e>
    42b8:	5b c1       	rjmp	.+694    	; 0x4570 <__fp_nan>
    42ba:	0e f4       	brtc	.+2      	; 0x42be <__addsf3+0x1e>
    42bc:	e0 95       	com	r30
    42be:	e7 fb       	bst	r30, 7
    42c0:	51 c1       	rjmp	.+674    	; 0x4564 <__fp_inf>

000042c2 <__addsf3x>:
    42c2:	e9 2f       	mov	r30, r25
    42c4:	77 d1       	rcall	.+750    	; 0x45b4 <__fp_split3>
    42c6:	80 f3       	brcs	.-32     	; 0x42a8 <__addsf3+0x8>
    42c8:	ba 17       	cp	r27, r26
    42ca:	62 07       	cpc	r22, r18
    42cc:	73 07       	cpc	r23, r19
    42ce:	84 07       	cpc	r24, r20
    42d0:	95 07       	cpc	r25, r21
    42d2:	18 f0       	brcs	.+6      	; 0x42da <__addsf3x+0x18>
    42d4:	71 f4       	brne	.+28     	; 0x42f2 <__addsf3x+0x30>
    42d6:	9e f5       	brtc	.+102    	; 0x433e <__addsf3x+0x7c>
    42d8:	8f c1       	rjmp	.+798    	; 0x45f8 <__fp_zero>
    42da:	0e f4       	brtc	.+2      	; 0x42de <__addsf3x+0x1c>
    42dc:	e0 95       	com	r30
    42de:	0b 2e       	mov	r0, r27
    42e0:	ba 2f       	mov	r27, r26
    42e2:	a0 2d       	mov	r26, r0
    42e4:	0b 01       	movw	r0, r22
    42e6:	b9 01       	movw	r22, r18
    42e8:	90 01       	movw	r18, r0
    42ea:	0c 01       	movw	r0, r24
    42ec:	ca 01       	movw	r24, r20
    42ee:	a0 01       	movw	r20, r0
    42f0:	11 24       	eor	r1, r1
    42f2:	ff 27       	eor	r31, r31
    42f4:	59 1b       	sub	r21, r25
    42f6:	99 f0       	breq	.+38     	; 0x431e <__addsf3x+0x5c>
    42f8:	59 3f       	cpi	r21, 0xF9	; 249
    42fa:	50 f4       	brcc	.+20     	; 0x4310 <__addsf3x+0x4e>
    42fc:	50 3e       	cpi	r21, 0xE0	; 224
    42fe:	68 f1       	brcs	.+90     	; 0x435a <__addsf3x+0x98>
    4300:	1a 16       	cp	r1, r26
    4302:	f0 40       	sbci	r31, 0x00	; 0
    4304:	a2 2f       	mov	r26, r18
    4306:	23 2f       	mov	r18, r19
    4308:	34 2f       	mov	r19, r20
    430a:	44 27       	eor	r20, r20
    430c:	58 5f       	subi	r21, 0xF8	; 248
    430e:	f3 cf       	rjmp	.-26     	; 0x42f6 <__addsf3x+0x34>
    4310:	46 95       	lsr	r20
    4312:	37 95       	ror	r19
    4314:	27 95       	ror	r18
    4316:	a7 95       	ror	r26
    4318:	f0 40       	sbci	r31, 0x00	; 0
    431a:	53 95       	inc	r21
    431c:	c9 f7       	brne	.-14     	; 0x4310 <__addsf3x+0x4e>
    431e:	7e f4       	brtc	.+30     	; 0x433e <__addsf3x+0x7c>
    4320:	1f 16       	cp	r1, r31
    4322:	ba 0b       	sbc	r27, r26
    4324:	62 0b       	sbc	r22, r18
    4326:	73 0b       	sbc	r23, r19
    4328:	84 0b       	sbc	r24, r20
    432a:	ba f0       	brmi	.+46     	; 0x435a <__addsf3x+0x98>
    432c:	91 50       	subi	r25, 0x01	; 1
    432e:	a1 f0       	breq	.+40     	; 0x4358 <__addsf3x+0x96>
    4330:	ff 0f       	add	r31, r31
    4332:	bb 1f       	adc	r27, r27
    4334:	66 1f       	adc	r22, r22
    4336:	77 1f       	adc	r23, r23
    4338:	88 1f       	adc	r24, r24
    433a:	c2 f7       	brpl	.-16     	; 0x432c <__addsf3x+0x6a>
    433c:	0e c0       	rjmp	.+28     	; 0x435a <__addsf3x+0x98>
    433e:	ba 0f       	add	r27, r26
    4340:	62 1f       	adc	r22, r18
    4342:	73 1f       	adc	r23, r19
    4344:	84 1f       	adc	r24, r20
    4346:	48 f4       	brcc	.+18     	; 0x435a <__addsf3x+0x98>
    4348:	87 95       	ror	r24
    434a:	77 95       	ror	r23
    434c:	67 95       	ror	r22
    434e:	b7 95       	ror	r27
    4350:	f7 95       	ror	r31
    4352:	9e 3f       	cpi	r25, 0xFE	; 254
    4354:	08 f0       	brcs	.+2      	; 0x4358 <__addsf3x+0x96>
    4356:	b3 cf       	rjmp	.-154    	; 0x42be <__addsf3+0x1e>
    4358:	93 95       	inc	r25
    435a:	88 0f       	add	r24, r24
    435c:	08 f0       	brcs	.+2      	; 0x4360 <__addsf3x+0x9e>
    435e:	99 27       	eor	r25, r25
    4360:	ee 0f       	add	r30, r30
    4362:	97 95       	ror	r25
    4364:	87 95       	ror	r24
    4366:	08 95       	ret

00004368 <__cmpsf2>:
    4368:	d9 d0       	rcall	.+434    	; 0x451c <__fp_cmp>
    436a:	08 f4       	brcc	.+2      	; 0x436e <__cmpsf2+0x6>
    436c:	81 e0       	ldi	r24, 0x01	; 1
    436e:	08 95       	ret

00004370 <__divsf3>:
    4370:	0c d0       	rcall	.+24     	; 0x438a <__divsf3x>
    4372:	0f c1       	rjmp	.+542    	; 0x4592 <__fp_round>
    4374:	07 d1       	rcall	.+526    	; 0x4584 <__fp_pscB>
    4376:	40 f0       	brcs	.+16     	; 0x4388 <__divsf3+0x18>
    4378:	fe d0       	rcall	.+508    	; 0x4576 <__fp_pscA>
    437a:	30 f0       	brcs	.+12     	; 0x4388 <__divsf3+0x18>
    437c:	21 f4       	brne	.+8      	; 0x4386 <__divsf3+0x16>
    437e:	5f 3f       	cpi	r21, 0xFF	; 255
    4380:	19 f0       	breq	.+6      	; 0x4388 <__divsf3+0x18>
    4382:	f0 c0       	rjmp	.+480    	; 0x4564 <__fp_inf>
    4384:	51 11       	cpse	r21, r1
    4386:	39 c1       	rjmp	.+626    	; 0x45fa <__fp_szero>
    4388:	f3 c0       	rjmp	.+486    	; 0x4570 <__fp_nan>

0000438a <__divsf3x>:
    438a:	14 d1       	rcall	.+552    	; 0x45b4 <__fp_split3>
    438c:	98 f3       	brcs	.-26     	; 0x4374 <__divsf3+0x4>

0000438e <__divsf3_pse>:
    438e:	99 23       	and	r25, r25
    4390:	c9 f3       	breq	.-14     	; 0x4384 <__divsf3+0x14>
    4392:	55 23       	and	r21, r21
    4394:	b1 f3       	breq	.-20     	; 0x4382 <__divsf3+0x12>
    4396:	95 1b       	sub	r25, r21
    4398:	55 0b       	sbc	r21, r21
    439a:	bb 27       	eor	r27, r27
    439c:	aa 27       	eor	r26, r26
    439e:	62 17       	cp	r22, r18
    43a0:	73 07       	cpc	r23, r19
    43a2:	84 07       	cpc	r24, r20
    43a4:	38 f0       	brcs	.+14     	; 0x43b4 <__divsf3_pse+0x26>
    43a6:	9f 5f       	subi	r25, 0xFF	; 255
    43a8:	5f 4f       	sbci	r21, 0xFF	; 255
    43aa:	22 0f       	add	r18, r18
    43ac:	33 1f       	adc	r19, r19
    43ae:	44 1f       	adc	r20, r20
    43b0:	aa 1f       	adc	r26, r26
    43b2:	a9 f3       	breq	.-22     	; 0x439e <__divsf3_pse+0x10>
    43b4:	33 d0       	rcall	.+102    	; 0x441c <__divsf3_pse+0x8e>
    43b6:	0e 2e       	mov	r0, r30
    43b8:	3a f0       	brmi	.+14     	; 0x43c8 <__divsf3_pse+0x3a>
    43ba:	e0 e8       	ldi	r30, 0x80	; 128
    43bc:	30 d0       	rcall	.+96     	; 0x441e <__divsf3_pse+0x90>
    43be:	91 50       	subi	r25, 0x01	; 1
    43c0:	50 40       	sbci	r21, 0x00	; 0
    43c2:	e6 95       	lsr	r30
    43c4:	00 1c       	adc	r0, r0
    43c6:	ca f7       	brpl	.-14     	; 0x43ba <__divsf3_pse+0x2c>
    43c8:	29 d0       	rcall	.+82     	; 0x441c <__divsf3_pse+0x8e>
    43ca:	fe 2f       	mov	r31, r30
    43cc:	27 d0       	rcall	.+78     	; 0x441c <__divsf3_pse+0x8e>
    43ce:	66 0f       	add	r22, r22
    43d0:	77 1f       	adc	r23, r23
    43d2:	88 1f       	adc	r24, r24
    43d4:	bb 1f       	adc	r27, r27
    43d6:	26 17       	cp	r18, r22
    43d8:	37 07       	cpc	r19, r23
    43da:	48 07       	cpc	r20, r24
    43dc:	ab 07       	cpc	r26, r27
    43de:	b0 e8       	ldi	r27, 0x80	; 128
    43e0:	09 f0       	breq	.+2      	; 0x43e4 <__divsf3_pse+0x56>
    43e2:	bb 0b       	sbc	r27, r27
    43e4:	80 2d       	mov	r24, r0
    43e6:	bf 01       	movw	r22, r30
    43e8:	ff 27       	eor	r31, r31
    43ea:	93 58       	subi	r25, 0x83	; 131
    43ec:	5f 4f       	sbci	r21, 0xFF	; 255
    43ee:	2a f0       	brmi	.+10     	; 0x43fa <__divsf3_pse+0x6c>
    43f0:	9e 3f       	cpi	r25, 0xFE	; 254
    43f2:	51 05       	cpc	r21, r1
    43f4:	68 f0       	brcs	.+26     	; 0x4410 <__divsf3_pse+0x82>
    43f6:	b6 c0       	rjmp	.+364    	; 0x4564 <__fp_inf>
    43f8:	00 c1       	rjmp	.+512    	; 0x45fa <__fp_szero>
    43fa:	5f 3f       	cpi	r21, 0xFF	; 255
    43fc:	ec f3       	brlt	.-6      	; 0x43f8 <__divsf3_pse+0x6a>
    43fe:	98 3e       	cpi	r25, 0xE8	; 232
    4400:	dc f3       	brlt	.-10     	; 0x43f8 <__divsf3_pse+0x6a>
    4402:	86 95       	lsr	r24
    4404:	77 95       	ror	r23
    4406:	67 95       	ror	r22
    4408:	b7 95       	ror	r27
    440a:	f7 95       	ror	r31
    440c:	9f 5f       	subi	r25, 0xFF	; 255
    440e:	c9 f7       	brne	.-14     	; 0x4402 <__divsf3_pse+0x74>
    4410:	88 0f       	add	r24, r24
    4412:	91 1d       	adc	r25, r1
    4414:	96 95       	lsr	r25
    4416:	87 95       	ror	r24
    4418:	97 f9       	bld	r25, 7
    441a:	08 95       	ret
    441c:	e1 e0       	ldi	r30, 0x01	; 1
    441e:	66 0f       	add	r22, r22
    4420:	77 1f       	adc	r23, r23
    4422:	88 1f       	adc	r24, r24
    4424:	bb 1f       	adc	r27, r27
    4426:	62 17       	cp	r22, r18
    4428:	73 07       	cpc	r23, r19
    442a:	84 07       	cpc	r24, r20
    442c:	ba 07       	cpc	r27, r26
    442e:	20 f0       	brcs	.+8      	; 0x4438 <__divsf3_pse+0xaa>
    4430:	62 1b       	sub	r22, r18
    4432:	73 0b       	sbc	r23, r19
    4434:	84 0b       	sbc	r24, r20
    4436:	ba 0b       	sbc	r27, r26
    4438:	ee 1f       	adc	r30, r30
    443a:	88 f7       	brcc	.-30     	; 0x441e <__divsf3_pse+0x90>
    443c:	e0 95       	com	r30
    443e:	08 95       	ret

00004440 <__fixsfsi>:
    4440:	04 d0       	rcall	.+8      	; 0x444a <__fixunssfsi>
    4442:	68 94       	set
    4444:	b1 11       	cpse	r27, r1
    4446:	d9 c0       	rjmp	.+434    	; 0x45fa <__fp_szero>
    4448:	08 95       	ret

0000444a <__fixunssfsi>:
    444a:	bc d0       	rcall	.+376    	; 0x45c4 <__fp_splitA>
    444c:	88 f0       	brcs	.+34     	; 0x4470 <__fixunssfsi+0x26>
    444e:	9f 57       	subi	r25, 0x7F	; 127
    4450:	90 f0       	brcs	.+36     	; 0x4476 <__fixunssfsi+0x2c>
    4452:	b9 2f       	mov	r27, r25
    4454:	99 27       	eor	r25, r25
    4456:	b7 51       	subi	r27, 0x17	; 23
    4458:	a0 f0       	brcs	.+40     	; 0x4482 <__fixunssfsi+0x38>
    445a:	d1 f0       	breq	.+52     	; 0x4490 <__fixunssfsi+0x46>
    445c:	66 0f       	add	r22, r22
    445e:	77 1f       	adc	r23, r23
    4460:	88 1f       	adc	r24, r24
    4462:	99 1f       	adc	r25, r25
    4464:	1a f0       	brmi	.+6      	; 0x446c <__fixunssfsi+0x22>
    4466:	ba 95       	dec	r27
    4468:	c9 f7       	brne	.-14     	; 0x445c <__fixunssfsi+0x12>
    446a:	12 c0       	rjmp	.+36     	; 0x4490 <__fixunssfsi+0x46>
    446c:	b1 30       	cpi	r27, 0x01	; 1
    446e:	81 f0       	breq	.+32     	; 0x4490 <__fixunssfsi+0x46>
    4470:	c3 d0       	rcall	.+390    	; 0x45f8 <__fp_zero>
    4472:	b1 e0       	ldi	r27, 0x01	; 1
    4474:	08 95       	ret
    4476:	c0 c0       	rjmp	.+384    	; 0x45f8 <__fp_zero>
    4478:	67 2f       	mov	r22, r23
    447a:	78 2f       	mov	r23, r24
    447c:	88 27       	eor	r24, r24
    447e:	b8 5f       	subi	r27, 0xF8	; 248
    4480:	39 f0       	breq	.+14     	; 0x4490 <__fixunssfsi+0x46>
    4482:	b9 3f       	cpi	r27, 0xF9	; 249
    4484:	cc f3       	brlt	.-14     	; 0x4478 <__fixunssfsi+0x2e>
    4486:	86 95       	lsr	r24
    4488:	77 95       	ror	r23
    448a:	67 95       	ror	r22
    448c:	b3 95       	inc	r27
    448e:	d9 f7       	brne	.-10     	; 0x4486 <__fixunssfsi+0x3c>
    4490:	3e f4       	brtc	.+14     	; 0x44a0 <__fixunssfsi+0x56>
    4492:	90 95       	com	r25
    4494:	80 95       	com	r24
    4496:	70 95       	com	r23
    4498:	61 95       	neg	r22
    449a:	7f 4f       	sbci	r23, 0xFF	; 255
    449c:	8f 4f       	sbci	r24, 0xFF	; 255
    449e:	9f 4f       	sbci	r25, 0xFF	; 255
    44a0:	08 95       	ret

000044a2 <__floatunsisf>:
    44a2:	e8 94       	clt
    44a4:	09 c0       	rjmp	.+18     	; 0x44b8 <__floatsisf+0x12>

000044a6 <__floatsisf>:
    44a6:	97 fb       	bst	r25, 7
    44a8:	3e f4       	brtc	.+14     	; 0x44b8 <__floatsisf+0x12>
    44aa:	90 95       	com	r25
    44ac:	80 95       	com	r24
    44ae:	70 95       	com	r23
    44b0:	61 95       	neg	r22
    44b2:	7f 4f       	sbci	r23, 0xFF	; 255
    44b4:	8f 4f       	sbci	r24, 0xFF	; 255
    44b6:	9f 4f       	sbci	r25, 0xFF	; 255
    44b8:	99 23       	and	r25, r25
    44ba:	a9 f0       	breq	.+42     	; 0x44e6 <__floatsisf+0x40>
    44bc:	f9 2f       	mov	r31, r25
    44be:	96 e9       	ldi	r25, 0x96	; 150
    44c0:	bb 27       	eor	r27, r27
    44c2:	93 95       	inc	r25
    44c4:	f6 95       	lsr	r31
    44c6:	87 95       	ror	r24
    44c8:	77 95       	ror	r23
    44ca:	67 95       	ror	r22
    44cc:	b7 95       	ror	r27
    44ce:	f1 11       	cpse	r31, r1
    44d0:	f8 cf       	rjmp	.-16     	; 0x44c2 <__floatsisf+0x1c>
    44d2:	fa f4       	brpl	.+62     	; 0x4512 <__floatsisf+0x6c>
    44d4:	bb 0f       	add	r27, r27
    44d6:	11 f4       	brne	.+4      	; 0x44dc <__floatsisf+0x36>
    44d8:	60 ff       	sbrs	r22, 0
    44da:	1b c0       	rjmp	.+54     	; 0x4512 <__floatsisf+0x6c>
    44dc:	6f 5f       	subi	r22, 0xFF	; 255
    44de:	7f 4f       	sbci	r23, 0xFF	; 255
    44e0:	8f 4f       	sbci	r24, 0xFF	; 255
    44e2:	9f 4f       	sbci	r25, 0xFF	; 255
    44e4:	16 c0       	rjmp	.+44     	; 0x4512 <__floatsisf+0x6c>
    44e6:	88 23       	and	r24, r24
    44e8:	11 f0       	breq	.+4      	; 0x44ee <__floatsisf+0x48>
    44ea:	96 e9       	ldi	r25, 0x96	; 150
    44ec:	11 c0       	rjmp	.+34     	; 0x4510 <__floatsisf+0x6a>
    44ee:	77 23       	and	r23, r23
    44f0:	21 f0       	breq	.+8      	; 0x44fa <__floatsisf+0x54>
    44f2:	9e e8       	ldi	r25, 0x8E	; 142
    44f4:	87 2f       	mov	r24, r23
    44f6:	76 2f       	mov	r23, r22
    44f8:	05 c0       	rjmp	.+10     	; 0x4504 <__floatsisf+0x5e>
    44fa:	66 23       	and	r22, r22
    44fc:	71 f0       	breq	.+28     	; 0x451a <__floatsisf+0x74>
    44fe:	96 e8       	ldi	r25, 0x86	; 134
    4500:	86 2f       	mov	r24, r22
    4502:	70 e0       	ldi	r23, 0x00	; 0
    4504:	60 e0       	ldi	r22, 0x00	; 0
    4506:	2a f0       	brmi	.+10     	; 0x4512 <__floatsisf+0x6c>
    4508:	9a 95       	dec	r25
    450a:	66 0f       	add	r22, r22
    450c:	77 1f       	adc	r23, r23
    450e:	88 1f       	adc	r24, r24
    4510:	da f7       	brpl	.-10     	; 0x4508 <__floatsisf+0x62>
    4512:	88 0f       	add	r24, r24
    4514:	96 95       	lsr	r25
    4516:	87 95       	ror	r24
    4518:	97 f9       	bld	r25, 7
    451a:	08 95       	ret

0000451c <__fp_cmp>:
    451c:	99 0f       	add	r25, r25
    451e:	00 08       	sbc	r0, r0
    4520:	55 0f       	add	r21, r21
    4522:	aa 0b       	sbc	r26, r26
    4524:	e0 e8       	ldi	r30, 0x80	; 128
    4526:	fe ef       	ldi	r31, 0xFE	; 254
    4528:	16 16       	cp	r1, r22
    452a:	17 06       	cpc	r1, r23
    452c:	e8 07       	cpc	r30, r24
    452e:	f9 07       	cpc	r31, r25
    4530:	c0 f0       	brcs	.+48     	; 0x4562 <__fp_cmp+0x46>
    4532:	12 16       	cp	r1, r18
    4534:	13 06       	cpc	r1, r19
    4536:	e4 07       	cpc	r30, r20
    4538:	f5 07       	cpc	r31, r21
    453a:	98 f0       	brcs	.+38     	; 0x4562 <__fp_cmp+0x46>
    453c:	62 1b       	sub	r22, r18
    453e:	73 0b       	sbc	r23, r19
    4540:	84 0b       	sbc	r24, r20
    4542:	95 0b       	sbc	r25, r21
    4544:	39 f4       	brne	.+14     	; 0x4554 <__fp_cmp+0x38>
    4546:	0a 26       	eor	r0, r26
    4548:	61 f0       	breq	.+24     	; 0x4562 <__fp_cmp+0x46>
    454a:	23 2b       	or	r18, r19
    454c:	24 2b       	or	r18, r20
    454e:	25 2b       	or	r18, r21
    4550:	21 f4       	brne	.+8      	; 0x455a <__fp_cmp+0x3e>
    4552:	08 95       	ret
    4554:	0a 26       	eor	r0, r26
    4556:	09 f4       	brne	.+2      	; 0x455a <__fp_cmp+0x3e>
    4558:	a1 40       	sbci	r26, 0x01	; 1
    455a:	a6 95       	lsr	r26
    455c:	8f ef       	ldi	r24, 0xFF	; 255
    455e:	81 1d       	adc	r24, r1
    4560:	81 1d       	adc	r24, r1
    4562:	08 95       	ret

00004564 <__fp_inf>:
    4564:	97 f9       	bld	r25, 7
    4566:	9f 67       	ori	r25, 0x7F	; 127
    4568:	80 e8       	ldi	r24, 0x80	; 128
    456a:	70 e0       	ldi	r23, 0x00	; 0
    456c:	60 e0       	ldi	r22, 0x00	; 0
    456e:	08 95       	ret

00004570 <__fp_nan>:
    4570:	9f ef       	ldi	r25, 0xFF	; 255
    4572:	80 ec       	ldi	r24, 0xC0	; 192
    4574:	08 95       	ret

00004576 <__fp_pscA>:
    4576:	00 24       	eor	r0, r0
    4578:	0a 94       	dec	r0
    457a:	16 16       	cp	r1, r22
    457c:	17 06       	cpc	r1, r23
    457e:	18 06       	cpc	r1, r24
    4580:	09 06       	cpc	r0, r25
    4582:	08 95       	ret

00004584 <__fp_pscB>:
    4584:	00 24       	eor	r0, r0
    4586:	0a 94       	dec	r0
    4588:	12 16       	cp	r1, r18
    458a:	13 06       	cpc	r1, r19
    458c:	14 06       	cpc	r1, r20
    458e:	05 06       	cpc	r0, r21
    4590:	08 95       	ret

00004592 <__fp_round>:
    4592:	09 2e       	mov	r0, r25
    4594:	03 94       	inc	r0
    4596:	00 0c       	add	r0, r0
    4598:	11 f4       	brne	.+4      	; 0x459e <__fp_round+0xc>
    459a:	88 23       	and	r24, r24
    459c:	52 f0       	brmi	.+20     	; 0x45b2 <__fp_round+0x20>
    459e:	bb 0f       	add	r27, r27
    45a0:	40 f4       	brcc	.+16     	; 0x45b2 <__fp_round+0x20>
    45a2:	bf 2b       	or	r27, r31
    45a4:	11 f4       	brne	.+4      	; 0x45aa <__fp_round+0x18>
    45a6:	60 ff       	sbrs	r22, 0
    45a8:	04 c0       	rjmp	.+8      	; 0x45b2 <__fp_round+0x20>
    45aa:	6f 5f       	subi	r22, 0xFF	; 255
    45ac:	7f 4f       	sbci	r23, 0xFF	; 255
    45ae:	8f 4f       	sbci	r24, 0xFF	; 255
    45b0:	9f 4f       	sbci	r25, 0xFF	; 255
    45b2:	08 95       	ret

000045b4 <__fp_split3>:
    45b4:	57 fd       	sbrc	r21, 7
    45b6:	90 58       	subi	r25, 0x80	; 128
    45b8:	44 0f       	add	r20, r20
    45ba:	55 1f       	adc	r21, r21
    45bc:	59 f0       	breq	.+22     	; 0x45d4 <__fp_splitA+0x10>
    45be:	5f 3f       	cpi	r21, 0xFF	; 255
    45c0:	71 f0       	breq	.+28     	; 0x45de <__fp_splitA+0x1a>
    45c2:	47 95       	ror	r20

000045c4 <__fp_splitA>:
    45c4:	88 0f       	add	r24, r24
    45c6:	97 fb       	bst	r25, 7
    45c8:	99 1f       	adc	r25, r25
    45ca:	61 f0       	breq	.+24     	; 0x45e4 <__fp_splitA+0x20>
    45cc:	9f 3f       	cpi	r25, 0xFF	; 255
    45ce:	79 f0       	breq	.+30     	; 0x45ee <__fp_splitA+0x2a>
    45d0:	87 95       	ror	r24
    45d2:	08 95       	ret
    45d4:	12 16       	cp	r1, r18
    45d6:	13 06       	cpc	r1, r19
    45d8:	14 06       	cpc	r1, r20
    45da:	55 1f       	adc	r21, r21
    45dc:	f2 cf       	rjmp	.-28     	; 0x45c2 <__fp_split3+0xe>
    45de:	46 95       	lsr	r20
    45e0:	f1 df       	rcall	.-30     	; 0x45c4 <__fp_splitA>
    45e2:	08 c0       	rjmp	.+16     	; 0x45f4 <__fp_splitA+0x30>
    45e4:	16 16       	cp	r1, r22
    45e6:	17 06       	cpc	r1, r23
    45e8:	18 06       	cpc	r1, r24
    45ea:	99 1f       	adc	r25, r25
    45ec:	f1 cf       	rjmp	.-30     	; 0x45d0 <__fp_splitA+0xc>
    45ee:	86 95       	lsr	r24
    45f0:	71 05       	cpc	r23, r1
    45f2:	61 05       	cpc	r22, r1
    45f4:	08 94       	sec
    45f6:	08 95       	ret

000045f8 <__fp_zero>:
    45f8:	e8 94       	clt

000045fa <__fp_szero>:
    45fa:	bb 27       	eor	r27, r27
    45fc:	66 27       	eor	r22, r22
    45fe:	77 27       	eor	r23, r23
    4600:	cb 01       	movw	r24, r22
    4602:	97 f9       	bld	r25, 7
    4604:	08 95       	ret

00004606 <__gesf2>:
    4606:	8a df       	rcall	.-236    	; 0x451c <__fp_cmp>
    4608:	08 f4       	brcc	.+2      	; 0x460c <__gesf2+0x6>
    460a:	8f ef       	ldi	r24, 0xFF	; 255
    460c:	08 95       	ret

0000460e <__mulsf3>:
    460e:	0b d0       	rcall	.+22     	; 0x4626 <__mulsf3x>
    4610:	c0 cf       	rjmp	.-128    	; 0x4592 <__fp_round>
    4612:	b1 df       	rcall	.-158    	; 0x4576 <__fp_pscA>
    4614:	28 f0       	brcs	.+10     	; 0x4620 <__mulsf3+0x12>
    4616:	b6 df       	rcall	.-148    	; 0x4584 <__fp_pscB>
    4618:	18 f0       	brcs	.+6      	; 0x4620 <__mulsf3+0x12>
    461a:	95 23       	and	r25, r21
    461c:	09 f0       	breq	.+2      	; 0x4620 <__mulsf3+0x12>
    461e:	a2 cf       	rjmp	.-188    	; 0x4564 <__fp_inf>
    4620:	a7 cf       	rjmp	.-178    	; 0x4570 <__fp_nan>
    4622:	11 24       	eor	r1, r1
    4624:	ea cf       	rjmp	.-44     	; 0x45fa <__fp_szero>

00004626 <__mulsf3x>:
    4626:	c6 df       	rcall	.-116    	; 0x45b4 <__fp_split3>
    4628:	a0 f3       	brcs	.-24     	; 0x4612 <__mulsf3+0x4>

0000462a <__mulsf3_pse>:
    462a:	95 9f       	mul	r25, r21
    462c:	d1 f3       	breq	.-12     	; 0x4622 <__mulsf3+0x14>
    462e:	95 0f       	add	r25, r21
    4630:	50 e0       	ldi	r21, 0x00	; 0
    4632:	55 1f       	adc	r21, r21
    4634:	62 9f       	mul	r22, r18
    4636:	f0 01       	movw	r30, r0
    4638:	72 9f       	mul	r23, r18
    463a:	bb 27       	eor	r27, r27
    463c:	f0 0d       	add	r31, r0
    463e:	b1 1d       	adc	r27, r1
    4640:	63 9f       	mul	r22, r19
    4642:	aa 27       	eor	r26, r26
    4644:	f0 0d       	add	r31, r0
    4646:	b1 1d       	adc	r27, r1
    4648:	aa 1f       	adc	r26, r26
    464a:	64 9f       	mul	r22, r20
    464c:	66 27       	eor	r22, r22
    464e:	b0 0d       	add	r27, r0
    4650:	a1 1d       	adc	r26, r1
    4652:	66 1f       	adc	r22, r22
    4654:	82 9f       	mul	r24, r18
    4656:	22 27       	eor	r18, r18
    4658:	b0 0d       	add	r27, r0
    465a:	a1 1d       	adc	r26, r1
    465c:	62 1f       	adc	r22, r18
    465e:	73 9f       	mul	r23, r19
    4660:	b0 0d       	add	r27, r0
    4662:	a1 1d       	adc	r26, r1
    4664:	62 1f       	adc	r22, r18
    4666:	83 9f       	mul	r24, r19
    4668:	a0 0d       	add	r26, r0
    466a:	61 1d       	adc	r22, r1
    466c:	22 1f       	adc	r18, r18
    466e:	74 9f       	mul	r23, r20
    4670:	33 27       	eor	r19, r19
    4672:	a0 0d       	add	r26, r0
    4674:	61 1d       	adc	r22, r1
    4676:	23 1f       	adc	r18, r19
    4678:	84 9f       	mul	r24, r20
    467a:	60 0d       	add	r22, r0
    467c:	21 1d       	adc	r18, r1
    467e:	82 2f       	mov	r24, r18
    4680:	76 2f       	mov	r23, r22
    4682:	6a 2f       	mov	r22, r26
    4684:	11 24       	eor	r1, r1
    4686:	9f 57       	subi	r25, 0x7F	; 127
    4688:	50 40       	sbci	r21, 0x00	; 0
    468a:	8a f0       	brmi	.+34     	; 0x46ae <__mulsf3_pse+0x84>
    468c:	e1 f0       	breq	.+56     	; 0x46c6 <__mulsf3_pse+0x9c>
    468e:	88 23       	and	r24, r24
    4690:	4a f0       	brmi	.+18     	; 0x46a4 <__mulsf3_pse+0x7a>
    4692:	ee 0f       	add	r30, r30
    4694:	ff 1f       	adc	r31, r31
    4696:	bb 1f       	adc	r27, r27
    4698:	66 1f       	adc	r22, r22
    469a:	77 1f       	adc	r23, r23
    469c:	88 1f       	adc	r24, r24
    469e:	91 50       	subi	r25, 0x01	; 1
    46a0:	50 40       	sbci	r21, 0x00	; 0
    46a2:	a9 f7       	brne	.-22     	; 0x468e <__mulsf3_pse+0x64>
    46a4:	9e 3f       	cpi	r25, 0xFE	; 254
    46a6:	51 05       	cpc	r21, r1
    46a8:	70 f0       	brcs	.+28     	; 0x46c6 <__mulsf3_pse+0x9c>
    46aa:	5c cf       	rjmp	.-328    	; 0x4564 <__fp_inf>
    46ac:	a6 cf       	rjmp	.-180    	; 0x45fa <__fp_szero>
    46ae:	5f 3f       	cpi	r21, 0xFF	; 255
    46b0:	ec f3       	brlt	.-6      	; 0x46ac <__mulsf3_pse+0x82>
    46b2:	98 3e       	cpi	r25, 0xE8	; 232
    46b4:	dc f3       	brlt	.-10     	; 0x46ac <__mulsf3_pse+0x82>
    46b6:	86 95       	lsr	r24
    46b8:	77 95       	ror	r23
    46ba:	67 95       	ror	r22
    46bc:	b7 95       	ror	r27
    46be:	f7 95       	ror	r31
    46c0:	e7 95       	ror	r30
    46c2:	9f 5f       	subi	r25, 0xFF	; 255
    46c4:	c1 f7       	brne	.-16     	; 0x46b6 <__mulsf3_pse+0x8c>
    46c6:	fe 2b       	or	r31, r30
    46c8:	88 0f       	add	r24, r24
    46ca:	91 1d       	adc	r25, r1
    46cc:	96 95       	lsr	r25
    46ce:	87 95       	ror	r24
    46d0:	97 f9       	bld	r25, 7
    46d2:	08 95       	ret

000046d4 <malloc>:
    46d4:	cf 93       	push	r28
    46d6:	df 93       	push	r29
    46d8:	82 30       	cpi	r24, 0x02	; 2
    46da:	91 05       	cpc	r25, r1
    46dc:	10 f4       	brcc	.+4      	; 0x46e2 <malloc+0xe>
    46de:	82 e0       	ldi	r24, 0x02	; 2
    46e0:	90 e0       	ldi	r25, 0x00	; 0
    46e2:	e0 91 ff 05 	lds	r30, 0x05FF
    46e6:	f0 91 00 06 	lds	r31, 0x0600
    46ea:	20 e0       	ldi	r18, 0x00	; 0
    46ec:	30 e0       	ldi	r19, 0x00	; 0
    46ee:	a0 e0       	ldi	r26, 0x00	; 0
    46f0:	b0 e0       	ldi	r27, 0x00	; 0
    46f2:	30 97       	sbiw	r30, 0x00	; 0
    46f4:	39 f1       	breq	.+78     	; 0x4744 <malloc+0x70>
    46f6:	40 81       	ld	r20, Z
    46f8:	51 81       	ldd	r21, Z+1	; 0x01
    46fa:	48 17       	cp	r20, r24
    46fc:	59 07       	cpc	r21, r25
    46fe:	b8 f0       	brcs	.+46     	; 0x472e <malloc+0x5a>
    4700:	48 17       	cp	r20, r24
    4702:	59 07       	cpc	r21, r25
    4704:	71 f4       	brne	.+28     	; 0x4722 <malloc+0x4e>
    4706:	82 81       	ldd	r24, Z+2	; 0x02
    4708:	93 81       	ldd	r25, Z+3	; 0x03
    470a:	10 97       	sbiw	r26, 0x00	; 0
    470c:	29 f0       	breq	.+10     	; 0x4718 <malloc+0x44>
    470e:	13 96       	adiw	r26, 0x03	; 3
    4710:	9c 93       	st	X, r25
    4712:	8e 93       	st	-X, r24
    4714:	12 97       	sbiw	r26, 0x02	; 2
    4716:	2c c0       	rjmp	.+88     	; 0x4770 <malloc+0x9c>
    4718:	90 93 00 06 	sts	0x0600, r25
    471c:	80 93 ff 05 	sts	0x05FF, r24
    4720:	27 c0       	rjmp	.+78     	; 0x4770 <malloc+0x9c>
    4722:	21 15       	cp	r18, r1
    4724:	31 05       	cpc	r19, r1
    4726:	31 f0       	breq	.+12     	; 0x4734 <malloc+0x60>
    4728:	42 17       	cp	r20, r18
    472a:	53 07       	cpc	r21, r19
    472c:	18 f0       	brcs	.+6      	; 0x4734 <malloc+0x60>
    472e:	a9 01       	movw	r20, r18
    4730:	db 01       	movw	r26, r22
    4732:	01 c0       	rjmp	.+2      	; 0x4736 <malloc+0x62>
    4734:	ef 01       	movw	r28, r30
    4736:	9a 01       	movw	r18, r20
    4738:	bd 01       	movw	r22, r26
    473a:	df 01       	movw	r26, r30
    473c:	02 80       	ldd	r0, Z+2	; 0x02
    473e:	f3 81       	ldd	r31, Z+3	; 0x03
    4740:	e0 2d       	mov	r30, r0
    4742:	d7 cf       	rjmp	.-82     	; 0x46f2 <malloc+0x1e>
    4744:	21 15       	cp	r18, r1
    4746:	31 05       	cpc	r19, r1
    4748:	f9 f0       	breq	.+62     	; 0x4788 <malloc+0xb4>
    474a:	28 1b       	sub	r18, r24
    474c:	39 0b       	sbc	r19, r25
    474e:	24 30       	cpi	r18, 0x04	; 4
    4750:	31 05       	cpc	r19, r1
    4752:	80 f4       	brcc	.+32     	; 0x4774 <malloc+0xa0>
    4754:	8a 81       	ldd	r24, Y+2	; 0x02
    4756:	9b 81       	ldd	r25, Y+3	; 0x03
    4758:	61 15       	cp	r22, r1
    475a:	71 05       	cpc	r23, r1
    475c:	21 f0       	breq	.+8      	; 0x4766 <malloc+0x92>
    475e:	fb 01       	movw	r30, r22
    4760:	93 83       	std	Z+3, r25	; 0x03
    4762:	82 83       	std	Z+2, r24	; 0x02
    4764:	04 c0       	rjmp	.+8      	; 0x476e <malloc+0x9a>
    4766:	90 93 00 06 	sts	0x0600, r25
    476a:	80 93 ff 05 	sts	0x05FF, r24
    476e:	fe 01       	movw	r30, r28
    4770:	32 96       	adiw	r30, 0x02	; 2
    4772:	44 c0       	rjmp	.+136    	; 0x47fc <malloc+0x128>
    4774:	fe 01       	movw	r30, r28
    4776:	e2 0f       	add	r30, r18
    4778:	f3 1f       	adc	r31, r19
    477a:	81 93       	st	Z+, r24
    477c:	91 93       	st	Z+, r25
    477e:	22 50       	subi	r18, 0x02	; 2
    4780:	31 09       	sbc	r19, r1
    4782:	39 83       	std	Y+1, r19	; 0x01
    4784:	28 83       	st	Y, r18
    4786:	3a c0       	rjmp	.+116    	; 0x47fc <malloc+0x128>
    4788:	20 91 fd 05 	lds	r18, 0x05FD
    478c:	30 91 fe 05 	lds	r19, 0x05FE
    4790:	23 2b       	or	r18, r19
    4792:	41 f4       	brne	.+16     	; 0x47a4 <malloc+0xd0>
    4794:	20 91 80 00 	lds	r18, 0x0080
    4798:	30 91 81 00 	lds	r19, 0x0081
    479c:	30 93 fe 05 	sts	0x05FE, r19
    47a0:	20 93 fd 05 	sts	0x05FD, r18
    47a4:	20 91 7e 00 	lds	r18, 0x007E
    47a8:	30 91 7f 00 	lds	r19, 0x007F
    47ac:	21 15       	cp	r18, r1
    47ae:	31 05       	cpc	r19, r1
    47b0:	41 f4       	brne	.+16     	; 0x47c2 <malloc+0xee>
    47b2:	2d b7       	in	r18, 0x3d	; 61
    47b4:	3e b7       	in	r19, 0x3e	; 62
    47b6:	40 91 82 00 	lds	r20, 0x0082
    47ba:	50 91 83 00 	lds	r21, 0x0083
    47be:	24 1b       	sub	r18, r20
    47c0:	35 0b       	sbc	r19, r21
    47c2:	e0 91 fd 05 	lds	r30, 0x05FD
    47c6:	f0 91 fe 05 	lds	r31, 0x05FE
    47ca:	e2 17       	cp	r30, r18
    47cc:	f3 07       	cpc	r31, r19
    47ce:	a0 f4       	brcc	.+40     	; 0x47f8 <malloc+0x124>
    47d0:	2e 1b       	sub	r18, r30
    47d2:	3f 0b       	sbc	r19, r31
    47d4:	28 17       	cp	r18, r24
    47d6:	39 07       	cpc	r19, r25
    47d8:	78 f0       	brcs	.+30     	; 0x47f8 <malloc+0x124>
    47da:	ac 01       	movw	r20, r24
    47dc:	4e 5f       	subi	r20, 0xFE	; 254
    47de:	5f 4f       	sbci	r21, 0xFF	; 255
    47e0:	24 17       	cp	r18, r20
    47e2:	35 07       	cpc	r19, r21
    47e4:	48 f0       	brcs	.+18     	; 0x47f8 <malloc+0x124>
    47e6:	4e 0f       	add	r20, r30
    47e8:	5f 1f       	adc	r21, r31
    47ea:	50 93 fe 05 	sts	0x05FE, r21
    47ee:	40 93 fd 05 	sts	0x05FD, r20
    47f2:	81 93       	st	Z+, r24
    47f4:	91 93       	st	Z+, r25
    47f6:	02 c0       	rjmp	.+4      	; 0x47fc <malloc+0x128>
    47f8:	e0 e0       	ldi	r30, 0x00	; 0
    47fa:	f0 e0       	ldi	r31, 0x00	; 0
    47fc:	cf 01       	movw	r24, r30
    47fe:	df 91       	pop	r29
    4800:	cf 91       	pop	r28
    4802:	08 95       	ret

00004804 <free>:
    4804:	cf 93       	push	r28
    4806:	df 93       	push	r29
    4808:	00 97       	sbiw	r24, 0x00	; 0
    480a:	09 f4       	brne	.+2      	; 0x480e <free+0xa>
    480c:	87 c0       	rjmp	.+270    	; 0x491c <free+0x118>
    480e:	fc 01       	movw	r30, r24
    4810:	32 97       	sbiw	r30, 0x02	; 2
    4812:	13 82       	std	Z+3, r1	; 0x03
    4814:	12 82       	std	Z+2, r1	; 0x02
    4816:	c0 91 ff 05 	lds	r28, 0x05FF
    481a:	d0 91 00 06 	lds	r29, 0x0600
    481e:	20 97       	sbiw	r28, 0x00	; 0
    4820:	81 f4       	brne	.+32     	; 0x4842 <free+0x3e>
    4822:	20 81       	ld	r18, Z
    4824:	31 81       	ldd	r19, Z+1	; 0x01
    4826:	28 0f       	add	r18, r24
    4828:	39 1f       	adc	r19, r25
    482a:	80 91 fd 05 	lds	r24, 0x05FD
    482e:	90 91 fe 05 	lds	r25, 0x05FE
    4832:	82 17       	cp	r24, r18
    4834:	93 07       	cpc	r25, r19
    4836:	79 f5       	brne	.+94     	; 0x4896 <free+0x92>
    4838:	f0 93 fe 05 	sts	0x05FE, r31
    483c:	e0 93 fd 05 	sts	0x05FD, r30
    4840:	6d c0       	rjmp	.+218    	; 0x491c <free+0x118>
    4842:	de 01       	movw	r26, r28
    4844:	20 e0       	ldi	r18, 0x00	; 0
    4846:	30 e0       	ldi	r19, 0x00	; 0
    4848:	ae 17       	cp	r26, r30
    484a:	bf 07       	cpc	r27, r31
    484c:	50 f4       	brcc	.+20     	; 0x4862 <free+0x5e>
    484e:	12 96       	adiw	r26, 0x02	; 2
    4850:	4d 91       	ld	r20, X+
    4852:	5c 91       	ld	r21, X
    4854:	13 97       	sbiw	r26, 0x03	; 3
    4856:	9d 01       	movw	r18, r26
    4858:	41 15       	cp	r20, r1
    485a:	51 05       	cpc	r21, r1
    485c:	09 f1       	breq	.+66     	; 0x48a0 <free+0x9c>
    485e:	da 01       	movw	r26, r20
    4860:	f3 cf       	rjmp	.-26     	; 0x4848 <free+0x44>
    4862:	b3 83       	std	Z+3, r27	; 0x03
    4864:	a2 83       	std	Z+2, r26	; 0x02
    4866:	40 81       	ld	r20, Z
    4868:	51 81       	ldd	r21, Z+1	; 0x01
    486a:	84 0f       	add	r24, r20
    486c:	95 1f       	adc	r25, r21
    486e:	8a 17       	cp	r24, r26
    4870:	9b 07       	cpc	r25, r27
    4872:	71 f4       	brne	.+28     	; 0x4890 <free+0x8c>
    4874:	8d 91       	ld	r24, X+
    4876:	9c 91       	ld	r25, X
    4878:	11 97       	sbiw	r26, 0x01	; 1
    487a:	84 0f       	add	r24, r20
    487c:	95 1f       	adc	r25, r21
    487e:	02 96       	adiw	r24, 0x02	; 2
    4880:	91 83       	std	Z+1, r25	; 0x01
    4882:	80 83       	st	Z, r24
    4884:	12 96       	adiw	r26, 0x02	; 2
    4886:	8d 91       	ld	r24, X+
    4888:	9c 91       	ld	r25, X
    488a:	13 97       	sbiw	r26, 0x03	; 3
    488c:	93 83       	std	Z+3, r25	; 0x03
    488e:	82 83       	std	Z+2, r24	; 0x02
    4890:	21 15       	cp	r18, r1
    4892:	31 05       	cpc	r19, r1
    4894:	29 f4       	brne	.+10     	; 0x48a0 <free+0x9c>
    4896:	f0 93 00 06 	sts	0x0600, r31
    489a:	e0 93 ff 05 	sts	0x05FF, r30
    489e:	3e c0       	rjmp	.+124    	; 0x491c <free+0x118>
    48a0:	d9 01       	movw	r26, r18
    48a2:	13 96       	adiw	r26, 0x03	; 3
    48a4:	fc 93       	st	X, r31
    48a6:	ee 93       	st	-X, r30
    48a8:	12 97       	sbiw	r26, 0x02	; 2
    48aa:	4d 91       	ld	r20, X+
    48ac:	5d 91       	ld	r21, X+
    48ae:	a4 0f       	add	r26, r20
    48b0:	b5 1f       	adc	r27, r21
    48b2:	ea 17       	cp	r30, r26
    48b4:	fb 07       	cpc	r31, r27
    48b6:	79 f4       	brne	.+30     	; 0x48d6 <free+0xd2>
    48b8:	80 81       	ld	r24, Z
    48ba:	91 81       	ldd	r25, Z+1	; 0x01
    48bc:	84 0f       	add	r24, r20
    48be:	95 1f       	adc	r25, r21
    48c0:	02 96       	adiw	r24, 0x02	; 2
    48c2:	d9 01       	movw	r26, r18
    48c4:	11 96       	adiw	r26, 0x01	; 1
    48c6:	9c 93       	st	X, r25
    48c8:	8e 93       	st	-X, r24
    48ca:	82 81       	ldd	r24, Z+2	; 0x02
    48cc:	93 81       	ldd	r25, Z+3	; 0x03
    48ce:	13 96       	adiw	r26, 0x03	; 3
    48d0:	9c 93       	st	X, r25
    48d2:	8e 93       	st	-X, r24
    48d4:	12 97       	sbiw	r26, 0x02	; 2
    48d6:	e0 e0       	ldi	r30, 0x00	; 0
    48d8:	f0 e0       	ldi	r31, 0x00	; 0
    48da:	8a 81       	ldd	r24, Y+2	; 0x02
    48dc:	9b 81       	ldd	r25, Y+3	; 0x03
    48de:	00 97       	sbiw	r24, 0x00	; 0
    48e0:	19 f0       	breq	.+6      	; 0x48e8 <free+0xe4>
    48e2:	fe 01       	movw	r30, r28
    48e4:	ec 01       	movw	r28, r24
    48e6:	f9 cf       	rjmp	.-14     	; 0x48da <free+0xd6>
    48e8:	ce 01       	movw	r24, r28
    48ea:	02 96       	adiw	r24, 0x02	; 2
    48ec:	28 81       	ld	r18, Y
    48ee:	39 81       	ldd	r19, Y+1	; 0x01
    48f0:	82 0f       	add	r24, r18
    48f2:	93 1f       	adc	r25, r19
    48f4:	20 91 fd 05 	lds	r18, 0x05FD
    48f8:	30 91 fe 05 	lds	r19, 0x05FE
    48fc:	28 17       	cp	r18, r24
    48fe:	39 07       	cpc	r19, r25
    4900:	69 f4       	brne	.+26     	; 0x491c <free+0x118>
    4902:	30 97       	sbiw	r30, 0x00	; 0
    4904:	29 f4       	brne	.+10     	; 0x4910 <free+0x10c>
    4906:	10 92 00 06 	sts	0x0600, r1
    490a:	10 92 ff 05 	sts	0x05FF, r1
    490e:	02 c0       	rjmp	.+4      	; 0x4914 <free+0x110>
    4910:	13 82       	std	Z+3, r1	; 0x03
    4912:	12 82       	std	Z+2, r1	; 0x02
    4914:	d0 93 fe 05 	sts	0x05FE, r29
    4918:	c0 93 fd 05 	sts	0x05FD, r28
    491c:	df 91       	pop	r29
    491e:	cf 91       	pop	r28
    4920:	08 95       	ret

00004922 <do_rand>:
    4922:	8f 92       	push	r8
    4924:	9f 92       	push	r9
    4926:	af 92       	push	r10
    4928:	bf 92       	push	r11
    492a:	cf 92       	push	r12
    492c:	df 92       	push	r13
    492e:	ef 92       	push	r14
    4930:	ff 92       	push	r15
    4932:	cf 93       	push	r28
    4934:	df 93       	push	r29
    4936:	ec 01       	movw	r28, r24
    4938:	68 81       	ld	r22, Y
    493a:	79 81       	ldd	r23, Y+1	; 0x01
    493c:	8a 81       	ldd	r24, Y+2	; 0x02
    493e:	9b 81       	ldd	r25, Y+3	; 0x03
    4940:	61 15       	cp	r22, r1
    4942:	71 05       	cpc	r23, r1
    4944:	81 05       	cpc	r24, r1
    4946:	91 05       	cpc	r25, r1
    4948:	21 f4       	brne	.+8      	; 0x4952 <do_rand+0x30>
    494a:	64 e2       	ldi	r22, 0x24	; 36
    494c:	79 ed       	ldi	r23, 0xD9	; 217
    494e:	8b e5       	ldi	r24, 0x5B	; 91
    4950:	97 e0       	ldi	r25, 0x07	; 7
    4952:	2d e1       	ldi	r18, 0x1D	; 29
    4954:	33 ef       	ldi	r19, 0xF3	; 243
    4956:	41 e0       	ldi	r20, 0x01	; 1
    4958:	50 e0       	ldi	r21, 0x00	; 0
    495a:	0e 94 15 28 	call	0x502a	; 0x502a <__divmodsi4>
    495e:	49 01       	movw	r8, r18
    4960:	5a 01       	movw	r10, r20
    4962:	9b 01       	movw	r18, r22
    4964:	ac 01       	movw	r20, r24
    4966:	a7 ea       	ldi	r26, 0xA7	; 167
    4968:	b1 e4       	ldi	r27, 0x41	; 65
    496a:	0e 94 35 21 	call	0x426a	; 0x426a <__muluhisi3>
    496e:	6b 01       	movw	r12, r22
    4970:	7c 01       	movw	r14, r24
    4972:	ac ee       	ldi	r26, 0xEC	; 236
    4974:	b4 ef       	ldi	r27, 0xF4	; 244
    4976:	a5 01       	movw	r20, r10
    4978:	94 01       	movw	r18, r8
    497a:	0e 94 37 28 	call	0x506e	; 0x506e <__mulohisi3>
    497e:	c6 0e       	add	r12, r22
    4980:	d7 1e       	adc	r13, r23
    4982:	e8 1e       	adc	r14, r24
    4984:	f9 1e       	adc	r15, r25
    4986:	f7 fe       	sbrs	r15, 7
    4988:	06 c0       	rjmp	.+12     	; 0x4996 <do_rand+0x74>
    498a:	81 e0       	ldi	r24, 0x01	; 1
    498c:	c8 1a       	sub	r12, r24
    498e:	d1 08       	sbc	r13, r1
    4990:	e1 08       	sbc	r14, r1
    4992:	80 e8       	ldi	r24, 0x80	; 128
    4994:	f8 0a       	sbc	r15, r24
    4996:	c8 82       	st	Y, r12
    4998:	d9 82       	std	Y+1, r13	; 0x01
    499a:	ea 82       	std	Y+2, r14	; 0x02
    499c:	fb 82       	std	Y+3, r15	; 0x03
    499e:	c6 01       	movw	r24, r12
    49a0:	9f 77       	andi	r25, 0x7F	; 127
    49a2:	df 91       	pop	r29
    49a4:	cf 91       	pop	r28
    49a6:	ff 90       	pop	r15
    49a8:	ef 90       	pop	r14
    49aa:	df 90       	pop	r13
    49ac:	cf 90       	pop	r12
    49ae:	bf 90       	pop	r11
    49b0:	af 90       	pop	r10
    49b2:	9f 90       	pop	r9
    49b4:	8f 90       	pop	r8
    49b6:	08 95       	ret

000049b8 <rand_r>:
    49b8:	0e 94 91 24 	call	0x4922	; 0x4922 <do_rand>
    49bc:	08 95       	ret

000049be <rand>:
    49be:	84 e8       	ldi	r24, 0x84	; 132
    49c0:	90 e0       	ldi	r25, 0x00	; 0
    49c2:	0e 94 91 24 	call	0x4922	; 0x4922 <do_rand>
    49c6:	08 95       	ret

000049c8 <srand>:
    49c8:	a0 e0       	ldi	r26, 0x00	; 0
    49ca:	b0 e0       	ldi	r27, 0x00	; 0
    49cc:	80 93 84 00 	sts	0x0084, r24
    49d0:	90 93 85 00 	sts	0x0085, r25
    49d4:	a0 93 86 00 	sts	0x0086, r26
    49d8:	b0 93 87 00 	sts	0x0087, r27
    49dc:	08 95       	ret

000049de <__itoa_ncheck>:
    49de:	bb 27       	eor	r27, r27
    49e0:	4a 30       	cpi	r20, 0x0A	; 10
    49e2:	31 f4       	brne	.+12     	; 0x49f0 <__itoa_ncheck+0x12>
    49e4:	99 23       	and	r25, r25
    49e6:	22 f4       	brpl	.+8      	; 0x49f0 <__itoa_ncheck+0x12>
    49e8:	bd e2       	ldi	r27, 0x2D	; 45
    49ea:	90 95       	com	r25
    49ec:	81 95       	neg	r24
    49ee:	9f 4f       	sbci	r25, 0xFF	; 255
    49f0:	0c 94 fb 24 	jmp	0x49f6	; 0x49f6 <__utoa_common>

000049f4 <__utoa_ncheck>:
    49f4:	bb 27       	eor	r27, r27

000049f6 <__utoa_common>:
    49f6:	fb 01       	movw	r30, r22
    49f8:	55 27       	eor	r21, r21
    49fa:	aa 27       	eor	r26, r26
    49fc:	88 0f       	add	r24, r24
    49fe:	99 1f       	adc	r25, r25
    4a00:	aa 1f       	adc	r26, r26
    4a02:	a4 17       	cp	r26, r20
    4a04:	10 f0       	brcs	.+4      	; 0x4a0a <__utoa_common+0x14>
    4a06:	a4 1b       	sub	r26, r20
    4a08:	83 95       	inc	r24
    4a0a:	50 51       	subi	r21, 0x10	; 16
    4a0c:	b9 f7       	brne	.-18     	; 0x49fc <__utoa_common+0x6>
    4a0e:	a0 5d       	subi	r26, 0xD0	; 208
    4a10:	aa 33       	cpi	r26, 0x3A	; 58
    4a12:	08 f0       	brcs	.+2      	; 0x4a16 <__utoa_common+0x20>
    4a14:	a9 5d       	subi	r26, 0xD9	; 217
    4a16:	a1 93       	st	Z+, r26
    4a18:	00 97       	sbiw	r24, 0x00	; 0
    4a1a:	79 f7       	brne	.-34     	; 0x49fa <__utoa_common+0x4>
    4a1c:	b1 11       	cpse	r27, r1
    4a1e:	b1 93       	st	Z+, r27
    4a20:	11 92       	st	Z+, r1
    4a22:	cb 01       	movw	r24, r22
    4a24:	0c 94 75 27 	jmp	0x4eea	; 0x4eea <strrev>

00004a28 <printf>:
    4a28:	a0 e0       	ldi	r26, 0x00	; 0
    4a2a:	b0 e0       	ldi	r27, 0x00	; 0
    4a2c:	ea e1       	ldi	r30, 0x1A	; 26
    4a2e:	f5 e2       	ldi	r31, 0x25	; 37
    4a30:	0c 94 4c 28 	jmp	0x5098	; 0x5098 <__prologue_saves__+0x20>
    4a34:	fe 01       	movw	r30, r28
    4a36:	35 96       	adiw	r30, 0x05	; 5
    4a38:	61 91       	ld	r22, Z+
    4a3a:	71 91       	ld	r23, Z+
    4a3c:	af 01       	movw	r20, r30
    4a3e:	80 91 03 06 	lds	r24, 0x0603
    4a42:	90 91 04 06 	lds	r25, 0x0604
    4a46:	0e 94 5c 25 	call	0x4ab8	; 0x4ab8 <vfprintf>
    4a4a:	e2 e0       	ldi	r30, 0x02	; 2
    4a4c:	0c 94 68 28 	jmp	0x50d0	; 0x50d0 <__epilogue_restores__+0x20>

00004a50 <putchar>:
    4a50:	60 91 03 06 	lds	r22, 0x0603
    4a54:	70 91 04 06 	lds	r23, 0x0604
    4a58:	0e 94 85 27 	call	0x4f0a	; 0x4f0a <fputc>
    4a5c:	08 95       	ret

00004a5e <puts>:
    4a5e:	0f 93       	push	r16
    4a60:	1f 93       	push	r17
    4a62:	cf 93       	push	r28
    4a64:	df 93       	push	r29
    4a66:	e0 91 03 06 	lds	r30, 0x0603
    4a6a:	f0 91 04 06 	lds	r31, 0x0604
    4a6e:	23 81       	ldd	r18, Z+3	; 0x03
    4a70:	21 ff       	sbrs	r18, 1
    4a72:	1b c0       	rjmp	.+54     	; 0x4aaa <puts+0x4c>
    4a74:	ec 01       	movw	r28, r24
    4a76:	00 e0       	ldi	r16, 0x00	; 0
    4a78:	10 e0       	ldi	r17, 0x00	; 0
    4a7a:	89 91       	ld	r24, Y+
    4a7c:	60 91 03 06 	lds	r22, 0x0603
    4a80:	70 91 04 06 	lds	r23, 0x0604
    4a84:	db 01       	movw	r26, r22
    4a86:	18 96       	adiw	r26, 0x08	; 8
    4a88:	ed 91       	ld	r30, X+
    4a8a:	fc 91       	ld	r31, X
    4a8c:	19 97       	sbiw	r26, 0x09	; 9
    4a8e:	88 23       	and	r24, r24
    4a90:	31 f0       	breq	.+12     	; 0x4a9e <puts+0x40>
    4a92:	09 95       	icall
    4a94:	89 2b       	or	r24, r25
    4a96:	89 f3       	breq	.-30     	; 0x4a7a <puts+0x1c>
    4a98:	0f ef       	ldi	r16, 0xFF	; 255
    4a9a:	1f ef       	ldi	r17, 0xFF	; 255
    4a9c:	ee cf       	rjmp	.-36     	; 0x4a7a <puts+0x1c>
    4a9e:	8a e0       	ldi	r24, 0x0A	; 10
    4aa0:	09 95       	icall
    4aa2:	89 2b       	or	r24, r25
    4aa4:	11 f4       	brne	.+4      	; 0x4aaa <puts+0x4c>
    4aa6:	c8 01       	movw	r24, r16
    4aa8:	02 c0       	rjmp	.+4      	; 0x4aae <puts+0x50>
    4aaa:	8f ef       	ldi	r24, 0xFF	; 255
    4aac:	9f ef       	ldi	r25, 0xFF	; 255
    4aae:	df 91       	pop	r29
    4ab0:	cf 91       	pop	r28
    4ab2:	1f 91       	pop	r17
    4ab4:	0f 91       	pop	r16
    4ab6:	08 95       	ret

00004ab8 <vfprintf>:
    4ab8:	ac e0       	ldi	r26, 0x0C	; 12
    4aba:	b0 e0       	ldi	r27, 0x00	; 0
    4abc:	e2 e6       	ldi	r30, 0x62	; 98
    4abe:	f5 e2       	ldi	r31, 0x25	; 37
    4ac0:	0c 94 3c 28 	jmp	0x5078	; 0x5078 <__prologue_saves__>
    4ac4:	7c 01       	movw	r14, r24
    4ac6:	6b 01       	movw	r12, r22
    4ac8:	8a 01       	movw	r16, r20
    4aca:	fc 01       	movw	r30, r24
    4acc:	17 82       	std	Z+7, r1	; 0x07
    4ace:	16 82       	std	Z+6, r1	; 0x06
    4ad0:	83 81       	ldd	r24, Z+3	; 0x03
    4ad2:	81 ff       	sbrs	r24, 1
    4ad4:	bd c1       	rjmp	.+890    	; 0x4e50 <vfprintf+0x398>
    4ad6:	ce 01       	movw	r24, r28
    4ad8:	01 96       	adiw	r24, 0x01	; 1
    4ada:	4c 01       	movw	r8, r24
    4adc:	f7 01       	movw	r30, r14
    4ade:	93 81       	ldd	r25, Z+3	; 0x03
    4ae0:	f6 01       	movw	r30, r12
    4ae2:	93 fd       	sbrc	r25, 3
    4ae4:	85 91       	lpm	r24, Z+
    4ae6:	93 ff       	sbrs	r25, 3
    4ae8:	81 91       	ld	r24, Z+
    4aea:	6f 01       	movw	r12, r30
    4aec:	88 23       	and	r24, r24
    4aee:	09 f4       	brne	.+2      	; 0x4af2 <vfprintf+0x3a>
    4af0:	ab c1       	rjmp	.+854    	; 0x4e48 <vfprintf+0x390>
    4af2:	85 32       	cpi	r24, 0x25	; 37
    4af4:	39 f4       	brne	.+14     	; 0x4b04 <vfprintf+0x4c>
    4af6:	93 fd       	sbrc	r25, 3
    4af8:	85 91       	lpm	r24, Z+
    4afa:	93 ff       	sbrs	r25, 3
    4afc:	81 91       	ld	r24, Z+
    4afe:	6f 01       	movw	r12, r30
    4b00:	85 32       	cpi	r24, 0x25	; 37
    4b02:	29 f4       	brne	.+10     	; 0x4b0e <vfprintf+0x56>
    4b04:	b7 01       	movw	r22, r14
    4b06:	90 e0       	ldi	r25, 0x00	; 0
    4b08:	0e 94 85 27 	call	0x4f0a	; 0x4f0a <fputc>
    4b0c:	e7 cf       	rjmp	.-50     	; 0x4adc <vfprintf+0x24>
    4b0e:	51 2c       	mov	r5, r1
    4b10:	31 2c       	mov	r3, r1
    4b12:	20 e0       	ldi	r18, 0x00	; 0
    4b14:	20 32       	cpi	r18, 0x20	; 32
    4b16:	a0 f4       	brcc	.+40     	; 0x4b40 <vfprintf+0x88>
    4b18:	8b 32       	cpi	r24, 0x2B	; 43
    4b1a:	69 f0       	breq	.+26     	; 0x4b36 <vfprintf+0x7e>
    4b1c:	30 f4       	brcc	.+12     	; 0x4b2a <vfprintf+0x72>
    4b1e:	80 32       	cpi	r24, 0x20	; 32
    4b20:	59 f0       	breq	.+22     	; 0x4b38 <vfprintf+0x80>
    4b22:	83 32       	cpi	r24, 0x23	; 35
    4b24:	69 f4       	brne	.+26     	; 0x4b40 <vfprintf+0x88>
    4b26:	20 61       	ori	r18, 0x10	; 16
    4b28:	2c c0       	rjmp	.+88     	; 0x4b82 <vfprintf+0xca>
    4b2a:	8d 32       	cpi	r24, 0x2D	; 45
    4b2c:	39 f0       	breq	.+14     	; 0x4b3c <vfprintf+0x84>
    4b2e:	80 33       	cpi	r24, 0x30	; 48
    4b30:	39 f4       	brne	.+14     	; 0x4b40 <vfprintf+0x88>
    4b32:	21 60       	ori	r18, 0x01	; 1
    4b34:	26 c0       	rjmp	.+76     	; 0x4b82 <vfprintf+0xca>
    4b36:	22 60       	ori	r18, 0x02	; 2
    4b38:	24 60       	ori	r18, 0x04	; 4
    4b3a:	23 c0       	rjmp	.+70     	; 0x4b82 <vfprintf+0xca>
    4b3c:	28 60       	ori	r18, 0x08	; 8
    4b3e:	21 c0       	rjmp	.+66     	; 0x4b82 <vfprintf+0xca>
    4b40:	27 fd       	sbrc	r18, 7
    4b42:	27 c0       	rjmp	.+78     	; 0x4b92 <vfprintf+0xda>
    4b44:	30 ed       	ldi	r19, 0xD0	; 208
    4b46:	38 0f       	add	r19, r24
    4b48:	3a 30       	cpi	r19, 0x0A	; 10
    4b4a:	78 f4       	brcc	.+30     	; 0x4b6a <vfprintf+0xb2>
    4b4c:	26 ff       	sbrs	r18, 6
    4b4e:	06 c0       	rjmp	.+12     	; 0x4b5c <vfprintf+0xa4>
    4b50:	fa e0       	ldi	r31, 0x0A	; 10
    4b52:	5f 9e       	mul	r5, r31
    4b54:	30 0d       	add	r19, r0
    4b56:	11 24       	eor	r1, r1
    4b58:	53 2e       	mov	r5, r19
    4b5a:	13 c0       	rjmp	.+38     	; 0x4b82 <vfprintf+0xca>
    4b5c:	8a e0       	ldi	r24, 0x0A	; 10
    4b5e:	38 9e       	mul	r3, r24
    4b60:	30 0d       	add	r19, r0
    4b62:	11 24       	eor	r1, r1
    4b64:	33 2e       	mov	r3, r19
    4b66:	20 62       	ori	r18, 0x20	; 32
    4b68:	0c c0       	rjmp	.+24     	; 0x4b82 <vfprintf+0xca>
    4b6a:	8e 32       	cpi	r24, 0x2E	; 46
    4b6c:	21 f4       	brne	.+8      	; 0x4b76 <vfprintf+0xbe>
    4b6e:	26 fd       	sbrc	r18, 6
    4b70:	6b c1       	rjmp	.+726    	; 0x4e48 <vfprintf+0x390>
    4b72:	20 64       	ori	r18, 0x40	; 64
    4b74:	06 c0       	rjmp	.+12     	; 0x4b82 <vfprintf+0xca>
    4b76:	8c 36       	cpi	r24, 0x6C	; 108
    4b78:	11 f4       	brne	.+4      	; 0x4b7e <vfprintf+0xc6>
    4b7a:	20 68       	ori	r18, 0x80	; 128
    4b7c:	02 c0       	rjmp	.+4      	; 0x4b82 <vfprintf+0xca>
    4b7e:	88 36       	cpi	r24, 0x68	; 104
    4b80:	41 f4       	brne	.+16     	; 0x4b92 <vfprintf+0xda>
    4b82:	f6 01       	movw	r30, r12
    4b84:	93 fd       	sbrc	r25, 3
    4b86:	85 91       	lpm	r24, Z+
    4b88:	93 ff       	sbrs	r25, 3
    4b8a:	81 91       	ld	r24, Z+
    4b8c:	6f 01       	movw	r12, r30
    4b8e:	81 11       	cpse	r24, r1
    4b90:	c1 cf       	rjmp	.-126    	; 0x4b14 <vfprintf+0x5c>
    4b92:	98 2f       	mov	r25, r24
    4b94:	9f 7d       	andi	r25, 0xDF	; 223
    4b96:	95 54       	subi	r25, 0x45	; 69
    4b98:	93 30       	cpi	r25, 0x03	; 3
    4b9a:	28 f4       	brcc	.+10     	; 0x4ba6 <vfprintf+0xee>
    4b9c:	0c 5f       	subi	r16, 0xFC	; 252
    4b9e:	1f 4f       	sbci	r17, 0xFF	; 255
    4ba0:	ff e3       	ldi	r31, 0x3F	; 63
    4ba2:	f9 83       	std	Y+1, r31	; 0x01
    4ba4:	0d c0       	rjmp	.+26     	; 0x4bc0 <vfprintf+0x108>
    4ba6:	83 36       	cpi	r24, 0x63	; 99
    4ba8:	31 f0       	breq	.+12     	; 0x4bb6 <vfprintf+0xfe>
    4baa:	83 37       	cpi	r24, 0x73	; 115
    4bac:	71 f0       	breq	.+28     	; 0x4bca <vfprintf+0x112>
    4bae:	83 35       	cpi	r24, 0x53	; 83
    4bb0:	09 f0       	breq	.+2      	; 0x4bb4 <vfprintf+0xfc>
    4bb2:	5b c0       	rjmp	.+182    	; 0x4c6a <vfprintf+0x1b2>
    4bb4:	22 c0       	rjmp	.+68     	; 0x4bfa <vfprintf+0x142>
    4bb6:	f8 01       	movw	r30, r16
    4bb8:	80 81       	ld	r24, Z
    4bba:	89 83       	std	Y+1, r24	; 0x01
    4bbc:	0e 5f       	subi	r16, 0xFE	; 254
    4bbe:	1f 4f       	sbci	r17, 0xFF	; 255
    4bc0:	44 24       	eor	r4, r4
    4bc2:	43 94       	inc	r4
    4bc4:	51 2c       	mov	r5, r1
    4bc6:	54 01       	movw	r10, r8
    4bc8:	15 c0       	rjmp	.+42     	; 0x4bf4 <vfprintf+0x13c>
    4bca:	38 01       	movw	r6, r16
    4bcc:	f2 e0       	ldi	r31, 0x02	; 2
    4bce:	6f 0e       	add	r6, r31
    4bd0:	71 1c       	adc	r7, r1
    4bd2:	f8 01       	movw	r30, r16
    4bd4:	a0 80       	ld	r10, Z
    4bd6:	b1 80       	ldd	r11, Z+1	; 0x01
    4bd8:	26 ff       	sbrs	r18, 6
    4bda:	03 c0       	rjmp	.+6      	; 0x4be2 <vfprintf+0x12a>
    4bdc:	65 2d       	mov	r22, r5
    4bde:	70 e0       	ldi	r23, 0x00	; 0
    4be0:	02 c0       	rjmp	.+4      	; 0x4be6 <vfprintf+0x12e>
    4be2:	6f ef       	ldi	r22, 0xFF	; 255
    4be4:	7f ef       	ldi	r23, 0xFF	; 255
    4be6:	c5 01       	movw	r24, r10
    4be8:	2c 87       	std	Y+12, r18	; 0x0c
    4bea:	0e 94 6a 27 	call	0x4ed4	; 0x4ed4 <strnlen>
    4bee:	2c 01       	movw	r4, r24
    4bf0:	83 01       	movw	r16, r6
    4bf2:	2c 85       	ldd	r18, Y+12	; 0x0c
    4bf4:	2f 77       	andi	r18, 0x7F	; 127
    4bf6:	22 2e       	mov	r2, r18
    4bf8:	17 c0       	rjmp	.+46     	; 0x4c28 <vfprintf+0x170>
    4bfa:	38 01       	movw	r6, r16
    4bfc:	f2 e0       	ldi	r31, 0x02	; 2
    4bfe:	6f 0e       	add	r6, r31
    4c00:	71 1c       	adc	r7, r1
    4c02:	f8 01       	movw	r30, r16
    4c04:	a0 80       	ld	r10, Z
    4c06:	b1 80       	ldd	r11, Z+1	; 0x01
    4c08:	26 ff       	sbrs	r18, 6
    4c0a:	03 c0       	rjmp	.+6      	; 0x4c12 <vfprintf+0x15a>
    4c0c:	65 2d       	mov	r22, r5
    4c0e:	70 e0       	ldi	r23, 0x00	; 0
    4c10:	02 c0       	rjmp	.+4      	; 0x4c16 <vfprintf+0x15e>
    4c12:	6f ef       	ldi	r22, 0xFF	; 255
    4c14:	7f ef       	ldi	r23, 0xFF	; 255
    4c16:	c5 01       	movw	r24, r10
    4c18:	2c 87       	std	Y+12, r18	; 0x0c
    4c1a:	0e 94 5f 27 	call	0x4ebe	; 0x4ebe <strnlen_P>
    4c1e:	2c 01       	movw	r4, r24
    4c20:	2c 85       	ldd	r18, Y+12	; 0x0c
    4c22:	20 68       	ori	r18, 0x80	; 128
    4c24:	22 2e       	mov	r2, r18
    4c26:	83 01       	movw	r16, r6
    4c28:	23 fc       	sbrc	r2, 3
    4c2a:	1b c0       	rjmp	.+54     	; 0x4c62 <vfprintf+0x1aa>
    4c2c:	83 2d       	mov	r24, r3
    4c2e:	90 e0       	ldi	r25, 0x00	; 0
    4c30:	48 16       	cp	r4, r24
    4c32:	59 06       	cpc	r5, r25
    4c34:	b0 f4       	brcc	.+44     	; 0x4c62 <vfprintf+0x1aa>
    4c36:	b7 01       	movw	r22, r14
    4c38:	80 e2       	ldi	r24, 0x20	; 32
    4c3a:	90 e0       	ldi	r25, 0x00	; 0
    4c3c:	0e 94 85 27 	call	0x4f0a	; 0x4f0a <fputc>
    4c40:	3a 94       	dec	r3
    4c42:	f4 cf       	rjmp	.-24     	; 0x4c2c <vfprintf+0x174>
    4c44:	f5 01       	movw	r30, r10
    4c46:	27 fc       	sbrc	r2, 7
    4c48:	85 91       	lpm	r24, Z+
    4c4a:	27 fe       	sbrs	r2, 7
    4c4c:	81 91       	ld	r24, Z+
    4c4e:	5f 01       	movw	r10, r30
    4c50:	b7 01       	movw	r22, r14
    4c52:	90 e0       	ldi	r25, 0x00	; 0
    4c54:	0e 94 85 27 	call	0x4f0a	; 0x4f0a <fputc>
    4c58:	31 10       	cpse	r3, r1
    4c5a:	3a 94       	dec	r3
    4c5c:	f1 e0       	ldi	r31, 0x01	; 1
    4c5e:	4f 1a       	sub	r4, r31
    4c60:	51 08       	sbc	r5, r1
    4c62:	41 14       	cp	r4, r1
    4c64:	51 04       	cpc	r5, r1
    4c66:	71 f7       	brne	.-36     	; 0x4c44 <vfprintf+0x18c>
    4c68:	e5 c0       	rjmp	.+458    	; 0x4e34 <vfprintf+0x37c>
    4c6a:	84 36       	cpi	r24, 0x64	; 100
    4c6c:	11 f0       	breq	.+4      	; 0x4c72 <vfprintf+0x1ba>
    4c6e:	89 36       	cpi	r24, 0x69	; 105
    4c70:	39 f5       	brne	.+78     	; 0x4cc0 <vfprintf+0x208>
    4c72:	f8 01       	movw	r30, r16
    4c74:	27 ff       	sbrs	r18, 7
    4c76:	07 c0       	rjmp	.+14     	; 0x4c86 <vfprintf+0x1ce>
    4c78:	60 81       	ld	r22, Z
    4c7a:	71 81       	ldd	r23, Z+1	; 0x01
    4c7c:	82 81       	ldd	r24, Z+2	; 0x02
    4c7e:	93 81       	ldd	r25, Z+3	; 0x03
    4c80:	0c 5f       	subi	r16, 0xFC	; 252
    4c82:	1f 4f       	sbci	r17, 0xFF	; 255
    4c84:	08 c0       	rjmp	.+16     	; 0x4c96 <vfprintf+0x1de>
    4c86:	60 81       	ld	r22, Z
    4c88:	71 81       	ldd	r23, Z+1	; 0x01
    4c8a:	88 27       	eor	r24, r24
    4c8c:	77 fd       	sbrc	r23, 7
    4c8e:	80 95       	com	r24
    4c90:	98 2f       	mov	r25, r24
    4c92:	0e 5f       	subi	r16, 0xFE	; 254
    4c94:	1f 4f       	sbci	r17, 0xFF	; 255
    4c96:	2f 76       	andi	r18, 0x6F	; 111
    4c98:	b2 2e       	mov	r11, r18
    4c9a:	97 ff       	sbrs	r25, 7
    4c9c:	09 c0       	rjmp	.+18     	; 0x4cb0 <vfprintf+0x1f8>
    4c9e:	90 95       	com	r25
    4ca0:	80 95       	com	r24
    4ca2:	70 95       	com	r23
    4ca4:	61 95       	neg	r22
    4ca6:	7f 4f       	sbci	r23, 0xFF	; 255
    4ca8:	8f 4f       	sbci	r24, 0xFF	; 255
    4caa:	9f 4f       	sbci	r25, 0xFF	; 255
    4cac:	20 68       	ori	r18, 0x80	; 128
    4cae:	b2 2e       	mov	r11, r18
    4cb0:	2a e0       	ldi	r18, 0x0A	; 10
    4cb2:	30 e0       	ldi	r19, 0x00	; 0
    4cb4:	a4 01       	movw	r20, r8
    4cb6:	0e 94 b7 27 	call	0x4f6e	; 0x4f6e <__ultoa_invert>
    4cba:	a8 2e       	mov	r10, r24
    4cbc:	a8 18       	sub	r10, r8
    4cbe:	44 c0       	rjmp	.+136    	; 0x4d48 <vfprintf+0x290>
    4cc0:	85 37       	cpi	r24, 0x75	; 117
    4cc2:	29 f4       	brne	.+10     	; 0x4cce <vfprintf+0x216>
    4cc4:	2f 7e       	andi	r18, 0xEF	; 239
    4cc6:	b2 2e       	mov	r11, r18
    4cc8:	2a e0       	ldi	r18, 0x0A	; 10
    4cca:	30 e0       	ldi	r19, 0x00	; 0
    4ccc:	25 c0       	rjmp	.+74     	; 0x4d18 <vfprintf+0x260>
    4cce:	f2 2f       	mov	r31, r18
    4cd0:	f9 7f       	andi	r31, 0xF9	; 249
    4cd2:	bf 2e       	mov	r11, r31
    4cd4:	8f 36       	cpi	r24, 0x6F	; 111
    4cd6:	c1 f0       	breq	.+48     	; 0x4d08 <vfprintf+0x250>
    4cd8:	18 f4       	brcc	.+6      	; 0x4ce0 <vfprintf+0x228>
    4cda:	88 35       	cpi	r24, 0x58	; 88
    4cdc:	79 f0       	breq	.+30     	; 0x4cfc <vfprintf+0x244>
    4cde:	b4 c0       	rjmp	.+360    	; 0x4e48 <vfprintf+0x390>
    4ce0:	80 37       	cpi	r24, 0x70	; 112
    4ce2:	19 f0       	breq	.+6      	; 0x4cea <vfprintf+0x232>
    4ce4:	88 37       	cpi	r24, 0x78	; 120
    4ce6:	21 f0       	breq	.+8      	; 0x4cf0 <vfprintf+0x238>
    4ce8:	af c0       	rjmp	.+350    	; 0x4e48 <vfprintf+0x390>
    4cea:	2f 2f       	mov	r18, r31
    4cec:	20 61       	ori	r18, 0x10	; 16
    4cee:	b2 2e       	mov	r11, r18
    4cf0:	b4 fe       	sbrs	r11, 4
    4cf2:	0d c0       	rjmp	.+26     	; 0x4d0e <vfprintf+0x256>
    4cf4:	8b 2d       	mov	r24, r11
    4cf6:	84 60       	ori	r24, 0x04	; 4
    4cf8:	b8 2e       	mov	r11, r24
    4cfa:	09 c0       	rjmp	.+18     	; 0x4d0e <vfprintf+0x256>
    4cfc:	24 ff       	sbrs	r18, 4
    4cfe:	0a c0       	rjmp	.+20     	; 0x4d14 <vfprintf+0x25c>
    4d00:	9f 2f       	mov	r25, r31
    4d02:	96 60       	ori	r25, 0x06	; 6
    4d04:	b9 2e       	mov	r11, r25
    4d06:	06 c0       	rjmp	.+12     	; 0x4d14 <vfprintf+0x25c>
    4d08:	28 e0       	ldi	r18, 0x08	; 8
    4d0a:	30 e0       	ldi	r19, 0x00	; 0
    4d0c:	05 c0       	rjmp	.+10     	; 0x4d18 <vfprintf+0x260>
    4d0e:	20 e1       	ldi	r18, 0x10	; 16
    4d10:	30 e0       	ldi	r19, 0x00	; 0
    4d12:	02 c0       	rjmp	.+4      	; 0x4d18 <vfprintf+0x260>
    4d14:	20 e1       	ldi	r18, 0x10	; 16
    4d16:	32 e0       	ldi	r19, 0x02	; 2
    4d18:	f8 01       	movw	r30, r16
    4d1a:	b7 fe       	sbrs	r11, 7
    4d1c:	07 c0       	rjmp	.+14     	; 0x4d2c <vfprintf+0x274>
    4d1e:	60 81       	ld	r22, Z
    4d20:	71 81       	ldd	r23, Z+1	; 0x01
    4d22:	82 81       	ldd	r24, Z+2	; 0x02
    4d24:	93 81       	ldd	r25, Z+3	; 0x03
    4d26:	0c 5f       	subi	r16, 0xFC	; 252
    4d28:	1f 4f       	sbci	r17, 0xFF	; 255
    4d2a:	06 c0       	rjmp	.+12     	; 0x4d38 <vfprintf+0x280>
    4d2c:	60 81       	ld	r22, Z
    4d2e:	71 81       	ldd	r23, Z+1	; 0x01
    4d30:	80 e0       	ldi	r24, 0x00	; 0
    4d32:	90 e0       	ldi	r25, 0x00	; 0
    4d34:	0e 5f       	subi	r16, 0xFE	; 254
    4d36:	1f 4f       	sbci	r17, 0xFF	; 255
    4d38:	a4 01       	movw	r20, r8
    4d3a:	0e 94 b7 27 	call	0x4f6e	; 0x4f6e <__ultoa_invert>
    4d3e:	a8 2e       	mov	r10, r24
    4d40:	a8 18       	sub	r10, r8
    4d42:	fb 2d       	mov	r31, r11
    4d44:	ff 77       	andi	r31, 0x7F	; 127
    4d46:	bf 2e       	mov	r11, r31
    4d48:	b6 fe       	sbrs	r11, 6
    4d4a:	0b c0       	rjmp	.+22     	; 0x4d62 <vfprintf+0x2aa>
    4d4c:	2b 2d       	mov	r18, r11
    4d4e:	2e 7f       	andi	r18, 0xFE	; 254
    4d50:	a5 14       	cp	r10, r5
    4d52:	50 f4       	brcc	.+20     	; 0x4d68 <vfprintf+0x2b0>
    4d54:	b4 fe       	sbrs	r11, 4
    4d56:	0a c0       	rjmp	.+20     	; 0x4d6c <vfprintf+0x2b4>
    4d58:	b2 fc       	sbrc	r11, 2
    4d5a:	08 c0       	rjmp	.+16     	; 0x4d6c <vfprintf+0x2b4>
    4d5c:	2b 2d       	mov	r18, r11
    4d5e:	2e 7e       	andi	r18, 0xEE	; 238
    4d60:	05 c0       	rjmp	.+10     	; 0x4d6c <vfprintf+0x2b4>
    4d62:	7a 2c       	mov	r7, r10
    4d64:	2b 2d       	mov	r18, r11
    4d66:	03 c0       	rjmp	.+6      	; 0x4d6e <vfprintf+0x2b6>
    4d68:	7a 2c       	mov	r7, r10
    4d6a:	01 c0       	rjmp	.+2      	; 0x4d6e <vfprintf+0x2b6>
    4d6c:	75 2c       	mov	r7, r5
    4d6e:	24 ff       	sbrs	r18, 4
    4d70:	0d c0       	rjmp	.+26     	; 0x4d8c <vfprintf+0x2d4>
    4d72:	fe 01       	movw	r30, r28
    4d74:	ea 0d       	add	r30, r10
    4d76:	f1 1d       	adc	r31, r1
    4d78:	80 81       	ld	r24, Z
    4d7a:	80 33       	cpi	r24, 0x30	; 48
    4d7c:	11 f4       	brne	.+4      	; 0x4d82 <vfprintf+0x2ca>
    4d7e:	29 7e       	andi	r18, 0xE9	; 233
    4d80:	09 c0       	rjmp	.+18     	; 0x4d94 <vfprintf+0x2dc>
    4d82:	22 ff       	sbrs	r18, 2
    4d84:	06 c0       	rjmp	.+12     	; 0x4d92 <vfprintf+0x2da>
    4d86:	73 94       	inc	r7
    4d88:	73 94       	inc	r7
    4d8a:	04 c0       	rjmp	.+8      	; 0x4d94 <vfprintf+0x2dc>
    4d8c:	82 2f       	mov	r24, r18
    4d8e:	86 78       	andi	r24, 0x86	; 134
    4d90:	09 f0       	breq	.+2      	; 0x4d94 <vfprintf+0x2dc>
    4d92:	73 94       	inc	r7
    4d94:	23 fd       	sbrc	r18, 3
    4d96:	13 c0       	rjmp	.+38     	; 0x4dbe <vfprintf+0x306>
    4d98:	20 ff       	sbrs	r18, 0
    4d9a:	06 c0       	rjmp	.+12     	; 0x4da8 <vfprintf+0x2f0>
    4d9c:	5a 2c       	mov	r5, r10
    4d9e:	73 14       	cp	r7, r3
    4da0:	18 f4       	brcc	.+6      	; 0x4da8 <vfprintf+0x2f0>
    4da2:	53 0c       	add	r5, r3
    4da4:	57 18       	sub	r5, r7
    4da6:	73 2c       	mov	r7, r3
    4da8:	73 14       	cp	r7, r3
    4daa:	68 f4       	brcc	.+26     	; 0x4dc6 <vfprintf+0x30e>
    4dac:	b7 01       	movw	r22, r14
    4dae:	80 e2       	ldi	r24, 0x20	; 32
    4db0:	90 e0       	ldi	r25, 0x00	; 0
    4db2:	2c 87       	std	Y+12, r18	; 0x0c
    4db4:	0e 94 85 27 	call	0x4f0a	; 0x4f0a <fputc>
    4db8:	73 94       	inc	r7
    4dba:	2c 85       	ldd	r18, Y+12	; 0x0c
    4dbc:	f5 cf       	rjmp	.-22     	; 0x4da8 <vfprintf+0x2f0>
    4dbe:	73 14       	cp	r7, r3
    4dc0:	10 f4       	brcc	.+4      	; 0x4dc6 <vfprintf+0x30e>
    4dc2:	37 18       	sub	r3, r7
    4dc4:	01 c0       	rjmp	.+2      	; 0x4dc8 <vfprintf+0x310>
    4dc6:	31 2c       	mov	r3, r1
    4dc8:	24 ff       	sbrs	r18, 4
    4dca:	12 c0       	rjmp	.+36     	; 0x4df0 <vfprintf+0x338>
    4dcc:	b7 01       	movw	r22, r14
    4dce:	80 e3       	ldi	r24, 0x30	; 48
    4dd0:	90 e0       	ldi	r25, 0x00	; 0
    4dd2:	2c 87       	std	Y+12, r18	; 0x0c
    4dd4:	0e 94 85 27 	call	0x4f0a	; 0x4f0a <fputc>
    4dd8:	2c 85       	ldd	r18, Y+12	; 0x0c
    4dda:	22 ff       	sbrs	r18, 2
    4ddc:	17 c0       	rjmp	.+46     	; 0x4e0c <vfprintf+0x354>
    4dde:	21 ff       	sbrs	r18, 1
    4de0:	03 c0       	rjmp	.+6      	; 0x4de8 <vfprintf+0x330>
    4de2:	88 e5       	ldi	r24, 0x58	; 88
    4de4:	90 e0       	ldi	r25, 0x00	; 0
    4de6:	02 c0       	rjmp	.+4      	; 0x4dec <vfprintf+0x334>
    4de8:	88 e7       	ldi	r24, 0x78	; 120
    4dea:	90 e0       	ldi	r25, 0x00	; 0
    4dec:	b7 01       	movw	r22, r14
    4dee:	0c c0       	rjmp	.+24     	; 0x4e08 <vfprintf+0x350>
    4df0:	82 2f       	mov	r24, r18
    4df2:	86 78       	andi	r24, 0x86	; 134
    4df4:	59 f0       	breq	.+22     	; 0x4e0c <vfprintf+0x354>
    4df6:	21 fd       	sbrc	r18, 1
    4df8:	02 c0       	rjmp	.+4      	; 0x4dfe <vfprintf+0x346>
    4dfa:	80 e2       	ldi	r24, 0x20	; 32
    4dfc:	01 c0       	rjmp	.+2      	; 0x4e00 <vfprintf+0x348>
    4dfe:	8b e2       	ldi	r24, 0x2B	; 43
    4e00:	27 fd       	sbrc	r18, 7
    4e02:	8d e2       	ldi	r24, 0x2D	; 45
    4e04:	b7 01       	movw	r22, r14
    4e06:	90 e0       	ldi	r25, 0x00	; 0
    4e08:	0e 94 85 27 	call	0x4f0a	; 0x4f0a <fputc>
    4e0c:	a5 14       	cp	r10, r5
    4e0e:	38 f4       	brcc	.+14     	; 0x4e1e <vfprintf+0x366>
    4e10:	b7 01       	movw	r22, r14
    4e12:	80 e3       	ldi	r24, 0x30	; 48
    4e14:	90 e0       	ldi	r25, 0x00	; 0
    4e16:	0e 94 85 27 	call	0x4f0a	; 0x4f0a <fputc>
    4e1a:	5a 94       	dec	r5
    4e1c:	f7 cf       	rjmp	.-18     	; 0x4e0c <vfprintf+0x354>
    4e1e:	aa 94       	dec	r10
    4e20:	f4 01       	movw	r30, r8
    4e22:	ea 0d       	add	r30, r10
    4e24:	f1 1d       	adc	r31, r1
    4e26:	80 81       	ld	r24, Z
    4e28:	b7 01       	movw	r22, r14
    4e2a:	90 e0       	ldi	r25, 0x00	; 0
    4e2c:	0e 94 85 27 	call	0x4f0a	; 0x4f0a <fputc>
    4e30:	a1 10       	cpse	r10, r1
    4e32:	f5 cf       	rjmp	.-22     	; 0x4e1e <vfprintf+0x366>
    4e34:	33 20       	and	r3, r3
    4e36:	09 f4       	brne	.+2      	; 0x4e3a <vfprintf+0x382>
    4e38:	51 ce       	rjmp	.-862    	; 0x4adc <vfprintf+0x24>
    4e3a:	b7 01       	movw	r22, r14
    4e3c:	80 e2       	ldi	r24, 0x20	; 32
    4e3e:	90 e0       	ldi	r25, 0x00	; 0
    4e40:	0e 94 85 27 	call	0x4f0a	; 0x4f0a <fputc>
    4e44:	3a 94       	dec	r3
    4e46:	f6 cf       	rjmp	.-20     	; 0x4e34 <vfprintf+0x37c>
    4e48:	f7 01       	movw	r30, r14
    4e4a:	86 81       	ldd	r24, Z+6	; 0x06
    4e4c:	97 81       	ldd	r25, Z+7	; 0x07
    4e4e:	02 c0       	rjmp	.+4      	; 0x4e54 <vfprintf+0x39c>
    4e50:	8f ef       	ldi	r24, 0xFF	; 255
    4e52:	9f ef       	ldi	r25, 0xFF	; 255
    4e54:	2c 96       	adiw	r28, 0x0c	; 12
    4e56:	e2 e1       	ldi	r30, 0x12	; 18
    4e58:	0c 94 58 28 	jmp	0x50b0	; 0x50b0 <__epilogue_restores__>

00004e5c <__eerd_block_m32>:
    4e5c:	dc 01       	movw	r26, r24
    4e5e:	cb 01       	movw	r24, r22

00004e60 <__eerd_blraw_m32>:
    4e60:	fc 01       	movw	r30, r24
    4e62:	e1 99       	sbic	0x1c, 1	; 28
    4e64:	fe cf       	rjmp	.-4      	; 0x4e62 <__eerd_blraw_m32+0x2>
    4e66:	06 c0       	rjmp	.+12     	; 0x4e74 <__eerd_blraw_m32+0x14>
    4e68:	ff bb       	out	0x1f, r31	; 31
    4e6a:	ee bb       	out	0x1e, r30	; 30
    4e6c:	e0 9a       	sbi	0x1c, 0	; 28
    4e6e:	31 96       	adiw	r30, 0x01	; 1
    4e70:	0d b2       	in	r0, 0x1d	; 29
    4e72:	0d 92       	st	X+, r0
    4e74:	41 50       	subi	r20, 0x01	; 1
    4e76:	50 40       	sbci	r21, 0x00	; 0
    4e78:	b8 f7       	brcc	.-18     	; 0x4e68 <__eerd_blraw_m32+0x8>
    4e7a:	08 95       	ret

00004e7c <__eeupd_block_m32>:
    4e7c:	dc 01       	movw	r26, r24
    4e7e:	a4 0f       	add	r26, r20
    4e80:	b5 1f       	adc	r27, r21
    4e82:	41 50       	subi	r20, 0x01	; 1
    4e84:	50 40       	sbci	r21, 0x00	; 0
    4e86:	48 f0       	brcs	.+18     	; 0x4e9a <__eeupd_block_m32+0x1e>
    4e88:	cb 01       	movw	r24, r22
    4e8a:	84 0f       	add	r24, r20
    4e8c:	95 1f       	adc	r25, r21
    4e8e:	2e 91       	ld	r18, -X
    4e90:	0e 94 4f 27 	call	0x4e9e	; 0x4e9e <__eeupd_r18_m32>
    4e94:	41 50       	subi	r20, 0x01	; 1
    4e96:	50 40       	sbci	r21, 0x00	; 0
    4e98:	d0 f7       	brcc	.-12     	; 0x4e8e <__eeupd_block_m32+0x12>
    4e9a:	08 95       	ret

00004e9c <__eeupd_byte_m32>:
    4e9c:	26 2f       	mov	r18, r22

00004e9e <__eeupd_r18_m32>:
    4e9e:	e1 99       	sbic	0x1c, 1	; 28
    4ea0:	fe cf       	rjmp	.-4      	; 0x4e9e <__eeupd_r18_m32>
    4ea2:	9f bb       	out	0x1f, r25	; 31
    4ea4:	8e bb       	out	0x1e, r24	; 30
    4ea6:	e0 9a       	sbi	0x1c, 0	; 28
    4ea8:	01 97       	sbiw	r24, 0x01	; 1
    4eaa:	0d b2       	in	r0, 0x1d	; 29
    4eac:	02 16       	cp	r0, r18
    4eae:	31 f0       	breq	.+12     	; 0x4ebc <__eeupd_r18_m32+0x1e>
    4eb0:	2d bb       	out	0x1d, r18	; 29
    4eb2:	0f b6       	in	r0, 0x3f	; 63
    4eb4:	f8 94       	cli
    4eb6:	e2 9a       	sbi	0x1c, 2	; 28
    4eb8:	e1 9a       	sbi	0x1c, 1	; 28
    4eba:	0f be       	out	0x3f, r0	; 63
    4ebc:	08 95       	ret

00004ebe <strnlen_P>:
    4ebe:	fc 01       	movw	r30, r24
    4ec0:	05 90       	lpm	r0, Z+
    4ec2:	61 50       	subi	r22, 0x01	; 1
    4ec4:	70 40       	sbci	r23, 0x00	; 0
    4ec6:	01 10       	cpse	r0, r1
    4ec8:	d8 f7       	brcc	.-10     	; 0x4ec0 <strnlen_P+0x2>
    4eca:	80 95       	com	r24
    4ecc:	90 95       	com	r25
    4ece:	8e 0f       	add	r24, r30
    4ed0:	9f 1f       	adc	r25, r31
    4ed2:	08 95       	ret

00004ed4 <strnlen>:
    4ed4:	fc 01       	movw	r30, r24
    4ed6:	61 50       	subi	r22, 0x01	; 1
    4ed8:	70 40       	sbci	r23, 0x00	; 0
    4eda:	01 90       	ld	r0, Z+
    4edc:	01 10       	cpse	r0, r1
    4ede:	d8 f7       	brcc	.-10     	; 0x4ed6 <strnlen+0x2>
    4ee0:	80 95       	com	r24
    4ee2:	90 95       	com	r25
    4ee4:	8e 0f       	add	r24, r30
    4ee6:	9f 1f       	adc	r25, r31
    4ee8:	08 95       	ret

00004eea <strrev>:
    4eea:	dc 01       	movw	r26, r24
    4eec:	fc 01       	movw	r30, r24
    4eee:	67 2f       	mov	r22, r23
    4ef0:	71 91       	ld	r23, Z+
    4ef2:	77 23       	and	r23, r23
    4ef4:	e1 f7       	brne	.-8      	; 0x4eee <strrev+0x4>
    4ef6:	32 97       	sbiw	r30, 0x02	; 2
    4ef8:	04 c0       	rjmp	.+8      	; 0x4f02 <strrev+0x18>
    4efa:	7c 91       	ld	r23, X
    4efc:	6d 93       	st	X+, r22
    4efe:	70 83       	st	Z, r23
    4f00:	62 91       	ld	r22, -Z
    4f02:	ae 17       	cp	r26, r30
    4f04:	bf 07       	cpc	r27, r31
    4f06:	c8 f3       	brcs	.-14     	; 0x4efa <strrev+0x10>
    4f08:	08 95       	ret

00004f0a <fputc>:
    4f0a:	0f 93       	push	r16
    4f0c:	1f 93       	push	r17
    4f0e:	cf 93       	push	r28
    4f10:	df 93       	push	r29
    4f12:	18 2f       	mov	r17, r24
    4f14:	09 2f       	mov	r16, r25
    4f16:	eb 01       	movw	r28, r22
    4f18:	8b 81       	ldd	r24, Y+3	; 0x03
    4f1a:	81 fd       	sbrc	r24, 1
    4f1c:	03 c0       	rjmp	.+6      	; 0x4f24 <fputc+0x1a>
    4f1e:	8f ef       	ldi	r24, 0xFF	; 255
    4f20:	9f ef       	ldi	r25, 0xFF	; 255
    4f22:	20 c0       	rjmp	.+64     	; 0x4f64 <fputc+0x5a>
    4f24:	82 ff       	sbrs	r24, 2
    4f26:	10 c0       	rjmp	.+32     	; 0x4f48 <fputc+0x3e>
    4f28:	4e 81       	ldd	r20, Y+6	; 0x06
    4f2a:	5f 81       	ldd	r21, Y+7	; 0x07
    4f2c:	2c 81       	ldd	r18, Y+4	; 0x04
    4f2e:	3d 81       	ldd	r19, Y+5	; 0x05
    4f30:	42 17       	cp	r20, r18
    4f32:	53 07       	cpc	r21, r19
    4f34:	7c f4       	brge	.+30     	; 0x4f54 <fputc+0x4a>
    4f36:	e8 81       	ld	r30, Y
    4f38:	f9 81       	ldd	r31, Y+1	; 0x01
    4f3a:	9f 01       	movw	r18, r30
    4f3c:	2f 5f       	subi	r18, 0xFF	; 255
    4f3e:	3f 4f       	sbci	r19, 0xFF	; 255
    4f40:	39 83       	std	Y+1, r19	; 0x01
    4f42:	28 83       	st	Y, r18
    4f44:	10 83       	st	Z, r17
    4f46:	06 c0       	rjmp	.+12     	; 0x4f54 <fputc+0x4a>
    4f48:	e8 85       	ldd	r30, Y+8	; 0x08
    4f4a:	f9 85       	ldd	r31, Y+9	; 0x09
    4f4c:	81 2f       	mov	r24, r17
    4f4e:	09 95       	icall
    4f50:	89 2b       	or	r24, r25
    4f52:	29 f7       	brne	.-54     	; 0x4f1e <fputc+0x14>
    4f54:	2e 81       	ldd	r18, Y+6	; 0x06
    4f56:	3f 81       	ldd	r19, Y+7	; 0x07
    4f58:	2f 5f       	subi	r18, 0xFF	; 255
    4f5a:	3f 4f       	sbci	r19, 0xFF	; 255
    4f5c:	3f 83       	std	Y+7, r19	; 0x07
    4f5e:	2e 83       	std	Y+6, r18	; 0x06
    4f60:	81 2f       	mov	r24, r17
    4f62:	90 2f       	mov	r25, r16
    4f64:	df 91       	pop	r29
    4f66:	cf 91       	pop	r28
    4f68:	1f 91       	pop	r17
    4f6a:	0f 91       	pop	r16
    4f6c:	08 95       	ret

00004f6e <__ultoa_invert>:
    4f6e:	fa 01       	movw	r30, r20
    4f70:	aa 27       	eor	r26, r26
    4f72:	28 30       	cpi	r18, 0x08	; 8
    4f74:	51 f1       	breq	.+84     	; 0x4fca <__ultoa_invert+0x5c>
    4f76:	20 31       	cpi	r18, 0x10	; 16
    4f78:	81 f1       	breq	.+96     	; 0x4fda <__ultoa_invert+0x6c>
    4f7a:	e8 94       	clt
    4f7c:	6f 93       	push	r22
    4f7e:	6e 7f       	andi	r22, 0xFE	; 254
    4f80:	6e 5f       	subi	r22, 0xFE	; 254
    4f82:	7f 4f       	sbci	r23, 0xFF	; 255
    4f84:	8f 4f       	sbci	r24, 0xFF	; 255
    4f86:	9f 4f       	sbci	r25, 0xFF	; 255
    4f88:	af 4f       	sbci	r26, 0xFF	; 255
    4f8a:	b1 e0       	ldi	r27, 0x01	; 1
    4f8c:	3e d0       	rcall	.+124    	; 0x500a <__ultoa_invert+0x9c>
    4f8e:	b4 e0       	ldi	r27, 0x04	; 4
    4f90:	3c d0       	rcall	.+120    	; 0x500a <__ultoa_invert+0x9c>
    4f92:	67 0f       	add	r22, r23
    4f94:	78 1f       	adc	r23, r24
    4f96:	89 1f       	adc	r24, r25
    4f98:	9a 1f       	adc	r25, r26
    4f9a:	a1 1d       	adc	r26, r1
    4f9c:	68 0f       	add	r22, r24
    4f9e:	79 1f       	adc	r23, r25
    4fa0:	8a 1f       	adc	r24, r26
    4fa2:	91 1d       	adc	r25, r1
    4fa4:	a1 1d       	adc	r26, r1
    4fa6:	6a 0f       	add	r22, r26
    4fa8:	71 1d       	adc	r23, r1
    4faa:	81 1d       	adc	r24, r1
    4fac:	91 1d       	adc	r25, r1
    4fae:	a1 1d       	adc	r26, r1
    4fb0:	20 d0       	rcall	.+64     	; 0x4ff2 <__ultoa_invert+0x84>
    4fb2:	09 f4       	brne	.+2      	; 0x4fb6 <__ultoa_invert+0x48>
    4fb4:	68 94       	set
    4fb6:	3f 91       	pop	r19
    4fb8:	2a e0       	ldi	r18, 0x0A	; 10
    4fba:	26 9f       	mul	r18, r22
    4fbc:	11 24       	eor	r1, r1
    4fbe:	30 19       	sub	r19, r0
    4fc0:	30 5d       	subi	r19, 0xD0	; 208
    4fc2:	31 93       	st	Z+, r19
    4fc4:	de f6       	brtc	.-74     	; 0x4f7c <__ultoa_invert+0xe>
    4fc6:	cf 01       	movw	r24, r30
    4fc8:	08 95       	ret
    4fca:	46 2f       	mov	r20, r22
    4fcc:	47 70       	andi	r20, 0x07	; 7
    4fce:	40 5d       	subi	r20, 0xD0	; 208
    4fd0:	41 93       	st	Z+, r20
    4fd2:	b3 e0       	ldi	r27, 0x03	; 3
    4fd4:	0f d0       	rcall	.+30     	; 0x4ff4 <__ultoa_invert+0x86>
    4fd6:	c9 f7       	brne	.-14     	; 0x4fca <__ultoa_invert+0x5c>
    4fd8:	f6 cf       	rjmp	.-20     	; 0x4fc6 <__ultoa_invert+0x58>
    4fda:	46 2f       	mov	r20, r22
    4fdc:	4f 70       	andi	r20, 0x0F	; 15
    4fde:	40 5d       	subi	r20, 0xD0	; 208
    4fe0:	4a 33       	cpi	r20, 0x3A	; 58
    4fe2:	18 f0       	brcs	.+6      	; 0x4fea <__ultoa_invert+0x7c>
    4fe4:	49 5d       	subi	r20, 0xD9	; 217
    4fe6:	31 fd       	sbrc	r19, 1
    4fe8:	40 52       	subi	r20, 0x20	; 32
    4fea:	41 93       	st	Z+, r20
    4fec:	02 d0       	rcall	.+4      	; 0x4ff2 <__ultoa_invert+0x84>
    4fee:	a9 f7       	brne	.-22     	; 0x4fda <__ultoa_invert+0x6c>
    4ff0:	ea cf       	rjmp	.-44     	; 0x4fc6 <__ultoa_invert+0x58>
    4ff2:	b4 e0       	ldi	r27, 0x04	; 4
    4ff4:	a6 95       	lsr	r26
    4ff6:	97 95       	ror	r25
    4ff8:	87 95       	ror	r24
    4ffa:	77 95       	ror	r23
    4ffc:	67 95       	ror	r22
    4ffe:	ba 95       	dec	r27
    5000:	c9 f7       	brne	.-14     	; 0x4ff4 <__ultoa_invert+0x86>
    5002:	00 97       	sbiw	r24, 0x00	; 0
    5004:	61 05       	cpc	r22, r1
    5006:	71 05       	cpc	r23, r1
    5008:	08 95       	ret
    500a:	9b 01       	movw	r18, r22
    500c:	ac 01       	movw	r20, r24
    500e:	0a 2e       	mov	r0, r26
    5010:	06 94       	lsr	r0
    5012:	57 95       	ror	r21
    5014:	47 95       	ror	r20
    5016:	37 95       	ror	r19
    5018:	27 95       	ror	r18
    501a:	ba 95       	dec	r27
    501c:	c9 f7       	brne	.-14     	; 0x5010 <__ultoa_invert+0xa2>
    501e:	62 0f       	add	r22, r18
    5020:	73 1f       	adc	r23, r19
    5022:	84 1f       	adc	r24, r20
    5024:	95 1f       	adc	r25, r21
    5026:	a0 1d       	adc	r26, r0
    5028:	08 95       	ret

0000502a <__divmodsi4>:
    502a:	05 2e       	mov	r0, r21
    502c:	97 fb       	bst	r25, 7
    502e:	1e f4       	brtc	.+6      	; 0x5036 <__divmodsi4+0xc>
    5030:	00 94       	com	r0
    5032:	0e 94 2c 28 	call	0x5058	; 0x5058 <__negsi2>
    5036:	57 fd       	sbrc	r21, 7
    5038:	07 d0       	rcall	.+14     	; 0x5048 <__divmodsi4_neg2>
    503a:	0e 94 73 28 	call	0x50e6	; 0x50e6 <__udivmodsi4>
    503e:	07 fc       	sbrc	r0, 7
    5040:	03 d0       	rcall	.+6      	; 0x5048 <__divmodsi4_neg2>
    5042:	4e f4       	brtc	.+18     	; 0x5056 <__divmodsi4_exit>
    5044:	0c 94 2c 28 	jmp	0x5058	; 0x5058 <__negsi2>

00005048 <__divmodsi4_neg2>:
    5048:	50 95       	com	r21
    504a:	40 95       	com	r20
    504c:	30 95       	com	r19
    504e:	21 95       	neg	r18
    5050:	3f 4f       	sbci	r19, 0xFF	; 255
    5052:	4f 4f       	sbci	r20, 0xFF	; 255
    5054:	5f 4f       	sbci	r21, 0xFF	; 255

00005056 <__divmodsi4_exit>:
    5056:	08 95       	ret

00005058 <__negsi2>:
    5058:	90 95       	com	r25
    505a:	80 95       	com	r24
    505c:	70 95       	com	r23
    505e:	61 95       	neg	r22
    5060:	7f 4f       	sbci	r23, 0xFF	; 255
    5062:	8f 4f       	sbci	r24, 0xFF	; 255
    5064:	9f 4f       	sbci	r25, 0xFF	; 255
    5066:	08 95       	ret

00005068 <__mulshisi3>:
    5068:	b7 ff       	sbrs	r27, 7
    506a:	0c 94 35 21 	jmp	0x426a	; 0x426a <__muluhisi3>

0000506e <__mulohisi3>:
    506e:	0e 94 35 21 	call	0x426a	; 0x426a <__muluhisi3>
    5072:	82 1b       	sub	r24, r18
    5074:	93 0b       	sbc	r25, r19
    5076:	08 95       	ret

00005078 <__prologue_saves__>:
    5078:	2f 92       	push	r2
    507a:	3f 92       	push	r3
    507c:	4f 92       	push	r4
    507e:	5f 92       	push	r5
    5080:	6f 92       	push	r6
    5082:	7f 92       	push	r7
    5084:	8f 92       	push	r8
    5086:	9f 92       	push	r9
    5088:	af 92       	push	r10
    508a:	bf 92       	push	r11
    508c:	cf 92       	push	r12
    508e:	df 92       	push	r13
    5090:	ef 92       	push	r14
    5092:	ff 92       	push	r15
    5094:	0f 93       	push	r16
    5096:	1f 93       	push	r17
    5098:	cf 93       	push	r28
    509a:	df 93       	push	r29
    509c:	cd b7       	in	r28, 0x3d	; 61
    509e:	de b7       	in	r29, 0x3e	; 62
    50a0:	ca 1b       	sub	r28, r26
    50a2:	db 0b       	sbc	r29, r27
    50a4:	0f b6       	in	r0, 0x3f	; 63
    50a6:	f8 94       	cli
    50a8:	de bf       	out	0x3e, r29	; 62
    50aa:	0f be       	out	0x3f, r0	; 63
    50ac:	cd bf       	out	0x3d, r28	; 61
    50ae:	09 94       	ijmp

000050b0 <__epilogue_restores__>:
    50b0:	2a 88       	ldd	r2, Y+18	; 0x12
    50b2:	39 88       	ldd	r3, Y+17	; 0x11
    50b4:	48 88       	ldd	r4, Y+16	; 0x10
    50b6:	5f 84       	ldd	r5, Y+15	; 0x0f
    50b8:	6e 84       	ldd	r6, Y+14	; 0x0e
    50ba:	7d 84       	ldd	r7, Y+13	; 0x0d
    50bc:	8c 84       	ldd	r8, Y+12	; 0x0c
    50be:	9b 84       	ldd	r9, Y+11	; 0x0b
    50c0:	aa 84       	ldd	r10, Y+10	; 0x0a
    50c2:	b9 84       	ldd	r11, Y+9	; 0x09
    50c4:	c8 84       	ldd	r12, Y+8	; 0x08
    50c6:	df 80       	ldd	r13, Y+7	; 0x07
    50c8:	ee 80       	ldd	r14, Y+6	; 0x06
    50ca:	fd 80       	ldd	r15, Y+5	; 0x05
    50cc:	0c 81       	ldd	r16, Y+4	; 0x04
    50ce:	1b 81       	ldd	r17, Y+3	; 0x03
    50d0:	aa 81       	ldd	r26, Y+2	; 0x02
    50d2:	b9 81       	ldd	r27, Y+1	; 0x01
    50d4:	ce 0f       	add	r28, r30
    50d6:	d1 1d       	adc	r29, r1
    50d8:	0f b6       	in	r0, 0x3f	; 63
    50da:	f8 94       	cli
    50dc:	de bf       	out	0x3e, r29	; 62
    50de:	0f be       	out	0x3f, r0	; 63
    50e0:	cd bf       	out	0x3d, r28	; 61
    50e2:	ed 01       	movw	r28, r26
    50e4:	08 95       	ret

000050e6 <__udivmodsi4>:
    50e6:	a1 e2       	ldi	r26, 0x21	; 33
    50e8:	1a 2e       	mov	r1, r26
    50ea:	aa 1b       	sub	r26, r26
    50ec:	bb 1b       	sub	r27, r27
    50ee:	fd 01       	movw	r30, r26
    50f0:	0d c0       	rjmp	.+26     	; 0x510c <__udivmodsi4_ep>

000050f2 <__udivmodsi4_loop>:
    50f2:	aa 1f       	adc	r26, r26
    50f4:	bb 1f       	adc	r27, r27
    50f6:	ee 1f       	adc	r30, r30
    50f8:	ff 1f       	adc	r31, r31
    50fa:	a2 17       	cp	r26, r18
    50fc:	b3 07       	cpc	r27, r19
    50fe:	e4 07       	cpc	r30, r20
    5100:	f5 07       	cpc	r31, r21
    5102:	20 f0       	brcs	.+8      	; 0x510c <__udivmodsi4_ep>
    5104:	a2 1b       	sub	r26, r18
    5106:	b3 0b       	sbc	r27, r19
    5108:	e4 0b       	sbc	r30, r20
    510a:	f5 0b       	sbc	r31, r21

0000510c <__udivmodsi4_ep>:
    510c:	66 1f       	adc	r22, r22
    510e:	77 1f       	adc	r23, r23
    5110:	88 1f       	adc	r24, r24
    5112:	99 1f       	adc	r25, r25
    5114:	1a 94       	dec	r1
    5116:	69 f7       	brne	.-38     	; 0x50f2 <__udivmodsi4_loop>
    5118:	60 95       	com	r22
    511a:	70 95       	com	r23
    511c:	80 95       	com	r24
    511e:	90 95       	com	r25
    5120:	9b 01       	movw	r18, r22
    5122:	ac 01       	movw	r20, r24
    5124:	bd 01       	movw	r22, r26
    5126:	cf 01       	movw	r24, r30
    5128:	08 95       	ret

0000512a <_exit>:
    512a:	f8 94       	cli

0000512c <__stop_program>:
    512c:	ff cf       	rjmp	.-2      	; 0x512c <__stop_program>
