
bin/Release/Projekt.elf:     file format elf32-avr

Sections:
Idx Name          Size      VMA       LMA       File off  Algn
  0 .text         00003cea  00000000  00000000  00000094  2**1
                  CONTENTS, ALLOC, LOAD, READONLY, CODE
  1 .data         00000226  00800060  00003cea  00003d7e  2**0
                  CONTENTS, ALLOC, LOAD, DATA
  2 .bss          0000003f  00800286  00800286  00003fa4  2**0
                  ALLOC
  3 .comment      00000011  00000000  00000000  00003fa4  2**0
                  CONTENTS, READONLY

Disassembly of section .text:

00000000 <__vectors>:
       0:	0c 94 30 00 	jmp	0x60	; 0x60 <__ctors_end>
       4:	0c 94 4d 00 	jmp	0x9a	; 0x9a <__bad_interrupt>
       8:	0c 94 4d 00 	jmp	0x9a	; 0x9a <__bad_interrupt>
       c:	0c 94 4d 00 	jmp	0x9a	; 0x9a <__bad_interrupt>
      10:	0c 94 e5 18 	jmp	0x31ca	; 0x31ca <__vector_4>
      14:	0c 94 4d 00 	jmp	0x9a	; 0x9a <__bad_interrupt>
      18:	0c 94 6c 05 	jmp	0xad8	; 0xad8 <__vector_6>
      1c:	0c 94 4d 00 	jmp	0x9a	; 0x9a <__bad_interrupt>
      20:	0c 94 4d 00 	jmp	0x9a	; 0x9a <__bad_interrupt>
      24:	0c 94 4d 00 	jmp	0x9a	; 0x9a <__bad_interrupt>
      28:	0c 94 73 00 	jmp	0xe6	; 0xe6 <__vector_10>
      2c:	0c 94 4d 00 	jmp	0x9a	; 0x9a <__bad_interrupt>
      30:	0c 94 4d 00 	jmp	0x9a	; 0x9a <__bad_interrupt>
      34:	0c 94 4d 00 	jmp	0x9a	; 0x9a <__bad_interrupt>
      38:	0c 94 4d 00 	jmp	0x9a	; 0x9a <__bad_interrupt>
      3c:	0c 94 4d 00 	jmp	0x9a	; 0x9a <__bad_interrupt>
      40:	0c 94 4d 00 	jmp	0x9a	; 0x9a <__bad_interrupt>
      44:	0c 94 4d 00 	jmp	0x9a	; 0x9a <__bad_interrupt>
      48:	0c 94 4d 00 	jmp	0x9a	; 0x9a <__bad_interrupt>
      4c:	0c 94 4d 00 	jmp	0x9a	; 0x9a <__bad_interrupt>
      50:	0c 94 4d 00 	jmp	0x9a	; 0x9a <__bad_interrupt>

00000054 <__trampolines_end>:
      54:	c0 f9       	bld	r28, 0
      56:	a4 b0       	in	r10, 0x04	; 4
      58:	99 92       	st	Y+, r9
      5a:	82 d8       	rcall	.-3836   	; 0xfffff160 <__eeprom_end+0xff7ef160>
      5c:	80 90 ff bf 	lds	r8, 0xBFFF

00000060 <__ctors_end>:
      60:	11 24       	eor	r1, r1
      62:	1f be       	out	0x3f, r1	; 63
      64:	cf e5       	ldi	r28, 0x5F	; 95
      66:	d8 e0       	ldi	r29, 0x08	; 8
      68:	de bf       	out	0x3e, r29	; 62
      6a:	cd bf       	out	0x3d, r28	; 61

0000006c <__do_copy_data>:
      6c:	12 e0       	ldi	r17, 0x02	; 2
      6e:	a0 e6       	ldi	r26, 0x60	; 96
      70:	b0 e0       	ldi	r27, 0x00	; 0
      72:	ea ee       	ldi	r30, 0xEA	; 234
      74:	fc e3       	ldi	r31, 0x3C	; 60
      76:	02 c0       	rjmp	.+4      	; 0x7c <__do_copy_data+0x10>
      78:	05 90       	lpm	r0, Z+
      7a:	0d 92       	st	X+, r0
      7c:	a6 38       	cpi	r26, 0x86	; 134
      7e:	b1 07       	cpc	r27, r17
      80:	d9 f7       	brne	.-10     	; 0x78 <__do_copy_data+0xc>

00000082 <__do_clear_bss>:
      82:	22 e0       	ldi	r18, 0x02	; 2
      84:	a6 e8       	ldi	r26, 0x86	; 134
      86:	b2 e0       	ldi	r27, 0x02	; 2
      88:	01 c0       	rjmp	.+2      	; 0x8c <.do_clear_bss_start>

0000008a <.do_clear_bss_loop>:
      8a:	1d 92       	st	X+, r1

0000008c <.do_clear_bss_start>:
      8c:	a5 3c       	cpi	r26, 0xC5	; 197
      8e:	b2 07       	cpc	r27, r18
      90:	e1 f7       	brne	.-8      	; 0x8a <.do_clear_bss_loop>
      92:	0e 94 cf 19 	call	0x339e	; 0x339e <main>
      96:	0c 94 73 1e 	jmp	0x3ce6	; 0x3ce6 <_exit>

0000009a <__bad_interrupt>:
      9a:	0c 94 00 00 	jmp	0	; 0x0 <__vectors>

0000009e <d_led_init>:
      9e:	8d 9a       	sbi	0x11, 5	; 17
      a0:	95 9a       	sbi	0x12, 5	; 18
      a2:	8c 9a       	sbi	0x11, 4	; 17
      a4:	94 9a       	sbi	0x12, 4	; 18
      a6:	a2 9a       	sbi	0x14, 2	; 20
      a8:	aa 9a       	sbi	0x15, 2	; 21
      aa:	a3 9a       	sbi	0x14, 3	; 20
      ac:	ab 9a       	sbi	0x15, 3	; 21
      ae:	a4 9a       	sbi	0x14, 4	; 20
      b0:	ac 9a       	sbi	0x15, 4	; 21
      b2:	a5 9a       	sbi	0x14, 5	; 20
      b4:	ad 9a       	sbi	0x15, 5	; 21
      b6:	a6 9a       	sbi	0x14, 6	; 20
      b8:	ae 9a       	sbi	0x15, 6	; 21
      ba:	a7 9a       	sbi	0x14, 7	; 20
      bc:	af 9a       	sbi	0x15, 7	; 21
      be:	b8 9a       	sbi	0x17, 0	; 23
      c0:	c0 9a       	sbi	0x18, 0	; 24
      c2:	b9 9a       	sbi	0x17, 1	; 23
      c4:	c1 9a       	sbi	0x18, 1	; 24
      c6:	ba 9a       	sbi	0x17, 2	; 23
      c8:	c2 9a       	sbi	0x18, 2	; 24
      ca:	bb 9a       	sbi	0x17, 3	; 23
      cc:	c3 9a       	sbi	0x18, 3	; 24
      ce:	83 b7       	in	r24, 0x33	; 51
      d0:	88 60       	ori	r24, 0x08	; 8
      d2:	83 bf       	out	0x33, r24	; 51
      d4:	83 b7       	in	r24, 0x33	; 51
      d6:	85 60       	ori	r24, 0x05	; 5
      d8:	83 bf       	out	0x33, r24	; 51
      da:	8e e4       	ldi	r24, 0x4E	; 78
      dc:	8c bf       	out	0x3c, r24	; 60
      de:	89 b7       	in	r24, 0x39	; 57
      e0:	82 60       	ori	r24, 0x02	; 2
      e2:	89 bf       	out	0x39, r24	; 57
      e4:	08 95       	ret

000000e6 <__vector_10>:
      e6:	1f 92       	push	r1
      e8:	0f 92       	push	r0
      ea:	0f b6       	in	r0, 0x3f	; 63
      ec:	0f 92       	push	r0
      ee:	11 24       	eor	r1, r1
      f0:	8f 93       	push	r24
      f2:	ef 93       	push	r30
      f4:	ff 93       	push	r31
      f6:	c0 9a       	sbi	0x18, 0	; 24
      f8:	c1 9a       	sbi	0x18, 1	; 24
      fa:	c2 9a       	sbi	0x18, 2	; 24
      fc:	c3 9a       	sbi	0x18, 3	; 24
      fe:	80 91 60 00 	lds	r24, 0x0060
     102:	81 30       	cpi	r24, 0x01	; 1
     104:	19 f4       	brne	.+6      	; 0x10c <__vector_10+0x26>
     106:	e0 91 94 02 	lds	r30, 0x0294
     10a:	10 c0       	rjmp	.+32     	; 0x12c <__vector_10+0x46>
     10c:	82 30       	cpi	r24, 0x02	; 2
     10e:	19 f4       	brne	.+6      	; 0x116 <__vector_10+0x30>
     110:	e0 91 95 02 	lds	r30, 0x0295
     114:	0b c0       	rjmp	.+22     	; 0x12c <__vector_10+0x46>
     116:	84 30       	cpi	r24, 0x04	; 4
     118:	19 f4       	brne	.+6      	; 0x120 <__vector_10+0x3a>
     11a:	e0 91 96 02 	lds	r30, 0x0296
     11e:	06 c0       	rjmp	.+12     	; 0x12c <__vector_10+0x46>
     120:	88 30       	cpi	r24, 0x08	; 8
     122:	19 f4       	brne	.+6      	; 0x12a <__vector_10+0x44>
     124:	e0 91 93 02 	lds	r30, 0x0293
     128:	01 c0       	rjmp	.+2      	; 0x12c <__vector_10+0x46>
     12a:	e0 e0       	ldi	r30, 0x00	; 0
     12c:	f0 e0       	ldi	r31, 0x00	; 0
     12e:	ec 5a       	subi	r30, 0xAC	; 172
     130:	ff 4f       	sbci	r31, 0xFF	; 255
     132:	e4 91       	lpm	r30, Z
     134:	e0 ff       	sbrs	r30, 0
     136:	02 c0       	rjmp	.+4      	; 0x13c <__vector_10+0x56>
     138:	95 9a       	sbi	0x12, 5	; 18
     13a:	01 c0       	rjmp	.+2      	; 0x13e <__vector_10+0x58>
     13c:	95 98       	cbi	0x12, 5	; 18
     13e:	e1 ff       	sbrs	r30, 1
     140:	02 c0       	rjmp	.+4      	; 0x146 <__vector_10+0x60>
     142:	94 9a       	sbi	0x12, 4	; 18
     144:	01 c0       	rjmp	.+2      	; 0x148 <__vector_10+0x62>
     146:	94 98       	cbi	0x12, 4	; 18
     148:	e2 ff       	sbrs	r30, 2
     14a:	02 c0       	rjmp	.+4      	; 0x150 <__vector_10+0x6a>
     14c:	aa 9a       	sbi	0x15, 2	; 21
     14e:	01 c0       	rjmp	.+2      	; 0x152 <__vector_10+0x6c>
     150:	aa 98       	cbi	0x15, 2	; 21
     152:	e3 ff       	sbrs	r30, 3
     154:	02 c0       	rjmp	.+4      	; 0x15a <__vector_10+0x74>
     156:	ab 9a       	sbi	0x15, 3	; 21
     158:	01 c0       	rjmp	.+2      	; 0x15c <__vector_10+0x76>
     15a:	ab 98       	cbi	0x15, 3	; 21
     15c:	e4 ff       	sbrs	r30, 4
     15e:	02 c0       	rjmp	.+4      	; 0x164 <__vector_10+0x7e>
     160:	ac 9a       	sbi	0x15, 4	; 21
     162:	01 c0       	rjmp	.+2      	; 0x166 <__vector_10+0x80>
     164:	ac 98       	cbi	0x15, 4	; 21
     166:	e5 ff       	sbrs	r30, 5
     168:	02 c0       	rjmp	.+4      	; 0x16e <__vector_10+0x88>
     16a:	ad 9a       	sbi	0x15, 5	; 21
     16c:	01 c0       	rjmp	.+2      	; 0x170 <__vector_10+0x8a>
     16e:	ad 98       	cbi	0x15, 5	; 21
     170:	e6 ff       	sbrs	r30, 6
     172:	02 c0       	rjmp	.+4      	; 0x178 <__vector_10+0x92>
     174:	ae 9a       	sbi	0x15, 6	; 21
     176:	01 c0       	rjmp	.+2      	; 0x17a <__vector_10+0x94>
     178:	ae 98       	cbi	0x15, 6	; 21
     17a:	e7 ff       	sbrs	r30, 7
     17c:	02 c0       	rjmp	.+4      	; 0x182 <__vector_10+0x9c>
     17e:	af 9a       	sbi	0x15, 7	; 21
     180:	01 c0       	rjmp	.+2      	; 0x184 <__vector_10+0x9e>
     182:	af 98       	cbi	0x15, 7	; 21
     184:	80 91 60 00 	lds	r24, 0x0060
     188:	81 30       	cpi	r24, 0x01	; 1
     18a:	11 f4       	brne	.+4      	; 0x190 <__vector_10+0xaa>
     18c:	c0 98       	cbi	0x18, 0	; 24
     18e:	0b c0       	rjmp	.+22     	; 0x1a6 <__vector_10+0xc0>
     190:	82 30       	cpi	r24, 0x02	; 2
     192:	11 f4       	brne	.+4      	; 0x198 <__vector_10+0xb2>
     194:	c1 98       	cbi	0x18, 1	; 24
     196:	07 c0       	rjmp	.+14     	; 0x1a6 <__vector_10+0xc0>
     198:	84 30       	cpi	r24, 0x04	; 4
     19a:	11 f4       	brne	.+4      	; 0x1a0 <__vector_10+0xba>
     19c:	c2 98       	cbi	0x18, 2	; 24
     19e:	03 c0       	rjmp	.+6      	; 0x1a6 <__vector_10+0xc0>
     1a0:	88 30       	cpi	r24, 0x08	; 8
     1a2:	09 f4       	brne	.+2      	; 0x1a6 <__vector_10+0xc0>
     1a4:	c3 98       	cbi	0x18, 3	; 24
     1a6:	80 91 60 00 	lds	r24, 0x0060
     1aa:	88 0f       	add	r24, r24
     1ac:	89 30       	cpi	r24, 0x09	; 9
     1ae:	08 f0       	brcs	.+2      	; 0x1b2 <__vector_10+0xcc>
     1b0:	81 e0       	ldi	r24, 0x01	; 1
     1b2:	80 93 60 00 	sts	0x0060, r24
     1b6:	ff 91       	pop	r31
     1b8:	ef 91       	pop	r30
     1ba:	8f 91       	pop	r24
     1bc:	0f 90       	pop	r0
     1be:	0f be       	out	0x3f, r0	; 63
     1c0:	0f 90       	pop	r0
     1c2:	1f 90       	pop	r1
     1c4:	18 95       	reti

000001c6 <d_led_Int>:
     1c6:	8f 92       	push	r8
     1c8:	9f 92       	push	r9
     1ca:	af 92       	push	r10
     1cc:	bf 92       	push	r11
     1ce:	cf 92       	push	r12
     1d0:	df 92       	push	r13
     1d2:	ef 92       	push	r14
     1d4:	ff 92       	push	r15
     1d6:	0f 93       	push	r16
     1d8:	1f 93       	push	r17
     1da:	cf 93       	push	r28
     1dc:	df 93       	push	r29
     1de:	8c 01       	movw	r16, r24
     1e0:	89 51       	subi	r24, 0x19	; 25
     1e2:	9c 4f       	sbci	r25, 0xFC	; 252
     1e4:	87 3f       	cpi	r24, 0xF7	; 247
     1e6:	9a 42       	sbci	r25, 0x2A	; 42
     1e8:	50 f0       	brcs	.+20     	; 0x1fe <d_led_Int+0x38>
     1ea:	8b e0       	ldi	r24, 0x0B	; 11
     1ec:	80 93 94 02 	sts	0x0294, r24
     1f0:	80 93 95 02 	sts	0x0295, r24
     1f4:	80 93 96 02 	sts	0x0296, r24
     1f8:	80 93 93 02 	sts	0x0293, r24
     1fc:	a1 c0       	rjmp	.+322    	; 0x340 <d_led_Int+0x17a>
     1fe:	58 01       	movw	r10, r16
     200:	17 ff       	sbrs	r17, 7
     202:	04 c0       	rjmp	.+8      	; 0x20c <d_led_Int+0x46>
     204:	aa 24       	eor	r10, r10
     206:	bb 24       	eor	r11, r11
     208:	a0 1a       	sub	r10, r16
     20a:	b1 0a       	sbc	r11, r17
     20c:	8a e0       	ldi	r24, 0x0A	; 10
     20e:	90 e0       	ldi	r25, 0x00	; 0
     210:	21 e0       	ldi	r18, 0x01	; 1
     212:	30 e0       	ldi	r19, 0x00	; 0
     214:	4a e0       	ldi	r20, 0x0A	; 10
     216:	a8 16       	cp	r10, r24
     218:	b9 06       	cpc	r11, r25
     21a:	4c f0       	brlt	.+18     	; 0x22e <d_led_Int+0x68>
     21c:	2f 5f       	subi	r18, 0xFF	; 255
     21e:	3f 4f       	sbci	r19, 0xFF	; 255
     220:	bc 01       	movw	r22, r24
     222:	46 9f       	mul	r20, r22
     224:	c0 01       	movw	r24, r0
     226:	47 9f       	mul	r20, r23
     228:	90 0d       	add	r25, r0
     22a:	11 24       	eor	r1, r1
     22c:	f4 cf       	rjmp	.-24     	; 0x216 <d_led_Int+0x50>
     22e:	69 01       	movw	r12, r18
     230:	e0 e0       	ldi	r30, 0x00	; 0
     232:	f0 e0       	ldi	r31, 0x00	; 0
     234:	8a e0       	ldi	r24, 0x0A	; 10
     236:	e8 2e       	mov	r14, r24
     238:	f1 2c       	mov	r15, r1
     23a:	9a e0       	ldi	r25, 0x0A	; 10
     23c:	89 2e       	mov	r8, r25
     23e:	91 2c       	mov	r9, r1
     240:	4a e0       	ldi	r20, 0x0A	; 10
     242:	c5 01       	movw	r24, r10
     244:	b7 01       	movw	r22, r14
     246:	0e 94 20 1a 	call	0x3440	; 0x3440 <__divmodhi4>
     24a:	ec 01       	movw	r28, r24
     24c:	e1 30       	cpi	r30, 0x01	; 1
     24e:	f1 05       	cpc	r31, r1
     250:	29 f4       	brne	.+10     	; 0x25c <d_led_Int+0x96>
     252:	80 91 93 02 	lds	r24, 0x0293
     256:	c8 1b       	sub	r28, r24
     258:	d1 09       	sbc	r29, r1
     25a:	19 c0       	rjmp	.+50     	; 0x28e <d_led_Int+0xc8>
     25c:	e2 30       	cpi	r30, 0x02	; 2
     25e:	f1 05       	cpc	r31, r1
     260:	31 f4       	brne	.+12     	; 0x26e <d_led_Int+0xa8>
     262:	50 91 96 02 	lds	r21, 0x0296
     266:	80 91 93 02 	lds	r24, 0x0293
     26a:	90 e0       	ldi	r25, 0x00	; 0
     26c:	0c c0       	rjmp	.+24     	; 0x286 <d_led_Int+0xc0>
     26e:	e3 30       	cpi	r30, 0x03	; 3
     270:	f1 05       	cpc	r31, r1
     272:	69 f4       	brne	.+26     	; 0x28e <d_led_Int+0xc8>
     274:	60 91 95 02 	lds	r22, 0x0295
     278:	80 91 96 02 	lds	r24, 0x0296
     27c:	50 91 93 02 	lds	r21, 0x0293
     280:	90 e0       	ldi	r25, 0x00	; 0
     282:	86 0f       	add	r24, r22
     284:	91 1d       	adc	r25, r1
     286:	85 0f       	add	r24, r21
     288:	91 1d       	adc	r25, r1
     28a:	c8 1b       	sub	r28, r24
     28c:	d9 0b       	sbc	r29, r25
     28e:	c7 01       	movw	r24, r14
     290:	b4 01       	movw	r22, r8
     292:	0e 94 20 1a 	call	0x3440	; 0x3440 <__divmodhi4>
     296:	ce 01       	movw	r24, r28
     298:	0e 94 20 1a 	call	0x3440	; 0x3440 <__divmodhi4>
     29c:	30 97       	sbiw	r30, 0x00	; 0
     29e:	19 f4       	brne	.+6      	; 0x2a6 <d_led_Int+0xe0>
     2a0:	60 93 93 02 	sts	0x0293, r22
     2a4:	11 c0       	rjmp	.+34     	; 0x2c8 <d_led_Int+0x102>
     2a6:	e1 30       	cpi	r30, 0x01	; 1
     2a8:	f1 05       	cpc	r31, r1
     2aa:	19 f4       	brne	.+6      	; 0x2b2 <d_led_Int+0xec>
     2ac:	60 93 96 02 	sts	0x0296, r22
     2b0:	0b c0       	rjmp	.+22     	; 0x2c8 <d_led_Int+0x102>
     2b2:	e2 30       	cpi	r30, 0x02	; 2
     2b4:	f1 05       	cpc	r31, r1
     2b6:	19 f4       	brne	.+6      	; 0x2be <d_led_Int+0xf8>
     2b8:	60 93 95 02 	sts	0x0295, r22
     2bc:	05 c0       	rjmp	.+10     	; 0x2c8 <d_led_Int+0x102>
     2be:	e3 30       	cpi	r30, 0x03	; 3
     2c0:	f1 05       	cpc	r31, r1
     2c2:	11 f4       	brne	.+4      	; 0x2c8 <d_led_Int+0x102>
     2c4:	60 93 94 02 	sts	0x0294, r22
     2c8:	c7 01       	movw	r24, r14
     2ca:	48 9f       	mul	r20, r24
     2cc:	70 01       	movw	r14, r0
     2ce:	49 9f       	mul	r20, r25
     2d0:	f0 0c       	add	r15, r0
     2d2:	11 24       	eor	r1, r1
     2d4:	31 96       	adiw	r30, 0x01	; 1
     2d6:	e2 17       	cp	r30, r18
     2d8:	f3 07       	cpc	r31, r19
     2da:	0c f4       	brge	.+2      	; 0x2de <d_led_Int+0x118>
     2dc:	b2 cf       	rjmp	.-156    	; 0x242 <d_led_Int+0x7c>
     2de:	8a e0       	ldi	r24, 0x0A	; 10
     2e0:	25 30       	cpi	r18, 0x05	; 5
     2e2:	31 05       	cpc	r19, r1
     2e4:	a4 f4       	brge	.+40     	; 0x30e <d_led_Int+0x148>
     2e6:	21 30       	cpi	r18, 0x01	; 1
     2e8:	31 05       	cpc	r19, r1
     2ea:	19 f4       	brne	.+6      	; 0x2f2 <d_led_Int+0x12c>
     2ec:	80 93 96 02 	sts	0x0296, r24
     2f0:	0b c0       	rjmp	.+22     	; 0x308 <d_led_Int+0x142>
     2f2:	22 30       	cpi	r18, 0x02	; 2
     2f4:	31 05       	cpc	r19, r1
     2f6:	19 f4       	brne	.+6      	; 0x2fe <d_led_Int+0x138>
     2f8:	80 93 95 02 	sts	0x0295, r24
     2fc:	05 c0       	rjmp	.+10     	; 0x308 <d_led_Int+0x142>
     2fe:	23 30       	cpi	r18, 0x03	; 3
     300:	31 05       	cpc	r19, r1
     302:	11 f4       	brne	.+4      	; 0x308 <d_led_Int+0x142>
     304:	80 93 94 02 	sts	0x0294, r24
     308:	2f 5f       	subi	r18, 0xFF	; 255
     30a:	3f 4f       	sbci	r19, 0xFF	; 255
     30c:	e9 cf       	rjmp	.-46     	; 0x2e0 <d_led_Int+0x11a>
     30e:	17 ff       	sbrs	r17, 7
     310:	17 c0       	rjmp	.+46     	; 0x340 <d_led_Int+0x17a>
     312:	91 e0       	ldi	r25, 0x01	; 1
     314:	c9 16       	cp	r12, r25
     316:	d1 04       	cpc	r13, r1
     318:	21 f4       	brne	.+8      	; 0x322 <d_led_Int+0x15c>
     31a:	8b e0       	ldi	r24, 0x0B	; 11
     31c:	80 93 96 02 	sts	0x0296, r24
     320:	0f c0       	rjmp	.+30     	; 0x340 <d_led_Int+0x17a>
     322:	22 e0       	ldi	r18, 0x02	; 2
     324:	c2 16       	cp	r12, r18
     326:	d1 04       	cpc	r13, r1
     328:	21 f4       	brne	.+8      	; 0x332 <d_led_Int+0x16c>
     32a:	8b e0       	ldi	r24, 0x0B	; 11
     32c:	80 93 95 02 	sts	0x0295, r24
     330:	07 c0       	rjmp	.+14     	; 0x340 <d_led_Int+0x17a>
     332:	63 e0       	ldi	r22, 0x03	; 3
     334:	c6 16       	cp	r12, r22
     336:	d1 04       	cpc	r13, r1
     338:	19 f4       	brne	.+6      	; 0x340 <d_led_Int+0x17a>
     33a:	8b e0       	ldi	r24, 0x0B	; 11
     33c:	80 93 94 02 	sts	0x0294, r24
     340:	df 91       	pop	r29
     342:	cf 91       	pop	r28
     344:	1f 91       	pop	r17
     346:	0f 91       	pop	r16
     348:	ff 90       	pop	r15
     34a:	ef 90       	pop	r14
     34c:	df 90       	pop	r13
     34e:	cf 90       	pop	r12
     350:	bf 90       	pop	r11
     352:	af 90       	pop	r10
     354:	9f 90       	pop	r9
     356:	8f 90       	pop	r8
     358:	08 95       	ret

0000035a <delay_ms_var>:
     35a:	00 97       	sbiw	r24, 0x00	; 0
     35c:	41 f0       	breq	.+16     	; 0x36e <delay_ms_var+0x14>
     35e:	ef e9       	ldi	r30, 0x9F	; 159
     360:	ff e0       	ldi	r31, 0x0F	; 15
     362:	31 97       	sbiw	r30, 0x01	; 1
     364:	f1 f7       	brne	.-4      	; 0x362 <delay_ms_var+0x8>
     366:	00 c0       	rjmp	.+0      	; 0x368 <delay_ms_var+0xe>
     368:	00 00       	nop
     36a:	01 97       	sbiw	r24, 0x01	; 1
     36c:	f6 cf       	rjmp	.-20     	; 0x35a <delay_ms_var>
     36e:	08 95       	ret

00000370 <delay_us_var>:
     370:	00 97       	sbiw	r24, 0x00	; 0
     372:	31 f0       	breq	.+12     	; 0x380 <delay_us_var+0x10>
     374:	25 e0       	ldi	r18, 0x05	; 5
     376:	2a 95       	dec	r18
     378:	f1 f7       	brne	.-4      	; 0x376 <delay_us_var+0x6>
     37a:	00 00       	nop
     37c:	01 97       	sbiw	r24, 0x01	; 1
     37e:	f8 cf       	rjmp	.-16     	; 0x370 <delay_us_var>
     380:	08 95       	ret

00000382 <delay_ms_var_double>:
     382:	8f 92       	push	r8
     384:	9f 92       	push	r9
     386:	af 92       	push	r10
     388:	bf 92       	push	r11
     38a:	cf 92       	push	r12
     38c:	df 92       	push	r13
     38e:	ef 92       	push	r14
     390:	ff 92       	push	r15
     392:	4b 01       	movw	r8, r22
     394:	5c 01       	movw	r10, r24
     396:	20 e0       	ldi	r18, 0x00	; 0
     398:	30 e0       	ldi	r19, 0x00	; 0
     39a:	4a e7       	ldi	r20, 0x7A	; 122
     39c:	55 e4       	ldi	r21, 0x45	; 69
     39e:	0e 94 02 1c 	call	0x3804	; 0x3804 <__mulsf3>
     3a2:	6b 01       	movw	r12, r22
     3a4:	7c 01       	movw	r14, r24
     3a6:	20 e0       	ldi	r18, 0x00	; 0
     3a8:	30 e0       	ldi	r19, 0x00	; 0
     3aa:	40 e8       	ldi	r20, 0x80	; 128
     3ac:	5f e3       	ldi	r21, 0x3F	; 63
     3ae:	0e 94 af 1a 	call	0x355e	; 0x355e <__cmpsf2>
     3b2:	87 fd       	sbrc	r24, 7
     3b4:	24 c0       	rjmp	.+72     	; 0x3fe <delay_ms_var_double+0x7c>
     3b6:	20 e0       	ldi	r18, 0x00	; 0
     3b8:	3f ef       	ldi	r19, 0xFF	; 255
     3ba:	4f e7       	ldi	r20, 0x7F	; 127
     3bc:	57 e4       	ldi	r21, 0x47	; 71
     3be:	c7 01       	movw	r24, r14
     3c0:	b6 01       	movw	r22, r12
     3c2:	0e 94 fe 1b 	call	0x37fc	; 0x37fc <__gesf2>
     3c6:	18 16       	cp	r1, r24
     3c8:	ac f4       	brge	.+42     	; 0x3f4 <delay_ms_var_double+0x72>
     3ca:	20 e0       	ldi	r18, 0x00	; 0
     3cc:	30 e0       	ldi	r19, 0x00	; 0
     3ce:	40 e2       	ldi	r20, 0x20	; 32
     3d0:	51 e4       	ldi	r21, 0x41	; 65
     3d2:	c5 01       	movw	r24, r10
     3d4:	b4 01       	movw	r22, r8
     3d6:	0e 94 02 1c 	call	0x3804	; 0x3804 <__mulsf3>
     3da:	0e 94 20 1b 	call	0x3640	; 0x3640 <__fixunssfsi>
     3de:	20 e9       	ldi	r18, 0x90	; 144
     3e0:	31 e0       	ldi	r19, 0x01	; 1
     3e2:	61 15       	cp	r22, r1
     3e4:	71 05       	cpc	r23, r1
     3e6:	81 f0       	breq	.+32     	; 0x408 <delay_ms_var_double+0x86>
     3e8:	c9 01       	movw	r24, r18
     3ea:	01 97       	sbiw	r24, 0x01	; 1
     3ec:	f1 f7       	brne	.-4      	; 0x3ea <delay_ms_var_double+0x68>
     3ee:	61 50       	subi	r22, 0x01	; 1
     3f0:	71 09       	sbc	r23, r1
     3f2:	f7 cf       	rjmp	.-18     	; 0x3e2 <delay_ms_var_double+0x60>
     3f4:	c7 01       	movw	r24, r14
     3f6:	b6 01       	movw	r22, r12
     3f8:	0e 94 20 1b 	call	0x3640	; 0x3640 <__fixunssfsi>
     3fc:	02 c0       	rjmp	.+4      	; 0x402 <delay_ms_var_double+0x80>
     3fe:	61 e0       	ldi	r22, 0x01	; 1
     400:	70 e0       	ldi	r23, 0x00	; 0
     402:	cb 01       	movw	r24, r22
     404:	01 97       	sbiw	r24, 0x01	; 1
     406:	f1 f7       	brne	.-4      	; 0x404 <delay_ms_var_double+0x82>
     408:	ff 90       	pop	r15
     40a:	ef 90       	pop	r14
     40c:	df 90       	pop	r13
     40e:	cf 90       	pop	r12
     410:	bf 90       	pop	r11
     412:	af 90       	pop	r10
     414:	9f 90       	pop	r9
     416:	8f 90       	pop	r8
     418:	08 95       	ret

0000041a <delay_us_var_double>:
     41a:	8f 92       	push	r8
     41c:	9f 92       	push	r9
     41e:	af 92       	push	r10
     420:	bf 92       	push	r11
     422:	cf 92       	push	r12
     424:	df 92       	push	r13
     426:	ef 92       	push	r14
     428:	ff 92       	push	r15
     42a:	4b 01       	movw	r8, r22
     42c:	5c 01       	movw	r10, r24
     42e:	2b ea       	ldi	r18, 0xAB	; 171
     430:	3a ea       	ldi	r19, 0xAA	; 170
     432:	4a ea       	ldi	r20, 0xAA	; 170
     434:	50 e4       	ldi	r21, 0x40	; 64
     436:	0e 94 02 1c 	call	0x3804	; 0x3804 <__mulsf3>
     43a:	6b 01       	movw	r12, r22
     43c:	7c 01       	movw	r14, r24
     43e:	20 e0       	ldi	r18, 0x00	; 0
     440:	30 e0       	ldi	r19, 0x00	; 0
     442:	40 e8       	ldi	r20, 0x80	; 128
     444:	5f e3       	ldi	r21, 0x3F	; 63
     446:	0e 94 af 1a 	call	0x355e	; 0x355e <__cmpsf2>
     44a:	87 fd       	sbrc	r24, 7
     44c:	21 c0       	rjmp	.+66     	; 0x490 <delay_us_var_double+0x76>
     44e:	20 e0       	ldi	r18, 0x00	; 0
     450:	30 e0       	ldi	r19, 0x00	; 0
     452:	4f e7       	ldi	r20, 0x7F	; 127
     454:	53 e4       	ldi	r21, 0x43	; 67
     456:	c7 01       	movw	r24, r14
     458:	b6 01       	movw	r22, r12
     45a:	0e 94 fe 1b 	call	0x37fc	; 0x37fc <__gesf2>
     45e:	18 16       	cp	r1, r24
     460:	94 f4       	brge	.+36     	; 0x486 <delay_us_var_double+0x6c>
     462:	20 e0       	ldi	r18, 0x00	; 0
     464:	30 e0       	ldi	r19, 0x00	; 0
     466:	4a e7       	ldi	r20, 0x7A	; 122
     468:	54 e4       	ldi	r21, 0x44	; 68
     46a:	c5 01       	movw	r24, r10
     46c:	b4 01       	movw	r22, r8
     46e:	0e 94 b3 1a 	call	0x3566	; 0x3566 <__divsf3>
     472:	ff 90       	pop	r15
     474:	ef 90       	pop	r14
     476:	df 90       	pop	r13
     478:	cf 90       	pop	r12
     47a:	bf 90       	pop	r11
     47c:	af 90       	pop	r10
     47e:	9f 90       	pop	r9
     480:	8f 90       	pop	r8
     482:	0c 94 c1 01 	jmp	0x382	; 0x382 <delay_ms_var_double>
     486:	c7 01       	movw	r24, r14
     488:	b6 01       	movw	r22, r12
     48a:	0e 94 20 1b 	call	0x3640	; 0x3640 <__fixunssfsi>
     48e:	01 c0       	rjmp	.+2      	; 0x492 <delay_us_var_double+0x78>
     490:	61 e0       	ldi	r22, 0x01	; 1
     492:	6a 95       	dec	r22
     494:	f1 f7       	brne	.-4      	; 0x492 <delay_us_var_double+0x78>
     496:	ff 90       	pop	r15
     498:	ef 90       	pop	r14
     49a:	df 90       	pop	r13
     49c:	cf 90       	pop	r12
     49e:	bf 90       	pop	r11
     4a0:	af 90       	pop	r10
     4a2:	9f 90       	pop	r9
     4a4:	8f 90       	pop	r8
     4a6:	08 95       	ret

000004a8 <EEPROM_read>:
     4a8:	1f 93       	push	r17
     4aa:	cf 93       	push	r28
     4ac:	df 93       	push	r29
     4ae:	1f 92       	push	r1
     4b0:	cd b7       	in	r28, 0x3d	; 61
     4b2:	de b7       	in	r29, 0x3e	; 62
     4b4:	18 2f       	mov	r17, r24
     4b6:	0e 94 37 05 	call	0xa6e	; 0xa6e <i2cStart>
     4ba:	8c ea       	ldi	r24, 0xAC	; 172
     4bc:	0e 94 43 05 	call	0xa86	; 0xa86 <i2cWrite>
     4c0:	81 2f       	mov	r24, r17
     4c2:	0e 94 43 05 	call	0xa86	; 0xa86 <i2cWrite>
     4c6:	0e 94 37 05 	call	0xa6e	; 0xa6e <i2cStart>
     4ca:	8d ea       	ldi	r24, 0xAD	; 173
     4cc:	0e 94 43 05 	call	0xa86	; 0xa86 <i2cWrite>
     4d0:	80 e0       	ldi	r24, 0x00	; 0
     4d2:	0e 94 4a 05 	call	0xa94	; 0xa94 <i2cRead>
     4d6:	89 83       	std	Y+1, r24	; 0x01
     4d8:	0e 94 3d 05 	call	0xa7a	; 0xa7a <i2cStop>
     4dc:	89 81       	ldd	r24, Y+1	; 0x01
     4de:	0f 90       	pop	r0
     4e0:	df 91       	pop	r29
     4e2:	cf 91       	pop	r28
     4e4:	1f 91       	pop	r17
     4e6:	08 95       	ret

000004e8 <EEPROM_write>:
     4e8:	1f 93       	push	r17
     4ea:	cf 93       	push	r28
     4ec:	df 93       	push	r29
     4ee:	1f 92       	push	r1
     4f0:	cd b7       	in	r28, 0x3d	; 61
     4f2:	de b7       	in	r29, 0x3e	; 62
     4f4:	18 2f       	mov	r17, r24
     4f6:	69 83       	std	Y+1, r22	; 0x01
     4f8:	0e 94 37 05 	call	0xa6e	; 0xa6e <i2cStart>
     4fc:	8c ea       	ldi	r24, 0xAC	; 172
     4fe:	0e 94 43 05 	call	0xa86	; 0xa86 <i2cWrite>
     502:	81 2f       	mov	r24, r17
     504:	0e 94 43 05 	call	0xa86	; 0xa86 <i2cWrite>
     508:	69 81       	ldd	r22, Y+1	; 0x01
     50a:	86 2f       	mov	r24, r22
     50c:	0e 94 43 05 	call	0xa86	; 0xa86 <i2cWrite>
     510:	0e 94 3d 05 	call	0xa7a	; 0xa7a <i2cStop>
     514:	85 e0       	ldi	r24, 0x05	; 5
     516:	90 e0       	ldi	r25, 0x00	; 0
     518:	0f 90       	pop	r0
     51a:	df 91       	pop	r29
     51c:	cf 91       	pop	r28
     51e:	1f 91       	pop	r17
     520:	0c 94 ad 01 	jmp	0x35a	; 0x35a <delay_ms_var>

00000524 <EEPROM_write_word>:
     524:	1f 93       	push	r17
     526:	cf 93       	push	r28
     528:	df 93       	push	r29
     52a:	1f 92       	push	r1
     52c:	cd b7       	in	r28, 0x3d	; 61
     52e:	de b7       	in	r29, 0x3e	; 62
     530:	18 2f       	mov	r17, r24
     532:	79 83       	std	Y+1, r23	; 0x01
     534:	0e 94 74 02 	call	0x4e8	; 0x4e8 <EEPROM_write>
     538:	79 81       	ldd	r23, Y+1	; 0x01
     53a:	67 2f       	mov	r22, r23
     53c:	81 e0       	ldi	r24, 0x01	; 1
     53e:	81 0f       	add	r24, r17
     540:	0f 90       	pop	r0
     542:	df 91       	pop	r29
     544:	cf 91       	pop	r28
     546:	1f 91       	pop	r17
     548:	0c 94 74 02 	jmp	0x4e8	; 0x4e8 <EEPROM_write>

0000054c <EEPROM_read_word>:
     54c:	1f 93       	push	r17
     54e:	cf 93       	push	r28
     550:	df 93       	push	r29
     552:	18 2f       	mov	r17, r24
     554:	0e 94 54 02 	call	0x4a8	; 0x4a8 <EEPROM_read>
     558:	c8 2f       	mov	r28, r24
     55a:	d0 e0       	ldi	r29, 0x00	; 0
     55c:	81 e0       	ldi	r24, 0x01	; 1
     55e:	81 0f       	add	r24, r17
     560:	0e 94 54 02 	call	0x4a8	; 0x4a8 <EEPROM_read>
     564:	9e 01       	movw	r18, r28
     566:	38 2b       	or	r19, r24
     568:	c9 01       	movw	r24, r18
     56a:	df 91       	pop	r29
     56c:	cf 91       	pop	r28
     56e:	1f 91       	pop	r17
     570:	08 95       	ret

00000572 <EEPROM_clear_all_memory>:
     572:	cf 93       	push	r28
     574:	c0 e0       	ldi	r28, 0x00	; 0
     576:	60 e0       	ldi	r22, 0x00	; 0
     578:	8c 2f       	mov	r24, r28
     57a:	0e 94 74 02 	call	0x4e8	; 0x4e8 <EEPROM_write>
     57e:	cf 5f       	subi	r28, 0xFF	; 255
     580:	cf 3f       	cpi	r28, 0xFF	; 255
     582:	c9 f7       	brne	.-14     	; 0x576 <EEPROM_clear_all_memory+0x4>
     584:	cf 91       	pop	r28
     586:	08 95       	ret

00000588 <_LCD_OutNibble>:
     588:	80 ff       	sbrs	r24, 0
     58a:	02 c0       	rjmp	.+4      	; 0x590 <_LCD_OutNibble+0x8>
     58c:	dc 9a       	sbi	0x1b, 4	; 27
     58e:	01 c0       	rjmp	.+2      	; 0x592 <_LCD_OutNibble+0xa>
     590:	dc 98       	cbi	0x1b, 4	; 27
     592:	81 ff       	sbrs	r24, 1
     594:	02 c0       	rjmp	.+4      	; 0x59a <_LCD_OutNibble+0x12>
     596:	dd 9a       	sbi	0x1b, 5	; 27
     598:	01 c0       	rjmp	.+2      	; 0x59c <_LCD_OutNibble+0x14>
     59a:	dd 98       	cbi	0x1b, 5	; 27
     59c:	82 ff       	sbrs	r24, 2
     59e:	02 c0       	rjmp	.+4      	; 0x5a4 <_LCD_OutNibble+0x1c>
     5a0:	de 9a       	sbi	0x1b, 6	; 27
     5a2:	01 c0       	rjmp	.+2      	; 0x5a6 <_LCD_OutNibble+0x1e>
     5a4:	de 98       	cbi	0x1b, 6	; 27
     5a6:	83 ff       	sbrs	r24, 3
     5a8:	02 c0       	rjmp	.+4      	; 0x5ae <_LCD_OutNibble+0x26>
     5aa:	df 9a       	sbi	0x1b, 7	; 27
     5ac:	08 95       	ret
     5ae:	df 98       	cbi	0x1b, 7	; 27
     5b0:	08 95       	ret

000005b2 <_LCD_InNibble>:
     5b2:	89 b3       	in	r24, 0x19	; 25
     5b4:	82 95       	swap	r24
     5b6:	81 70       	andi	r24, 0x01	; 1
     5b8:	cd 99       	sbic	0x19, 5	; 25
     5ba:	82 60       	ori	r24, 0x02	; 2
     5bc:	ce 99       	sbic	0x19, 6	; 25
     5be:	84 60       	ori	r24, 0x04	; 4
     5c0:	cf 99       	sbic	0x19, 7	; 25
     5c2:	88 60       	ori	r24, 0x08	; 8
     5c4:	08 95       	ret

000005c6 <_LCD_Read>:
     5c6:	cf 93       	push	r28
     5c8:	df 93       	push	r29
     5ca:	d4 98       	cbi	0x1a, 4	; 26
     5cc:	d5 98       	cbi	0x1a, 5	; 26
     5ce:	d6 98       	cbi	0x1a, 6	; 26
     5d0:	d7 98       	cbi	0x1a, 7	; 26
     5d2:	da 9a       	sbi	0x1b, 2	; 27
     5d4:	db 9a       	sbi	0x1b, 3	; 27
     5d6:	0e 94 d9 02 	call	0x5b2	; 0x5b2 <_LCD_InNibble>
     5da:	90 e1       	ldi	r25, 0x10	; 16
     5dc:	89 9f       	mul	r24, r25
     5de:	e0 01       	movw	r28, r0
     5e0:	11 24       	eor	r1, r1
     5e2:	db 98       	cbi	0x1b, 3	; 27
     5e4:	db 9a       	sbi	0x1b, 3	; 27
     5e6:	0e 94 d9 02 	call	0x5b2	; 0x5b2 <_LCD_InNibble>
     5ea:	db 98       	cbi	0x1b, 3	; 27
     5ec:	e7 ec       	ldi	r30, 0xC7	; 199
     5ee:	f0 e0       	ldi	r31, 0x00	; 0
     5f0:	31 97       	sbiw	r30, 0x01	; 1
     5f2:	f1 f7       	brne	.-4      	; 0x5f0 <_LCD_Read+0x2a>
     5f4:	00 c0       	rjmp	.+0      	; 0x5f6 <_LCD_Read+0x30>
     5f6:	00 00       	nop
     5f8:	8c 2b       	or	r24, r28
     5fa:	df 91       	pop	r29
     5fc:	cf 91       	pop	r28
     5fe:	08 95       	ret

00000600 <LCD_ReadStatus>:
     600:	d9 98       	cbi	0x1b, 1	; 27
     602:	0c 94 e3 02 	jmp	0x5c6	; 0x5c6 <_LCD_Read>

00000606 <_LCD_Write>:
     606:	cf 93       	push	r28
     608:	c8 2f       	mov	r28, r24
     60a:	d4 9a       	sbi	0x1a, 4	; 26
     60c:	d5 9a       	sbi	0x1a, 5	; 26
     60e:	d6 9a       	sbi	0x1a, 6	; 26
     610:	d7 9a       	sbi	0x1a, 7	; 26
     612:	da 98       	cbi	0x1b, 2	; 27
     614:	db 9a       	sbi	0x1b, 3	; 27
     616:	82 95       	swap	r24
     618:	8f 70       	andi	r24, 0x0F	; 15
     61a:	0e 94 c4 02 	call	0x588	; 0x588 <_LCD_OutNibble>
     61e:	db 98       	cbi	0x1b, 3	; 27
     620:	db 9a       	sbi	0x1b, 3	; 27
     622:	8c 2f       	mov	r24, r28
     624:	0e 94 c4 02 	call	0x588	; 0x588 <_LCD_OutNibble>
     628:	db 98       	cbi	0x1b, 3	; 27
     62a:	0e 94 00 03 	call	0x600	; 0x600 <LCD_ReadStatus>
     62e:	87 fd       	sbrc	r24, 7
     630:	fc cf       	rjmp	.-8      	; 0x62a <_LCD_Write+0x24>
     632:	cf 91       	pop	r28
     634:	08 95       	ret

00000636 <LCD_WriteCommand>:
     636:	d9 98       	cbi	0x1b, 1	; 27
     638:	0c 94 03 03 	jmp	0x606	; 0x606 <_LCD_Write>

0000063c <LCD_WriteData>:
     63c:	d9 9a       	sbi	0x1b, 1	; 27
     63e:	0c 94 03 03 	jmp	0x606	; 0x606 <_LCD_Write>

00000642 <LCD_ReadData>:
     642:	d9 9a       	sbi	0x1b, 1	; 27
     644:	0c 94 e3 02 	jmp	0x5c6	; 0x5c6 <_LCD_Read>

00000648 <LCD_WriteText>:
     648:	cf 93       	push	r28
     64a:	df 93       	push	r29
     64c:	ec 01       	movw	r28, r24
     64e:	89 91       	ld	r24, Y+
     650:	88 23       	and	r24, r24
     652:	19 f0       	breq	.+6      	; 0x65a <LCD_WriteText+0x12>
     654:	0e 94 1e 03 	call	0x63c	; 0x63c <LCD_WriteData>
     658:	fa cf       	rjmp	.-12     	; 0x64e <LCD_WriteText+0x6>
     65a:	df 91       	pop	r29
     65c:	cf 91       	pop	r28
     65e:	08 95       	ret

00000660 <LCD_GoTo>:
     660:	90 e4       	ldi	r25, 0x40	; 64
     662:	69 9f       	mul	r22, r25
     664:	80 0d       	add	r24, r0
     666:	11 24       	eor	r1, r1
     668:	80 68       	ori	r24, 0x80	; 128
     66a:	0c 94 1b 03 	jmp	0x636	; 0x636 <LCD_WriteCommand>

0000066e <LCD_Clear>:
     66e:	81 e0       	ldi	r24, 0x01	; 1
     670:	0e 94 1b 03 	call	0x636	; 0x636 <LCD_WriteCommand>
     674:	8f e3       	ldi	r24, 0x3F	; 63
     676:	9f e1       	ldi	r25, 0x1F	; 31
     678:	01 97       	sbiw	r24, 0x01	; 1
     67a:	f1 f7       	brne	.-4      	; 0x678 <LCD_Clear+0xa>
     67c:	00 c0       	rjmp	.+0      	; 0x67e <LCD_Clear+0x10>
     67e:	00 00       	nop
     680:	08 95       	ret

00000682 <LCD_Home>:
     682:	82 e0       	ldi	r24, 0x02	; 2
     684:	0e 94 1b 03 	call	0x636	; 0x636 <LCD_WriteCommand>
     688:	8f e3       	ldi	r24, 0x3F	; 63
     68a:	9f e1       	ldi	r25, 0x1F	; 31
     68c:	01 97       	sbiw	r24, 0x01	; 1
     68e:	f1 f7       	brne	.-4      	; 0x68c <LCD_Home+0xa>
     690:	00 c0       	rjmp	.+0      	; 0x692 <LCD_Home+0x10>
     692:	00 00       	nop
     694:	08 95       	ret

00000696 <LCD_Initalize>:
     696:	cf 93       	push	r28
     698:	d4 9a       	sbi	0x1a, 4	; 26
     69a:	d5 9a       	sbi	0x1a, 5	; 26
     69c:	d6 9a       	sbi	0x1a, 6	; 26
     69e:	d7 9a       	sbi	0x1a, 7	; 26
     6a0:	d3 9a       	sbi	0x1a, 3	; 26
     6a2:	d1 9a       	sbi	0x1a, 1	; 26
     6a4:	d2 9a       	sbi	0x1a, 2	; 26
     6a6:	8f e5       	ldi	r24, 0x5F	; 95
     6a8:	9a ee       	ldi	r25, 0xEA	; 234
     6aa:	01 97       	sbiw	r24, 0x01	; 1
     6ac:	f1 f7       	brne	.-4      	; 0x6aa <LCD_Initalize+0x14>
     6ae:	00 c0       	rjmp	.+0      	; 0x6b0 <LCD_Initalize+0x1a>
     6b0:	00 00       	nop
     6b2:	d9 98       	cbi	0x1b, 1	; 27
     6b4:	db 98       	cbi	0x1b, 3	; 27
     6b6:	da 98       	cbi	0x1b, 2	; 27
     6b8:	c3 e0       	ldi	r28, 0x03	; 3
     6ba:	db 9a       	sbi	0x1b, 3	; 27
     6bc:	83 e0       	ldi	r24, 0x03	; 3
     6be:	0e 94 c4 02 	call	0x588	; 0x588 <_LCD_OutNibble>
     6c2:	db 98       	cbi	0x1b, 3	; 27
     6c4:	8f e1       	ldi	r24, 0x1F	; 31
     6c6:	9e e4       	ldi	r25, 0x4E	; 78
     6c8:	01 97       	sbiw	r24, 0x01	; 1
     6ca:	f1 f7       	brne	.-4      	; 0x6c8 <LCD_Initalize+0x32>
     6cc:	00 c0       	rjmp	.+0      	; 0x6ce <LCD_Initalize+0x38>
     6ce:	00 00       	nop
     6d0:	c1 50       	subi	r28, 0x01	; 1
     6d2:	99 f7       	brne	.-26     	; 0x6ba <LCD_Initalize+0x24>
     6d4:	db 9a       	sbi	0x1b, 3	; 27
     6d6:	82 e0       	ldi	r24, 0x02	; 2
     6d8:	0e 94 c4 02 	call	0x588	; 0x588 <_LCD_OutNibble>
     6dc:	db 98       	cbi	0x1b, 3	; 27
     6de:	8f e9       	ldi	r24, 0x9F	; 159
     6e0:	9f e0       	ldi	r25, 0x0F	; 15
     6e2:	01 97       	sbiw	r24, 0x01	; 1
     6e4:	f1 f7       	brne	.-4      	; 0x6e2 <LCD_Initalize+0x4c>
     6e6:	00 c0       	rjmp	.+0      	; 0x6e8 <LCD_Initalize+0x52>
     6e8:	00 00       	nop
     6ea:	88 e2       	ldi	r24, 0x28	; 40
     6ec:	0e 94 1b 03 	call	0x636	; 0x636 <LCD_WriteCommand>
     6f0:	88 e0       	ldi	r24, 0x08	; 8
     6f2:	0e 94 1b 03 	call	0x636	; 0x636 <LCD_WriteCommand>
     6f6:	81 e0       	ldi	r24, 0x01	; 1
     6f8:	0e 94 1b 03 	call	0x636	; 0x636 <LCD_WriteCommand>
     6fc:	86 e0       	ldi	r24, 0x06	; 6
     6fe:	0e 94 1b 03 	call	0x636	; 0x636 <LCD_WriteCommand>
     702:	8c e0       	ldi	r24, 0x0C	; 12
     704:	cf 91       	pop	r28
     706:	0c 94 1b 03 	jmp	0x636	; 0x636 <LCD_WriteCommand>

0000070a <LCD_Int>:
     70a:	cf 93       	push	r28
     70c:	df 93       	push	r29
     70e:	cd b7       	in	r28, 0x3d	; 61
     710:	de b7       	in	r29, 0x3e	; 62
     712:	61 97       	sbiw	r28, 0x11	; 17
     714:	0f b6       	in	r0, 0x3f	; 63
     716:	f8 94       	cli
     718:	de bf       	out	0x3e, r29	; 62
     71a:	0f be       	out	0x3f, r0	; 63
     71c:	cd bf       	out	0x3d, r28	; 61
     71e:	4a e0       	ldi	r20, 0x0A	; 10
     720:	be 01       	movw	r22, r28
     722:	6f 5f       	subi	r22, 0xFF	; 255
     724:	7f 4f       	sbci	r23, 0xFF	; 255
     726:	0e 94 ea 1d 	call	0x3bd4	; 0x3bd4 <__itoa_ncheck>
     72a:	0e 94 24 03 	call	0x648	; 0x648 <LCD_WriteText>
     72e:	61 96       	adiw	r28, 0x11	; 17
     730:	0f b6       	in	r0, 0x3f	; 63
     732:	f8 94       	cli
     734:	de bf       	out	0x3e, r29	; 62
     736:	0f be       	out	0x3f, r0	; 63
     738:	cd bf       	out	0x3d, r28	; 61
     73a:	df 91       	pop	r29
     73c:	cf 91       	pop	r28
     73e:	08 95       	ret

00000740 <LCD_Double>:
     740:	6f 92       	push	r6
     742:	7f 92       	push	r7
     744:	8f 92       	push	r8
     746:	9f 92       	push	r9
     748:	af 92       	push	r10
     74a:	bf 92       	push	r11
     74c:	cf 92       	push	r12
     74e:	df 92       	push	r13
     750:	ef 92       	push	r14
     752:	ff 92       	push	r15
     754:	0f 93       	push	r16
     756:	1f 93       	push	r17
     758:	cf 93       	push	r28
     75a:	df 93       	push	r29
     75c:	00 d0       	rcall	.+0      	; 0x75e <LCD_Double+0x1e>
     75e:	cd b7       	in	r28, 0x3d	; 61
     760:	de b7       	in	r29, 0x3e	; 62
     762:	6b 01       	movw	r12, r22
     764:	7c 01       	movw	r14, r24
     766:	49 83       	std	Y+1, r20	; 0x01
     768:	5a 83       	std	Y+2, r21	; 0x02
     76a:	0e 94 20 1b 	call	0x3640	; 0x3640 <__fixunssfsi>
     76e:	9b 01       	movw	r18, r22
     770:	49 81       	ldd	r20, Y+1	; 0x01
     772:	5a 81       	ldd	r21, Y+2	; 0x02
     774:	77 ff       	sbrs	r23, 7
     776:	04 c0       	rjmp	.+8      	; 0x780 <LCD_Double+0x40>
     778:	22 27       	eor	r18, r18
     77a:	33 27       	eor	r19, r19
     77c:	26 1b       	sub	r18, r22
     77e:	37 0b       	sbc	r19, r23
     780:	29 3e       	cpi	r18, 0xE9	; 233
     782:	33 40       	sbci	r19, 0x03	; 3
     784:	08 f0       	brcs	.+2      	; 0x788 <LCD_Double+0x48>
     786:	9e c0       	rjmp	.+316    	; 0x8c4 <__stack+0x65>
     788:	8a 01       	movw	r16, r20
     78a:	45 30       	cpi	r20, 0x05	; 5
     78c:	51 05       	cpc	r21, r1
     78e:	10 f0       	brcs	.+4      	; 0x794 <LCD_Double+0x54>
     790:	04 e0       	ldi	r16, 0x04	; 4
     792:	10 e0       	ldi	r17, 0x00	; 0
     794:	c7 01       	movw	r24, r14
     796:	b6 01       	movw	r22, r12
     798:	0e 94 1b 1b 	call	0x3636	; 0x3636 <__fixsfsi>
     79c:	4b 01       	movw	r8, r22
     79e:	5c 01       	movw	r10, r24
     7a0:	cb 01       	movw	r24, r22
     7a2:	0e 94 85 03 	call	0x70a	; 0x70a <LCD_Int>
     7a6:	81 e0       	ldi	r24, 0x01	; 1
     7a8:	90 e0       	ldi	r25, 0x00	; 0
     7aa:	2a e0       	ldi	r18, 0x0A	; 10
     7ac:	62 2e       	mov	r6, r18
     7ae:	71 2c       	mov	r7, r1
     7b0:	2a e0       	ldi	r18, 0x0A	; 10
     7b2:	80 17       	cp	r24, r16
     7b4:	91 07       	cpc	r25, r17
     7b6:	40 f4       	brcc	.+16     	; 0x7c8 <LCD_Double+0x88>
     7b8:	f3 01       	movw	r30, r6
     7ba:	2e 9f       	mul	r18, r30
     7bc:	30 01       	movw	r6, r0
     7be:	2f 9f       	mul	r18, r31
     7c0:	70 0c       	add	r7, r0
     7c2:	11 24       	eor	r1, r1
     7c4:	01 96       	adiw	r24, 0x01	; 1
     7c6:	f5 cf       	rjmp	.-22     	; 0x7b2 <LCD_Double+0x72>
     7c8:	01 2b       	or	r16, r17
     7ca:	09 f4       	brne	.+2      	; 0x7ce <LCD_Double+0x8e>
     7cc:	7b c0       	rjmp	.+246    	; 0x8c4 <__stack+0x65>
     7ce:	83 e8       	ldi	r24, 0x83	; 131
     7d0:	92 e0       	ldi	r25, 0x02	; 2
     7d2:	0e 94 24 03 	call	0x648	; 0x648 <LCD_WriteText>
     7d6:	84 01       	movw	r16, r8
     7d8:	97 fe       	sbrs	r9, 7
     7da:	04 c0       	rjmp	.+8      	; 0x7e4 <LCD_Double+0xa4>
     7dc:	00 27       	eor	r16, r16
     7de:	11 27       	eor	r17, r17
     7e0:	08 19       	sub	r16, r8
     7e2:	19 09       	sbc	r17, r9
     7e4:	b3 01       	movw	r22, r6
     7e6:	80 e0       	ldi	r24, 0x00	; 0
     7e8:	90 e0       	ldi	r25, 0x00	; 0
     7ea:	0e 94 4c 1b 	call	0x3698	; 0x3698 <__floatunsisf>
     7ee:	9b 01       	movw	r18, r22
     7f0:	ac 01       	movw	r20, r24
     7f2:	c7 01       	movw	r24, r14
     7f4:	b6 01       	movw	r22, r12
     7f6:	0e 94 02 1c 	call	0x3804	; 0x3804 <__mulsf3>
     7fa:	0e 94 1b 1b 	call	0x3636	; 0x3636 <__fixsfsi>
     7fe:	9b 01       	movw	r18, r22
     800:	77 ff       	sbrs	r23, 7
     802:	04 c0       	rjmp	.+8      	; 0x80c <LCD_Double+0xcc>
     804:	22 27       	eor	r18, r18
     806:	33 27       	eor	r19, r19
     808:	26 1b       	sub	r18, r22
     80a:	37 0b       	sbc	r19, r23
     80c:	b9 01       	movw	r22, r18
     80e:	88 27       	eor	r24, r24
     810:	77 fd       	sbrc	r23, 7
     812:	80 95       	com	r24
     814:	98 2f       	mov	r25, r24
     816:	0e 94 4e 1b 	call	0x369c	; 0x369c <__floatsisf>
     81a:	6b 01       	movw	r12, r22
     81c:	7c 01       	movw	r14, r24
     81e:	93 01       	movw	r18, r6
     820:	d8 01       	movw	r26, r16
     822:	0e 94 34 1a 	call	0x3468	; 0x3468 <__usmulhisi3>
     826:	0e 94 4c 1b 	call	0x3698	; 0x3698 <__floatunsisf>
     82a:	9b 01       	movw	r18, r22
     82c:	ac 01       	movw	r20, r24
     82e:	c7 01       	movw	r24, r14
     830:	b6 01       	movw	r22, r12
     832:	0e 94 4a 1a 	call	0x3494	; 0x3494 <__subsf3>
     836:	0e 94 20 1b 	call	0x3640	; 0x3640 <__fixunssfsi>
     83a:	6b 01       	movw	r12, r22
     83c:	7c 01       	movw	r14, r24
     83e:	ab 01       	movw	r20, r22
     840:	81 e0       	ldi	r24, 0x01	; 1
     842:	90 e0       	ldi	r25, 0x00	; 0
     844:	2a e0       	ldi	r18, 0x0A	; 10
     846:	30 e0       	ldi	r19, 0x00	; 0
     848:	6a e0       	ldi	r22, 0x0A	; 10
     84a:	42 17       	cp	r20, r18
     84c:	53 07       	cpc	r21, r19
     84e:	40 f0       	brcs	.+16     	; 0x860 <__stack+0x1>
     850:	01 96       	adiw	r24, 0x01	; 1
     852:	f9 01       	movw	r30, r18
     854:	6e 9f       	mul	r22, r30
     856:	90 01       	movw	r18, r0
     858:	6f 9f       	mul	r22, r31
     85a:	30 0d       	add	r19, r0
     85c:	11 24       	eor	r1, r1
     85e:	f5 cf       	rjmp	.-22     	; 0x84a <LCD_Double+0x10a>
     860:	41 e0       	ldi	r20, 0x01	; 1
     862:	2a e0       	ldi	r18, 0x0A	; 10
     864:	30 e0       	ldi	r19, 0x00	; 0
     866:	5a e0       	ldi	r21, 0x0A	; 10
     868:	62 16       	cp	r6, r18
     86a:	73 06       	cpc	r7, r19
     86c:	40 f0       	brcs	.+16     	; 0x87e <__stack+0x1f>
     86e:	4f 5f       	subi	r20, 0xFF	; 255
     870:	b9 01       	movw	r22, r18
     872:	56 9f       	mul	r21, r22
     874:	90 01       	movw	r18, r0
     876:	57 9f       	mul	r21, r23
     878:	30 0d       	add	r19, r0
     87a:	11 24       	eor	r1, r1
     87c:	f5 cf       	rjmp	.-22     	; 0x868 <__stack+0x9>
     87e:	01 e0       	ldi	r16, 0x01	; 1
     880:	10 e0       	ldi	r17, 0x00	; 0
     882:	a4 2e       	mov	r10, r20
     884:	b1 2c       	mov	r11, r1
     886:	a8 1a       	sub	r10, r24
     888:	b9 0a       	sbc	r11, r25
     88a:	0a 15       	cp	r16, r10
     88c:	1b 05       	cpc	r17, r11
     88e:	38 f4       	brcc	.+14     	; 0x89e <__stack+0x3f>
     890:	80 e0       	ldi	r24, 0x00	; 0
     892:	90 e0       	ldi	r25, 0x00	; 0
     894:	0e 94 85 03 	call	0x70a	; 0x70a <LCD_Int>
     898:	0f 5f       	subi	r16, 0xFF	; 255
     89a:	1f 4f       	sbci	r17, 0xFF	; 255
     89c:	f6 cf       	rjmp	.-20     	; 0x88a <__stack+0x2b>
     89e:	c6 01       	movw	r24, r12
     8a0:	0f 90       	pop	r0
     8a2:	0f 90       	pop	r0
     8a4:	df 91       	pop	r29
     8a6:	cf 91       	pop	r28
     8a8:	1f 91       	pop	r17
     8aa:	0f 91       	pop	r16
     8ac:	ff 90       	pop	r15
     8ae:	ef 90       	pop	r14
     8b0:	df 90       	pop	r13
     8b2:	cf 90       	pop	r12
     8b4:	bf 90       	pop	r11
     8b6:	af 90       	pop	r10
     8b8:	9f 90       	pop	r9
     8ba:	8f 90       	pop	r8
     8bc:	7f 90       	pop	r7
     8be:	6f 90       	pop	r6
     8c0:	0c 94 85 03 	jmp	0x70a	; 0x70a <LCD_Int>
     8c4:	0f 90       	pop	r0
     8c6:	0f 90       	pop	r0
     8c8:	df 91       	pop	r29
     8ca:	cf 91       	pop	r28
     8cc:	1f 91       	pop	r17
     8ce:	0f 91       	pop	r16
     8d0:	ff 90       	pop	r15
     8d2:	ef 90       	pop	r14
     8d4:	df 90       	pop	r13
     8d6:	cf 90       	pop	r12
     8d8:	bf 90       	pop	r11
     8da:	af 90       	pop	r10
     8dc:	9f 90       	pop	r9
     8de:	8f 90       	pop	r8
     8e0:	7f 90       	pop	r7
     8e2:	6f 90       	pop	r6
     8e4:	08 95       	ret

000008e6 <LCD_Hex>:
     8e6:	cf 93       	push	r28
     8e8:	df 93       	push	r29
     8ea:	cd b7       	in	r28, 0x3d	; 61
     8ec:	de b7       	in	r29, 0x3e	; 62
     8ee:	61 97       	sbiw	r28, 0x11	; 17
     8f0:	0f b6       	in	r0, 0x3f	; 63
     8f2:	f8 94       	cli
     8f4:	de bf       	out	0x3e, r29	; 62
     8f6:	0f be       	out	0x3f, r0	; 63
     8f8:	cd bf       	out	0x3d, r28	; 61
     8fa:	40 e1       	ldi	r20, 0x10	; 16
     8fc:	be 01       	movw	r22, r28
     8fe:	6f 5f       	subi	r22, 0xFF	; 255
     900:	7f 4f       	sbci	r23, 0xFF	; 255
     902:	0e 94 ea 1d 	call	0x3bd4	; 0x3bd4 <__itoa_ncheck>
     906:	0e 94 24 03 	call	0x648	; 0x648 <LCD_WriteText>
     90a:	61 96       	adiw	r28, 0x11	; 17
     90c:	0f b6       	in	r0, 0x3f	; 63
     90e:	f8 94       	cli
     910:	de bf       	out	0x3e, r29	; 62
     912:	0f be       	out	0x3f, r0	; 63
     914:	cd bf       	out	0x3d, r28	; 61
     916:	df 91       	pop	r29
     918:	cf 91       	pop	r28
     91a:	08 95       	ret

0000091c <LCD_MoveRight>:
     91c:	cf 92       	push	r12
     91e:	df 92       	push	r13
     920:	ef 92       	push	r14
     922:	ff 92       	push	r15
     924:	0f 93       	push	r16
     926:	1f 93       	push	r17
     928:	cf 93       	push	r28
     92a:	df 93       	push	r29
     92c:	8c 01       	movw	r16, r24
     92e:	6b 01       	movw	r12, r22
     930:	7a 01       	movw	r14, r20
     932:	c0 e0       	ldi	r28, 0x00	; 0
     934:	d0 e0       	ldi	r29, 0x00	; 0
     936:	cc 15       	cp	r28, r12
     938:	dd 05       	cpc	r29, r13
     93a:	81 f0       	breq	.+32     	; 0x95c <LCD_MoveRight+0x40>
     93c:	e1 14       	cp	r14, r1
     93e:	f1 04       	cpc	r15, r1
     940:	11 f0       	breq	.+4      	; 0x946 <LCD_MoveRight+0x2a>
     942:	8c e1       	ldi	r24, 0x1C	; 28
     944:	01 c0       	rjmp	.+2      	; 0x948 <LCD_MoveRight+0x2c>
     946:	84 e1       	ldi	r24, 0x14	; 20
     948:	0e 94 1b 03 	call	0x636	; 0x636 <LCD_WriteCommand>
     94c:	01 15       	cp	r16, r1
     94e:	11 05       	cpc	r17, r1
     950:	19 f0       	breq	.+6      	; 0x958 <LCD_MoveRight+0x3c>
     952:	c8 01       	movw	r24, r16
     954:	0e 94 ad 01 	call	0x35a	; 0x35a <delay_ms_var>
     958:	21 96       	adiw	r28, 0x01	; 1
     95a:	ed cf       	rjmp	.-38     	; 0x936 <LCD_MoveRight+0x1a>
     95c:	df 91       	pop	r29
     95e:	cf 91       	pop	r28
     960:	1f 91       	pop	r17
     962:	0f 91       	pop	r16
     964:	ff 90       	pop	r15
     966:	ef 90       	pop	r14
     968:	df 90       	pop	r13
     96a:	cf 90       	pop	r12
     96c:	08 95       	ret

0000096e <LCD_MoveLeft>:
     96e:	cf 92       	push	r12
     970:	df 92       	push	r13
     972:	ef 92       	push	r14
     974:	ff 92       	push	r15
     976:	0f 93       	push	r16
     978:	1f 93       	push	r17
     97a:	cf 93       	push	r28
     97c:	df 93       	push	r29
     97e:	8c 01       	movw	r16, r24
     980:	6b 01       	movw	r12, r22
     982:	7a 01       	movw	r14, r20
     984:	c0 e0       	ldi	r28, 0x00	; 0
     986:	d0 e0       	ldi	r29, 0x00	; 0
     988:	cc 15       	cp	r28, r12
     98a:	dd 05       	cpc	r29, r13
     98c:	81 f0       	breq	.+32     	; 0x9ae <LCD_MoveLeft+0x40>
     98e:	e1 14       	cp	r14, r1
     990:	f1 04       	cpc	r15, r1
     992:	11 f0       	breq	.+4      	; 0x998 <LCD_MoveLeft+0x2a>
     994:	88 e1       	ldi	r24, 0x18	; 24
     996:	01 c0       	rjmp	.+2      	; 0x99a <LCD_MoveLeft+0x2c>
     998:	80 e1       	ldi	r24, 0x10	; 16
     99a:	0e 94 1b 03 	call	0x636	; 0x636 <LCD_WriteCommand>
     99e:	01 15       	cp	r16, r1
     9a0:	11 05       	cpc	r17, r1
     9a2:	19 f0       	breq	.+6      	; 0x9aa <LCD_MoveLeft+0x3c>
     9a4:	c8 01       	movw	r24, r16
     9a6:	0e 94 ad 01 	call	0x35a	; 0x35a <delay_ms_var>
     9aa:	21 96       	adiw	r28, 0x01	; 1
     9ac:	ed cf       	rjmp	.-38     	; 0x988 <LCD_MoveLeft+0x1a>
     9ae:	df 91       	pop	r29
     9b0:	cf 91       	pop	r28
     9b2:	1f 91       	pop	r17
     9b4:	0f 91       	pop	r16
     9b6:	ff 90       	pop	r15
     9b8:	ef 90       	pop	r14
     9ba:	df 90       	pop	r13
     9bc:	cf 90       	pop	r12
     9be:	08 95       	ret

000009c0 <LCD_Erase>:
     9c0:	0f 93       	push	r16
     9c2:	1f 93       	push	r17
     9c4:	cf 93       	push	r28
     9c6:	df 93       	push	r29
     9c8:	ec 01       	movw	r28, r24
     9ca:	82 30       	cpi	r24, 0x02	; 2
     9cc:	91 05       	cpc	r25, r1
     9ce:	20 f0       	brcs	.+8      	; 0x9d8 <LCD_Erase+0x18>
     9d0:	82 30       	cpi	r24, 0x02	; 2
     9d2:	91 05       	cpc	r25, r1
     9d4:	d9 f4       	brne	.+54     	; 0xa0c <LCD_Erase+0x4c>
     9d6:	0f c0       	rjmp	.+30     	; 0x9f6 <LCD_Erase+0x36>
     9d8:	80 e8       	ldi	r24, 0x80	; 128
     9da:	0e 94 1b 03 	call	0x636	; 0x636 <LCD_WriteCommand>
     9de:	08 e2       	ldi	r16, 0x28	; 40
     9e0:	10 e0       	ldi	r17, 0x00	; 0
     9e2:	80 e2       	ldi	r24, 0x20	; 32
     9e4:	0e 94 1e 03 	call	0x63c	; 0x63c <LCD_WriteData>
     9e8:	01 50       	subi	r16, 0x01	; 1
     9ea:	11 09       	sbc	r17, r1
     9ec:	01 15       	cp	r16, r1
     9ee:	11 05       	cpc	r17, r1
     9f0:	c1 f7       	brne	.-16     	; 0x9e2 <LCD_Erase+0x22>
     9f2:	cd 2b       	or	r28, r29
     9f4:	59 f4       	brne	.+22     	; 0xa0c <LCD_Erase+0x4c>
     9f6:	80 ec       	ldi	r24, 0xC0	; 192
     9f8:	0e 94 1b 03 	call	0x636	; 0x636 <LCD_WriteCommand>
     9fc:	c8 e2       	ldi	r28, 0x28	; 40
     9fe:	d0 e0       	ldi	r29, 0x00	; 0
     a00:	80 e2       	ldi	r24, 0x20	; 32
     a02:	0e 94 1e 03 	call	0x63c	; 0x63c <LCD_WriteData>
     a06:	21 97       	sbiw	r28, 0x01	; 1
     a08:	20 97       	sbiw	r28, 0x00	; 0
     a0a:	d1 f7       	brne	.-12     	; 0xa00 <LCD_Erase+0x40>
     a0c:	df 91       	pop	r29
     a0e:	cf 91       	pop	r28
     a10:	1f 91       	pop	r17
     a12:	0f 91       	pop	r16
     a14:	08 95       	ret

00000a16 <LCD_Displaying>:
     a16:	83 30       	cpi	r24, 0x03	; 3
     a18:	91 05       	cpc	r25, r1
     a1a:	89 f0       	breq	.+34     	; 0xa3e <LCD_Displaying+0x28>
     a1c:	30 f4       	brcc	.+12     	; 0xa2a <LCD_Displaying+0x14>
     a1e:	81 30       	cpi	r24, 0x01	; 1
     a20:	91 05       	cpc	r25, r1
     a22:	49 f0       	breq	.+18     	; 0xa36 <LCD_Displaying+0x20>
     a24:	02 97       	sbiw	r24, 0x02	; 2
     a26:	49 f0       	breq	.+18     	; 0xa3a <LCD_Displaying+0x24>
     a28:	08 95       	ret
     a2a:	84 30       	cpi	r24, 0x04	; 4
     a2c:	91 05       	cpc	r25, r1
     a2e:	49 f0       	breq	.+18     	; 0xa42 <LCD_Displaying+0x2c>
     a30:	05 97       	sbiw	r24, 0x05	; 5
     a32:	49 f0       	breq	.+18     	; 0xa46 <LCD_Displaying+0x30>
     a34:	08 95       	ret
     a36:	8c e0       	ldi	r24, 0x0C	; 12
     a38:	07 c0       	rjmp	.+14     	; 0xa48 <LCD_Displaying+0x32>
     a3a:	88 e0       	ldi	r24, 0x08	; 8
     a3c:	05 c0       	rjmp	.+10     	; 0xa48 <LCD_Displaying+0x32>
     a3e:	8e e0       	ldi	r24, 0x0E	; 14
     a40:	03 c0       	rjmp	.+6      	; 0xa48 <LCD_Displaying+0x32>
     a42:	8d e0       	ldi	r24, 0x0D	; 13
     a44:	01 c0       	rjmp	.+2      	; 0xa48 <LCD_Displaying+0x32>
     a46:	8f e0       	ldi	r24, 0x0F	; 15
     a48:	0c 94 1b 03 	jmp	0x636	; 0x636 <LCD_WriteCommand>

00000a4c <i2cSetBitrate>:
     a4c:	bc 01       	movw	r22, r24
     a4e:	80 e8       	ldi	r24, 0x80	; 128
     a50:	9e e3       	ldi	r25, 0x3E	; 62
     a52:	0e 94 0c 1a 	call	0x3418	; 0x3418 <__udivmodhi4>
     a56:	86 2f       	mov	r24, r22
     a58:	60 31       	cpi	r22, 0x10	; 16
     a5a:	38 f0       	brcs	.+14     	; 0xa6a <i2cSetBitrate+0x1e>
     a5c:	77 27       	eor	r23, r23
     a5e:	cb 01       	movw	r24, r22
     a60:	40 97       	sbiw	r24, 0x10	; 16
     a62:	97 fd       	sbrc	r25, 7
     a64:	01 96       	adiw	r24, 0x01	; 1
     a66:	95 95       	asr	r25
     a68:	87 95       	ror	r24
     a6a:	80 b9       	out	0x00, r24	; 0
     a6c:	08 95       	ret

00000a6e <i2cStart>:
     a6e:	84 ea       	ldi	r24, 0xA4	; 164
     a70:	86 bf       	out	0x36, r24	; 54
     a72:	06 b6       	in	r0, 0x36	; 54
     a74:	07 fe       	sbrs	r0, 7
     a76:	fd cf       	rjmp	.-6      	; 0xa72 <i2cStart+0x4>
     a78:	08 95       	ret

00000a7a <i2cStop>:
     a7a:	84 e9       	ldi	r24, 0x94	; 148
     a7c:	86 bf       	out	0x36, r24	; 54
     a7e:	06 b6       	in	r0, 0x36	; 54
     a80:	04 fc       	sbrc	r0, 4
     a82:	fd cf       	rjmp	.-6      	; 0xa7e <i2cStop+0x4>
     a84:	08 95       	ret

00000a86 <i2cWrite>:
     a86:	83 b9       	out	0x03, r24	; 3
     a88:	84 e8       	ldi	r24, 0x84	; 132
     a8a:	86 bf       	out	0x36, r24	; 54
     a8c:	06 b6       	in	r0, 0x36	; 54
     a8e:	07 fe       	sbrs	r0, 7
     a90:	fd cf       	rjmp	.-6      	; 0xa8c <i2cWrite+0x6>
     a92:	08 95       	ret

00000a94 <i2cRead>:
     a94:	88 23       	and	r24, r24
     a96:	11 f0       	breq	.+4      	; 0xa9c <i2cRead+0x8>
     a98:	84 ec       	ldi	r24, 0xC4	; 196
     a9a:	01 c0       	rjmp	.+2      	; 0xa9e <i2cRead+0xa>
     a9c:	84 e8       	ldi	r24, 0x84	; 132
     a9e:	86 bf       	out	0x36, r24	; 54
     aa0:	06 b6       	in	r0, 0x36	; 54
     aa2:	07 fe       	sbrs	r0, 7
     aa4:	fd cf       	rjmp	.-6      	; 0xaa0 <i2cRead+0xc>
     aa6:	83 b1       	in	r24, 0x03	; 3
     aa8:	08 95       	ret

00000aaa <pilot_off>:
     aaa:	8e b5       	in	r24, 0x2e	; 46
     aac:	88 7f       	andi	r24, 0xF8	; 248
     aae:	8e bd       	out	0x2e, r24	; 46
     ab0:	08 95       	ret

00000ab2 <pilot_on>:
     ab2:	8e b5       	in	r24, 0x2e	; 46
     ab4:	85 60       	ori	r24, 0x05	; 5
     ab6:	8e bd       	out	0x2e, r24	; 46
     ab8:	08 95       	ret

00000aba <ir_init>:
     aba:	8e 98       	cbi	0x11, 6	; 17
     abc:	96 9a       	sbi	0x12, 6	; 18
     abe:	8e b5       	in	r24, 0x2e	; 46
     ac0:	8f 7b       	andi	r24, 0xBF	; 191
     ac2:	8e bd       	out	0x2e, r24	; 46
     ac4:	10 92 9a 02 	sts	0x029A, r1
     ac8:	89 b7       	in	r24, 0x39	; 57
     aca:	80 62       	ori	r24, 0x20	; 32
     acc:	89 bf       	out	0x39, r24	; 57
     ace:	10 92 9b 02 	sts	0x029B, r1
     ad2:	bc 98       	cbi	0x17, 4	; 23
     ad4:	c4 9a       	sbi	0x18, 4	; 24
     ad6:	08 95       	ret

00000ad8 <__vector_6>:
     ad8:	1f 92       	push	r1
     ada:	0f 92       	push	r0
     adc:	0f b6       	in	r0, 0x3f	; 63
     ade:	0f 92       	push	r0
     ae0:	11 24       	eor	r1, r1
     ae2:	2f 93       	push	r18
     ae4:	3f 93       	push	r19
     ae6:	8f 93       	push	r24
     ae8:	9f 93       	push	r25
     aea:	86 b5       	in	r24, 0x26	; 38
     aec:	97 b5       	in	r25, 0x27	; 39
     aee:	20 91 8a 02 	lds	r18, 0x028A
     af2:	30 91 8b 02 	lds	r19, 0x028B
     af6:	82 1b       	sub	r24, r18
     af8:	93 0b       	sbc	r25, r19
     afa:	26 b5       	in	r18, 0x26	; 38
     afc:	37 b5       	in	r19, 0x27	; 39
     afe:	30 93 8b 02 	sts	0x028B, r19
     b02:	20 93 8a 02 	sts	0x028A, r18
     b06:	2e b5       	in	r18, 0x2e	; 46
     b08:	30 e4       	ldi	r19, 0x40	; 64
     b0a:	23 27       	eor	r18, r19
     b0c:	2e bd       	out	0x2e, r18	; 46
     b0e:	8f 31       	cpi	r24, 0x1F	; 31
     b10:	91 05       	cpc	r25, r1
     b12:	10 f0       	brcs	.+4      	; 0xb18 <__vector_6+0x40>
     b14:	10 92 9a 02 	sts	0x029A, r1
     b18:	20 91 9a 02 	lds	r18, 0x029A
     b1c:	22 23       	and	r18, r18
     b1e:	19 f0       	breq	.+6      	; 0xb26 <__vector_6+0x4e>
     b20:	21 e0       	ldi	r18, 0x01	; 1
     b22:	20 93 89 02 	sts	0x0289, r18
     b26:	20 91 9a 02 	lds	r18, 0x029A
     b2a:	21 11       	cpse	r18, r1
     b2c:	11 c0       	rjmp	.+34     	; 0xb50 <__vector_6+0x78>
     b2e:	10 92 88 02 	sts	0x0288, r1
     b32:	10 92 87 02 	sts	0x0287, r1
     b36:	10 92 86 02 	sts	0x0286, r1
     b3a:	2e b5       	in	r18, 0x2e	; 46
     b3c:	20 64       	ori	r18, 0x40	; 64
     b3e:	2e bd       	out	0x2e, r18	; 46
     b40:	20 91 9a 02 	lds	r18, 0x029A
     b44:	2f 5f       	subi	r18, 0xFF	; 255
     b46:	20 93 9a 02 	sts	0x029A, r18
     b4a:	22 e0       	ldi	r18, 0x02	; 2
     b4c:	20 93 89 02 	sts	0x0289, r18
     b50:	20 91 89 02 	lds	r18, 0x0289
     b54:	21 30       	cpi	r18, 0x01	; 1
     b56:	09 f0       	breq	.+2      	; 0xb5a <__vector_6+0x82>
     b58:	5f c0       	rjmp	.+190    	; 0xc18 <__vector_6+0x140>
     b5a:	9c 01       	movw	r18, r24
     b5c:	2a 50       	subi	r18, 0x0A	; 10
     b5e:	31 09       	sbc	r19, r1
     b60:	25 31       	cpi	r18, 0x15	; 21
     b62:	31 05       	cpc	r19, r1
     b64:	10 f0       	brcs	.+4      	; 0xb6a <__vector_6+0x92>
     b66:	10 92 89 02 	sts	0x0289, r1
     b6a:	20 91 89 02 	lds	r18, 0x0289
     b6e:	21 30       	cpi	r18, 0x01	; 1
     b70:	09 f0       	breq	.+2      	; 0xb74 <__vector_6+0x9c>
     b72:	52 c0       	rjmp	.+164    	; 0xc18 <__vector_6+0x140>
     b74:	42 97       	sbiw	r24, 0x12	; 18
     b76:	28 f0       	brcs	.+10     	; 0xb82 <__vector_6+0xaa>
     b78:	80 91 9a 02 	lds	r24, 0x029A
     b7c:	8f 5f       	subi	r24, 0xFF	; 255
     b7e:	80 93 9a 02 	sts	0x029A, r24
     b82:	80 91 9a 02 	lds	r24, 0x029A
     b86:	82 30       	cpi	r24, 0x02	; 2
     b88:	08 f4       	brcc	.+2      	; 0xb8c <__vector_6+0xb4>
     b8a:	41 c0       	rjmp	.+130    	; 0xc0e <__vector_6+0x136>
     b8c:	80 91 9a 02 	lds	r24, 0x029A
     b90:	80 fd       	sbrc	r24, 0
     b92:	3d c0       	rjmp	.+122    	; 0xc0e <__vector_6+0x136>
     b94:	80 91 87 02 	lds	r24, 0x0287
     b98:	90 91 88 02 	lds	r25, 0x0288
     b9c:	88 0f       	add	r24, r24
     b9e:	99 1f       	adc	r25, r25
     ba0:	90 93 88 02 	sts	0x0288, r25
     ba4:	80 93 87 02 	sts	0x0287, r24
     ba8:	0e b4       	in	r0, 0x2e	; 46
     baa:	06 fe       	sbrs	r0, 6
     bac:	05 c0       	rjmp	.+10     	; 0xbb8 <__vector_6+0xe0>
     bae:	81 60       	ori	r24, 0x01	; 1
     bb0:	90 93 88 02 	sts	0x0288, r25
     bb4:	80 93 87 02 	sts	0x0287, r24
     bb8:	80 91 86 02 	lds	r24, 0x0286
     bbc:	8f 5f       	subi	r24, 0xFF	; 255
     bbe:	80 93 86 02 	sts	0x0286, r24
     bc2:	8d 30       	cpi	r24, 0x0D	; 13
     bc4:	20 f1       	brcs	.+72     	; 0xc0e <__vector_6+0x136>
     bc6:	80 91 9b 02 	lds	r24, 0x029B
     bca:	81 11       	cpse	r24, r1
     bcc:	1b c0       	rjmp	.+54     	; 0xc04 <__vector_6+0x12c>
     bce:	80 91 87 02 	lds	r24, 0x0287
     bd2:	90 91 88 02 	lds	r25, 0x0288
     bd6:	28 2f       	mov	r18, r24
     bd8:	2f 73       	andi	r18, 0x3F	; 63
     bda:	20 93 99 02 	sts	0x0299, r18
     bde:	9c 01       	movw	r18, r24
     be0:	20 7c       	andi	r18, 0xC0	; 192
     be2:	37 70       	andi	r19, 0x07	; 7
     be4:	68 94       	set
     be6:	15 f8       	bld	r1, 5
     be8:	36 95       	lsr	r19
     bea:	27 95       	ror	r18
     bec:	16 94       	lsr	r1
     bee:	e1 f7       	brne	.-8      	; 0xbe8 <__vector_6+0x110>
     bf0:	20 93 98 02 	sts	0x0298, r18
     bf4:	88 27       	eor	r24, r24
     bf6:	98 70       	andi	r25, 0x08	; 8
     bf8:	89 2f       	mov	r24, r25
     bfa:	86 95       	lsr	r24
     bfc:	86 95       	lsr	r24
     bfe:	86 95       	lsr	r24
     c00:	80 93 97 02 	sts	0x0297, r24
     c04:	10 92 89 02 	sts	0x0289, r1
     c08:	81 e0       	ldi	r24, 0x01	; 1
     c0a:	80 93 9b 02 	sts	0x029B, r24
     c0e:	80 91 9a 02 	lds	r24, 0x029A
     c12:	8f 5f       	subi	r24, 0xFF	; 255
     c14:	80 93 9a 02 	sts	0x029A, r24
     c18:	80 91 89 02 	lds	r24, 0x0289
     c1c:	81 11       	cpse	r24, r1
     c1e:	05 c0       	rjmp	.+10     	; 0xc2a <__vector_6+0x152>
     c20:	10 92 9a 02 	sts	0x029A, r1
     c24:	8e b5       	in	r24, 0x2e	; 46
     c26:	8f 7b       	andi	r24, 0xBF	; 191
     c28:	8e bd       	out	0x2e, r24	; 46
     c2a:	9f 91       	pop	r25
     c2c:	8f 91       	pop	r24
     c2e:	3f 91       	pop	r19
     c30:	2f 91       	pop	r18
     c32:	0f 90       	pop	r0
     c34:	0f be       	out	0x3f, r0	; 63
     c36:	0f 90       	pop	r0
     c38:	1f 90       	pop	r1
     c3a:	18 95       	reti

00000c3c <stop_button>:
     c3c:	86 b3       	in	r24, 0x16	; 22
     c3e:	82 95       	swap	r24
     c40:	8f 70       	andi	r24, 0x0F	; 15
     c42:	91 e0       	ldi	r25, 0x01	; 1
     c44:	89 27       	eor	r24, r25
     c46:	81 70       	andi	r24, 0x01	; 1
     c48:	90 e0       	ldi	r25, 0x00	; 0
     c4a:	08 95       	ret

00000c4c <lockers_init>:
     c4c:	8a 98       	cbi	0x11, 2	; 17
     c4e:	92 9a       	sbi	0x12, 2	; 18
     c50:	8b 98       	cbi	0x11, 3	; 17
     c52:	93 9a       	sbi	0x12, 3	; 18
     c54:	08 95       	ret

00000c56 <lockers_number_of_frames>:
     c56:	80 e2       	ldi	r24, 0x20	; 32
     c58:	08 95       	ret

00000c5a <lockers_convert_address_to_index_of_frame>:
     c5a:	86 95       	lsr	r24
     c5c:	86 95       	lsr	r24
     c5e:	86 95       	lsr	r24
     c60:	08 95       	ret

00000c62 <lockers_read_frame>:
     c62:	cf 93       	push	r28
     c64:	c8 2f       	mov	r28, r24
     c66:	cc 0f       	add	r28, r28
     c68:	cc 0f       	add	r28, r28
     c6a:	cc 0f       	add	r28, r28
     c6c:	8c 2f       	mov	r24, r28
     c6e:	0e 94 54 02 	call	0x4a8	; 0x4a8 <EEPROM_read>
     c72:	80 93 ac 02 	sts	0x02AC, r24
     c76:	81 e0       	ldi	r24, 0x01	; 1
     c78:	8c 0f       	add	r24, r28
     c7a:	0e 94 54 02 	call	0x4a8	; 0x4a8 <EEPROM_read>
     c7e:	80 93 ad 02 	sts	0x02AD, r24
     c82:	82 e0       	ldi	r24, 0x02	; 2
     c84:	8c 0f       	add	r24, r28
     c86:	0e 94 54 02 	call	0x4a8	; 0x4a8 <EEPROM_read>
     c8a:	80 93 ae 02 	sts	0x02AE, r24
     c8e:	83 e0       	ldi	r24, 0x03	; 3
     c90:	8c 0f       	add	r24, r28
     c92:	0e 94 54 02 	call	0x4a8	; 0x4a8 <EEPROM_read>
     c96:	80 93 af 02 	sts	0x02AF, r24
     c9a:	84 e0       	ldi	r24, 0x04	; 4
     c9c:	8c 0f       	add	r24, r28
     c9e:	0e 94 54 02 	call	0x4a8	; 0x4a8 <EEPROM_read>
     ca2:	80 93 b0 02 	sts	0x02B0, r24
     ca6:	85 e0       	ldi	r24, 0x05	; 5
     ca8:	8c 0f       	add	r24, r28
     caa:	0e 94 a6 02 	call	0x54c	; 0x54c <EEPROM_read_word>
     cae:	90 93 b2 02 	sts	0x02B2, r25
     cb2:	80 93 b1 02 	sts	0x02B1, r24
     cb6:	87 e0       	ldi	r24, 0x07	; 7
     cb8:	8c 0f       	add	r24, r28
     cba:	0e 94 54 02 	call	0x4a8	; 0x4a8 <EEPROM_read>
     cbe:	80 93 b3 02 	sts	0x02B3, r24
     cc2:	cf 91       	pop	r28
     cc4:	08 95       	ret

00000cc6 <lockers_save_events>:
     cc6:	ef 92       	push	r14
     cc8:	ff 92       	push	r15
     cca:	0f 93       	push	r16
     ccc:	1f 93       	push	r17
     cce:	cf 93       	push	r28
     cd0:	df 93       	push	r29
     cd2:	80 e9       	ldi	r24, 0x90	; 144
     cd4:	91 e0       	ldi	r25, 0x01	; 1
     cd6:	0e 94 ad 01 	call	0x35a	; 0x35a <delay_ms_var>
     cda:	8f ef       	ldi	r24, 0xFF	; 255
     cdc:	0e 94 4b 16 	call	0x2c96	; 0x2c96 <PCF8583_read>
     ce0:	18 2f       	mov	r17, r24
     ce2:	2f ef       	ldi	r18, 0xFF	; 255
     ce4:	30 e0       	ldi	r19, 0x00	; 0
     ce6:	28 1b       	sub	r18, r24
     ce8:	31 09       	sbc	r19, r1
     cea:	27 30       	cpi	r18, 0x07	; 7
     cec:	31 05       	cpc	r19, r1
     cee:	14 f0       	brlt	.+4      	; 0xcf4 <lockers_save_events+0x2e>
     cf0:	f1 2c       	mov	r15, r1
     cf2:	03 c0       	rjmp	.+6      	; 0xcfa <lockers_save_events+0x34>
     cf4:	ff 24       	eor	r15, r15
     cf6:	f3 94       	inc	r15
     cf8:	10 e0       	ldi	r17, 0x00	; 0
     cfa:	c2 ea       	ldi	r28, 0xA2	; 162
     cfc:	d2 e0       	ldi	r29, 0x02	; 2
     cfe:	01 e0       	ldi	r16, 0x01	; 1
     d00:	84 e6       	ldi	r24, 0x64	; 100
     d02:	e8 2e       	mov	r14, r24
     d04:	89 91       	ld	r24, Y+
     d06:	88 23       	and	r24, r24
     d08:	c9 f1       	breq	.+114    	; 0xd7c <lockers_save_events+0xb6>
     d0a:	0e 94 71 07 	call	0xee2	; 0xee2 <buzzer>
     d0e:	82 e3       	ldi	r24, 0x32	; 50
     d10:	90 e0       	ldi	r25, 0x00	; 0
     d12:	0e 94 ad 01 	call	0x35a	; 0x35a <delay_ms_var>
     d16:	0e 94 c8 18 	call	0x3190	; 0x3190 <PCF8583_get_wall_time>
     d1a:	60 91 b7 02 	lds	r22, 0x02B7
     d1e:	81 2f       	mov	r24, r17
     d20:	0e 94 74 02 	call	0x4e8	; 0x4e8 <EEPROM_write>
     d24:	60 91 a8 02 	lds	r22, 0x02A8
     d28:	81 e0       	ldi	r24, 0x01	; 1
     d2a:	81 0f       	add	r24, r17
     d2c:	0e 94 74 02 	call	0x4e8	; 0x4e8 <EEPROM_write>
     d30:	60 91 a7 02 	lds	r22, 0x02A7
     d34:	82 e0       	ldi	r24, 0x02	; 2
     d36:	81 0f       	add	r24, r17
     d38:	0e 94 74 02 	call	0x4e8	; 0x4e8 <EEPROM_write>
     d3c:	60 91 be 02 	lds	r22, 0x02BE
     d40:	83 e0       	ldi	r24, 0x03	; 3
     d42:	81 0f       	add	r24, r17
     d44:	0e 94 74 02 	call	0x4e8	; 0x4e8 <EEPROM_write>
     d48:	60 91 a9 02 	lds	r22, 0x02A9
     d4c:	84 e0       	ldi	r24, 0x04	; 4
     d4e:	81 0f       	add	r24, r17
     d50:	0e 94 74 02 	call	0x4e8	; 0x4e8 <EEPROM_write>
     d54:	60 91 b8 02 	lds	r22, 0x02B8
     d58:	70 91 b9 02 	lds	r23, 0x02B9
     d5c:	85 e0       	ldi	r24, 0x05	; 5
     d5e:	81 0f       	add	r24, r17
     d60:	0e 94 92 02 	call	0x524	; 0x524 <EEPROM_write_word>
     d64:	fe 01       	movw	r30, r28
     d66:	31 97       	sbiw	r30, 0x01	; 1
     d68:	80 81       	ld	r24, Z
     d6a:	60 2f       	mov	r22, r16
     d6c:	8e 9d       	mul	r24, r14
     d6e:	60 0d       	add	r22, r0
     d70:	11 24       	eor	r1, r1
     d72:	87 e0       	ldi	r24, 0x07	; 7
     d74:	81 0f       	add	r24, r17
     d76:	0e 94 74 02 	call	0x4e8	; 0x4e8 <EEPROM_write>
     d7a:	18 5f       	subi	r17, 0xF8	; 248
     d7c:	0f 5f       	subi	r16, 0xFF	; 255
     d7e:	03 30       	cpi	r16, 0x03	; 3
     d80:	09 f0       	breq	.+2      	; 0xd84 <lockers_save_events+0xbe>
     d82:	c0 cf       	rjmp	.-128    	; 0xd04 <lockers_save_events+0x3e>
     d84:	61 2f       	mov	r22, r17
     d86:	8f ef       	ldi	r24, 0xFF	; 255
     d88:	0e 94 6b 16 	call	0x2cd6	; 0x2cd6 <PCF8583_write>
     d8c:	11 23       	and	r17, r17
     d8e:	19 f0       	breq	.+6      	; 0xd96 <lockers_save_events+0xd0>
     d90:	81 e0       	ldi	r24, 0x01	; 1
     d92:	f8 12       	cpse	r15, r24
     d94:	0c c0       	rjmp	.+24     	; 0xdae <lockers_save_events+0xe8>
     d96:	60 e0       	ldi	r22, 0x00	; 0
     d98:	70 e0       	ldi	r23, 0x00	; 0
     d9a:	8a e7       	ldi	r24, 0x7A	; 122
     d9c:	94 e4       	ldi	r25, 0x44	; 68
     d9e:	df 91       	pop	r29
     da0:	cf 91       	pop	r28
     da2:	1f 91       	pop	r17
     da4:	0f 91       	pop	r16
     da6:	ff 90       	pop	r15
     da8:	ef 90       	pop	r14
     daa:	0c 94 7a 07 	jmp	0xef4	; 0xef4 <buzzer_time>
     dae:	df 91       	pop	r29
     db0:	cf 91       	pop	r28
     db2:	1f 91       	pop	r17
     db4:	0f 91       	pop	r16
     db6:	ff 90       	pop	r15
     db8:	ef 90       	pop	r14
     dba:	08 95       	ret

00000dbc <locker_1_button>:
     dbc:	80 b3       	in	r24, 0x10	; 16
     dbe:	82 fb       	bst	r24, 2
     dc0:	88 27       	eor	r24, r24
     dc2:	80 f9       	bld	r24, 0
     dc4:	91 e0       	ldi	r25, 0x01	; 1
     dc6:	89 27       	eor	r24, r25
     dc8:	08 95       	ret

00000dca <locker_2_button>:
     dca:	80 b3       	in	r24, 0x10	; 16
     dcc:	83 fb       	bst	r24, 3
     dce:	88 27       	eor	r24, r24
     dd0:	80 f9       	bld	r24, 0
     dd2:	91 e0       	ldi	r25, 0x01	; 1
     dd4:	89 27       	eor	r24, r25
     dd6:	08 95       	ret

00000dd8 <lockers_state_of_single_button>:
     dd8:	81 11       	cpse	r24, r1
     dda:	02 c0       	rjmp	.+4      	; 0xde0 <lockers_state_of_single_button+0x8>
     ddc:	0c 94 de 06 	jmp	0xdbc	; 0xdbc <locker_1_button>
     de0:	81 30       	cpi	r24, 0x01	; 1
     de2:	11 f4       	brne	.+4      	; 0xde8 <lockers_state_of_single_button+0x10>
     de4:	0c 94 e5 06 	jmp	0xdca	; 0xdca <locker_2_button>
     de8:	8f ef       	ldi	r24, 0xFF	; 255
     dea:	08 95       	ret

00000dec <lockers_beginning_actions>:
     dec:	80 e0       	ldi	r24, 0x00	; 0
     dee:	0e 94 ec 06 	call	0xdd8	; 0xdd8 <lockers_state_of_single_button>
     df2:	80 93 a0 02 	sts	0x02A0, r24
     df6:	81 e0       	ldi	r24, 0x01	; 1
     df8:	0e 94 ec 06 	call	0xdd8	; 0xdd8 <lockers_state_of_single_button>
     dfc:	80 93 a1 02 	sts	0x02A1, r24
     e00:	08 95       	ret

00000e02 <lockers_check_events>:
     e02:	bf 92       	push	r11
     e04:	cf 92       	push	r12
     e06:	df 92       	push	r13
     e08:	ef 92       	push	r14
     e0a:	ff 92       	push	r15
     e0c:	0f 93       	push	r16
     e0e:	1f 93       	push	r17
     e10:	cf 93       	push	r28
     e12:	df 93       	push	r29
     e14:	00 ea       	ldi	r16, 0xA0	; 160
     e16:	12 e0       	ldi	r17, 0x02	; 2
     e18:	c2 ea       	ldi	r28, 0xA2	; 162
     e1a:	d2 e0       	ldi	r29, 0x02	; 2
     e1c:	d1 2c       	mov	r13, r1
     e1e:	e1 2c       	mov	r14, r1
     e20:	f1 2c       	mov	r15, r1
     e22:	cc 24       	eor	r12, r12
     e24:	c3 94       	inc	r12
     e26:	22 e0       	ldi	r18, 0x02	; 2
     e28:	b2 2e       	mov	r11, r18
     e2a:	8d 2d       	mov	r24, r13
     e2c:	0e 94 ec 06 	call	0xdd8	; 0xdd8 <lockers_state_of_single_button>
     e30:	f8 01       	movw	r30, r16
     e32:	90 81       	ld	r25, Z
     e34:	89 17       	cp	r24, r25
     e36:	49 f0       	breq	.+18     	; 0xe4a <lockers_check_events+0x48>
     e38:	88 23       	and	r24, r24
     e3a:	11 f0       	breq	.+4      	; 0xe40 <lockers_check_events+0x3e>
     e3c:	b8 82       	st	Y, r11
     e3e:	01 c0       	rjmp	.+2      	; 0xe42 <lockers_check_events+0x40>
     e40:	c8 82       	st	Y, r12
     e42:	ee 24       	eor	r14, r14
     e44:	e3 94       	inc	r14
     e46:	f1 2c       	mov	r15, r1
     e48:	01 c0       	rjmp	.+2      	; 0xe4c <lockers_check_events+0x4a>
     e4a:	18 82       	st	Y, r1
     e4c:	f8 01       	movw	r30, r16
     e4e:	81 93       	st	Z+, r24
     e50:	8f 01       	movw	r16, r30
     e52:	d3 94       	inc	r13
     e54:	21 96       	adiw	r28, 0x01	; 1
     e56:	f2 e0       	ldi	r31, 0x02	; 2
     e58:	df 12       	cpse	r13, r31
     e5a:	e7 cf       	rjmp	.-50     	; 0xe2a <lockers_check_events+0x28>
     e5c:	ef 28       	or	r14, r15
     e5e:	59 f0       	breq	.+22     	; 0xe76 <lockers_check_events+0x74>
     e60:	df 91       	pop	r29
     e62:	cf 91       	pop	r28
     e64:	1f 91       	pop	r17
     e66:	0f 91       	pop	r16
     e68:	ff 90       	pop	r15
     e6a:	ef 90       	pop	r14
     e6c:	df 90       	pop	r13
     e6e:	cf 90       	pop	r12
     e70:	bf 90       	pop	r11
     e72:	0c 94 63 06 	jmp	0xcc6	; 0xcc6 <lockers_save_events>
     e76:	df 91       	pop	r29
     e78:	cf 91       	pop	r28
     e7a:	1f 91       	pop	r17
     e7c:	0f 91       	pop	r16
     e7e:	ff 90       	pop	r15
     e80:	ef 90       	pop	r14
     e82:	df 90       	pop	r13
     e84:	cf 90       	pop	r12
     e86:	bf 90       	pop	r11
     e88:	08 95       	ret

00000e8a <pisz.2254>:
     e8a:	2f 92       	push	r2
     e8c:	3f 92       	push	r3
     e8e:	10 92 9d 02 	sts	0x029D, r1
     e92:	10 92 9c 02 	sts	0x029C, r1
     e96:	80 91 9c 02 	lds	r24, 0x029C
     e9a:	90 91 9d 02 	lds	r25, 0x029D
     e9e:	20 91 aa 02 	lds	r18, 0x02AA
     ea2:	30 91 ab 02 	lds	r19, 0x02AB
     ea6:	82 17       	cp	r24, r18
     ea8:	93 07       	cpc	r25, r19
     eaa:	c4 f4       	brge	.+48     	; 0xedc <pisz.2254+0x52>
     eac:	d1 01       	movw	r26, r2
     eae:	ed 91       	ld	r30, X+
     eb0:	fc 91       	ld	r31, X
     eb2:	e8 0f       	add	r30, r24
     eb4:	f9 1f       	adc	r31, r25
     eb6:	80 81       	ld	r24, Z
     eb8:	0e 94 1e 03 	call	0x63c	; 0x63c <LCD_WriteData>
     ebc:	60 e0       	ldi	r22, 0x00	; 0
     ebe:	70 e0       	ldi	r23, 0x00	; 0
     ec0:	88 e4       	ldi	r24, 0x48	; 72
     ec2:	92 e4       	ldi	r25, 0x42	; 66
     ec4:	0e 94 c1 01 	call	0x382	; 0x382 <delay_ms_var_double>
     ec8:	80 91 9c 02 	lds	r24, 0x029C
     ecc:	90 91 9d 02 	lds	r25, 0x029D
     ed0:	01 96       	adiw	r24, 0x01	; 1
     ed2:	90 93 9d 02 	sts	0x029D, r25
     ed6:	80 93 9c 02 	sts	0x029C, r24
     eda:	dd cf       	rjmp	.-70     	; 0xe96 <pisz.2254+0xc>
     edc:	3f 90       	pop	r3
     ede:	2f 90       	pop	r2
     ee0:	08 95       	ret

00000ee2 <buzzer>:
     ee2:	97 9a       	sbi	0x12, 7	; 18
     ee4:	60 e0       	ldi	r22, 0x00	; 0
     ee6:	70 e0       	ldi	r23, 0x00	; 0
     ee8:	80 e8       	ldi	r24, 0x80	; 128
     eea:	9f e3       	ldi	r25, 0x3F	; 63
     eec:	0e 94 c1 01 	call	0x382	; 0x382 <delay_ms_var_double>
     ef0:	97 98       	cbi	0x12, 7	; 18
     ef2:	08 95       	ret

00000ef4 <buzzer_time>:
     ef4:	97 9a       	sbi	0x12, 7	; 18
     ef6:	0e 94 c1 01 	call	0x382	; 0x382 <delay_ms_var_double>
     efa:	97 98       	cbi	0x12, 7	; 18
     efc:	08 95       	ret

00000efe <wysw_skok>:
     efe:	0f 93       	push	r16
     f00:	1f 93       	push	r17
     f02:	cf 93       	push	r28
     f04:	df 93       	push	r29
     f06:	2a e0       	ldi	r18, 0x0A	; 10
     f08:	30 e0       	ldi	r19, 0x00	; 0
     f0a:	c1 e0       	ldi	r28, 0x01	; 1
     f0c:	4a e0       	ldi	r20, 0x0A	; 10
     f0e:	82 17       	cp	r24, r18
     f10:	93 07       	cpc	r25, r19
     f12:	40 f0       	brcs	.+16     	; 0xf24 <wysw_skok+0x26>
     f14:	cf 5f       	subi	r28, 0xFF	; 255
     f16:	b9 01       	movw	r22, r18
     f18:	46 9f       	mul	r20, r22
     f1a:	90 01       	movw	r18, r0
     f1c:	47 9f       	mul	r20, r23
     f1e:	30 0d       	add	r19, r0
     f20:	11 24       	eor	r1, r1
     f22:	f5 cf       	rjmp	.-22     	; 0xf0e <wysw_skok+0x10>
     f24:	30 93 9d 02 	sts	0x029D, r19
     f28:	20 93 9c 02 	sts	0x029C, r18
     f2c:	90 93 b6 02 	sts	0x02B6, r25
     f30:	80 93 b5 02 	sts	0x02B5, r24
     f34:	80 e0       	ldi	r24, 0x00	; 0
     f36:	90 e0       	ldi	r25, 0x00	; 0
     f38:	0e 94 e0 04 	call	0x9c0	; 0x9c0 <LCD_Erase>
     f3c:	10 92 9d 02 	sts	0x029D, r1
     f40:	10 92 9c 02 	sts	0x029C, r1
     f44:	8c 2f       	mov	r24, r28
     f46:	90 e0       	ldi	r25, 0x00	; 0
     f48:	c7 e2       	ldi	r28, 0x27	; 39
     f4a:	d0 e0       	ldi	r29, 0x00	; 0
     f4c:	c8 1b       	sub	r28, r24
     f4e:	d9 0b       	sbc	r29, r25
     f50:	8c 01       	movw	r16, r24
     f52:	0d 5f       	subi	r16, 0xFD	; 253
     f54:	1f 4f       	sbci	r17, 0xFF	; 255
     f56:	80 91 9c 02 	lds	r24, 0x029C
     f5a:	90 91 9d 02 	lds	r25, 0x029D
     f5e:	8c 17       	cp	r24, r28
     f60:	9d 07       	cpc	r25, r29
     f62:	fc f4       	brge	.+62     	; 0xfa2 <wysw_skok+0xa4>
     f64:	60 e0       	ldi	r22, 0x00	; 0
     f66:	0e 94 30 03 	call	0x660	; 0x660 <LCD_GoTo>
     f6a:	80 91 b5 02 	lds	r24, 0x02B5
     f6e:	90 91 b6 02 	lds	r25, 0x02B6
     f72:	0e 94 85 03 	call	0x70a	; 0x70a <LCD_Int>
     f76:	61 e0       	ldi	r22, 0x01	; 1
     f78:	80 91 9c 02 	lds	r24, 0x029C
     f7c:	0e 94 30 03 	call	0x660	; 0x660 <LCD_GoTo>
     f80:	80 91 b5 02 	lds	r24, 0x02B5
     f84:	90 91 b6 02 	lds	r25, 0x02B6
     f88:	0e 94 85 03 	call	0x70a	; 0x70a <LCD_Int>
     f8c:	80 91 9c 02 	lds	r24, 0x029C
     f90:	90 91 9d 02 	lds	r25, 0x029D
     f94:	80 0f       	add	r24, r16
     f96:	91 1f       	adc	r25, r17
     f98:	90 93 9d 02 	sts	0x029D, r25
     f9c:	80 93 9c 02 	sts	0x029C, r24
     fa0:	da cf       	rjmp	.-76     	; 0xf56 <wysw_skok+0x58>
     fa2:	60 e0       	ldi	r22, 0x00	; 0
     fa4:	70 e0       	ldi	r23, 0x00	; 0
     fa6:	8a ef       	ldi	r24, 0xFA	; 250
     fa8:	93 e4       	ldi	r25, 0x43	; 67
     faa:	0e 94 c1 01 	call	0x382	; 0x382 <delay_ms_var_double>
     fae:	81 e0       	ldi	r24, 0x01	; 1
     fb0:	80 93 8c 02 	sts	0x028C, r24
     fb4:	df 91       	pop	r29
     fb6:	cf 91       	pop	r28
     fb8:	1f 91       	pop	r17
     fba:	0f 91       	pop	r16
     fbc:	08 95       	ret

00000fbe <step_increase>:
     fbe:	20 91 b5 02 	lds	r18, 0x02B5
     fc2:	30 91 b6 02 	lds	r19, 0x02B6
     fc6:	4a e0       	ldi	r20, 0x0A	; 10
     fc8:	42 9f       	mul	r20, r18
     fca:	c0 01       	movw	r24, r0
     fcc:	43 9f       	mul	r20, r19
     fce:	90 0d       	add	r25, r0
     fd0:	11 24       	eor	r1, r1
     fd2:	89 3e       	cpi	r24, 0xE9	; 233
     fd4:	23 e0       	ldi	r18, 0x03	; 3
     fd6:	92 07       	cpc	r25, r18
     fd8:	10 f0       	brcs	.+4      	; 0xfde <step_increase+0x20>
     fda:	88 ee       	ldi	r24, 0xE8	; 232
     fdc:	93 e0       	ldi	r25, 0x03	; 3
     fde:	90 93 b6 02 	sts	0x02B6, r25
     fe2:	80 93 b5 02 	sts	0x02B5, r24
     fe6:	80 91 b5 02 	lds	r24, 0x02B5
     fea:	90 91 b6 02 	lds	r25, 0x02B6
     fee:	0c 94 7f 07 	jmp	0xefe	; 0xefe <wysw_skok>

00000ff2 <step_decrease>:
     ff2:	80 91 b5 02 	lds	r24, 0x02B5
     ff6:	90 91 b6 02 	lds	r25, 0x02B6
     ffa:	6a e0       	ldi	r22, 0x0A	; 10
     ffc:	70 e0       	ldi	r23, 0x00	; 0
     ffe:	0e 94 0c 1a 	call	0x3418	; 0x3418 <__udivmodhi4>
    1002:	61 15       	cp	r22, r1
    1004:	71 05       	cpc	r23, r1
    1006:	29 f0       	breq	.+10     	; 0x1012 <step_decrease+0x20>
    1008:	70 93 b6 02 	sts	0x02B6, r23
    100c:	60 93 b5 02 	sts	0x02B5, r22
    1010:	06 c0       	rjmp	.+12     	; 0x101e <step_decrease+0x2c>
    1012:	81 e0       	ldi	r24, 0x01	; 1
    1014:	90 e0       	ldi	r25, 0x00	; 0
    1016:	90 93 b6 02 	sts	0x02B6, r25
    101a:	80 93 b5 02 	sts	0x02B5, r24
    101e:	80 91 b5 02 	lds	r24, 0x02B5
    1022:	90 91 b6 02 	lds	r25, 0x02B6
    1026:	0c 94 7f 07 	jmp	0xefe	; 0xefe <wysw_skok>

0000102a <wybor>:
    102a:	cf 93       	push	r28
    102c:	df 93       	push	r29
    102e:	ec 01       	movw	r28, r24
    1030:	0e 94 37 03 	call	0x66e	; 0x66e <LCD_Clear>
    1034:	8f eb       	ldi	r24, 0xBF	; 191
    1036:	90 e0       	ldi	r25, 0x00	; 0
    1038:	0e 94 24 03 	call	0x648	; 0x648 <LCD_WriteText>
    103c:	ce 01       	movw	r24, r28
    103e:	0e 94 85 03 	call	0x70a	; 0x70a <LCD_Int>
    1042:	61 e0       	ldi	r22, 0x01	; 1
    1044:	80 e0       	ldi	r24, 0x00	; 0
    1046:	0e 94 30 03 	call	0x660	; 0x660 <LCD_GoTo>
    104a:	20 97       	sbiw	r28, 0x00	; 0
    104c:	19 f4       	brne	.+6      	; 0x1054 <wybor+0x2a>
    104e:	89 ec       	ldi	r24, 0xC9	; 201
    1050:	90 e0       	ldi	r25, 0x00	; 0
    1052:	22 c0       	rjmp	.+68     	; 0x1098 <wybor+0x6e>
    1054:	c1 30       	cpi	r28, 0x01	; 1
    1056:	d1 05       	cpc	r29, r1
    1058:	19 f4       	brne	.+6      	; 0x1060 <wybor+0x36>
    105a:	88 ed       	ldi	r24, 0xD8	; 216
    105c:	90 e0       	ldi	r25, 0x00	; 0
    105e:	1c c0       	rjmp	.+56     	; 0x1098 <wybor+0x6e>
    1060:	c2 30       	cpi	r28, 0x02	; 2
    1062:	d1 05       	cpc	r29, r1
    1064:	19 f4       	brne	.+6      	; 0x106c <wybor+0x42>
    1066:	88 ee       	ldi	r24, 0xE8	; 232
    1068:	90 e0       	ldi	r25, 0x00	; 0
    106a:	16 c0       	rjmp	.+44     	; 0x1098 <wybor+0x6e>
    106c:	c3 30       	cpi	r28, 0x03	; 3
    106e:	d1 05       	cpc	r29, r1
    1070:	19 f4       	brne	.+6      	; 0x1078 <wybor+0x4e>
    1072:	86 ef       	ldi	r24, 0xF6	; 246
    1074:	90 e0       	ldi	r25, 0x00	; 0
    1076:	10 c0       	rjmp	.+32     	; 0x1098 <wybor+0x6e>
    1078:	c4 30       	cpi	r28, 0x04	; 4
    107a:	d1 05       	cpc	r29, r1
    107c:	19 f4       	brne	.+6      	; 0x1084 <wybor+0x5a>
    107e:	8f ef       	ldi	r24, 0xFF	; 255
    1080:	90 e0       	ldi	r25, 0x00	; 0
    1082:	0a c0       	rjmp	.+20     	; 0x1098 <wybor+0x6e>
    1084:	c5 30       	cpi	r28, 0x05	; 5
    1086:	d1 05       	cpc	r29, r1
    1088:	19 f4       	brne	.+6      	; 0x1090 <wybor+0x66>
    108a:	8f e0       	ldi	r24, 0x0F	; 15
    108c:	91 e0       	ldi	r25, 0x01	; 1
    108e:	04 c0       	rjmp	.+8      	; 0x1098 <wybor+0x6e>
    1090:	26 97       	sbiw	r28, 0x06	; 6
    1092:	21 f4       	brne	.+8      	; 0x109c <wybor+0x72>
    1094:	8e e1       	ldi	r24, 0x1E	; 30
    1096:	91 e0       	ldi	r25, 0x01	; 1
    1098:	0e 94 24 03 	call	0x648	; 0x648 <LCD_WriteText>
    109c:	10 92 9d 02 	sts	0x029D, r1
    10a0:	10 92 9c 02 	sts	0x029C, r1
    10a4:	80 91 9c 02 	lds	r24, 0x029C
    10a8:	90 91 9d 02 	lds	r25, 0x029D
    10ac:	05 97       	sbiw	r24, 0x05	; 5
    10ae:	94 f4       	brge	.+36     	; 0x10d4 <wybor+0xaa>
    10b0:	60 e0       	ldi	r22, 0x00	; 0
    10b2:	70 e0       	ldi	r23, 0x00	; 0
    10b4:	80 e2       	ldi	r24, 0x20	; 32
    10b6:	91 e4       	ldi	r25, 0x41	; 65
    10b8:	0e 94 c1 01 	call	0x382	; 0x382 <delay_ms_var_double>
    10bc:	0e 94 71 07 	call	0xee2	; 0xee2 <buzzer>
    10c0:	80 91 9c 02 	lds	r24, 0x029C
    10c4:	90 91 9d 02 	lds	r25, 0x029D
    10c8:	01 96       	adiw	r24, 0x01	; 1
    10ca:	90 93 9d 02 	sts	0x029D, r25
    10ce:	80 93 9c 02 	sts	0x029C, r24
    10d2:	e8 cf       	rjmp	.-48     	; 0x10a4 <wybor+0x7a>
    10d4:	60 e0       	ldi	r22, 0x00	; 0
    10d6:	70 e0       	ldi	r23, 0x00	; 0
    10d8:	8a ef       	ldi	r24, 0xFA	; 250
    10da:	93 e4       	ldi	r25, 0x43	; 67
    10dc:	0e 94 c1 01 	call	0x382	; 0x382 <delay_ms_var_double>
    10e0:	df 91       	pop	r29
    10e2:	cf 91       	pop	r28
    10e4:	0c 94 37 03 	jmp	0x66e	; 0x66e <LCD_Clear>

000010e8 <show_day_of_week>:
    10e8:	81 11       	cpse	r24, r1
    10ea:	03 c0       	rjmp	.+6      	; 0x10f2 <show_day_of_week+0xa>
    10ec:	8c e2       	ldi	r24, 0x2C	; 44
    10ee:	91 e0       	ldi	r25, 0x01	; 1
    10f0:	1d c0       	rjmp	.+58     	; 0x112c <show_day_of_week+0x44>
    10f2:	81 30       	cpi	r24, 0x01	; 1
    10f4:	19 f4       	brne	.+6      	; 0x10fc <show_day_of_week+0x14>
    10f6:	80 e3       	ldi	r24, 0x30	; 48
    10f8:	91 e0       	ldi	r25, 0x01	; 1
    10fa:	18 c0       	rjmp	.+48     	; 0x112c <show_day_of_week+0x44>
    10fc:	82 30       	cpi	r24, 0x02	; 2
    10fe:	19 f4       	brne	.+6      	; 0x1106 <show_day_of_week+0x1e>
    1100:	84 e3       	ldi	r24, 0x34	; 52
    1102:	91 e0       	ldi	r25, 0x01	; 1
    1104:	13 c0       	rjmp	.+38     	; 0x112c <show_day_of_week+0x44>
    1106:	83 30       	cpi	r24, 0x03	; 3
    1108:	19 f4       	brne	.+6      	; 0x1110 <show_day_of_week+0x28>
    110a:	88 e3       	ldi	r24, 0x38	; 56
    110c:	91 e0       	ldi	r25, 0x01	; 1
    110e:	0e c0       	rjmp	.+28     	; 0x112c <show_day_of_week+0x44>
    1110:	84 30       	cpi	r24, 0x04	; 4
    1112:	19 f4       	brne	.+6      	; 0x111a <show_day_of_week+0x32>
    1114:	8c e3       	ldi	r24, 0x3C	; 60
    1116:	91 e0       	ldi	r25, 0x01	; 1
    1118:	09 c0       	rjmp	.+18     	; 0x112c <show_day_of_week+0x44>
    111a:	85 30       	cpi	r24, 0x05	; 5
    111c:	19 f4       	brne	.+6      	; 0x1124 <show_day_of_week+0x3c>
    111e:	80 e4       	ldi	r24, 0x40	; 64
    1120:	91 e0       	ldi	r25, 0x01	; 1
    1122:	04 c0       	rjmp	.+8      	; 0x112c <show_day_of_week+0x44>
    1124:	86 30       	cpi	r24, 0x06	; 6
    1126:	21 f4       	brne	.+8      	; 0x1130 <show_day_of_week+0x48>
    1128:	84 e4       	ldi	r24, 0x44	; 68
    112a:	91 e0       	ldi	r25, 0x01	; 1
    112c:	0c 94 24 03 	jmp	0x648	; 0x648 <LCD_WriteText>
    1130:	08 95       	ret

00001132 <show_time_only_format>:
    1132:	60 e0       	ldi	r22, 0x00	; 0
    1134:	80 91 91 02 	lds	r24, 0x0291
    1138:	0e 94 30 03 	call	0x660	; 0x660 <LCD_GoTo>
    113c:	80 91 a7 02 	lds	r24, 0x02A7
    1140:	8a 30       	cpi	r24, 0x0A	; 10
    1142:	24 f4       	brge	.+8      	; 0x114c <show_time_only_format+0x1a>
    1144:	80 e0       	ldi	r24, 0x00	; 0
    1146:	90 e0       	ldi	r25, 0x00	; 0
    1148:	0e 94 85 03 	call	0x70a	; 0x70a <LCD_Int>
    114c:	80 91 a7 02 	lds	r24, 0x02A7
    1150:	99 27       	eor	r25, r25
    1152:	87 fd       	sbrc	r24, 7
    1154:	90 95       	com	r25
    1156:	0e 94 85 03 	call	0x70a	; 0x70a <LCD_Int>
    115a:	8d e6       	ldi	r24, 0x6D	; 109
    115c:	92 e0       	ldi	r25, 0x02	; 2
    115e:	0e 94 24 03 	call	0x648	; 0x648 <LCD_WriteText>
    1162:	80 91 a8 02 	lds	r24, 0x02A8
    1166:	8a 30       	cpi	r24, 0x0A	; 10
    1168:	24 f4       	brge	.+8      	; 0x1172 <show_time_only_format+0x40>
    116a:	80 e0       	ldi	r24, 0x00	; 0
    116c:	90 e0       	ldi	r25, 0x00	; 0
    116e:	0e 94 85 03 	call	0x70a	; 0x70a <LCD_Int>
    1172:	80 91 a8 02 	lds	r24, 0x02A8
    1176:	99 27       	eor	r25, r25
    1178:	87 fd       	sbrc	r24, 7
    117a:	90 95       	com	r25
    117c:	0e 94 85 03 	call	0x70a	; 0x70a <LCD_Int>
    1180:	8d e6       	ldi	r24, 0x6D	; 109
    1182:	92 e0       	ldi	r25, 0x02	; 2
    1184:	0e 94 24 03 	call	0x648	; 0x648 <LCD_WriteText>
    1188:	80 91 b7 02 	lds	r24, 0x02B7
    118c:	8a 30       	cpi	r24, 0x0A	; 10
    118e:	24 f4       	brge	.+8      	; 0x1198 <show_time_only_format+0x66>
    1190:	80 e0       	ldi	r24, 0x00	; 0
    1192:	90 e0       	ldi	r25, 0x00	; 0
    1194:	0e 94 85 03 	call	0x70a	; 0x70a <LCD_Int>
    1198:	80 91 b7 02 	lds	r24, 0x02B7
    119c:	99 27       	eor	r25, r25
    119e:	87 fd       	sbrc	r24, 7
    11a0:	90 95       	com	r25
    11a2:	0e 94 85 03 	call	0x70a	; 0x70a <LCD_Int>
    11a6:	8d e6       	ldi	r24, 0x6D	; 109
    11a8:	92 e0       	ldi	r25, 0x02	; 2
    11aa:	0e 94 24 03 	call	0x648	; 0x648 <LCD_WriteText>
    11ae:	80 91 a6 02 	lds	r24, 0x02A6
    11b2:	8a 30       	cpi	r24, 0x0A	; 10
    11b4:	24 f4       	brge	.+8      	; 0x11be <show_time_only_format+0x8c>
    11b6:	80 e0       	ldi	r24, 0x00	; 0
    11b8:	90 e0       	ldi	r25, 0x00	; 0
    11ba:	0e 94 85 03 	call	0x70a	; 0x70a <LCD_Int>
    11be:	80 91 a6 02 	lds	r24, 0x02A6
    11c2:	99 27       	eor	r25, r25
    11c4:	87 fd       	sbrc	r24, 7
    11c6:	90 95       	com	r25
    11c8:	0c 94 85 03 	jmp	0x70a	; 0x70a <LCD_Int>

000011cc <show_time_format>:
    11cc:	0e 94 99 08 	call	0x1132	; 0x1132 <show_time_only_format>
    11d0:	61 e0       	ldi	r22, 0x01	; 1
    11d2:	80 91 91 02 	lds	r24, 0x0291
    11d6:	0e 94 30 03 	call	0x660	; 0x660 <LCD_GoTo>
    11da:	80 91 be 02 	lds	r24, 0x02BE
    11de:	8a 30       	cpi	r24, 0x0A	; 10
    11e0:	24 f4       	brge	.+8      	; 0x11ea <show_time_format+0x1e>
    11e2:	80 e0       	ldi	r24, 0x00	; 0
    11e4:	90 e0       	ldi	r25, 0x00	; 0
    11e6:	0e 94 85 03 	call	0x70a	; 0x70a <LCD_Int>
    11ea:	80 91 be 02 	lds	r24, 0x02BE
    11ee:	99 27       	eor	r25, r25
    11f0:	87 fd       	sbrc	r24, 7
    11f2:	90 95       	com	r25
    11f4:	0e 94 85 03 	call	0x70a	; 0x70a <LCD_Int>
    11f8:	8d e6       	ldi	r24, 0x6D	; 109
    11fa:	92 e0       	ldi	r25, 0x02	; 2
    11fc:	0e 94 24 03 	call	0x648	; 0x648 <LCD_WriteText>
    1200:	80 91 a9 02 	lds	r24, 0x02A9
    1204:	8a 30       	cpi	r24, 0x0A	; 10
    1206:	24 f4       	brge	.+8      	; 0x1210 <show_time_format+0x44>
    1208:	80 e0       	ldi	r24, 0x00	; 0
    120a:	90 e0       	ldi	r25, 0x00	; 0
    120c:	0e 94 85 03 	call	0x70a	; 0x70a <LCD_Int>
    1210:	80 91 a9 02 	lds	r24, 0x02A9
    1214:	99 27       	eor	r25, r25
    1216:	87 fd       	sbrc	r24, 7
    1218:	90 95       	com	r25
    121a:	0e 94 85 03 	call	0x70a	; 0x70a <LCD_Int>
    121e:	8d e6       	ldi	r24, 0x6D	; 109
    1220:	92 e0       	ldi	r25, 0x02	; 2
    1222:	0e 94 24 03 	call	0x648	; 0x648 <LCD_WriteText>
    1226:	80 91 b8 02 	lds	r24, 0x02B8
    122a:	90 91 b9 02 	lds	r25, 0x02B9
    122e:	0e 94 85 03 	call	0x70a	; 0x70a <LCD_Int>
    1232:	61 e0       	ldi	r22, 0x01	; 1
    1234:	8d e0       	ldi	r24, 0x0D	; 13
    1236:	0e 94 30 03 	call	0x660	; 0x660 <LCD_GoTo>
    123a:	80 91 ba 02 	lds	r24, 0x02BA
    123e:	0c 94 74 08 	jmp	0x10e8	; 0x10e8 <show_day_of_week>

00001242 <show_alarm_format>:
    1242:	cf 93       	push	r28
    1244:	c8 2f       	mov	r28, r24
    1246:	81 11       	cpse	r24, r1
    1248:	0e 94 99 08 	call	0x1132	; 0x1132 <show_time_only_format>
    124c:	61 e0       	ldi	r22, 0x01	; 1
    124e:	80 91 91 02 	lds	r24, 0x0291
    1252:	0e 94 30 03 	call	0x660	; 0x660 <LCD_GoTo>
    1256:	c2 30       	cpi	r28, 0x02	; 2
    1258:	81 f5       	brne	.+96     	; 0x12ba <show_alarm_format+0x78>
    125a:	80 91 a9 02 	lds	r24, 0x02A9
    125e:	81 11       	cpse	r24, r1
    1260:	03 c0       	rjmp	.+6      	; 0x1268 <show_alarm_format+0x26>
    1262:	88 e4       	ldi	r24, 0x48	; 72
    1264:	91 e0       	ldi	r25, 0x01	; 1
    1266:	26 c0       	rjmp	.+76     	; 0x12b4 <show_alarm_format+0x72>
    1268:	10 92 9f 02 	sts	0x029F, r1
    126c:	20 91 9f 02 	lds	r18, 0x029F
    1270:	27 30       	cpi	r18, 0x07	; 7
    1272:	f4 f4       	brge	.+60     	; 0x12b0 <show_alarm_format+0x6e>
    1274:	80 91 a9 02 	lds	r24, 0x02A9
    1278:	99 27       	eor	r25, r25
    127a:	87 fd       	sbrc	r24, 7
    127c:	90 95       	com	r25
    127e:	02 c0       	rjmp	.+4      	; 0x1284 <show_alarm_format+0x42>
    1280:	95 95       	asr	r25
    1282:	87 95       	ror	r24
    1284:	2a 95       	dec	r18
    1286:	e2 f7       	brpl	.-8      	; 0x1280 <show_alarm_format+0x3e>
    1288:	80 ff       	sbrs	r24, 0
    128a:	0c c0       	rjmp	.+24     	; 0x12a4 <show_alarm_format+0x62>
    128c:	80 e5       	ldi	r24, 0x50	; 80
    128e:	91 e0       	ldi	r25, 0x01	; 1
    1290:	0e 94 24 03 	call	0x648	; 0x648 <LCD_WriteText>
    1294:	80 91 9f 02 	lds	r24, 0x029F
    1298:	99 27       	eor	r25, r25
    129a:	87 fd       	sbrc	r24, 7
    129c:	90 95       	com	r25
    129e:	01 96       	adiw	r24, 0x01	; 1
    12a0:	0e 94 85 03 	call	0x70a	; 0x70a <LCD_Int>
    12a4:	80 91 9f 02 	lds	r24, 0x029F
    12a8:	8f 5f       	subi	r24, 0xFF	; 255
    12aa:	80 93 9f 02 	sts	0x029F, r24
    12ae:	de cf       	rjmp	.-68     	; 0x126c <show_alarm_format+0x2a>
    12b0:	80 e5       	ldi	r24, 0x50	; 80
    12b2:	91 e0       	ldi	r25, 0x01	; 1
    12b4:	cf 91       	pop	r28
    12b6:	0c 94 24 03 	jmp	0x648	; 0x648 <LCD_WriteText>
    12ba:	c3 30       	cpi	r28, 0x03	; 3
    12bc:	19 f5       	brne	.+70     	; 0x1304 <show_alarm_format+0xc2>
    12be:	80 91 be 02 	lds	r24, 0x02BE
    12c2:	8a 30       	cpi	r24, 0x0A	; 10
    12c4:	24 f4       	brge	.+8      	; 0x12ce <show_alarm_format+0x8c>
    12c6:	80 e0       	ldi	r24, 0x00	; 0
    12c8:	90 e0       	ldi	r25, 0x00	; 0
    12ca:	0e 94 85 03 	call	0x70a	; 0x70a <LCD_Int>
    12ce:	80 91 be 02 	lds	r24, 0x02BE
    12d2:	99 27       	eor	r25, r25
    12d4:	87 fd       	sbrc	r24, 7
    12d6:	90 95       	com	r25
    12d8:	0e 94 85 03 	call	0x70a	; 0x70a <LCD_Int>
    12dc:	8d e6       	ldi	r24, 0x6D	; 109
    12de:	92 e0       	ldi	r25, 0x02	; 2
    12e0:	0e 94 24 03 	call	0x648	; 0x648 <LCD_WriteText>
    12e4:	80 91 a9 02 	lds	r24, 0x02A9
    12e8:	8a 30       	cpi	r24, 0x0A	; 10
    12ea:	24 f4       	brge	.+8      	; 0x12f4 <show_alarm_format+0xb2>
    12ec:	80 e0       	ldi	r24, 0x00	; 0
    12ee:	90 e0       	ldi	r25, 0x00	; 0
    12f0:	0e 94 85 03 	call	0x70a	; 0x70a <LCD_Int>
    12f4:	80 91 a9 02 	lds	r24, 0x02A9
    12f8:	99 27       	eor	r25, r25
    12fa:	87 fd       	sbrc	r24, 7
    12fc:	90 95       	com	r25
    12fe:	cf 91       	pop	r28
    1300:	0c 94 85 03 	jmp	0x70a	; 0x70a <LCD_Int>
    1304:	cf 91       	pop	r28
    1306:	08 95       	ret

00001308 <setting_information>:
    1308:	cf 93       	push	r28
    130a:	df 93       	push	r29
    130c:	d8 2f       	mov	r29, r24
    130e:	c6 2f       	mov	r28, r22
    1310:	61 11       	cpse	r22, r1
    1312:	03 c0       	rjmp	.+6      	; 0x131a <setting_information+0x12>
    1314:	87 e0       	ldi	r24, 0x07	; 7
    1316:	91 e0       	ldi	r25, 0x01	; 1
    1318:	0e c0       	rjmp	.+28     	; 0x1336 <setting_information+0x2e>
    131a:	61 30       	cpi	r22, 0x01	; 1
    131c:	19 f4       	brne	.+6      	; 0x1324 <setting_information+0x1c>
    131e:	82 e5       	ldi	r24, 0x52	; 82
    1320:	91 e0       	ldi	r25, 0x01	; 1
    1322:	09 c0       	rjmp	.+18     	; 0x1336 <setting_information+0x2e>
    1324:	62 30       	cpi	r22, 0x02	; 2
    1326:	19 f4       	brne	.+6      	; 0x132e <setting_information+0x26>
    1328:	89 e5       	ldi	r24, 0x59	; 89
    132a:	91 e0       	ldi	r25, 0x01	; 1
    132c:	04 c0       	rjmp	.+8      	; 0x1336 <setting_information+0x2e>
    132e:	63 30       	cpi	r22, 0x03	; 3
    1330:	21 f4       	brne	.+8      	; 0x133a <setting_information+0x32>
    1332:	81 e6       	ldi	r24, 0x61	; 97
    1334:	91 e0       	ldi	r25, 0x01	; 1
    1336:	0e 94 24 03 	call	0x648	; 0x648 <LCD_WriteText>
    133a:	dd 23       	and	r29, r29
    133c:	11 f0       	breq	.+4      	; 0x1342 <setting_information+0x3a>
    133e:	d3 30       	cpi	r29, 0x03	; 3
    1340:	b1 f4       	brne	.+44     	; 0x136e <setting_information+0x66>
    1342:	c4 30       	cpi	r28, 0x04	; 4
    1344:	19 f4       	brne	.+6      	; 0x134c <setting_information+0x44>
    1346:	8e e6       	ldi	r24, 0x6E	; 110
    1348:	91 e0       	ldi	r25, 0x01	; 1
    134a:	35 c0       	rjmp	.+106    	; 0x13b6 <setting_information+0xae>
    134c:	c5 30       	cpi	r28, 0x05	; 5
    134e:	19 f4       	brne	.+6      	; 0x1356 <setting_information+0x4e>
    1350:	84 e7       	ldi	r24, 0x74	; 116
    1352:	91 e0       	ldi	r25, 0x01	; 1
    1354:	30 c0       	rjmp	.+96     	; 0x13b6 <setting_information+0xae>
    1356:	d1 11       	cpse	r29, r1
    1358:	32 c0       	rjmp	.+100    	; 0x13be <setting_information+0xb6>
    135a:	c6 30       	cpi	r28, 0x06	; 6
    135c:	19 f4       	brne	.+6      	; 0x1364 <setting_information+0x5c>
    135e:	8c e7       	ldi	r24, 0x7C	; 124
    1360:	91 e0       	ldi	r25, 0x01	; 1
    1362:	29 c0       	rjmp	.+82     	; 0x13b6 <setting_information+0xae>
    1364:	c7 30       	cpi	r28, 0x07	; 7
    1366:	59 f5       	brne	.+86     	; 0x13be <setting_information+0xb6>
    1368:	80 e8       	ldi	r24, 0x80	; 128
    136a:	91 e0       	ldi	r25, 0x01	; 1
    136c:	24 c0       	rjmp	.+72     	; 0x13b6 <setting_information+0xae>
    136e:	d2 30       	cpi	r29, 0x02	; 2
    1370:	31 f5       	brne	.+76     	; 0x13be <setting_information+0xb6>
    1372:	c4 30       	cpi	r28, 0x04	; 4
    1374:	19 f4       	brne	.+6      	; 0x137c <setting_information+0x74>
    1376:	8f e8       	ldi	r24, 0x8F	; 143
    1378:	91 e0       	ldi	r25, 0x01	; 1
    137a:	1d c0       	rjmp	.+58     	; 0x13b6 <setting_information+0xae>
    137c:	c5 30       	cpi	r28, 0x05	; 5
    137e:	19 f4       	brne	.+6      	; 0x1386 <setting_information+0x7e>
    1380:	8c e9       	ldi	r24, 0x9C	; 156
    1382:	91 e0       	ldi	r25, 0x01	; 1
    1384:	18 c0       	rjmp	.+48     	; 0x13b6 <setting_information+0xae>
    1386:	c6 30       	cpi	r28, 0x06	; 6
    1388:	19 f4       	brne	.+6      	; 0x1390 <setting_information+0x88>
    138a:	83 ea       	ldi	r24, 0xA3	; 163
    138c:	91 e0       	ldi	r25, 0x01	; 1
    138e:	13 c0       	rjmp	.+38     	; 0x13b6 <setting_information+0xae>
    1390:	c7 30       	cpi	r28, 0x07	; 7
    1392:	19 f4       	brne	.+6      	; 0x139a <setting_information+0x92>
    1394:	89 ea       	ldi	r24, 0xA9	; 169
    1396:	91 e0       	ldi	r25, 0x01	; 1
    1398:	0e c0       	rjmp	.+28     	; 0x13b6 <setting_information+0xae>
    139a:	c8 30       	cpi	r28, 0x08	; 8
    139c:	19 f4       	brne	.+6      	; 0x13a4 <setting_information+0x9c>
    139e:	82 eb       	ldi	r24, 0xB2	; 178
    13a0:	91 e0       	ldi	r25, 0x01	; 1
    13a2:	09 c0       	rjmp	.+18     	; 0x13b6 <setting_information+0xae>
    13a4:	c9 30       	cpi	r28, 0x09	; 9
    13a6:	19 f4       	brne	.+6      	; 0x13ae <setting_information+0xa6>
    13a8:	89 eb       	ldi	r24, 0xB9	; 185
    13aa:	91 e0       	ldi	r25, 0x01	; 1
    13ac:	04 c0       	rjmp	.+8      	; 0x13b6 <setting_information+0xae>
    13ae:	ca 30       	cpi	r28, 0x0A	; 10
    13b0:	31 f4       	brne	.+12     	; 0x13be <setting_information+0xb6>
    13b2:	80 ec       	ldi	r24, 0xC0	; 192
    13b4:	91 e0       	ldi	r25, 0x01	; 1
    13b6:	df 91       	pop	r29
    13b8:	cf 91       	pop	r28
    13ba:	0c 94 24 03 	jmp	0x648	; 0x648 <LCD_WriteText>
    13be:	df 91       	pop	r29
    13c0:	cf 91       	pop	r28
    13c2:	08 95       	ret

000013c4 <set_appropriate_values_of_time>:
    13c4:	42 30       	cpi	r20, 0x02	; 2
    13c6:	41 f4       	brne	.+16     	; 0x13d8 <set_appropriate_values_of_time+0x14>
    13c8:	20 91 b5 02 	lds	r18, 0x02B5
    13cc:	30 91 b6 02 	lds	r19, 0x02B6
    13d0:	31 95       	neg	r19
    13d2:	21 95       	neg	r18
    13d4:	31 09       	sbc	r19, r1
    13d6:	09 c0       	rjmp	.+18     	; 0x13ea <set_appropriate_values_of_time+0x26>
    13d8:	41 30       	cpi	r20, 0x01	; 1
    13da:	29 f4       	brne	.+10     	; 0x13e6 <set_appropriate_values_of_time+0x22>
    13dc:	20 91 b5 02 	lds	r18, 0x02B5
    13e0:	30 91 b6 02 	lds	r19, 0x02B6
    13e4:	02 c0       	rjmp	.+4      	; 0x13ea <set_appropriate_values_of_time+0x26>
    13e6:	20 e0       	ldi	r18, 0x00	; 0
    13e8:	30 e0       	ldi	r19, 0x00	; 0
    13ea:	61 11       	cpse	r22, r1
    13ec:	06 c0       	rjmp	.+12     	; 0x13fa <set_appropriate_values_of_time+0x36>
    13ee:	90 91 a7 02 	lds	r25, 0x02A7
    13f2:	92 0f       	add	r25, r18
    13f4:	90 93 a7 02 	sts	0x02A7, r25
    13f8:	17 c0       	rjmp	.+46     	; 0x1428 <set_appropriate_values_of_time+0x64>
    13fa:	61 30       	cpi	r22, 0x01	; 1
    13fc:	31 f4       	brne	.+12     	; 0x140a <set_appropriate_values_of_time+0x46>
    13fe:	90 91 a8 02 	lds	r25, 0x02A8
    1402:	92 0f       	add	r25, r18
    1404:	90 93 a8 02 	sts	0x02A8, r25
    1408:	0f c0       	rjmp	.+30     	; 0x1428 <set_appropriate_values_of_time+0x64>
    140a:	62 30       	cpi	r22, 0x02	; 2
    140c:	31 f4       	brne	.+12     	; 0x141a <set_appropriate_values_of_time+0x56>
    140e:	90 91 b7 02 	lds	r25, 0x02B7
    1412:	92 0f       	add	r25, r18
    1414:	90 93 b7 02 	sts	0x02B7, r25
    1418:	07 c0       	rjmp	.+14     	; 0x1428 <set_appropriate_values_of_time+0x64>
    141a:	63 30       	cpi	r22, 0x03	; 3
    141c:	29 f4       	brne	.+10     	; 0x1428 <set_appropriate_values_of_time+0x64>
    141e:	90 91 a6 02 	lds	r25, 0x02A6
    1422:	92 0f       	add	r25, r18
    1424:	90 93 a6 02 	sts	0x02A6, r25
    1428:	88 23       	and	r24, r24
    142a:	11 f0       	breq	.+4      	; 0x1430 <set_appropriate_values_of_time+0x6c>
    142c:	83 30       	cpi	r24, 0x03	; 3
    142e:	31 f5       	brne	.+76     	; 0x147c <set_appropriate_values_of_time+0xb8>
    1430:	64 30       	cpi	r22, 0x04	; 4
    1432:	31 f4       	brne	.+12     	; 0x1440 <set_appropriate_values_of_time+0x7c>
    1434:	80 91 be 02 	lds	r24, 0x02BE
    1438:	82 0f       	add	r24, r18
    143a:	80 93 be 02 	sts	0x02BE, r24
    143e:	08 95       	ret
    1440:	65 30       	cpi	r22, 0x05	; 5
    1442:	21 f4       	brne	.+8      	; 0x144c <set_appropriate_values_of_time+0x88>
    1444:	80 91 a9 02 	lds	r24, 0x02A9
    1448:	82 0f       	add	r24, r18
    144a:	7e c0       	rjmp	.+252    	; 0x1548 <set_appropriate_values_of_time+0x184>
    144c:	81 11       	cpse	r24, r1
    144e:	7e c0       	rjmp	.+252    	; 0x154c <set_appropriate_values_of_time+0x188>
    1450:	66 30       	cpi	r22, 0x06	; 6
    1452:	59 f4       	brne	.+22     	; 0x146a <set_appropriate_values_of_time+0xa6>
    1454:	80 91 b8 02 	lds	r24, 0x02B8
    1458:	90 91 b9 02 	lds	r25, 0x02B9
    145c:	82 0f       	add	r24, r18
    145e:	93 1f       	adc	r25, r19
    1460:	90 93 b9 02 	sts	0x02B9, r25
    1464:	80 93 b8 02 	sts	0x02B8, r24
    1468:	08 95       	ret
    146a:	67 30       	cpi	r22, 0x07	; 7
    146c:	09 f0       	breq	.+2      	; 0x1470 <set_appropriate_values_of_time+0xac>
    146e:	6e c0       	rjmp	.+220    	; 0x154c <set_appropriate_values_of_time+0x188>
    1470:	80 91 ba 02 	lds	r24, 0x02BA
    1474:	82 0f       	add	r24, r18
    1476:	80 93 ba 02 	sts	0x02BA, r24
    147a:	08 95       	ret
    147c:	82 30       	cpi	r24, 0x02	; 2
    147e:	09 f0       	breq	.+2      	; 0x1482 <set_appropriate_values_of_time+0xbe>
    1480:	65 c0       	rjmp	.+202    	; 0x154c <set_appropriate_values_of_time+0x188>
    1482:	64 30       	cpi	r22, 0x04	; 4
    1484:	69 f4       	brne	.+26     	; 0x14a0 <set_appropriate_values_of_time+0xdc>
    1486:	41 30       	cpi	r20, 0x01	; 1
    1488:	21 f4       	brne	.+8      	; 0x1492 <set_appropriate_values_of_time+0xce>
    148a:	80 91 a9 02 	lds	r24, 0x02A9
    148e:	81 60       	ori	r24, 0x01	; 1
    1490:	5b c0       	rjmp	.+182    	; 0x1548 <set_appropriate_values_of_time+0x184>
    1492:	42 30       	cpi	r20, 0x02	; 2
    1494:	09 f0       	breq	.+2      	; 0x1498 <set_appropriate_values_of_time+0xd4>
    1496:	5a c0       	rjmp	.+180    	; 0x154c <set_appropriate_values_of_time+0x188>
    1498:	80 91 a9 02 	lds	r24, 0x02A9
    149c:	8e 7f       	andi	r24, 0xFE	; 254
    149e:	54 c0       	rjmp	.+168    	; 0x1548 <set_appropriate_values_of_time+0x184>
    14a0:	65 30       	cpi	r22, 0x05	; 5
    14a2:	69 f4       	brne	.+26     	; 0x14be <set_appropriate_values_of_time+0xfa>
    14a4:	41 30       	cpi	r20, 0x01	; 1
    14a6:	21 f4       	brne	.+8      	; 0x14b0 <set_appropriate_values_of_time+0xec>
    14a8:	80 91 a9 02 	lds	r24, 0x02A9
    14ac:	82 60       	ori	r24, 0x02	; 2
    14ae:	4c c0       	rjmp	.+152    	; 0x1548 <set_appropriate_values_of_time+0x184>
    14b0:	42 30       	cpi	r20, 0x02	; 2
    14b2:	09 f0       	breq	.+2      	; 0x14b6 <set_appropriate_values_of_time+0xf2>
    14b4:	4b c0       	rjmp	.+150    	; 0x154c <set_appropriate_values_of_time+0x188>
    14b6:	80 91 a9 02 	lds	r24, 0x02A9
    14ba:	8d 7f       	andi	r24, 0xFD	; 253
    14bc:	45 c0       	rjmp	.+138    	; 0x1548 <set_appropriate_values_of_time+0x184>
    14be:	66 30       	cpi	r22, 0x06	; 6
    14c0:	61 f4       	brne	.+24     	; 0x14da <set_appropriate_values_of_time+0x116>
    14c2:	41 30       	cpi	r20, 0x01	; 1
    14c4:	21 f4       	brne	.+8      	; 0x14ce <set_appropriate_values_of_time+0x10a>
    14c6:	80 91 a9 02 	lds	r24, 0x02A9
    14ca:	84 60       	ori	r24, 0x04	; 4
    14cc:	3d c0       	rjmp	.+122    	; 0x1548 <set_appropriate_values_of_time+0x184>
    14ce:	42 30       	cpi	r20, 0x02	; 2
    14d0:	e9 f5       	brne	.+122    	; 0x154c <set_appropriate_values_of_time+0x188>
    14d2:	80 91 a9 02 	lds	r24, 0x02A9
    14d6:	8b 7f       	andi	r24, 0xFB	; 251
    14d8:	37 c0       	rjmp	.+110    	; 0x1548 <set_appropriate_values_of_time+0x184>
    14da:	67 30       	cpi	r22, 0x07	; 7
    14dc:	61 f4       	brne	.+24     	; 0x14f6 <set_appropriate_values_of_time+0x132>
    14de:	41 30       	cpi	r20, 0x01	; 1
    14e0:	21 f4       	brne	.+8      	; 0x14ea <set_appropriate_values_of_time+0x126>
    14e2:	80 91 a9 02 	lds	r24, 0x02A9
    14e6:	88 60       	ori	r24, 0x08	; 8
    14e8:	2f c0       	rjmp	.+94     	; 0x1548 <set_appropriate_values_of_time+0x184>
    14ea:	42 30       	cpi	r20, 0x02	; 2
    14ec:	79 f5       	brne	.+94     	; 0x154c <set_appropriate_values_of_time+0x188>
    14ee:	80 91 a9 02 	lds	r24, 0x02A9
    14f2:	87 7f       	andi	r24, 0xF7	; 247
    14f4:	29 c0       	rjmp	.+82     	; 0x1548 <set_appropriate_values_of_time+0x184>
    14f6:	68 30       	cpi	r22, 0x08	; 8
    14f8:	61 f4       	brne	.+24     	; 0x1512 <set_appropriate_values_of_time+0x14e>
    14fa:	41 30       	cpi	r20, 0x01	; 1
    14fc:	21 f4       	brne	.+8      	; 0x1506 <set_appropriate_values_of_time+0x142>
    14fe:	80 91 a9 02 	lds	r24, 0x02A9
    1502:	80 61       	ori	r24, 0x10	; 16
    1504:	21 c0       	rjmp	.+66     	; 0x1548 <set_appropriate_values_of_time+0x184>
    1506:	42 30       	cpi	r20, 0x02	; 2
    1508:	09 f5       	brne	.+66     	; 0x154c <set_appropriate_values_of_time+0x188>
    150a:	80 91 a9 02 	lds	r24, 0x02A9
    150e:	8f 7e       	andi	r24, 0xEF	; 239
    1510:	1b c0       	rjmp	.+54     	; 0x1548 <set_appropriate_values_of_time+0x184>
    1512:	69 30       	cpi	r22, 0x09	; 9
    1514:	61 f4       	brne	.+24     	; 0x152e <set_appropriate_values_of_time+0x16a>
    1516:	41 30       	cpi	r20, 0x01	; 1
    1518:	21 f4       	brne	.+8      	; 0x1522 <set_appropriate_values_of_time+0x15e>
    151a:	80 91 a9 02 	lds	r24, 0x02A9
    151e:	80 62       	ori	r24, 0x20	; 32
    1520:	13 c0       	rjmp	.+38     	; 0x1548 <set_appropriate_values_of_time+0x184>
    1522:	42 30       	cpi	r20, 0x02	; 2
    1524:	99 f4       	brne	.+38     	; 0x154c <set_appropriate_values_of_time+0x188>
    1526:	80 91 a9 02 	lds	r24, 0x02A9
    152a:	8f 7d       	andi	r24, 0xDF	; 223
    152c:	0d c0       	rjmp	.+26     	; 0x1548 <set_appropriate_values_of_time+0x184>
    152e:	6a 30       	cpi	r22, 0x0A	; 10
    1530:	69 f4       	brne	.+26     	; 0x154c <set_appropriate_values_of_time+0x188>
    1532:	41 30       	cpi	r20, 0x01	; 1
    1534:	21 f4       	brne	.+8      	; 0x153e <set_appropriate_values_of_time+0x17a>
    1536:	80 91 a9 02 	lds	r24, 0x02A9
    153a:	80 64       	ori	r24, 0x40	; 64
    153c:	05 c0       	rjmp	.+10     	; 0x1548 <set_appropriate_values_of_time+0x184>
    153e:	42 30       	cpi	r20, 0x02	; 2
    1540:	29 f4       	brne	.+10     	; 0x154c <set_appropriate_values_of_time+0x188>
    1542:	80 91 a9 02 	lds	r24, 0x02A9
    1546:	8f 7b       	andi	r24, 0xBF	; 191
    1548:	80 93 a9 02 	sts	0x02A9, r24
    154c:	08 95       	ret

0000154e <check_step_value>:
    154e:	cf 93       	push	r28
    1550:	df 93       	push	r29
    1552:	c8 2f       	mov	r28, r24
    1554:	d6 2f       	mov	r29, r22
    1556:	64 30       	cpi	r22, 0x04	; 4
    1558:	58 f4       	brcc	.+22     	; 0x1570 <check_step_value+0x22>
    155a:	20 91 b5 02 	lds	r18, 0x02B5
    155e:	30 91 b6 02 	lds	r19, 0x02B6
    1562:	2b 30       	cpi	r18, 0x0B	; 11
    1564:	31 05       	cpc	r19, r1
    1566:	20 f0       	brcs	.+8      	; 0x1570 <check_step_value+0x22>
    1568:	8a e0       	ldi	r24, 0x0A	; 10
    156a:	90 e0       	ldi	r25, 0x00	; 0
    156c:	0e 94 7f 07 	call	0xefe	; 0xefe <wysw_skok>
    1570:	cc 23       	and	r28, r28
    1572:	11 f0       	breq	.+4      	; 0x1578 <check_step_value+0x2a>
    1574:	c3 30       	cpi	r28, 0x03	; 3
    1576:	f9 f4       	brne	.+62     	; 0x15b6 <check_step_value+0x68>
    1578:	8c ef       	ldi	r24, 0xFC	; 252
    157a:	8d 0f       	add	r24, r29
    157c:	82 30       	cpi	r24, 0x02	; 2
    157e:	58 f4       	brcc	.+22     	; 0x1596 <check_step_value+0x48>
    1580:	20 91 b5 02 	lds	r18, 0x02B5
    1584:	30 91 b6 02 	lds	r19, 0x02B6
    1588:	2b 30       	cpi	r18, 0x0B	; 11
    158a:	31 05       	cpc	r19, r1
    158c:	20 f0       	brcs	.+8      	; 0x1596 <check_step_value+0x48>
    158e:	8a e0       	ldi	r24, 0x0A	; 10
    1590:	90 e0       	ldi	r25, 0x00	; 0
    1592:	0e 94 7f 07 	call	0xefe	; 0xefe <wysw_skok>
    1596:	c1 11       	cpse	r28, r1
    1598:	0e c0       	rjmp	.+28     	; 0x15b6 <check_step_value+0x68>
    159a:	d7 30       	cpi	r29, 0x07	; 7
    159c:	61 f4       	brne	.+24     	; 0x15b6 <check_step_value+0x68>
    159e:	80 91 b5 02 	lds	r24, 0x02B5
    15a2:	90 91 b6 02 	lds	r25, 0x02B6
    15a6:	02 97       	sbiw	r24, 0x02	; 2
    15a8:	30 f0       	brcs	.+12     	; 0x15b6 <check_step_value+0x68>
    15aa:	81 e0       	ldi	r24, 0x01	; 1
    15ac:	90 e0       	ldi	r25, 0x00	; 0
    15ae:	df 91       	pop	r29
    15b0:	cf 91       	pop	r28
    15b2:	0c 94 7f 07 	jmp	0xefe	; 0xefe <wysw_skok>
    15b6:	df 91       	pop	r29
    15b8:	cf 91       	pop	r28
    15ba:	08 95       	ret

000015bc <end_of_settings>:
    15bc:	88 23       	and	r24, r24
    15be:	61 f0       	breq	.+24     	; 0x15d8 <end_of_settings+0x1c>
    15c0:	81 30       	cpi	r24, 0x01	; 1
    15c2:	61 f0       	breq	.+24     	; 0x15dc <end_of_settings+0x20>
    15c4:	82 30       	cpi	r24, 0x02	; 2
    15c6:	21 f0       	breq	.+8      	; 0x15d0 <end_of_settings+0x14>
    15c8:	83 30       	cpi	r24, 0x03	; 3
    15ca:	21 f4       	brne	.+8      	; 0x15d4 <end_of_settings+0x18>
    15cc:	86 e0       	ldi	r24, 0x06	; 6
    15ce:	08 95       	ret
    15d0:	8b e0       	ldi	r24, 0x0B	; 11
    15d2:	08 95       	ret
    15d4:	80 e0       	ldi	r24, 0x00	; 0
    15d6:	08 95       	ret
    15d8:	88 e0       	ldi	r24, 0x08	; 8
    15da:	08 95       	ret
    15dc:	84 e0       	ldi	r24, 0x04	; 4
    15de:	08 95       	ret

000015e0 <show_alarm_options>:
    15e0:	81 11       	cpse	r24, r1
    15e2:	03 c0       	rjmp	.+6      	; 0x15ea <show_alarm_options+0xa>
    15e4:	8a ec       	ldi	r24, 0xCA	; 202
    15e6:	91 e0       	ldi	r25, 0x01	; 1
    15e8:	0e c0       	rjmp	.+28     	; 0x1606 <show_alarm_options+0x26>
    15ea:	81 30       	cpi	r24, 0x01	; 1
    15ec:	19 f4       	brne	.+6      	; 0x15f4 <show_alarm_options+0x14>
    15ee:	8a ed       	ldi	r24, 0xDA	; 218
    15f0:	91 e0       	ldi	r25, 0x01	; 1
    15f2:	09 c0       	rjmp	.+18     	; 0x1606 <show_alarm_options+0x26>
    15f4:	82 30       	cpi	r24, 0x02	; 2
    15f6:	19 f4       	brne	.+6      	; 0x15fe <show_alarm_options+0x1e>
    15f8:	8a ee       	ldi	r24, 0xEA	; 234
    15fa:	91 e0       	ldi	r25, 0x01	; 1
    15fc:	04 c0       	rjmp	.+8      	; 0x1606 <show_alarm_options+0x26>
    15fe:	83 30       	cpi	r24, 0x03	; 3
    1600:	21 f4       	brne	.+8      	; 0x160a <show_alarm_options+0x2a>
    1602:	8b ef       	ldi	r24, 0xFB	; 251
    1604:	91 e0       	ldi	r25, 0x01	; 1
    1606:	0c 94 24 03 	jmp	0x648	; 0x648 <LCD_WriteText>
    160a:	08 95       	ret

0000160c <correction_of_time>:
    160c:	80 91 a7 02 	lds	r24, 0x02A7
    1610:	87 ff       	sbrs	r24, 7
    1612:	04 c0       	rjmp	.+8      	; 0x161c <correction_of_time+0x10>
    1614:	87 e1       	ldi	r24, 0x17	; 23
    1616:	80 93 a7 02 	sts	0x02A7, r24
    161a:	04 c0       	rjmp	.+8      	; 0x1624 <correction_of_time+0x18>
    161c:	88 31       	cpi	r24, 0x18	; 24
    161e:	14 f0       	brlt	.+4      	; 0x1624 <correction_of_time+0x18>
    1620:	10 92 a7 02 	sts	0x02A7, r1
    1624:	80 91 a8 02 	lds	r24, 0x02A8
    1628:	87 ff       	sbrs	r24, 7
    162a:	04 c0       	rjmp	.+8      	; 0x1634 <correction_of_time+0x28>
    162c:	8b e3       	ldi	r24, 0x3B	; 59
    162e:	80 93 a8 02 	sts	0x02A8, r24
    1632:	04 c0       	rjmp	.+8      	; 0x163c <correction_of_time+0x30>
    1634:	8c 33       	cpi	r24, 0x3C	; 60
    1636:	14 f0       	brlt	.+4      	; 0x163c <correction_of_time+0x30>
    1638:	10 92 a8 02 	sts	0x02A8, r1
    163c:	80 91 b7 02 	lds	r24, 0x02B7
    1640:	87 ff       	sbrs	r24, 7
    1642:	04 c0       	rjmp	.+8      	; 0x164c <correction_of_time+0x40>
    1644:	8b e3       	ldi	r24, 0x3B	; 59
    1646:	80 93 b7 02 	sts	0x02B7, r24
    164a:	04 c0       	rjmp	.+8      	; 0x1654 <correction_of_time+0x48>
    164c:	8c 33       	cpi	r24, 0x3C	; 60
    164e:	14 f0       	brlt	.+4      	; 0x1654 <correction_of_time+0x48>
    1650:	10 92 b7 02 	sts	0x02B7, r1
    1654:	80 91 a6 02 	lds	r24, 0x02A6
    1658:	87 ff       	sbrs	r24, 7
    165a:	04 c0       	rjmp	.+8      	; 0x1664 <correction_of_time+0x58>
    165c:	83 e6       	ldi	r24, 0x63	; 99
    165e:	80 93 a6 02 	sts	0x02A6, r24
    1662:	08 95       	ret
    1664:	84 36       	cpi	r24, 0x64	; 100
    1666:	14 f0       	brlt	.+4      	; 0x166c <correction_of_time+0x60>
    1668:	10 92 a6 02 	sts	0x02A6, r1
    166c:	08 95       	ret

0000166e <correction_of_date>:
    166e:	90 91 a9 02 	lds	r25, 0x02A9
    1672:	19 16       	cp	r1, r25
    1674:	24 f0       	brlt	.+8      	; 0x167e <correction_of_date+0x10>
    1676:	82 30       	cpi	r24, 0x02	; 2
    1678:	49 f0       	breq	.+18     	; 0x168c <correction_of_date+0x1e>
    167a:	9c e0       	ldi	r25, 0x0C	; 12
    167c:	05 c0       	rjmp	.+10     	; 0x1688 <correction_of_date+0x1a>
    167e:	9d 30       	cpi	r25, 0x0D	; 13
    1680:	2c f0       	brlt	.+10     	; 0x168c <correction_of_date+0x1e>
    1682:	82 30       	cpi	r24, 0x02	; 2
    1684:	19 f0       	breq	.+6      	; 0x168c <correction_of_date+0x1e>
    1686:	91 e0       	ldi	r25, 0x01	; 1
    1688:	90 93 a9 02 	sts	0x02A9, r25
    168c:	90 91 a9 02 	lds	r25, 0x02A9
    1690:	49 2f       	mov	r20, r25
    1692:	4d 7f       	andi	r20, 0xFD	; 253
    1694:	20 91 b8 02 	lds	r18, 0x02B8
    1698:	30 91 b9 02 	lds	r19, 0x02B9
    169c:	41 30       	cpi	r20, 0x01	; 1
    169e:	c9 f0       	breq	.+50     	; 0x16d2 <correction_of_date+0x64>
    16a0:	95 30       	cpi	r25, 0x05	; 5
    16a2:	b9 f0       	breq	.+46     	; 0x16d2 <correction_of_date+0x64>
    16a4:	59 ef       	ldi	r21, 0xF9	; 249
    16a6:	59 0f       	add	r21, r25
    16a8:	52 30       	cpi	r21, 0x02	; 2
    16aa:	98 f0       	brcs	.+38     	; 0x16d2 <correction_of_date+0x64>
    16ac:	9a 30       	cpi	r25, 0x0A	; 10
    16ae:	89 f0       	breq	.+34     	; 0x16d2 <correction_of_date+0x64>
    16b0:	9c 30       	cpi	r25, 0x0C	; 12
    16b2:	79 f0       	breq	.+30     	; 0x16d2 <correction_of_date+0x64>
    16b4:	44 30       	cpi	r20, 0x04	; 4
    16b6:	79 f0       	breq	.+30     	; 0x16d6 <correction_of_date+0x68>
    16b8:	49 30       	cpi	r20, 0x09	; 9
    16ba:	69 f0       	breq	.+26     	; 0x16d6 <correction_of_date+0x68>
    16bc:	92 30       	cpi	r25, 0x02	; 2
    16be:	69 f4       	brne	.+26     	; 0x16da <correction_of_date+0x6c>
    16c0:	a9 01       	movw	r20, r18
    16c2:	43 70       	andi	r20, 0x03	; 3
    16c4:	55 27       	eor	r21, r21
    16c6:	45 2b       	or	r20, r21
    16c8:	41 f0       	breq	.+16     	; 0x16da <correction_of_date+0x6c>
    16ca:	81 11       	cpse	r24, r1
    16cc:	06 c0       	rjmp	.+12     	; 0x16da <correction_of_date+0x6c>
    16ce:	8c e1       	ldi	r24, 0x1C	; 28
    16d0:	05 c0       	rjmp	.+10     	; 0x16dc <correction_of_date+0x6e>
    16d2:	8f e1       	ldi	r24, 0x1F	; 31
    16d4:	03 c0       	rjmp	.+6      	; 0x16dc <correction_of_date+0x6e>
    16d6:	8e e1       	ldi	r24, 0x1E	; 30
    16d8:	01 c0       	rjmp	.+2      	; 0x16dc <correction_of_date+0x6e>
    16da:	8d e1       	ldi	r24, 0x1D	; 29
    16dc:	40 91 be 02 	lds	r20, 0x02BE
    16e0:	14 16       	cp	r1, r20
    16e2:	44 f4       	brge	.+16     	; 0x16f4 <correction_of_date+0x86>
    16e4:	55 27       	eor	r21, r21
    16e6:	47 fd       	sbrc	r20, 7
    16e8:	50 95       	com	r21
    16ea:	90 e0       	ldi	r25, 0x00	; 0
    16ec:	84 17       	cp	r24, r20
    16ee:	95 07       	cpc	r25, r21
    16f0:	1c f4       	brge	.+6      	; 0x16f8 <correction_of_date+0x8a>
    16f2:	81 e0       	ldi	r24, 0x01	; 1
    16f4:	80 93 be 02 	sts	0x02BE, r24
    16f8:	21 3f       	cpi	r18, 0xF1	; 241
    16fa:	88 ed       	ldi	r24, 0xD8	; 216
    16fc:	38 07       	cpc	r19, r24
    16fe:	1c f4       	brge	.+6      	; 0x1706 <correction_of_date+0x98>
    1700:	8f e0       	ldi	r24, 0x0F	; 15
    1702:	97 e2       	ldi	r25, 0x27	; 39
    1704:	05 c0       	rjmp	.+10     	; 0x1710 <correction_of_date+0xa2>
    1706:	20 31       	cpi	r18, 0x10	; 16
    1708:	37 42       	sbci	r19, 0x27	; 39
    170a:	34 f0       	brlt	.+12     	; 0x1718 <correction_of_date+0xaa>
    170c:	81 ef       	ldi	r24, 0xF1	; 241
    170e:	98 ed       	ldi	r25, 0xD8	; 216
    1710:	90 93 b9 02 	sts	0x02B9, r25
    1714:	80 93 b8 02 	sts	0x02B8, r24
    1718:	80 91 ba 02 	lds	r24, 0x02BA
    171c:	87 ff       	sbrs	r24, 7
    171e:	04 c0       	rjmp	.+8      	; 0x1728 <correction_of_date+0xba>
    1720:	86 e0       	ldi	r24, 0x06	; 6
    1722:	80 93 ba 02 	sts	0x02BA, r24
    1726:	08 95       	ret
    1728:	87 30       	cpi	r24, 0x07	; 7
    172a:	14 f0       	brlt	.+4      	; 0x1730 <correction_of_date+0xc2>
    172c:	10 92 ba 02 	sts	0x02BA, r1
    1730:	08 95       	ret

00001732 <show_frame>:
    1732:	cf 93       	push	r28
    1734:	df 93       	push	r29
    1736:	99 27       	eor	r25, r25
    1738:	87 fd       	sbrc	r24, 7
    173a:	90 95       	com	r25
    173c:	0e 94 85 03 	call	0x70a	; 0x70a <LCD_Int>
    1740:	83 e8       	ldi	r24, 0x83	; 131
    1742:	92 e0       	ldi	r25, 0x02	; 2
    1744:	0e 94 24 03 	call	0x648	; 0x648 <LCD_WriteText>
    1748:	80 91 ae 02 	lds	r24, 0x02AE
    174c:	8a 30       	cpi	r24, 0x0A	; 10
    174e:	20 f4       	brcc	.+8      	; 0x1758 <show_frame+0x26>
    1750:	80 e0       	ldi	r24, 0x00	; 0
    1752:	90 e0       	ldi	r25, 0x00	; 0
    1754:	0e 94 85 03 	call	0x70a	; 0x70a <LCD_Int>
    1758:	80 91 ae 02 	lds	r24, 0x02AE
    175c:	90 e0       	ldi	r25, 0x00	; 0
    175e:	0e 94 85 03 	call	0x70a	; 0x70a <LCD_Int>
    1762:	8d e6       	ldi	r24, 0x6D	; 109
    1764:	92 e0       	ldi	r25, 0x02	; 2
    1766:	0e 94 24 03 	call	0x648	; 0x648 <LCD_WriteText>
    176a:	80 91 ad 02 	lds	r24, 0x02AD
    176e:	8a 30       	cpi	r24, 0x0A	; 10
    1770:	20 f4       	brcc	.+8      	; 0x177a <show_frame+0x48>
    1772:	80 e0       	ldi	r24, 0x00	; 0
    1774:	90 e0       	ldi	r25, 0x00	; 0
    1776:	0e 94 85 03 	call	0x70a	; 0x70a <LCD_Int>
    177a:	80 91 ad 02 	lds	r24, 0x02AD
    177e:	90 e0       	ldi	r25, 0x00	; 0
    1780:	0e 94 85 03 	call	0x70a	; 0x70a <LCD_Int>
    1784:	8d e6       	ldi	r24, 0x6D	; 109
    1786:	92 e0       	ldi	r25, 0x02	; 2
    1788:	0e 94 24 03 	call	0x648	; 0x648 <LCD_WriteText>
    178c:	80 91 ac 02 	lds	r24, 0x02AC
    1790:	8a 30       	cpi	r24, 0x0A	; 10
    1792:	20 f4       	brcc	.+8      	; 0x179c <show_frame+0x6a>
    1794:	80 e0       	ldi	r24, 0x00	; 0
    1796:	90 e0       	ldi	r25, 0x00	; 0
    1798:	0e 94 85 03 	call	0x70a	; 0x70a <LCD_Int>
    179c:	80 91 ac 02 	lds	r24, 0x02AC
    17a0:	90 e0       	ldi	r25, 0x00	; 0
    17a2:	0e 94 85 03 	call	0x70a	; 0x70a <LCD_Int>
    17a6:	80 e3       	ldi	r24, 0x30	; 48
    17a8:	92 e0       	ldi	r25, 0x02	; 2
    17aa:	0e 94 24 03 	call	0x648	; 0x648 <LCD_WriteText>
    17ae:	80 91 af 02 	lds	r24, 0x02AF
    17b2:	8a 30       	cpi	r24, 0x0A	; 10
    17b4:	20 f4       	brcc	.+8      	; 0x17be <show_frame+0x8c>
    17b6:	80 e0       	ldi	r24, 0x00	; 0
    17b8:	90 e0       	ldi	r25, 0x00	; 0
    17ba:	0e 94 85 03 	call	0x70a	; 0x70a <LCD_Int>
    17be:	80 91 af 02 	lds	r24, 0x02AF
    17c2:	90 e0       	ldi	r25, 0x00	; 0
    17c4:	0e 94 85 03 	call	0x70a	; 0x70a <LCD_Int>
    17c8:	8d e6       	ldi	r24, 0x6D	; 109
    17ca:	92 e0       	ldi	r25, 0x02	; 2
    17cc:	0e 94 24 03 	call	0x648	; 0x648 <LCD_WriteText>
    17d0:	80 91 b0 02 	lds	r24, 0x02B0
    17d4:	8a 30       	cpi	r24, 0x0A	; 10
    17d6:	20 f4       	brcc	.+8      	; 0x17e0 <show_frame+0xae>
    17d8:	80 e0       	ldi	r24, 0x00	; 0
    17da:	90 e0       	ldi	r25, 0x00	; 0
    17dc:	0e 94 85 03 	call	0x70a	; 0x70a <LCD_Int>
    17e0:	80 91 b0 02 	lds	r24, 0x02B0
    17e4:	90 e0       	ldi	r25, 0x00	; 0
    17e6:	0e 94 85 03 	call	0x70a	; 0x70a <LCD_Int>
    17ea:	8d e6       	ldi	r24, 0x6D	; 109
    17ec:	92 e0       	ldi	r25, 0x02	; 2
    17ee:	0e 94 24 03 	call	0x648	; 0x648 <LCD_WriteText>
    17f2:	80 91 b1 02 	lds	r24, 0x02B1
    17f6:	90 91 b2 02 	lds	r25, 0x02B2
    17fa:	0e 94 85 03 	call	0x70a	; 0x70a <LCD_Int>
    17fe:	80 e3       	ldi	r24, 0x30	; 48
    1800:	92 e0       	ldi	r25, 0x02	; 2
    1802:	0e 94 24 03 	call	0x648	; 0x648 <LCD_WriteText>
    1806:	80 91 b3 02 	lds	r24, 0x02B3
    180a:	c4 e6       	ldi	r28, 0x64	; 100
    180c:	6c 2f       	mov	r22, r28
    180e:	0e 94 00 1a 	call	0x3400	; 0x3400 <__udivmodqi4>
    1812:	d9 2f       	mov	r29, r25
    1814:	99 23       	and	r25, r25
    1816:	21 f1       	breq	.+72     	; 0x1860 <show_frame+0x12e>
    1818:	8c e0       	ldi	r24, 0x0C	; 12
    181a:	92 e0       	ldi	r25, 0x02	; 2
    181c:	0e 94 24 03 	call	0x648	; 0x648 <LCD_WriteText>
    1820:	8d 2f       	mov	r24, r29
    1822:	90 e0       	ldi	r25, 0x00	; 0
    1824:	0e 94 85 03 	call	0x70a	; 0x70a <LCD_Int>
    1828:	80 e3       	ldi	r24, 0x30	; 48
    182a:	92 e0       	ldi	r25, 0x02	; 2
    182c:	0e 94 24 03 	call	0x648	; 0x648 <LCD_WriteText>
    1830:	80 91 b3 02 	lds	r24, 0x02B3
    1834:	6c 2f       	mov	r22, r28
    1836:	0e 94 00 1a 	call	0x3400	; 0x3400 <__udivmodqi4>
    183a:	90 e0       	ldi	r25, 0x00	; 0
    183c:	90 93 9d 02 	sts	0x029D, r25
    1840:	80 93 9c 02 	sts	0x029C, r24
    1844:	81 30       	cpi	r24, 0x01	; 1
    1846:	91 05       	cpc	r25, r1
    1848:	19 f4       	brne	.+6      	; 0x1850 <show_frame+0x11e>
    184a:	80 e1       	ldi	r24, 0x10	; 16
    184c:	92 e0       	ldi	r25, 0x02	; 2
    184e:	04 c0       	rjmp	.+8      	; 0x1858 <show_frame+0x126>
    1850:	02 97       	sbiw	r24, 0x02	; 2
    1852:	31 f4       	brne	.+12     	; 0x1860 <show_frame+0x12e>
    1854:	89 e1       	ldi	r24, 0x19	; 25
    1856:	92 e0       	ldi	r25, 0x02	; 2
    1858:	df 91       	pop	r29
    185a:	cf 91       	pop	r28
    185c:	0c 94 24 03 	jmp	0x648	; 0x648 <LCD_WriteText>
    1860:	df 91       	pop	r29
    1862:	cf 91       	pop	r28
    1864:	08 95       	ret

00001866 <show_list_case>:
    1866:	cf 93       	push	r28
    1868:	c8 2f       	mov	r28, r24
    186a:	80 91 92 02 	lds	r24, 0x0292
    186e:	86 30       	cpi	r24, 0x06	; 6
    1870:	41 f4       	brne	.+16     	; 0x1882 <show_list_case+0x1c>
    1872:	8c 2f       	mov	r24, r28
    1874:	0e 94 31 06 	call	0xc62	; 0xc62 <lockers_read_frame>
    1878:	81 e0       	ldi	r24, 0x01	; 1
    187a:	8c 0f       	add	r24, r28
    187c:	cf 91       	pop	r28
    187e:	0c 94 99 0b 	jmp	0x1732	; 0x1732 <show_frame>
    1882:	85 30       	cpi	r24, 0x05	; 5
    1884:	21 f4       	brne	.+8      	; 0x188e <show_list_case+0x28>
    1886:	8c 2f       	mov	r24, r28
    1888:	cf 91       	pop	r28
    188a:	0c 94 f0 0a 	jmp	0x15e0	; 0x15e0 <show_alarm_options>
    188e:	cf 91       	pop	r28
    1890:	08 95       	ret

00001892 <show_list>:
    1892:	0f 93       	push	r16
    1894:	1f 93       	push	r17
    1896:	cf 93       	push	r28
    1898:	df 93       	push	r29
    189a:	ec 01       	movw	r28, r24
    189c:	8b 01       	movw	r16, r22
    189e:	cf 3f       	cpi	r28, 0xFF	; 255
    18a0:	8f ef       	ldi	r24, 0xFF	; 255
    18a2:	d8 07       	cpc	r29, r24
    18a4:	39 f0       	breq	.+14     	; 0x18b4 <show_list+0x22>
    18a6:	60 e0       	ldi	r22, 0x00	; 0
    18a8:	80 e0       	ldi	r24, 0x00	; 0
    18aa:	0e 94 30 03 	call	0x660	; 0x660 <LCD_GoTo>
    18ae:	ce 01       	movw	r24, r28
    18b0:	0e 94 33 0c 	call	0x1866	; 0x1866 <show_list_case>
    18b4:	c0 17       	cp	r28, r16
    18b6:	d1 07       	cpc	r29, r17
    18b8:	61 f0       	breq	.+24     	; 0x18d2 <show_list+0x40>
    18ba:	61 e0       	ldi	r22, 0x01	; 1
    18bc:	80 e0       	ldi	r24, 0x00	; 0
    18be:	0e 94 30 03 	call	0x660	; 0x660 <LCD_GoTo>
    18c2:	ce 01       	movw	r24, r28
    18c4:	01 96       	adiw	r24, 0x01	; 1
    18c6:	df 91       	pop	r29
    18c8:	cf 91       	pop	r28
    18ca:	1f 91       	pop	r17
    18cc:	0f 91       	pop	r16
    18ce:	0c 94 33 0c 	jmp	0x1866	; 0x1866 <show_list_case>
    18d2:	df 91       	pop	r29
    18d4:	cf 91       	pop	r28
    18d6:	1f 91       	pop	r17
    18d8:	0f 91       	pop	r16
    18da:	08 95       	ret

000018dc <wysw>:
    18dc:	ef 92       	push	r14
    18de:	ff 92       	push	r15
    18e0:	0f 93       	push	r16
    18e2:	1f 93       	push	r17
    18e4:	cf 93       	push	r28
    18e6:	df 93       	push	r29
    18e8:	1f 92       	push	r1
    18ea:	cd b7       	in	r28, 0x3d	; 61
    18ec:	de b7       	in	r29, 0x3e	; 62
    18ee:	80 91 92 02 	lds	r24, 0x0292
    18f2:	81 11       	cpse	r24, r1
    18f4:	17 c0       	rjmp	.+46     	; 0x1924 <wysw+0x48>
    18f6:	80 e0       	ldi	r24, 0x00	; 0
    18f8:	90 e0       	ldi	r25, 0x00	; 0
    18fa:	0e 94 e0 04 	call	0x9c0	; 0x9c0 <LCD_Erase>
    18fe:	60 e0       	ldi	r22, 0x00	; 0
    1900:	80 e0       	ldi	r24, 0x00	; 0
    1902:	0e 94 30 03 	call	0x660	; 0x660 <LCD_GoTo>
    1906:	84 e2       	ldi	r24, 0x24	; 36
    1908:	92 e0       	ldi	r25, 0x02	; 2
    190a:	0e 94 24 03 	call	0x648	; 0x648 <LCD_WriteText>
    190e:	61 e0       	ldi	r22, 0x01	; 1
    1910:	80 e0       	ldi	r24, 0x00	; 0
    1912:	0e 94 30 03 	call	0x660	; 0x660 <LCD_GoTo>
    1916:	8d e2       	ldi	r24, 0x2D	; 45
    1918:	92 e0       	ldi	r25, 0x02	; 2
    191a:	0e 94 24 03 	call	0x648	; 0x648 <LCD_WriteText>
    191e:	86 e0       	ldi	r24, 0x06	; 6
    1920:	90 e0       	ldi	r25, 0x00	; 0
    1922:	1f c0       	rjmp	.+62     	; 0x1962 <wysw+0x86>
    1924:	81 30       	cpi	r24, 0x01	; 1
    1926:	31 f5       	brne	.+76     	; 0x1974 <wysw+0x98>
    1928:	80 e0       	ldi	r24, 0x00	; 0
    192a:	90 e0       	ldi	r25, 0x00	; 0
    192c:	0e 94 e0 04 	call	0x9c0	; 0x9c0 <LCD_Erase>
    1930:	60 e0       	ldi	r22, 0x00	; 0
    1932:	80 e0       	ldi	r24, 0x00	; 0
    1934:	0e 94 30 03 	call	0x660	; 0x660 <LCD_GoTo>
    1938:	80 91 99 02 	lds	r24, 0x0299
    193c:	90 e0       	ldi	r25, 0x00	; 0
    193e:	0e 94 85 03 	call	0x70a	; 0x70a <LCD_Int>
    1942:	60 e0       	ldi	r22, 0x00	; 0
    1944:	86 e0       	ldi	r24, 0x06	; 6
    1946:	0e 94 30 03 	call	0x660	; 0x660 <LCD_GoTo>
    194a:	80 91 98 02 	lds	r24, 0x0298
    194e:	90 e0       	ldi	r25, 0x00	; 0
    1950:	0e 94 85 03 	call	0x70a	; 0x70a <LCD_Int>
    1954:	61 e0       	ldi	r22, 0x01	; 1
    1956:	80 e0       	ldi	r24, 0x00	; 0
    1958:	0e 94 30 03 	call	0x660	; 0x660 <LCD_GoTo>
    195c:	80 91 97 02 	lds	r24, 0x0297
    1960:	90 e0       	ldi	r25, 0x00	; 0
    1962:	0f 90       	pop	r0
    1964:	df 91       	pop	r29
    1966:	cf 91       	pop	r28
    1968:	1f 91       	pop	r17
    196a:	0f 91       	pop	r16
    196c:	ff 90       	pop	r15
    196e:	ef 90       	pop	r14
    1970:	0c 94 85 03 	jmp	0x70a	; 0x70a <LCD_Int>
    1974:	82 30       	cpi	r24, 0x02	; 2
    1976:	09 f0       	breq	.+2      	; 0x197a <wysw+0x9e>
    1978:	e8 c0       	rjmp	.+464    	; 0x1b4a <wysw+0x26e>
    197a:	80 e0       	ldi	r24, 0x00	; 0
    197c:	90 e0       	ldi	r25, 0x00	; 0
    197e:	0e 94 e0 04 	call	0x9c0	; 0x9c0 <LCD_Erase>
    1982:	60 e0       	ldi	r22, 0x00	; 0
    1984:	80 e0       	ldi	r24, 0x00	; 0
    1986:	0e 94 30 03 	call	0x660	; 0x660 <LCD_GoTo>
    198a:	80 91 8d 02 	lds	r24, 0x028D
    198e:	99 27       	eor	r25, r25
    1990:	87 fd       	sbrc	r24, 7
    1992:	90 95       	com	r25
    1994:	0e 94 85 03 	call	0x70a	; 0x70a <LCD_Int>
    1998:	00 91 aa 02 	lds	r16, 0x02AA
    199c:	10 91 ab 02 	lds	r17, 0x02AB
    19a0:	c8 01       	movw	r24, r16
    19a2:	88 0f       	add	r24, r24
    19a4:	99 1f       	adc	r25, r25
    19a6:	0e 94 65 1c 	call	0x38ca	; 0x38ca <malloc>
    19aa:	7c 01       	movw	r14, r24
    19ac:	50 91 bd 02 	lds	r21, 0x02BD
    19b0:	15 16       	cp	r1, r21
    19b2:	1c f0       	brlt	.+6      	; 0x19ba <wysw+0xde>
    19b4:	5f 3f       	cpi	r21, 0xFF	; 255
    19b6:	09 f0       	breq	.+2      	; 0x19ba <wysw+0xde>
    19b8:	be c0       	rjmp	.+380    	; 0x1b36 <wysw+0x25a>
    19ba:	20 91 8e 02 	lds	r18, 0x028E
    19be:	30 e0       	ldi	r19, 0x00	; 0
    19c0:	40 e0       	ldi	r20, 0x00	; 0
    19c2:	60 e3       	ldi	r22, 0x30	; 48
    19c4:	f7 01       	movw	r30, r14
    19c6:	e2 0f       	add	r30, r18
    19c8:	f3 1f       	adc	r31, r19
    19ca:	71 e3       	ldi	r23, 0x31	; 49
    19cc:	84 2f       	mov	r24, r20
    19ce:	99 27       	eor	r25, r25
    19d0:	87 fd       	sbrc	r24, 7
    19d2:	90 95       	com	r25
    19d4:	80 17       	cp	r24, r16
    19d6:	91 07       	cpc	r25, r17
    19d8:	5c f4       	brge	.+22     	; 0x19f0 <wysw+0x114>
    19da:	82 17       	cp	r24, r18
    19dc:	93 07       	cpc	r25, r19
    19de:	11 f4       	brne	.+4      	; 0x19e4 <wysw+0x108>
    19e0:	70 83       	st	Z, r23
    19e2:	04 c0       	rjmp	.+8      	; 0x19ec <wysw+0x110>
    19e4:	d7 01       	movw	r26, r14
    19e6:	a8 0f       	add	r26, r24
    19e8:	b9 1f       	adc	r27, r25
    19ea:	6c 93       	st	X, r22
    19ec:	4f 5f       	subi	r20, 0xFF	; 255
    19ee:	ee cf       	rjmp	.-36     	; 0x19cc <wysw+0xf0>
    19f0:	40 93 b4 02 	sts	0x02B4, r20
    19f4:	15 16       	cp	r1, r21
    19f6:	cc f4       	brge	.+50     	; 0x1a2a <wysw+0x14e>
    19f8:	60 e0       	ldi	r22, 0x00	; 0
    19fa:	84 e0       	ldi	r24, 0x04	; 4
    19fc:	0e 94 30 03 	call	0x660	; 0x660 <LCD_GoTo>
    1a00:	20 91 9c 02 	lds	r18, 0x029C
    1a04:	30 91 9d 02 	lds	r19, 0x029D
    1a08:	44 e6       	ldi	r20, 0x64	; 100
    1a0a:	42 9f       	mul	r20, r18
    1a0c:	c0 01       	movw	r24, r0
    1a0e:	43 9f       	mul	r20, r19
    1a10:	90 0d       	add	r25, r0
    1a12:	11 24       	eor	r1, r1
    1a14:	6a ef       	ldi	r22, 0xFA	; 250
    1a16:	70 e0       	ldi	r23, 0x00	; 0
    1a18:	0e 94 20 1a 	call	0x3440	; 0x3440 <__divmodhi4>
    1a1c:	cb 01       	movw	r24, r22
    1a1e:	0e 94 85 03 	call	0x70a	; 0x70a <LCD_Int>
    1a22:	82 e3       	ldi	r24, 0x32	; 50
    1a24:	92 e0       	ldi	r25, 0x02	; 2
    1a26:	0e 94 24 03 	call	0x648	; 0x648 <LCD_WriteText>
    1a2a:	20 91 aa 02 	lds	r18, 0x02AA
    1a2e:	30 91 ab 02 	lds	r19, 0x02AB
    1a32:	50 91 8d 02 	lds	r21, 0x028D
    1a36:	40 e0       	ldi	r20, 0x00	; 0
    1a38:	6a e0       	ldi	r22, 0x0A	; 10
    1a3a:	84 2f       	mov	r24, r20
    1a3c:	99 27       	eor	r25, r25
    1a3e:	87 fd       	sbrc	r24, 7
    1a40:	90 95       	com	r25
    1a42:	82 17       	cp	r24, r18
    1a44:	93 07       	cpc	r25, r19
    1a46:	a4 f5       	brge	.+104    	; 0x1ab0 <wysw+0x1d4>
    1a48:	f7 01       	movw	r30, r14
    1a4a:	e8 0f       	add	r30, r24
    1a4c:	f9 1f       	adc	r31, r25
    1a4e:	80 81       	ld	r24, Z
    1a50:	81 33       	cpi	r24, 0x31	; 49
    1a52:	a1 f4       	brne	.+40     	; 0x1a7c <wysw+0x1a0>
    1a54:	41 11       	cpse	r20, r1
    1a56:	03 c0       	rjmp	.+6      	; 0x1a5e <wysw+0x182>
    1a58:	50 93 94 02 	sts	0x0294, r21
    1a5c:	27 c0       	rjmp	.+78     	; 0x1aac <wysw+0x1d0>
    1a5e:	41 30       	cpi	r20, 0x01	; 1
    1a60:	19 f4       	brne	.+6      	; 0x1a68 <wysw+0x18c>
    1a62:	50 93 95 02 	sts	0x0295, r21
    1a66:	22 c0       	rjmp	.+68     	; 0x1aac <wysw+0x1d0>
    1a68:	42 30       	cpi	r20, 0x02	; 2
    1a6a:	19 f4       	brne	.+6      	; 0x1a72 <wysw+0x196>
    1a6c:	50 93 96 02 	sts	0x0296, r21
    1a70:	1d c0       	rjmp	.+58     	; 0x1aac <wysw+0x1d0>
    1a72:	43 30       	cpi	r20, 0x03	; 3
    1a74:	d9 f4       	brne	.+54     	; 0x1aac <wysw+0x1d0>
    1a76:	50 93 93 02 	sts	0x0293, r21
    1a7a:	18 c0       	rjmp	.+48     	; 0x1aac <wysw+0x1d0>
    1a7c:	44 23       	and	r20, r20
    1a7e:	11 f0       	breq	.+4      	; 0x1a84 <wysw+0x1a8>
    1a80:	51 11       	cpse	r21, r1
    1a82:	02 c0       	rjmp	.+4      	; 0x1a88 <wysw+0x1ac>
    1a84:	60 93 94 02 	sts	0x0294, r22
    1a88:	41 30       	cpi	r20, 0x01	; 1
    1a8a:	11 f0       	breq	.+4      	; 0x1a90 <wysw+0x1b4>
    1a8c:	51 11       	cpse	r21, r1
    1a8e:	02 c0       	rjmp	.+4      	; 0x1a94 <wysw+0x1b8>
    1a90:	60 93 95 02 	sts	0x0295, r22
    1a94:	42 30       	cpi	r20, 0x02	; 2
    1a96:	11 f0       	breq	.+4      	; 0x1a9c <wysw+0x1c0>
    1a98:	51 11       	cpse	r21, r1
    1a9a:	02 c0       	rjmp	.+4      	; 0x1aa0 <wysw+0x1c4>
    1a9c:	60 93 96 02 	sts	0x0296, r22
    1aa0:	43 30       	cpi	r20, 0x03	; 3
    1aa2:	11 f0       	breq	.+4      	; 0x1aa8 <wysw+0x1cc>
    1aa4:	51 11       	cpse	r21, r1
    1aa6:	02 c0       	rjmp	.+4      	; 0x1aac <wysw+0x1d0>
    1aa8:	60 93 93 02 	sts	0x0293, r22
    1aac:	4f 5f       	subi	r20, 0xFF	; 255
    1aae:	c5 cf       	rjmp	.-118    	; 0x1a3a <wysw+0x15e>
    1ab0:	40 93 b4 02 	sts	0x02B4, r20
    1ab4:	80 91 bd 02 	lds	r24, 0x02BD
    1ab8:	8f 3f       	cpi	r24, 0xFF	; 255
    1aba:	e9 f5       	brne	.+122    	; 0x1b36 <wysw+0x25a>
    1abc:	10 92 b4 02 	sts	0x02B4, r1
    1ac0:	1b e0       	ldi	r17, 0x0B	; 11
    1ac2:	40 91 b4 02 	lds	r20, 0x02B4
    1ac6:	84 2f       	mov	r24, r20
    1ac8:	99 27       	eor	r25, r25
    1aca:	87 fd       	sbrc	r24, 7
    1acc:	90 95       	com	r25
    1ace:	20 91 aa 02 	lds	r18, 0x02AA
    1ad2:	30 91 ab 02 	lds	r19, 0x02AB
    1ad6:	82 17       	cp	r24, r18
    1ad8:	93 07       	cpc	r25, r19
    1ada:	5c f5       	brge	.+86     	; 0x1b32 <wysw+0x256>
    1adc:	f7 01       	movw	r30, r14
    1ade:	e8 0f       	add	r30, r24
    1ae0:	f9 1f       	adc	r31, r25
    1ae2:	80 81       	ld	r24, Z
    1ae4:	80 33       	cpi	r24, 0x30	; 48
    1ae6:	21 f0       	breq	.+8      	; 0x1af0 <wysw+0x214>
    1ae8:	80 91 8d 02 	lds	r24, 0x028D
    1aec:	81 11       	cpse	r24, r1
    1aee:	1b c0       	rjmp	.+54     	; 0x1b26 <wysw+0x24a>
    1af0:	41 11       	cpse	r20, r1
    1af2:	03 c0       	rjmp	.+6      	; 0x1afa <wysw+0x21e>
    1af4:	10 93 94 02 	sts	0x0294, r17
    1af8:	0e c0       	rjmp	.+28     	; 0x1b16 <wysw+0x23a>
    1afa:	41 30       	cpi	r20, 0x01	; 1
    1afc:	19 f4       	brne	.+6      	; 0x1b04 <wysw+0x228>
    1afe:	10 93 95 02 	sts	0x0295, r17
    1b02:	09 c0       	rjmp	.+18     	; 0x1b16 <wysw+0x23a>
    1b04:	42 30       	cpi	r20, 0x02	; 2
    1b06:	19 f4       	brne	.+6      	; 0x1b0e <wysw+0x232>
    1b08:	10 93 96 02 	sts	0x0296, r17
    1b0c:	04 c0       	rjmp	.+8      	; 0x1b16 <wysw+0x23a>
    1b0e:	43 30       	cpi	r20, 0x03	; 3
    1b10:	11 f4       	brne	.+4      	; 0x1b16 <wysw+0x23a>
    1b12:	10 93 93 02 	sts	0x0293, r17
    1b16:	0e 94 71 07 	call	0xee2	; 0xee2 <buzzer>
    1b1a:	60 e0       	ldi	r22, 0x00	; 0
    1b1c:	70 e0       	ldi	r23, 0x00	; 0
    1b1e:	88 ec       	ldi	r24, 0xC8	; 200
    1b20:	92 e4       	ldi	r25, 0x42	; 66
    1b22:	0e 94 c1 01 	call	0x382	; 0x382 <delay_ms_var_double>
    1b26:	80 91 b4 02 	lds	r24, 0x02B4
    1b2a:	8f 5f       	subi	r24, 0xFF	; 255
    1b2c:	80 93 b4 02 	sts	0x02B4, r24
    1b30:	c8 cf       	rjmp	.-112    	; 0x1ac2 <wysw+0x1e6>
    1b32:	10 92 bd 02 	sts	0x02BD, r1
    1b36:	c7 01       	movw	r24, r14
    1b38:	0f 90       	pop	r0
    1b3a:	df 91       	pop	r29
    1b3c:	cf 91       	pop	r28
    1b3e:	1f 91       	pop	r17
    1b40:	0f 91       	pop	r16
    1b42:	ff 90       	pop	r15
    1b44:	ef 90       	pop	r14
    1b46:	0c 94 fd 1c 	jmp	0x39fa	; 0x39fa <free>
    1b4a:	83 30       	cpi	r24, 0x03	; 3
    1b4c:	09 f0       	breq	.+2      	; 0x1b50 <wysw+0x274>
    1b4e:	4e c0       	rjmp	.+156    	; 0x1bec <wysw+0x310>
    1b50:	10 92 91 02 	sts	0x0291, r1
    1b54:	0e 94 c8 18 	call	0x3190	; 0x3190 <PCF8583_get_wall_time>
    1b58:	80 e0       	ldi	r24, 0x00	; 0
    1b5a:	90 e0       	ldi	r25, 0x00	; 0
    1b5c:	0e 94 e0 04 	call	0x9c0	; 0x9c0 <LCD_Erase>
    1b60:	60 e0       	ldi	r22, 0x00	; 0
    1b62:	8b e0       	ldi	r24, 0x0B	; 11
    1b64:	0e 94 30 03 	call	0x660	; 0x660 <LCD_GoTo>
    1b68:	80 91 90 02 	lds	r24, 0x0290
    1b6c:	81 11       	cpse	r24, r1
    1b6e:	03 c0       	rjmp	.+6      	; 0x1b76 <wysw+0x29a>
    1b70:	89 e5       	ldi	r24, 0x59	; 89
    1b72:	92 e0       	ldi	r25, 0x02	; 2
    1b74:	04 c0       	rjmp	.+8      	; 0x1b7e <wysw+0x2a2>
    1b76:	81 30       	cpi	r24, 0x01	; 1
    1b78:	21 f4       	brne	.+8      	; 0x1b82 <wysw+0x2a6>
    1b7a:	80 e5       	ldi	r24, 0x50	; 80
    1b7c:	91 e0       	ldi	r25, 0x01	; 1
    1b7e:	0e 94 24 03 	call	0x648	; 0x648 <LCD_WriteText>
    1b82:	0e 94 e6 08 	call	0x11cc	; 0x11cc <show_time_format>
    1b86:	0e 94 b8 18 	call	0x3170	; 0x3170 <PCF8583_get_wall_alarm>
    1b8a:	85 e1       	ldi	r24, 0x15	; 21
    1b8c:	80 93 91 02 	sts	0x0291, r24
    1b90:	80 91 bd 02 	lds	r24, 0x02BD
    1b94:	88 23       	and	r24, r24
    1b96:	81 f0       	breq	.+32     	; 0x1bb8 <wysw+0x2dc>
    1b98:	60 e0       	ldi	r22, 0x00	; 0
    1b9a:	82 e1       	ldi	r24, 0x12	; 18
    1b9c:	0e 94 30 03 	call	0x660	; 0x660 <LCD_GoTo>
    1ba0:	80 e5       	ldi	r24, 0x50	; 80
    1ba2:	91 e0       	ldi	r25, 0x01	; 1
    1ba4:	0e 94 24 03 	call	0x648	; 0x648 <LCD_WriteText>
    1ba8:	61 e0       	ldi	r22, 0x01	; 1
    1baa:	82 e1       	ldi	r24, 0x12	; 18
    1bac:	0e 94 30 03 	call	0x660	; 0x660 <LCD_GoTo>
    1bb0:	80 e5       	ldi	r24, 0x50	; 80
    1bb2:	91 e0       	ldi	r25, 0x01	; 1
    1bb4:	0e 94 24 03 	call	0x648	; 0x648 <LCD_WriteText>
    1bb8:	61 e0       	ldi	r22, 0x01	; 1
    1bba:	80 91 91 02 	lds	r24, 0x0291
    1bbe:	0e 94 30 03 	call	0x660	; 0x660 <LCD_GoTo>
    1bc2:	80 91 bd 02 	lds	r24, 0x02BD
    1bc6:	0e 94 21 09 	call	0x1242	; 0x1242 <show_alarm_format>
    1bca:	60 e0       	ldi	r22, 0x00	; 0
    1bcc:	8c e0       	ldi	r24, 0x0C	; 12
    1bce:	0e 94 30 03 	call	0x660	; 0x660 <LCD_GoTo>
    1bd2:	0e 94 a9 19 	call	0x3352	; 0x3352 <ds18b20_temperature>
    1bd6:	41 e0       	ldi	r20, 0x01	; 1
    1bd8:	50 e0       	ldi	r21, 0x00	; 0
    1bda:	0f 90       	pop	r0
    1bdc:	df 91       	pop	r29
    1bde:	cf 91       	pop	r28
    1be0:	1f 91       	pop	r17
    1be2:	0f 91       	pop	r16
    1be4:	ff 90       	pop	r15
    1be6:	ef 90       	pop	r14
    1be8:	0c 94 a0 03 	jmp	0x740	; 0x740 <LCD_Double>
    1bec:	84 30       	cpi	r24, 0x04	; 4
    1bee:	09 f0       	breq	.+2      	; 0x1bf2 <wysw+0x316>
    1bf0:	70 c0       	rjmp	.+224    	; 0x1cd2 <wysw+0x3f6>
    1bf2:	60 91 bd 02 	lds	r22, 0x02BD
    1bf6:	80 e0       	ldi	r24, 0x00	; 0
    1bf8:	0e 94 a7 0a 	call	0x154e	; 0x154e <check_step_value>
    1bfc:	80 e0       	ldi	r24, 0x00	; 0
    1bfe:	90 e0       	ldi	r25, 0x00	; 0
    1c00:	0e 94 e0 04 	call	0x9c0	; 0x9c0 <LCD_Erase>
    1c04:	80 91 bd 02 	lds	r24, 0x02BD
    1c08:	87 fd       	sbrc	r24, 7
    1c0a:	10 92 bd 02 	sts	0x02BD, r1
    1c0e:	80 91 bd 02 	lds	r24, 0x02BD
    1c12:	88 30       	cpi	r24, 0x08	; 8
    1c14:	39 f5       	brne	.+78     	; 0x1c64 <wysw+0x388>
    1c16:	20 91 a6 02 	lds	r18, 0x02A6
    1c1a:	40 91 b7 02 	lds	r20, 0x02B7
    1c1e:	60 91 a8 02 	lds	r22, 0x02A8
    1c22:	80 91 a7 02 	lds	r24, 0x02A7
    1c26:	0e 94 53 17 	call	0x2ea6	; 0x2ea6 <PCF8583_set_time>
    1c2a:	20 91 b8 02 	lds	r18, 0x02B8
    1c2e:	30 91 b9 02 	lds	r19, 0x02B9
    1c32:	40 91 a9 02 	lds	r20, 0x02A9
    1c36:	60 91 ba 02 	lds	r22, 0x02BA
    1c3a:	80 91 be 02 	lds	r24, 0x02BE
    1c3e:	0e 94 cd 17 	call	0x2f9a	; 0x2f9a <PCF8583_set_date>
    1c42:	0e 94 37 03 	call	0x66e	; 0x66e <LCD_Clear>
    1c46:	84 e3       	ldi	r24, 0x34	; 52
    1c48:	92 e0       	ldi	r25, 0x02	; 2
    1c4a:	0e 94 24 03 	call	0x648	; 0x648 <LCD_WriteText>
    1c4e:	84 ef       	ldi	r24, 0xF4	; 244
    1c50:	91 e0       	ldi	r25, 0x01	; 1
    1c52:	0e 94 ad 01 	call	0x35a	; 0x35a <delay_ms_var>
    1c56:	80 e0       	ldi	r24, 0x00	; 0
    1c58:	90 e0       	ldi	r25, 0x00	; 0
    1c5a:	0e 94 e0 04 	call	0x9c0	; 0x9c0 <LCD_Erase>
    1c5e:	81 e0       	ldi	r24, 0x01	; 1
    1c60:	80 93 62 00 	sts	0x0062, r24
    1c64:	80 91 9f 02 	lds	r24, 0x029F
    1c68:	81 30       	cpi	r24, 0x01	; 1
    1c6a:	c1 f4       	brne	.+48     	; 0x1c9c <wysw+0x3c0>
    1c6c:	80 91 62 00 	lds	r24, 0x0062
    1c70:	81 30       	cpi	r24, 0x01	; 1
    1c72:	a1 f0       	breq	.+40     	; 0x1c9c <wysw+0x3c0>
    1c74:	60 e0       	ldi	r22, 0x00	; 0
    1c76:	80 91 91 02 	lds	r24, 0x0291
    1c7a:	0e 94 30 03 	call	0x660	; 0x660 <LCD_GoTo>
    1c7e:	60 91 bd 02 	lds	r22, 0x02BD
    1c82:	80 e0       	ldi	r24, 0x00	; 0
    1c84:	0e 94 84 09 	call	0x1308	; 0x1308 <setting_information>
    1c88:	80 e9       	ldi	r24, 0x90	; 144
    1c8a:	91 e0       	ldi	r25, 0x01	; 1
    1c8c:	0e 94 ad 01 	call	0x35a	; 0x35a <delay_ms_var>
    1c90:	10 92 9f 02 	sts	0x029F, r1
    1c94:	80 e0       	ldi	r24, 0x00	; 0
    1c96:	90 e0       	ldi	r25, 0x00	; 0
    1c98:	0e 94 e0 04 	call	0x9c0	; 0x9c0 <LCD_Erase>
    1c9c:	40 91 b4 02 	lds	r20, 0x02B4
    1ca0:	44 23       	and	r20, r20
    1ca2:	39 f0       	breq	.+14     	; 0x1cb2 <wysw+0x3d6>
    1ca4:	60 91 bd 02 	lds	r22, 0x02BD
    1ca8:	80 e0       	ldi	r24, 0x00	; 0
    1caa:	0e 94 e2 09 	call	0x13c4	; 0x13c4 <set_appropriate_values_of_time>
    1cae:	10 92 b4 02 	sts	0x02B4, r1
    1cb2:	0e 94 06 0b 	call	0x160c	; 0x160c <correction_of_time>
    1cb6:	80 e0       	ldi	r24, 0x00	; 0
    1cb8:	0e 94 37 0b 	call	0x166e	; 0x166e <correction_of_date>
    1cbc:	10 92 91 02 	sts	0x0291, r1
    1cc0:	0f 90       	pop	r0
    1cc2:	df 91       	pop	r29
    1cc4:	cf 91       	pop	r28
    1cc6:	1f 91       	pop	r17
    1cc8:	0f 91       	pop	r16
    1cca:	ff 90       	pop	r15
    1ccc:	ef 90       	pop	r14
    1cce:	0c 94 e6 08 	jmp	0x11cc	; 0x11cc <show_time_format>
    1cd2:	85 30       	cpi	r24, 0x05	; 5
    1cd4:	09 f0       	breq	.+2      	; 0x1cd8 <wysw+0x3fc>
    1cd6:	c5 c0       	rjmp	.+394    	; 0x1e62 <wysw+0x586>
    1cd8:	80 91 bd 02 	lds	r24, 0x02BD
    1cdc:	8f 3f       	cpi	r24, 0xFF	; 255
    1cde:	1c f4       	brge	.+6      	; 0x1ce6 <wysw+0x40a>
    1ce0:	8f ef       	ldi	r24, 0xFF	; 255
    1ce2:	80 93 bd 02 	sts	0x02BD, r24
    1ce6:	60 91 bd 02 	lds	r22, 0x02BD
    1cea:	6f 3f       	cpi	r22, 0xFF	; 255
    1cec:	b9 f4       	brne	.+46     	; 0x1d1c <wysw+0x440>
    1cee:	80 e0       	ldi	r24, 0x00	; 0
    1cf0:	90 e0       	ldi	r25, 0x00	; 0
    1cf2:	69 83       	std	Y+1, r22	; 0x01
    1cf4:	0e 94 e0 04 	call	0x9c0	; 0x9c0 <LCD_Erase>
    1cf8:	80 91 a5 02 	lds	r24, 0x02A5
    1cfc:	69 81       	ldd	r22, Y+1	; 0x01
    1cfe:	8f 3f       	cpi	r24, 0xFF	; 255
    1d00:	24 f4       	brge	.+8      	; 0x1d0a <wysw+0x42e>
    1d02:	83 e0       	ldi	r24, 0x03	; 3
    1d04:	80 93 a5 02 	sts	0x02A5, r24
    1d08:	04 c0       	rjmp	.+8      	; 0x1d12 <wysw+0x436>
    1d0a:	84 30       	cpi	r24, 0x04	; 4
    1d0c:	14 f0       	brlt	.+4      	; 0x1d12 <wysw+0x436>
    1d0e:	60 93 a5 02 	sts	0x02A5, r22
    1d12:	80 91 a5 02 	lds	r24, 0x02A5
    1d16:	63 e0       	ldi	r22, 0x03	; 3
    1d18:	70 e0       	ldi	r23, 0x00	; 0
    1d1a:	d1 c0       	rjmp	.+418    	; 0x1ebe <wysw+0x5e2>
    1d1c:	80 91 a5 02 	lds	r24, 0x02A5
    1d20:	0e 94 a7 0a 	call	0x154e	; 0x154e <check_step_value>
    1d24:	80 e0       	ldi	r24, 0x00	; 0
    1d26:	90 e0       	ldi	r25, 0x00	; 0
    1d28:	0e 94 e0 04 	call	0x9c0	; 0x9c0 <LCD_Erase>
    1d2c:	10 91 a5 02 	lds	r17, 0x02A5
    1d30:	81 2f       	mov	r24, r17
    1d32:	0e 94 de 0a 	call	0x15bc	; 0x15bc <end_of_settings>
    1d36:	40 91 bd 02 	lds	r20, 0x02BD
    1d3a:	55 27       	eor	r21, r21
    1d3c:	47 fd       	sbrc	r20, 7
    1d3e:	50 95       	com	r21
    1d40:	28 2f       	mov	r18, r24
    1d42:	30 e0       	ldi	r19, 0x00	; 0
    1d44:	42 17       	cp	r20, r18
    1d46:	53 07       	cpc	r21, r19
    1d48:	29 f0       	breq	.+10     	; 0x1d54 <wysw+0x478>
    1d4a:	81 e0       	ldi	r24, 0x01	; 1
    1d4c:	81 0f       	add	r24, r17
    1d4e:	82 30       	cpi	r24, 0x02	; 2
    1d50:	08 f0       	brcs	.+2      	; 0x1d54 <wysw+0x478>
    1d52:	4b c0       	rjmp	.+150    	; 0x1dea <wysw+0x50e>
    1d54:	81 e0       	ldi	r24, 0x01	; 1
    1d56:	80 93 62 00 	sts	0x0062, r24
    1d5a:	1f 3f       	cpi	r17, 0xFF	; 255
    1d5c:	09 f4       	brne	.+2      	; 0x1d60 <wysw+0x484>
    1d5e:	45 c0       	rjmp	.+138    	; 0x1dea <wysw+0x50e>
    1d60:	11 11       	cpse	r17, r1
    1d62:	03 c0       	rjmp	.+6      	; 0x1d6a <wysw+0x48e>
    1d64:	0e 94 44 18 	call	0x3088	; 0x3088 <PCF8583_alarm_off>
    1d68:	32 c0       	rjmp	.+100    	; 0x1dce <wysw+0x4f2>
    1d6a:	11 30       	cpi	r17, 0x01	; 1
    1d6c:	69 f4       	brne	.+26     	; 0x1d88 <wysw+0x4ac>
    1d6e:	0e 94 4c 18 	call	0x3098	; 0x3098 <PCF8583_alarm_every_day>
    1d72:	20 91 a6 02 	lds	r18, 0x02A6
    1d76:	40 91 b7 02 	lds	r20, 0x02B7
    1d7a:	60 91 a8 02 	lds	r22, 0x02A8
    1d7e:	80 91 a7 02 	lds	r24, 0x02A7
    1d82:	0e 94 74 18 	call	0x30e8	; 0x30e8 <PCF8583_set_alarm_time>
    1d86:	23 c0       	rjmp	.+70     	; 0x1dce <wysw+0x4f2>
    1d88:	12 30       	cpi	r17, 0x02	; 2
    1d8a:	79 f4       	brne	.+30     	; 0x1daa <wysw+0x4ce>
    1d8c:	0e 94 5c 18 	call	0x30b8	; 0x30b8 <PCF8583_alarm_weekly>
    1d90:	00 91 a6 02 	lds	r16, 0x02A6
    1d94:	20 91 b7 02 	lds	r18, 0x02B7
    1d98:	40 91 a8 02 	lds	r20, 0x02A8
    1d9c:	60 91 a7 02 	lds	r22, 0x02A7
    1da0:	80 91 a9 02 	lds	r24, 0x02A9
    1da4:	0e 94 94 18 	call	0x3128	; 0x3128 <PCF8583_set_weekly_alarm>
    1da8:	12 c0       	rjmp	.+36     	; 0x1dce <wysw+0x4f2>
    1daa:	13 30       	cpi	r17, 0x03	; 3
    1dac:	81 f4       	brne	.+32     	; 0x1dce <wysw+0x4f2>
    1dae:	0e 94 6c 18 	call	0x30d8	; 0x30d8 <PCF8583_alarm_monthly>
    1db2:	e0 90 a6 02 	lds	r14, 0x02A6
    1db6:	00 91 b7 02 	lds	r16, 0x02B7
    1dba:	20 91 a8 02 	lds	r18, 0x02A8
    1dbe:	40 91 a7 02 	lds	r20, 0x02A7
    1dc2:	60 91 a9 02 	lds	r22, 0x02A9
    1dc6:	80 91 be 02 	lds	r24, 0x02BE
    1dca:	0e 94 a4 18 	call	0x3148	; 0x3148 <PCF8583_set_monthly_alarm>
    1dce:	0e 94 37 03 	call	0x66e	; 0x66e <LCD_Clear>
    1dd2:	85 e4       	ldi	r24, 0x45	; 69
    1dd4:	92 e0       	ldi	r25, 0x02	; 2
    1dd6:	0e 94 24 03 	call	0x648	; 0x648 <LCD_WriteText>
    1dda:	84 ef       	ldi	r24, 0xF4	; 244
    1ddc:	91 e0       	ldi	r25, 0x01	; 1
    1dde:	0e 94 ad 01 	call	0x35a	; 0x35a <delay_ms_var>
    1de2:	80 e0       	ldi	r24, 0x00	; 0
    1de4:	90 e0       	ldi	r25, 0x00	; 0
    1de6:	0e 94 e0 04 	call	0x9c0	; 0x9c0 <LCD_Erase>
    1dea:	80 91 9f 02 	lds	r24, 0x029F
    1dee:	81 30       	cpi	r24, 0x01	; 1
    1df0:	c9 f4       	brne	.+50     	; 0x1e24 <wysw+0x548>
    1df2:	80 91 62 00 	lds	r24, 0x0062
    1df6:	81 30       	cpi	r24, 0x01	; 1
    1df8:	a9 f0       	breq	.+42     	; 0x1e24 <wysw+0x548>
    1dfa:	60 e0       	ldi	r22, 0x00	; 0
    1dfc:	80 91 91 02 	lds	r24, 0x0291
    1e00:	0e 94 30 03 	call	0x660	; 0x660 <LCD_GoTo>
    1e04:	60 91 bd 02 	lds	r22, 0x02BD
    1e08:	80 91 a5 02 	lds	r24, 0x02A5
    1e0c:	0e 94 84 09 	call	0x1308	; 0x1308 <setting_information>
    1e10:	10 92 9f 02 	sts	0x029F, r1
    1e14:	80 e9       	ldi	r24, 0x90	; 144
    1e16:	91 e0       	ldi	r25, 0x01	; 1
    1e18:	0e 94 ad 01 	call	0x35a	; 0x35a <delay_ms_var>
    1e1c:	80 e0       	ldi	r24, 0x00	; 0
    1e1e:	90 e0       	ldi	r25, 0x00	; 0
    1e20:	0e 94 e0 04 	call	0x9c0	; 0x9c0 <LCD_Erase>
    1e24:	40 91 b4 02 	lds	r20, 0x02B4
    1e28:	44 23       	and	r20, r20
    1e2a:	41 f0       	breq	.+16     	; 0x1e3c <wysw+0x560>
    1e2c:	60 91 bd 02 	lds	r22, 0x02BD
    1e30:	80 91 a5 02 	lds	r24, 0x02A5
    1e34:	0e 94 e2 09 	call	0x13c4	; 0x13c4 <set_appropriate_values_of_time>
    1e38:	10 92 b4 02 	sts	0x02B4, r1
    1e3c:	0e 94 06 0b 	call	0x160c	; 0x160c <correction_of_time>
    1e40:	80 91 a5 02 	lds	r24, 0x02A5
    1e44:	0e 94 37 0b 	call	0x166e	; 0x166e <correction_of_date>
    1e48:	10 92 91 02 	sts	0x0291, r1
    1e4c:	80 91 a5 02 	lds	r24, 0x02A5
    1e50:	0f 90       	pop	r0
    1e52:	df 91       	pop	r29
    1e54:	cf 91       	pop	r28
    1e56:	1f 91       	pop	r17
    1e58:	0f 91       	pop	r16
    1e5a:	ff 90       	pop	r15
    1e5c:	ef 90       	pop	r14
    1e5e:	0c 94 21 09 	jmp	0x1242	; 0x1242 <show_alarm_format>
    1e62:	86 30       	cpi	r24, 0x06	; 6
    1e64:	c1 f5       	brne	.+112    	; 0x1ed6 <wysw+0x5fa>
    1e66:	80 e0       	ldi	r24, 0x00	; 0
    1e68:	90 e0       	ldi	r25, 0x00	; 0
    1e6a:	0e 94 e0 04 	call	0x9c0	; 0x9c0 <LCD_Erase>
    1e6e:	80 91 b5 02 	lds	r24, 0x02B5
    1e72:	90 91 b6 02 	lds	r25, 0x02B6
    1e76:	0b 97       	sbiw	r24, 0x0b	; 11
    1e78:	20 f0       	brcs	.+8      	; 0x1e82 <wysw+0x5a6>
    1e7a:	8a e0       	ldi	r24, 0x0A	; 10
    1e7c:	90 e0       	ldi	r25, 0x00	; 0
    1e7e:	0e 94 7f 07 	call	0xefe	; 0xefe <wysw_skok>
    1e82:	80 91 bd 02 	lds	r24, 0x02BD
    1e86:	8f 3f       	cpi	r24, 0xFF	; 255
    1e88:	24 f4       	brge	.+8      	; 0x1e92 <wysw+0x5b6>
    1e8a:	0e 94 2b 06 	call	0xc56	; 0xc56 <lockers_number_of_frames>
    1e8e:	81 50       	subi	r24, 0x01	; 1
    1e90:	0c c0       	rjmp	.+24     	; 0x1eaa <wysw+0x5ce>
    1e92:	0e 94 2b 06 	call	0xc56	; 0xc56 <lockers_number_of_frames>
    1e96:	90 e0       	ldi	r25, 0x00	; 0
    1e98:	20 91 bd 02 	lds	r18, 0x02BD
    1e9c:	33 27       	eor	r19, r19
    1e9e:	27 fd       	sbrc	r18, 7
    1ea0:	30 95       	com	r19
    1ea2:	28 17       	cp	r18, r24
    1ea4:	39 07       	cpc	r19, r25
    1ea6:	1c f0       	brlt	.+6      	; 0x1eae <wysw+0x5d2>
    1ea8:	8f ef       	ldi	r24, 0xFF	; 255
    1eaa:	80 93 bd 02 	sts	0x02BD, r24
    1eae:	0e 94 2b 06 	call	0xc56	; 0xc56 <lockers_number_of_frames>
    1eb2:	68 2f       	mov	r22, r24
    1eb4:	70 e0       	ldi	r23, 0x00	; 0
    1eb6:	61 50       	subi	r22, 0x01	; 1
    1eb8:	71 09       	sbc	r23, r1
    1eba:	80 91 bd 02 	lds	r24, 0x02BD
    1ebe:	99 27       	eor	r25, r25
    1ec0:	87 fd       	sbrc	r24, 7
    1ec2:	90 95       	com	r25
    1ec4:	0f 90       	pop	r0
    1ec6:	df 91       	pop	r29
    1ec8:	cf 91       	pop	r28
    1eca:	1f 91       	pop	r17
    1ecc:	0f 91       	pop	r16
    1ece:	ff 90       	pop	r15
    1ed0:	ef 90       	pop	r14
    1ed2:	0c 94 49 0c 	jmp	0x1892	; 0x1892 <show_list>
    1ed6:	0f 90       	pop	r0
    1ed8:	df 91       	pop	r29
    1eda:	cf 91       	pop	r28
    1edc:	1f 91       	pop	r17
    1ede:	0f 91       	pop	r16
    1ee0:	ff 90       	pop	r15
    1ee2:	ef 90       	pop	r14
    1ee4:	08 95       	ret

00001ee6 <czynnosc>:
    1ee6:	2f 92       	push	r2
    1ee8:	3f 92       	push	r3
    1eea:	7f 92       	push	r7
    1eec:	8f 92       	push	r8
    1eee:	9f 92       	push	r9
    1ef0:	af 92       	push	r10
    1ef2:	bf 92       	push	r11
    1ef4:	cf 92       	push	r12
    1ef6:	df 92       	push	r13
    1ef8:	ef 92       	push	r14
    1efa:	ff 92       	push	r15
    1efc:	0f 93       	push	r16
    1efe:	1f 93       	push	r17
    1f00:	cf 93       	push	r28
    1f02:	df 93       	push	r29
    1f04:	cd b7       	in	r28, 0x3d	; 61
    1f06:	de b7       	in	r29, 0x3e	; 62
    1f08:	c1 55       	subi	r28, 0x51	; 81
    1f0a:	d1 09       	sbc	r29, r1
    1f0c:	0f b6       	in	r0, 0x3f	; 63
    1f0e:	f8 94       	cli
    1f10:	de bf       	out	0x3e, r29	; 62
    1f12:	0f be       	out	0x3f, r0	; 63
    1f14:	cd bf       	out	0x3d, r28	; 61
    1f16:	8c 01       	movw	r16, r24
    1f18:	7b 01       	movw	r14, r22
    1f1a:	0e 94 71 07 	call	0xee2	; 0xee2 <buzzer>
    1f1e:	20 91 92 02 	lds	r18, 0x0292
    1f22:	21 11       	cpse	r18, r1
    1f24:	56 c3       	rjmp	.+1708   	; 0x25d2 <czynnosc+0x6ec>
    1f26:	09 32       	cpi	r16, 0x29	; 41
    1f28:	11 05       	cpc	r17, r1
    1f2a:	09 f0       	breq	.+2      	; 0x1f2e <czynnosc+0x48>
    1f2c:	f9 c1       	rjmp	.+1010   	; 0x2320 <czynnosc+0x43a>
    1f2e:	0e 94 55 05 	call	0xaaa	; 0xaaa <pilot_off>
    1f32:	0e 94 37 03 	call	0x66e	; 0x66e <LCD_Clear>
    1f36:	88 e2       	ldi	r24, 0x28	; 40
    1f38:	90 e0       	ldi	r25, 0x00	; 0
    1f3a:	90 93 ab 02 	sts	0x02AB, r25
    1f3e:	80 93 aa 02 	sts	0x02AA, r24
    1f42:	80 e5       	ldi	r24, 0x50	; 80
    1f44:	ed e6       	ldi	r30, 0x6D	; 109
    1f46:	f0 e0       	ldi	r31, 0x00	; 0
    1f48:	de 01       	movw	r26, r28
    1f4a:	11 96       	adiw	r26, 0x01	; 1
    1f4c:	01 90       	ld	r0, Z+
    1f4e:	0d 92       	st	X+, r0
    1f50:	8a 95       	dec	r24
    1f52:	e1 f7       	brne	.-8      	; 0x1f4c <czynnosc+0x66>
    1f54:	84 e0       	ldi	r24, 0x04	; 4
    1f56:	90 e0       	ldi	r25, 0x00	; 0
    1f58:	0e 94 65 1c 	call	0x38ca	; 0x38ca <malloc>
    1f5c:	5c 01       	movw	r10, r24
    1f5e:	10 92 9d 02 	sts	0x029D, r1
    1f62:	10 92 9c 02 	sts	0x029C, r1
    1f66:	48 e2       	ldi	r20, 0x28	; 40
    1f68:	94 2e       	mov	r9, r20
    1f6a:	c0 90 9c 02 	lds	r12, 0x029C
    1f6e:	d0 90 9d 02 	lds	r13, 0x029D
    1f72:	82 e0       	ldi	r24, 0x02	; 2
    1f74:	c8 16       	cp	r12, r24
    1f76:	d1 04       	cpc	r13, r1
    1f78:	b4 f5       	brge	.+108    	; 0x1fe6 <czynnosc+0x100>
    1f7a:	80 e5       	ldi	r24, 0x50	; 80
    1f7c:	90 e0       	ldi	r25, 0x00	; 0
    1f7e:	0e 94 65 1c 	call	0x38ca	; 0x38ca <malloc>
    1f82:	f6 01       	movw	r30, r12
    1f84:	ee 0f       	add	r30, r30
    1f86:	ff 1f       	adc	r31, r31
    1f88:	ea 0d       	add	r30, r10
    1f8a:	fb 1d       	adc	r31, r11
    1f8c:	91 83       	std	Z+1, r25	; 0x01
    1f8e:	80 83       	st	Z, r24
    1f90:	10 92 bd 02 	sts	0x02BD, r1
    1f94:	40 e0       	ldi	r20, 0x00	; 0
    1f96:	9c 9c       	mul	r9, r12
    1f98:	90 01       	movw	r18, r0
    1f9a:	9d 9c       	mul	r9, r13
    1f9c:	30 0d       	add	r19, r0
    1f9e:	11 24       	eor	r1, r1
    1fa0:	54 2f       	mov	r21, r20
    1fa2:	e4 2f       	mov	r30, r20
    1fa4:	ff 27       	eor	r31, r31
    1fa6:	e7 fd       	sbrc	r30, 7
    1fa8:	f0 95       	com	r31
    1faa:	4f 5f       	subi	r20, 0xFF	; 255
    1fac:	e8 32       	cpi	r30, 0x28	; 40
    1fae:	f1 05       	cpc	r31, r1
    1fb0:	84 f4       	brge	.+32     	; 0x1fd2 <czynnosc+0xec>
    1fb2:	dc 01       	movw	r26, r24
    1fb4:	a5 0f       	add	r26, r21
    1fb6:	b1 1d       	adc	r27, r1
    1fb8:	57 fd       	sbrc	r21, 7
    1fba:	ba 95       	dec	r27
    1fbc:	e2 0f       	add	r30, r18
    1fbe:	f3 1f       	adc	r31, r19
    1fc0:	61 e0       	ldi	r22, 0x01	; 1
    1fc2:	70 e0       	ldi	r23, 0x00	; 0
    1fc4:	6c 0f       	add	r22, r28
    1fc6:	7d 1f       	adc	r23, r29
    1fc8:	e6 0f       	add	r30, r22
    1fca:	f7 1f       	adc	r31, r23
    1fcc:	50 81       	ld	r21, Z
    1fce:	5c 93       	st	X, r21
    1fd0:	e7 cf       	rjmp	.-50     	; 0x1fa0 <czynnosc+0xba>
    1fd2:	50 93 bd 02 	sts	0x02BD, r21
    1fd6:	7f ef       	ldi	r23, 0xFF	; 255
    1fd8:	c7 1a       	sub	r12, r23
    1fda:	d7 0a       	sbc	r13, r23
    1fdc:	d0 92 9d 02 	sts	0x029D, r13
    1fe0:	c0 92 9c 02 	sts	0x029C, r12
    1fe4:	c2 cf       	rjmp	.-124    	; 0x1f6a <czynnosc+0x84>
    1fe6:	10 92 9d 02 	sts	0x029D, r1
    1fea:	10 92 9c 02 	sts	0x029C, r1
    1fee:	80 91 9c 02 	lds	r24, 0x029C
    1ff2:	90 91 9d 02 	lds	r25, 0x029D
    1ff6:	88 32       	cpi	r24, 0x28	; 40
    1ff8:	91 05       	cpc	r25, r1
    1ffa:	94 f4       	brge	.+36     	; 0x2020 <czynnosc+0x13a>
    1ffc:	d5 01       	movw	r26, r10
    1ffe:	ed 91       	ld	r30, X+
    2000:	fc 91       	ld	r31, X
    2002:	e8 0f       	add	r30, r24
    2004:	f9 1f       	adc	r31, r25
    2006:	80 81       	ld	r24, Z
    2008:	0e 94 1e 03 	call	0x63c	; 0x63c <LCD_WriteData>
    200c:	80 91 9c 02 	lds	r24, 0x029C
    2010:	90 91 9d 02 	lds	r25, 0x029D
    2014:	01 96       	adiw	r24, 0x01	; 1
    2016:	90 93 9d 02 	sts	0x029D, r25
    201a:	80 93 9c 02 	sts	0x029C, r24
    201e:	e7 cf       	rjmp	.-50     	; 0x1fee <czynnosc+0x108>
    2020:	61 e0       	ldi	r22, 0x01	; 1
    2022:	80 e0       	ldi	r24, 0x00	; 0
    2024:	0e 94 30 03 	call	0x660	; 0x660 <LCD_GoTo>
    2028:	10 92 9d 02 	sts	0x029D, r1
    202c:	10 92 9c 02 	sts	0x029C, r1
    2030:	80 91 9c 02 	lds	r24, 0x029C
    2034:	90 91 9d 02 	lds	r25, 0x029D
    2038:	88 32       	cpi	r24, 0x28	; 40
    203a:	91 05       	cpc	r25, r1
    203c:	a4 f4       	brge	.+40     	; 0x2066 <czynnosc+0x180>
    203e:	d5 01       	movw	r26, r10
    2040:	12 96       	adiw	r26, 0x02	; 2
    2042:	ed 91       	ld	r30, X+
    2044:	fc 91       	ld	r31, X
    2046:	13 97       	sbiw	r26, 0x03	; 3
    2048:	e8 0f       	add	r30, r24
    204a:	f9 1f       	adc	r31, r25
    204c:	80 81       	ld	r24, Z
    204e:	0e 94 1e 03 	call	0x63c	; 0x63c <LCD_WriteData>
    2052:	80 91 9c 02 	lds	r24, 0x029C
    2056:	90 91 9d 02 	lds	r25, 0x029D
    205a:	01 96       	adiw	r24, 0x01	; 1
    205c:	90 93 9d 02 	sts	0x029D, r25
    2060:	80 93 9c 02 	sts	0x029C, r24
    2064:	e5 cf       	rjmp	.-54     	; 0x2030 <czynnosc+0x14a>
    2066:	88 e2       	ldi	r24, 0x28	; 40
    2068:	90 e0       	ldi	r25, 0x00	; 0
    206a:	90 93 ab 02 	sts	0x02AB, r25
    206e:	80 93 aa 02 	sts	0x02AA, r24
    2072:	81 e0       	ldi	r24, 0x01	; 1
    2074:	80 93 bd 02 	sts	0x02BD, r24
    2078:	80 91 bd 02 	lds	r24, 0x02BD
    207c:	88 23       	and	r24, r24
    207e:	09 f4       	brne	.+2      	; 0x2082 <czynnosc+0x19c>
    2080:	1c c1       	rjmp	.+568    	; 0x22ba <czynnosc+0x3d4>
    2082:	84 e0       	ldi	r24, 0x04	; 4
    2084:	90 e0       	ldi	r25, 0x00	; 0
    2086:	0e 94 65 1c 	call	0x38ca	; 0x38ca <malloc>
    208a:	6c 01       	movw	r12, r24
    208c:	10 92 9d 02 	sts	0x029D, r1
    2090:	10 92 9c 02 	sts	0x029C, r1
    2094:	80 90 9c 02 	lds	r8, 0x029C
    2098:	90 90 9d 02 	lds	r9, 0x029D
    209c:	e2 e0       	ldi	r30, 0x02	; 2
    209e:	8e 16       	cp	r8, r30
    20a0:	91 04       	cpc	r9, r1
    20a2:	bc f4       	brge	.+46     	; 0x20d2 <czynnosc+0x1ec>
    20a4:	80 91 aa 02 	lds	r24, 0x02AA
    20a8:	90 91 ab 02 	lds	r25, 0x02AB
    20ac:	88 0f       	add	r24, r24
    20ae:	99 1f       	adc	r25, r25
    20b0:	0e 94 65 1c 	call	0x38ca	; 0x38ca <malloc>
    20b4:	f4 01       	movw	r30, r8
    20b6:	ee 0f       	add	r30, r30
    20b8:	ff 1f       	adc	r31, r31
    20ba:	ec 0d       	add	r30, r12
    20bc:	fd 1d       	adc	r31, r13
    20be:	91 83       	std	Z+1, r25	; 0x01
    20c0:	80 83       	st	Z, r24
    20c2:	bf ef       	ldi	r27, 0xFF	; 255
    20c4:	8b 1a       	sub	r8, r27
    20c6:	9b 0a       	sbc	r9, r27
    20c8:	90 92 9d 02 	sts	0x029D, r9
    20cc:	80 92 9c 02 	sts	0x029C, r8
    20d0:	e1 cf       	rjmp	.-62     	; 0x2094 <czynnosc+0x1ae>
    20d2:	0e 94 41 03 	call	0x682	; 0x682 <LCD_Home>
    20d6:	10 92 9d 02 	sts	0x029D, r1
    20da:	10 92 9c 02 	sts	0x029C, r1
    20de:	80 91 9c 02 	lds	r24, 0x029C
    20e2:	90 91 9d 02 	lds	r25, 0x029D
    20e6:	20 91 aa 02 	lds	r18, 0x02AA
    20ea:	30 91 ab 02 	lds	r19, 0x02AB
    20ee:	82 17       	cp	r24, r18
    20f0:	93 07       	cpc	r25, r19
    20f2:	9c f4       	brge	.+38     	; 0x211a <czynnosc+0x234>
    20f4:	d6 01       	movw	r26, r12
    20f6:	8d 90       	ld	r8, X+
    20f8:	9c 90       	ld	r9, X
    20fa:	88 0e       	add	r8, r24
    20fc:	99 1e       	adc	r9, r25
    20fe:	0e 94 21 03 	call	0x642	; 0x642 <LCD_ReadData>
    2102:	f4 01       	movw	r30, r8
    2104:	80 83       	st	Z, r24
    2106:	80 91 9c 02 	lds	r24, 0x029C
    210a:	90 91 9d 02 	lds	r25, 0x029D
    210e:	01 96       	adiw	r24, 0x01	; 1
    2110:	90 93 9d 02 	sts	0x029D, r25
    2114:	80 93 9c 02 	sts	0x029C, r24
    2118:	e2 cf       	rjmp	.-60     	; 0x20de <czynnosc+0x1f8>
    211a:	61 e0       	ldi	r22, 0x01	; 1
    211c:	80 e0       	ldi	r24, 0x00	; 0
    211e:	0e 94 30 03 	call	0x660	; 0x660 <LCD_GoTo>
    2122:	10 92 9d 02 	sts	0x029D, r1
    2126:	10 92 9c 02 	sts	0x029C, r1
    212a:	80 91 9c 02 	lds	r24, 0x029C
    212e:	90 91 9d 02 	lds	r25, 0x029D
    2132:	20 91 aa 02 	lds	r18, 0x02AA
    2136:	30 91 ab 02 	lds	r19, 0x02AB
    213a:	82 17       	cp	r24, r18
    213c:	93 07       	cpc	r25, r19
    213e:	ac f4       	brge	.+42     	; 0x216a <czynnosc+0x284>
    2140:	d6 01       	movw	r26, r12
    2142:	12 96       	adiw	r26, 0x02	; 2
    2144:	8d 90       	ld	r8, X+
    2146:	9c 90       	ld	r9, X
    2148:	13 97       	sbiw	r26, 0x03	; 3
    214a:	88 0e       	add	r8, r24
    214c:	99 1e       	adc	r9, r25
    214e:	0e 94 21 03 	call	0x642	; 0x642 <LCD_ReadData>
    2152:	f4 01       	movw	r30, r8
    2154:	80 83       	st	Z, r24
    2156:	80 91 9c 02 	lds	r24, 0x029C
    215a:	90 91 9d 02 	lds	r25, 0x029D
    215e:	01 96       	adiw	r24, 0x01	; 1
    2160:	90 93 9d 02 	sts	0x029D, r25
    2164:	80 93 9c 02 	sts	0x029C, r24
    2168:	e0 cf       	rjmp	.-64     	; 0x212a <czynnosc+0x244>
    216a:	0e 94 37 03 	call	0x66e	; 0x66e <LCD_Clear>
    216e:	80 91 aa 02 	lds	r24, 0x02AA
    2172:	90 91 ab 02 	lds	r25, 0x02AB
    2176:	40 91 bd 02 	lds	r20, 0x02BD
    217a:	20 e0       	ldi	r18, 0x00	; 0
    217c:	30 e0       	ldi	r19, 0x00	; 0
    217e:	28 17       	cp	r18, r24
    2180:	39 07       	cpc	r19, r25
    2182:	0c f5       	brge	.+66     	; 0x21c6 <czynnosc+0x2e0>
    2184:	f6 01       	movw	r30, r12
    2186:	a0 81       	ld	r26, Z
    2188:	b1 81       	ldd	r27, Z+1	; 0x01
    218a:	a2 0f       	add	r26, r18
    218c:	b3 1f       	adc	r27, r19
    218e:	f5 01       	movw	r30, r10
    2190:	80 80       	ld	r8, Z
    2192:	91 80       	ldd	r9, Z+1	; 0x01
    2194:	82 0e       	add	r8, r18
    2196:	93 1e       	adc	r9, r19
    2198:	6c 91       	ld	r22, X
    219a:	d4 01       	movw	r26, r8
    219c:	5c 91       	ld	r21, X
    219e:	65 13       	cpse	r22, r21
    21a0:	0e c0       	rjmp	.+28     	; 0x21be <czynnosc+0x2d8>
    21a2:	f6 01       	movw	r30, r12
    21a4:	a2 81       	ldd	r26, Z+2	; 0x02
    21a6:	b3 81       	ldd	r27, Z+3	; 0x03
    21a8:	a2 0f       	add	r26, r18
    21aa:	b3 1f       	adc	r27, r19
    21ac:	f5 01       	movw	r30, r10
    21ae:	82 80       	ldd	r8, Z+2	; 0x02
    21b0:	93 80       	ldd	r9, Z+3	; 0x03
    21b2:	82 0e       	add	r8, r18
    21b4:	93 1e       	adc	r9, r19
    21b6:	6c 91       	ld	r22, X
    21b8:	d4 01       	movw	r26, r8
    21ba:	5c 91       	ld	r21, X
    21bc:	65 13       	cpse	r22, r21
    21be:	40 e0       	ldi	r20, 0x00	; 0
    21c0:	2f 5f       	subi	r18, 0xFF	; 255
    21c2:	3f 4f       	sbci	r19, 0xFF	; 255
    21c4:	dc cf       	rjmp	.-72     	; 0x217e <czynnosc+0x298>
    21c6:	40 93 bd 02 	sts	0x02BD, r20
    21ca:	30 93 9d 02 	sts	0x029D, r19
    21ce:	20 93 9c 02 	sts	0x029C, r18
    21d2:	0e 94 1e 06 	call	0xc3c	; 0xc3c <stop_button>
    21d6:	89 2b       	or	r24, r25
    21d8:	11 f0       	breq	.+4      	; 0x21de <czynnosc+0x2f8>
    21da:	10 92 bd 02 	sts	0x02BD, r1
    21de:	80 91 bd 02 	lds	r24, 0x02BD
    21e2:	81 11       	cpse	r24, r1
    21e4:	05 c0       	rjmp	.+10     	; 0x21f0 <czynnosc+0x30a>
    21e6:	10 92 9d 02 	sts	0x029D, r1
    21ea:	10 92 9c 02 	sts	0x029C, r1
    21ee:	48 c0       	rjmp	.+144    	; 0x2280 <czynnosc+0x39a>
    21f0:	10 92 9d 02 	sts	0x029D, r1
    21f4:	10 92 9c 02 	sts	0x029C, r1
    21f8:	80 91 9c 02 	lds	r24, 0x029C
    21fc:	90 91 9d 02 	lds	r25, 0x029D
    2200:	20 91 aa 02 	lds	r18, 0x02AA
    2204:	30 91 ab 02 	lds	r19, 0x02AB
    2208:	82 17       	cp	r24, r18
    220a:	93 07       	cpc	r25, r19
    220c:	94 f4       	brge	.+36     	; 0x2232 <czynnosc+0x34c>
    220e:	d6 01       	movw	r26, r12
    2210:	ed 91       	ld	r30, X+
    2212:	fc 91       	ld	r31, X
    2214:	e8 0f       	add	r30, r24
    2216:	f9 1f       	adc	r31, r25
    2218:	80 81       	ld	r24, Z
    221a:	0e 94 1e 03 	call	0x63c	; 0x63c <LCD_WriteData>
    221e:	80 91 9c 02 	lds	r24, 0x029C
    2222:	90 91 9d 02 	lds	r25, 0x029D
    2226:	01 96       	adiw	r24, 0x01	; 1
    2228:	90 93 9d 02 	sts	0x029D, r25
    222c:	80 93 9c 02 	sts	0x029C, r24
    2230:	e3 cf       	rjmp	.-58     	; 0x21f8 <czynnosc+0x312>
    2232:	61 e0       	ldi	r22, 0x01	; 1
    2234:	80 e0       	ldi	r24, 0x00	; 0
    2236:	0e 94 30 03 	call	0x660	; 0x660 <LCD_GoTo>
    223a:	10 92 9d 02 	sts	0x029D, r1
    223e:	10 92 9c 02 	sts	0x029C, r1
    2242:	80 91 9c 02 	lds	r24, 0x029C
    2246:	90 91 9d 02 	lds	r25, 0x029D
    224a:	20 91 aa 02 	lds	r18, 0x02AA
    224e:	30 91 ab 02 	lds	r19, 0x02AB
    2252:	82 17       	cp	r24, r18
    2254:	93 07       	cpc	r25, r19
    2256:	3c f6       	brge	.-114    	; 0x21e6 <czynnosc+0x300>
    2258:	d6 01       	movw	r26, r12
    225a:	12 96       	adiw	r26, 0x02	; 2
    225c:	ed 91       	ld	r30, X+
    225e:	fc 91       	ld	r31, X
    2260:	13 97       	sbiw	r26, 0x03	; 3
    2262:	e8 0f       	add	r30, r24
    2264:	f9 1f       	adc	r31, r25
    2266:	80 81       	ld	r24, Z
    2268:	0e 94 1e 03 	call	0x63c	; 0x63c <LCD_WriteData>
    226c:	80 91 9c 02 	lds	r24, 0x029C
    2270:	90 91 9d 02 	lds	r25, 0x029D
    2274:	01 96       	adiw	r24, 0x01	; 1
    2276:	90 93 9d 02 	sts	0x029D, r25
    227a:	80 93 9c 02 	sts	0x029C, r24
    227e:	e1 cf       	rjmp	.-62     	; 0x2242 <czynnosc+0x35c>
    2280:	80 90 9c 02 	lds	r8, 0x029C
    2284:	90 90 9d 02 	lds	r9, 0x029D
    2288:	e2 e0       	ldi	r30, 0x02	; 2
    228a:	8e 16       	cp	r8, r30
    228c:	91 04       	cpc	r9, r1
    228e:	8c f4       	brge	.+34     	; 0x22b2 <czynnosc+0x3cc>
    2290:	f4 01       	movw	r30, r8
    2292:	ee 0f       	add	r30, r30
    2294:	ff 1f       	adc	r31, r31
    2296:	ec 0d       	add	r30, r12
    2298:	fd 1d       	adc	r31, r13
    229a:	80 81       	ld	r24, Z
    229c:	91 81       	ldd	r25, Z+1	; 0x01
    229e:	0e 94 fd 1c 	call	0x39fa	; 0x39fa <free>
    22a2:	bf ef       	ldi	r27, 0xFF	; 255
    22a4:	8b 1a       	sub	r8, r27
    22a6:	9b 0a       	sbc	r9, r27
    22a8:	90 92 9d 02 	sts	0x029D, r9
    22ac:	80 92 9c 02 	sts	0x029C, r8
    22b0:	e7 cf       	rjmp	.-50     	; 0x2280 <czynnosc+0x39a>
    22b2:	c6 01       	movw	r24, r12
    22b4:	0e 94 fd 1c 	call	0x39fa	; 0x39fa <free>
    22b8:	df ce       	rjmp	.-578    	; 0x2078 <czynnosc+0x192>
    22ba:	10 92 9d 02 	sts	0x029D, r1
    22be:	10 92 9c 02 	sts	0x029C, r1
    22c2:	c0 90 9c 02 	lds	r12, 0x029C
    22c6:	d0 90 9d 02 	lds	r13, 0x029D
    22ca:	62 e0       	ldi	r22, 0x02	; 2
    22cc:	c6 16       	cp	r12, r22
    22ce:	d1 04       	cpc	r13, r1
    22d0:	8c f4       	brge	.+34     	; 0x22f4 <czynnosc+0x40e>
    22d2:	f6 01       	movw	r30, r12
    22d4:	ee 0f       	add	r30, r30
    22d6:	ff 1f       	adc	r31, r31
    22d8:	ea 0d       	add	r30, r10
    22da:	fb 1d       	adc	r31, r11
    22dc:	80 81       	ld	r24, Z
    22de:	91 81       	ldd	r25, Z+1	; 0x01
    22e0:	0e 94 fd 1c 	call	0x39fa	; 0x39fa <free>
    22e4:	ff ef       	ldi	r31, 0xFF	; 255
    22e6:	cf 1a       	sub	r12, r31
    22e8:	df 0a       	sbc	r13, r31
    22ea:	d0 92 9d 02 	sts	0x029D, r13
    22ee:	c0 92 9c 02 	sts	0x029C, r12
    22f2:	e7 cf       	rjmp	.-50     	; 0x22c2 <czynnosc+0x3dc>
    22f4:	c5 01       	movw	r24, r10
    22f6:	0e 94 fd 1c 	call	0x39fa	; 0x39fa <free>
    22fa:	0e 94 71 07 	call	0xee2	; 0xee2 <buzzer>
    22fe:	60 e0       	ldi	r22, 0x00	; 0
    2300:	70 e0       	ldi	r23, 0x00	; 0
    2302:	80 e2       	ldi	r24, 0x20	; 32
    2304:	91 e4       	ldi	r25, 0x41	; 65
    2306:	0e 94 c1 01 	call	0x382	; 0x382 <delay_ms_var_double>
    230a:	0e 94 71 07 	call	0xee2	; 0xee2 <buzzer>
    230e:	60 e0       	ldi	r22, 0x00	; 0
    2310:	70 e0       	ldi	r23, 0x00	; 0
    2312:	80 e2       	ldi	r24, 0x20	; 32
    2314:	91 e4       	ldi	r25, 0x41	; 65
    2316:	0e 94 c1 01 	call	0x382	; 0x382 <delay_ms_var_double>
    231a:	0e 94 71 07 	call	0xee2	; 0xee2 <buzzer>
    231e:	56 c1       	rjmp	.+684    	; 0x25cc <czynnosc+0x6e6>
    2320:	0c 30       	cpi	r16, 0x0C	; 12
    2322:	11 05       	cpc	r17, r1
    2324:	09 f0       	breq	.+2      	; 0x2328 <czynnosc+0x442>
    2326:	2a c3       	rjmp	.+1620   	; 0x297c <czynnosc+0xa96>
    2328:	0e 94 55 05 	call	0xaaa	; 0xaaa <pilot_off>
    232c:	0e 94 37 03 	call	0x66e	; 0x66e <LCD_Clear>
    2330:	84 e0       	ldi	r24, 0x04	; 4
    2332:	90 e0       	ldi	r25, 0x00	; 0
    2334:	0e 94 0b 05 	call	0xa16	; 0xa16 <LCD_Displaying>
    2338:	61 e0       	ldi	r22, 0x01	; 1
    233a:	89 e0       	ldi	r24, 0x09	; 9
    233c:	0e 94 30 03 	call	0x660	; 0x660 <LCD_GoTo>
    2340:	84 e5       	ldi	r24, 0x54	; 84
    2342:	92 e0       	ldi	r25, 0x02	; 2
    2344:	0e 94 24 03 	call	0x648	; 0x648 <LCD_WriteText>
    2348:	60 e0       	ldi	r22, 0x00	; 0
    234a:	70 e0       	ldi	r23, 0x00	; 0
    234c:	8a ef       	ldi	r24, 0xFA	; 250
    234e:	93 e4       	ldi	r25, 0x43	; 67
    2350:	0e 94 c1 01 	call	0x382	; 0x382 <delay_ms_var_double>
    2354:	0e 94 41 03 	call	0x682	; 0x682 <LCD_Home>
    2358:	8b e5       	ldi	r24, 0x5B	; 91
    235a:	92 e0       	ldi	r25, 0x02	; 2
    235c:	0e 94 24 03 	call	0x648	; 0x648 <LCD_WriteText>
    2360:	60 e0       	ldi	r22, 0x00	; 0
    2362:	70 e0       	ldi	r23, 0x00	; 0
    2364:	8a ef       	ldi	r24, 0xFA	; 250
    2366:	93 e4       	ldi	r25, 0x43	; 67
    2368:	0e 94 c1 01 	call	0x382	; 0x382 <delay_ms_var_double>
    236c:	41 e0       	ldi	r20, 0x01	; 1
    236e:	50 e0       	ldi	r21, 0x00	; 0
    2370:	61 e0       	ldi	r22, 0x01	; 1
    2372:	70 e0       	ldi	r23, 0x00	; 0
    2374:	80 e0       	ldi	r24, 0x00	; 0
    2376:	90 e0       	ldi	r25, 0x00	; 0
    2378:	0e 94 8e 04 	call	0x91c	; 0x91c <LCD_MoveRight>
    237c:	60 e0       	ldi	r22, 0x00	; 0
    237e:	70 e0       	ldi	r23, 0x00	; 0
    2380:	8f e2       	ldi	r24, 0x2F	; 47
    2382:	94 e4       	ldi	r25, 0x44	; 68
    2384:	0e 94 c1 01 	call	0x382	; 0x382 <delay_ms_var_double>
    2388:	82 e0       	ldi	r24, 0x02	; 2
    238a:	90 e0       	ldi	r25, 0x00	; 0
    238c:	0e 94 0b 05 	call	0xa16	; 0xa16 <LCD_Displaying>
    2390:	60 e0       	ldi	r22, 0x00	; 0
    2392:	70 e0       	ldi	r23, 0x00	; 0
    2394:	8f e2       	ldi	r24, 0x2F	; 47
    2396:	94 e4       	ldi	r25, 0x44	; 68
    2398:	0e 94 c1 01 	call	0x382	; 0x382 <delay_ms_var_double>
    239c:	81 e0       	ldi	r24, 0x01	; 1
    239e:	90 e0       	ldi	r25, 0x00	; 0
    23a0:	0e 94 0b 05 	call	0xa16	; 0xa16 <LCD_Displaying>
    23a4:	60 e0       	ldi	r22, 0x00	; 0
    23a6:	70 e0       	ldi	r23, 0x00	; 0
    23a8:	8f e2       	ldi	r24, 0x2F	; 47
    23aa:	94 e4       	ldi	r25, 0x44	; 68
    23ac:	0e 94 c1 01 	call	0x382	; 0x382 <delay_ms_var_double>
    23b0:	82 e0       	ldi	r24, 0x02	; 2
    23b2:	90 e0       	ldi	r25, 0x00	; 0
    23b4:	0e 94 0b 05 	call	0xa16	; 0xa16 <LCD_Displaying>
    23b8:	60 e0       	ldi	r22, 0x00	; 0
    23ba:	70 e0       	ldi	r23, 0x00	; 0
    23bc:	8f e2       	ldi	r24, 0x2F	; 47
    23be:	94 e4       	ldi	r25, 0x44	; 68
    23c0:	0e 94 c1 01 	call	0x382	; 0x382 <delay_ms_var_double>
    23c4:	85 e0       	ldi	r24, 0x05	; 5
    23c6:	90 e0       	ldi	r25, 0x00	; 0
    23c8:	0e 94 0b 05 	call	0xa16	; 0xa16 <LCD_Displaying>
    23cc:	60 e0       	ldi	r22, 0x00	; 0
    23ce:	70 e0       	ldi	r23, 0x00	; 0
    23d0:	8a e7       	ldi	r24, 0x7A	; 122
    23d2:	94 e4       	ldi	r25, 0x44	; 68
    23d4:	0e 94 c1 01 	call	0x382	; 0x382 <delay_ms_var_double>
    23d8:	84 e0       	ldi	r24, 0x04	; 4
    23da:	90 e0       	ldi	r25, 0x00	; 0
    23dc:	0e 94 0b 05 	call	0xa16	; 0xa16 <LCD_Displaying>
    23e0:	40 e0       	ldi	r20, 0x00	; 0
    23e2:	50 e0       	ldi	r21, 0x00	; 0
    23e4:	61 e0       	ldi	r22, 0x01	; 1
    23e6:	70 e0       	ldi	r23, 0x00	; 0
    23e8:	80 e0       	ldi	r24, 0x00	; 0
    23ea:	90 e0       	ldi	r25, 0x00	; 0
    23ec:	0e 94 8e 04 	call	0x91c	; 0x91c <LCD_MoveRight>
    23f0:	60 e0       	ldi	r22, 0x00	; 0
    23f2:	70 e0       	ldi	r23, 0x00	; 0
    23f4:	8a e7       	ldi	r24, 0x7A	; 122
    23f6:	94 e4       	ldi	r25, 0x44	; 68
    23f8:	0e 94 c1 01 	call	0x382	; 0x382 <delay_ms_var_double>
    23fc:	40 e0       	ldi	r20, 0x00	; 0
    23fe:	50 e0       	ldi	r21, 0x00	; 0
    2400:	61 e0       	ldi	r22, 0x01	; 1
    2402:	70 e0       	ldi	r23, 0x00	; 0
    2404:	80 e0       	ldi	r24, 0x00	; 0
    2406:	90 e0       	ldi	r25, 0x00	; 0
    2408:	0e 94 b7 04 	call	0x96e	; 0x96e <LCD_MoveLeft>
    240c:	83 e0       	ldi	r24, 0x03	; 3
    240e:	90 e0       	ldi	r25, 0x00	; 0
    2410:	0e 94 0b 05 	call	0xa16	; 0xa16 <LCD_Displaying>
    2414:	60 e0       	ldi	r22, 0x00	; 0
    2416:	70 e0       	ldi	r23, 0x00	; 0
    2418:	8a e7       	ldi	r24, 0x7A	; 122
    241a:	94 e4       	ldi	r25, 0x44	; 68
    241c:	0e 94 c1 01 	call	0x382	; 0x382 <delay_ms_var_double>
    2420:	85 e0       	ldi	r24, 0x05	; 5
    2422:	90 e0       	ldi	r25, 0x00	; 0
    2424:	0e 94 0b 05 	call	0xa16	; 0xa16 <LCD_Displaying>
    2428:	61 e0       	ldi	r22, 0x01	; 1
    242a:	80 e0       	ldi	r24, 0x00	; 0
    242c:	0e 94 30 03 	call	0x660	; 0x660 <LCD_GoTo>
    2430:	87 e6       	ldi	r24, 0x67	; 103
    2432:	92 e0       	ldi	r25, 0x02	; 2
    2434:	0e 94 24 03 	call	0x648	; 0x648 <LCD_WriteText>
    2438:	60 e0       	ldi	r22, 0x00	; 0
    243a:	70 e8       	ldi	r23, 0x80	; 128
    243c:	8b eb       	ldi	r24, 0xBB	; 187
    243e:	94 e4       	ldi	r25, 0x44	; 68
    2440:	0e 94 c1 01 	call	0x382	; 0x382 <delay_ms_var_double>
    2444:	61 e0       	ldi	r22, 0x01	; 1
    2446:	89 e0       	ldi	r24, 0x09	; 9
    2448:	0e 94 30 03 	call	0x660	; 0x660 <LCD_GoTo>
    244c:	86 e0       	ldi	r24, 0x06	; 6
    244e:	90 e0       	ldi	r25, 0x00	; 0
    2450:	90 93 ab 02 	sts	0x02AB, r25
    2454:	80 93 aa 02 	sts	0x02AA, r24
    2458:	0e 94 65 1c 	call	0x38ca	; 0x38ca <malloc>
    245c:	9a 83       	std	Y+2, r25	; 0x02
    245e:	89 83       	std	Y+1, r24	; 0x01
    2460:	10 92 9d 02 	sts	0x029D, r1
    2464:	10 92 9c 02 	sts	0x029C, r1
    2468:	80 91 9c 02 	lds	r24, 0x029C
    246c:	90 91 9d 02 	lds	r25, 0x029D
    2470:	20 91 aa 02 	lds	r18, 0x02AA
    2474:	30 91 ab 02 	lds	r19, 0x02AB
    2478:	82 17       	cp	r24, r18
    247a:	93 07       	cpc	r25, r19
    247c:	c4 f4       	brge	.+48     	; 0x24ae <czynnosc+0x5c8>
    247e:	c9 80       	ldd	r12, Y+1	; 0x01
    2480:	da 80       	ldd	r13, Y+2	; 0x02
    2482:	c8 0e       	add	r12, r24
    2484:	d9 1e       	adc	r13, r25
    2486:	0e 94 21 03 	call	0x642	; 0x642 <LCD_ReadData>
    248a:	d6 01       	movw	r26, r12
    248c:	8c 93       	st	X, r24
    248e:	60 e0       	ldi	r22, 0x00	; 0
    2490:	70 e0       	ldi	r23, 0x00	; 0
    2492:	88 ec       	ldi	r24, 0xC8	; 200
    2494:	92 e4       	ldi	r25, 0x42	; 66
    2496:	0e 94 c1 01 	call	0x382	; 0x382 <delay_ms_var_double>
    249a:	80 91 9c 02 	lds	r24, 0x029C
    249e:	90 91 9d 02 	lds	r25, 0x029D
    24a2:	01 96       	adiw	r24, 0x01	; 1
    24a4:	90 93 9d 02 	sts	0x029D, r25
    24a8:	80 93 9c 02 	sts	0x029C, r24
    24ac:	dd cf       	rjmp	.-70     	; 0x2468 <czynnosc+0x582>
    24ae:	41 e0       	ldi	r20, 0x01	; 1
    24b0:	50 e0       	ldi	r21, 0x00	; 0
    24b2:	61 e0       	ldi	r22, 0x01	; 1
    24b4:	70 e0       	ldi	r23, 0x00	; 0
    24b6:	80 e0       	ldi	r24, 0x00	; 0
    24b8:	90 e0       	ldi	r25, 0x00	; 0
    24ba:	0e 94 b7 04 	call	0x96e	; 0x96e <LCD_MoveLeft>
    24be:	60 e0       	ldi	r22, 0x00	; 0
    24c0:	70 e8       	ldi	r23, 0x80	; 128
    24c2:	8b eb       	ldi	r24, 0xBB	; 187
    24c4:	94 e4       	ldi	r25, 0x44	; 68
    24c6:	0e 94 c1 01 	call	0x382	; 0x382 <delay_ms_var_double>
    24ca:	83 e0       	ldi	r24, 0x03	; 3
    24cc:	90 e0       	ldi	r25, 0x00	; 0
    24ce:	0e 94 0b 05 	call	0xa16	; 0xa16 <LCD_Displaying>
    24d2:	80 e0       	ldi	r24, 0x00	; 0
    24d4:	90 e0       	ldi	r25, 0x00	; 0
    24d6:	0e 94 e0 04 	call	0x9c0	; 0x9c0 <LCD_Erase>
    24da:	60 e0       	ldi	r22, 0x00	; 0
    24dc:	70 e8       	ldi	r23, 0x80	; 128
    24de:	8b eb       	ldi	r24, 0xBB	; 187
    24e0:	94 e4       	ldi	r25, 0x44	; 68
    24e2:	0e 94 c1 01 	call	0x382	; 0x382 <delay_ms_var_double>
    24e6:	61 e0       	ldi	r22, 0x01	; 1
    24e8:	80 e0       	ldi	r24, 0x00	; 0
    24ea:	0e 94 30 03 	call	0x660	; 0x660 <LCD_GoTo>
    24ee:	fe 01       	movw	r30, r28
    24f0:	31 96       	adiw	r30, 0x01	; 1
    24f2:	1f 01       	movw	r2, r30
    24f4:	0e 94 45 07 	call	0xe8a	; 0xe8a <pisz.2254>
    24f8:	84 e0       	ldi	r24, 0x04	; 4
    24fa:	90 e0       	ldi	r25, 0x00	; 0
    24fc:	0e 94 0b 05 	call	0xa16	; 0xa16 <LCD_Displaying>
    2500:	60 e0       	ldi	r22, 0x00	; 0
    2502:	89 e0       	ldi	r24, 0x09	; 9
    2504:	0e 94 30 03 	call	0x660	; 0x660 <LCD_GoTo>
    2508:	0e 94 45 07 	call	0xe8a	; 0xe8a <pisz.2254>
    250c:	61 e0       	ldi	r22, 0x01	; 1
    250e:	88 e0       	ldi	r24, 0x08	; 8
    2510:	0e 94 30 03 	call	0x660	; 0x660 <LCD_GoTo>
    2514:	85 e0       	ldi	r24, 0x05	; 5
    2516:	90 e0       	ldi	r25, 0x00	; 0
    2518:	0e 94 0b 05 	call	0xa16	; 0xa16 <LCD_Displaying>
    251c:	0e 94 45 07 	call	0xe8a	; 0xe8a <pisz.2254>
    2520:	60 e0       	ldi	r22, 0x00	; 0
    2522:	81 e0       	ldi	r24, 0x01	; 1
    2524:	0e 94 30 03 	call	0x660	; 0x660 <LCD_GoTo>
    2528:	0e 94 45 07 	call	0xe8a	; 0xe8a <pisz.2254>
    252c:	89 81       	ldd	r24, Y+1	; 0x01
    252e:	9a 81       	ldd	r25, Y+2	; 0x02
    2530:	0e 94 fd 1c 	call	0x39fa	; 0x39fa <free>
    2534:	83 e0       	ldi	r24, 0x03	; 3
    2536:	90 e0       	ldi	r25, 0x00	; 0
    2538:	0e 94 0b 05 	call	0xa16	; 0xa16 <LCD_Displaying>
    253c:	60 e0       	ldi	r22, 0x00	; 0
    253e:	70 e8       	ldi	r23, 0x80	; 128
    2540:	8b eb       	ldi	r24, 0xBB	; 187
    2542:	94 e4       	ldi	r25, 0x44	; 68
    2544:	0e 94 c1 01 	call	0x382	; 0x382 <delay_ms_var_double>
    2548:	41 e0       	ldi	r20, 0x01	; 1
    254a:	50 e0       	ldi	r21, 0x00	; 0
    254c:	6f e0       	ldi	r22, 0x0F	; 15
    254e:	70 e0       	ldi	r23, 0x00	; 0
    2550:	84 e1       	ldi	r24, 0x14	; 20
    2552:	90 e0       	ldi	r25, 0x00	; 0
    2554:	0e 94 8e 04 	call	0x91c	; 0x91c <LCD_MoveRight>
    2558:	41 e0       	ldi	r20, 0x01	; 1
    255a:	50 e0       	ldi	r21, 0x00	; 0
    255c:	6f e0       	ldi	r22, 0x0F	; 15
    255e:	70 e0       	ldi	r23, 0x00	; 0
    2560:	84 e1       	ldi	r24, 0x14	; 20
    2562:	90 e0       	ldi	r25, 0x00	; 0
    2564:	0e 94 b7 04 	call	0x96e	; 0x96e <LCD_MoveLeft>
    2568:	81 e0       	ldi	r24, 0x01	; 1
    256a:	90 e0       	ldi	r25, 0x00	; 0
    256c:	0e 94 e0 04 	call	0x9c0	; 0x9c0 <LCD_Erase>
    2570:	84 e0       	ldi	r24, 0x04	; 4
    2572:	90 e0       	ldi	r25, 0x00	; 0
    2574:	0e 94 0b 05 	call	0xa16	; 0xa16 <LCD_Displaying>
    2578:	60 e0       	ldi	r22, 0x00	; 0
    257a:	70 e0       	ldi	r23, 0x00	; 0
    257c:	8a e7       	ldi	r24, 0x7A	; 122
    257e:	94 e4       	ldi	r25, 0x44	; 68
    2580:	0e 94 c1 01 	call	0x382	; 0x382 <delay_ms_var_double>
    2584:	41 e0       	ldi	r20, 0x01	; 1
    2586:	50 e0       	ldi	r21, 0x00	; 0
    2588:	6f e0       	ldi	r22, 0x0F	; 15
    258a:	70 e0       	ldi	r23, 0x00	; 0
    258c:	84 e1       	ldi	r24, 0x14	; 20
    258e:	90 e0       	ldi	r25, 0x00	; 0
    2590:	0e 94 b7 04 	call	0x96e	; 0x96e <LCD_MoveLeft>
    2594:	41 e0       	ldi	r20, 0x01	; 1
    2596:	50 e0       	ldi	r21, 0x00	; 0
    2598:	6f e0       	ldi	r22, 0x0F	; 15
    259a:	70 e0       	ldi	r23, 0x00	; 0
    259c:	84 e1       	ldi	r24, 0x14	; 20
    259e:	90 e0       	ldi	r25, 0x00	; 0
    25a0:	0e 94 8e 04 	call	0x91c	; 0x91c <LCD_MoveRight>
    25a4:	83 e0       	ldi	r24, 0x03	; 3
    25a6:	90 e0       	ldi	r25, 0x00	; 0
    25a8:	0e 94 0b 05 	call	0xa16	; 0xa16 <LCD_Displaying>
    25ac:	82 e0       	ldi	r24, 0x02	; 2
    25ae:	90 e0       	ldi	r25, 0x00	; 0
    25b0:	0e 94 e0 04 	call	0x9c0	; 0x9c0 <LCD_Erase>
    25b4:	60 e0       	ldi	r22, 0x00	; 0
    25b6:	70 e0       	ldi	r23, 0x00	; 0
    25b8:	8a ef       	ldi	r24, 0xFA	; 250
    25ba:	93 e4       	ldi	r25, 0x43	; 67
    25bc:	0e 94 c1 01 	call	0x382	; 0x382 <delay_ms_var_double>
    25c0:	0e 94 37 03 	call	0x66e	; 0x66e <LCD_Clear>
    25c4:	81 e0       	ldi	r24, 0x01	; 1
    25c6:	90 e0       	ldi	r25, 0x00	; 0
    25c8:	0e 94 0b 05 	call	0xa16	; 0xa16 <LCD_Displaying>
    25cc:	0e 94 59 05 	call	0xab2	; 0xab2 <pilot_on>
    25d0:	d5 c1       	rjmp	.+938    	; 0x297c <czynnosc+0xa96>
    25d2:	21 30       	cpi	r18, 0x01	; 1
    25d4:	81 f4       	brne	.+32     	; 0x25f6 <czynnosc+0x710>
    25d6:	c8 01       	movw	r24, r16
    25d8:	62 96       	adiw	r28, 0x12	; 18
    25da:	2f af       	std	Y+63, r18	; 0x3f
    25dc:	62 97       	sbiw	r28, 0x12	; 18
    25de:	0e 94 0b 05 	call	0xa16	; 0xa16 <LCD_Displaying>
    25e2:	62 96       	adiw	r28, 0x12	; 18
    25e4:	2f ad       	ldd	r18, Y+63	; 0x3f
    25e6:	62 97       	sbiw	r28, 0x12	; 18
    25e8:	04 36       	cpi	r16, 0x64	; 100
    25ea:	11 05       	cpc	r17, r1
    25ec:	09 f4       	brne	.+2      	; 0x25f0 <czynnosc+0x70a>
    25ee:	1a c2       	rjmp	.+1076   	; 0x2a24 <czynnosc+0xb3e>
    25f0:	20 93 8c 02 	sts	0x028C, r18
    25f4:	c6 c1       	rjmp	.+908    	; 0x2982 <czynnosc+0xa9c>
    25f6:	22 30       	cpi	r18, 0x02	; 2
    25f8:	09 f0       	breq	.+2      	; 0x25fc <czynnosc+0x716>
    25fa:	26 c1       	rjmp	.+588    	; 0x2848 <czynnosc+0x962>
    25fc:	09 32       	cpi	r16, 0x29	; 41
    25fe:	11 05       	cpc	r17, r1
    2600:	21 f0       	breq	.+8      	; 0x260a <czynnosc+0x724>
    2602:	04 36       	cpi	r16, 0x64	; 100
    2604:	11 05       	cpc	r17, r1
    2606:	09 f0       	breq	.+2      	; 0x260a <czynnosc+0x724>
    2608:	d0 c0       	rjmp	.+416    	; 0x27aa <czynnosc+0x8c4>
    260a:	81 e0       	ldi	r24, 0x01	; 1
    260c:	90 e0       	ldi	r25, 0x00	; 0
    260e:	90 93 9d 02 	sts	0x029D, r25
    2612:	80 93 9c 02 	sts	0x029C, r24
    2616:	80 93 bd 02 	sts	0x02BD, r24
    261a:	bb 24       	eor	r11, r11
    261c:	b3 94       	inc	r11
    261e:	6e ee       	ldi	r22, 0xEE	; 238
    2620:	c6 2e       	mov	r12, r22
    2622:	62 e0       	ldi	r22, 0x02	; 2
    2624:	d6 2e       	mov	r13, r22
    2626:	6d ec       	ldi	r22, 0xCD	; 205
    2628:	7c ec       	ldi	r23, 0xCC	; 204
    262a:	8c ec       	ldi	r24, 0xCC	; 204
    262c:	9e e3       	ldi	r25, 0x3E	; 62
    262e:	0e 94 7a 07 	call	0xef4	; 0xef4 <buzzer_time>
    2632:	60 91 9c 02 	lds	r22, 0x029C
    2636:	70 91 9d 02 	lds	r23, 0x029D
    263a:	6f 5f       	subi	r22, 0xFF	; 255
    263c:	7f 4f       	sbci	r23, 0xFF	; 255
    263e:	70 93 9d 02 	sts	0x029D, r23
    2642:	60 93 9c 02 	sts	0x029C, r22
    2646:	b0 92 8c 02 	sts	0x028C, r11
    264a:	c6 01       	movw	r24, r12
    264c:	0e 94 20 1a 	call	0x3440	; 0x3440 <__divmodhi4>
    2650:	66 5f       	subi	r22, 0xF6	; 246
    2652:	7f 4f       	sbci	r23, 0xFF	; 255
    2654:	88 27       	eor	r24, r24
    2656:	77 fd       	sbrc	r23, 7
    2658:	80 95       	com	r24
    265a:	98 2f       	mov	r25, r24
    265c:	0e 94 4e 1b 	call	0x369c	; 0x369c <__floatsisf>
    2660:	0e 94 c1 01 	call	0x382	; 0x382 <delay_ms_var_double>
    2664:	0e 94 1e 06 	call	0xc3c	; 0xc3c <stop_button>
    2668:	89 2b       	or	r24, r25
    266a:	39 f0       	breq	.+14     	; 0x267a <czynnosc+0x794>
    266c:	80 91 9c 02 	lds	r24, 0x029C
    2670:	90 91 9d 02 	lds	r25, 0x029D
    2674:	8a 3f       	cpi	r24, 0xFA	; 250
    2676:	91 05       	cpc	r25, r1
    2678:	b1 f6       	brne	.-84     	; 0x2626 <czynnosc+0x740>
    267a:	60 e0       	ldi	r22, 0x00	; 0
    267c:	70 e0       	ldi	r23, 0x00	; 0
    267e:	88 e4       	ldi	r24, 0x48	; 72
    2680:	93 e4       	ldi	r25, 0x43	; 67
    2682:	0e 94 c1 01 	call	0x382	; 0x382 <delay_ms_var_double>
    2686:	0e 94 c8 18 	call	0x3190	; 0x3190 <PCF8583_get_wall_time>
    268a:	10 92 9f 02 	sts	0x029F, r1
    268e:	90 91 9f 02 	lds	r25, 0x029F
    2692:	80 91 a6 02 	lds	r24, 0x02A6
    2696:	98 17       	cp	r25, r24
    2698:	44 f4       	brge	.+16     	; 0x26aa <czynnosc+0x7c4>
    269a:	0e 94 da 1d 	call	0x3bb4	; 0x3bb4 <rand>
    269e:	80 91 9f 02 	lds	r24, 0x029F
    26a2:	8f 5f       	subi	r24, 0xFF	; 255
    26a4:	80 93 9f 02 	sts	0x029F, r24
    26a8:	f2 cf       	rjmp	.-28     	; 0x268e <czynnosc+0x7a8>
    26aa:	36 e0       	ldi	r19, 0x06	; 6
    26ac:	c3 2e       	mov	r12, r19
    26ae:	d1 2c       	mov	r13, r1
    26b0:	77 24       	eor	r7, r7
    26b2:	73 94       	inc	r7
    26b4:	44 ec       	ldi	r20, 0xC4	; 196
    26b6:	a4 2e       	mov	r10, r20
    26b8:	49 e0       	ldi	r20, 0x09	; 9
    26ba:	b4 2e       	mov	r11, r20
    26bc:	57 e0       	ldi	r21, 0x07	; 7
    26be:	85 2e       	mov	r8, r21
    26c0:	91 2c       	mov	r9, r1
    26c2:	80 91 9c 02 	lds	r24, 0x029C
    26c6:	90 91 9d 02 	lds	r25, 0x029D
    26ca:	01 97       	sbiw	r24, 0x01	; 1
    26cc:	09 f4       	brne	.+2      	; 0x26d0 <czynnosc+0x7ea>
    26ce:	4b c0       	rjmp	.+150    	; 0x2766 <czynnosc+0x880>
    26d0:	0e 94 da 1d 	call	0x3bb4	; 0x3bb4 <rand>
    26d4:	b6 01       	movw	r22, r12
    26d6:	0e 94 20 1a 	call	0x3440	; 0x3440 <__divmodhi4>
    26da:	8f 5f       	subi	r24, 0xFF	; 255
    26dc:	80 93 bd 02 	sts	0x02BD, r24
    26e0:	70 92 9f 02 	sts	0x029F, r7
    26e4:	20 91 9f 02 	lds	r18, 0x029F
    26e8:	80 91 bd 02 	lds	r24, 0x02BD
    26ec:	60 91 9c 02 	lds	r22, 0x029C
    26f0:	70 91 9d 02 	lds	r23, 0x029D
    26f4:	82 17       	cp	r24, r18
    26f6:	84 f1       	brlt	.+96     	; 0x2758 <czynnosc+0x872>
    26f8:	c5 01       	movw	r24, r10
    26fa:	0e 94 20 1a 	call	0x3440	; 0x3440 <__divmodhi4>
    26fe:	cb 01       	movw	r24, r22
    2700:	01 96       	adiw	r24, 0x01	; 1
    2702:	b4 01       	movw	r22, r8
    2704:	62 1b       	sub	r22, r18
    2706:	71 09       	sbc	r23, r1
    2708:	27 fd       	sbrc	r18, 7
    270a:	73 95       	inc	r23
    270c:	0e 94 20 1a 	call	0x3440	; 0x3440 <__divmodhi4>
    2710:	88 27       	eor	r24, r24
    2712:	77 fd       	sbrc	r23, 7
    2714:	80 95       	com	r24
    2716:	98 2f       	mov	r25, r24
    2718:	0e 94 4e 1b 	call	0x369c	; 0x369c <__floatsisf>
    271c:	0e 94 c1 01 	call	0x382	; 0x382 <delay_ms_var_double>
    2720:	0e 94 da 1d 	call	0x3bb4	; 0x3bb4 <rand>
    2724:	60 91 aa 02 	lds	r22, 0x02AA
    2728:	70 91 ab 02 	lds	r23, 0x02AB
    272c:	0e 94 20 1a 	call	0x3440	; 0x3440 <__divmodhi4>
    2730:	80 93 8e 02 	sts	0x028E, r24
    2734:	80 91 9f 02 	lds	r24, 0x029F
    2738:	80 93 8d 02 	sts	0x028D, r24
    273c:	70 92 8c 02 	sts	0x028C, r7
    2740:	6d ec       	ldi	r22, 0xCD	; 205
    2742:	7c ec       	ldi	r23, 0xCC	; 204
    2744:	8c e4       	ldi	r24, 0x4C	; 76
    2746:	9f e3       	ldi	r25, 0x3F	; 63
    2748:	0e 94 7a 07 	call	0xef4	; 0xef4 <buzzer_time>
    274c:	80 91 9f 02 	lds	r24, 0x029F
    2750:	8f 5f       	subi	r24, 0xFF	; 255
    2752:	80 93 9f 02 	sts	0x029F, r24
    2756:	c6 cf       	rjmp	.-116    	; 0x26e4 <czynnosc+0x7fe>
    2758:	61 50       	subi	r22, 0x01	; 1
    275a:	71 09       	sbc	r23, r1
    275c:	70 93 9d 02 	sts	0x029D, r23
    2760:	60 93 9c 02 	sts	0x029C, r22
    2764:	ae cf       	rjmp	.-164    	; 0x26c2 <czynnosc+0x7dc>
    2766:	82 e0       	ldi	r24, 0x02	; 2
    2768:	90 e0       	ldi	r25, 0x00	; 0
    276a:	90 93 9d 02 	sts	0x029D, r25
    276e:	80 93 9c 02 	sts	0x029C, r24
    2772:	80 91 9f 02 	lds	r24, 0x029F
    2776:	87 30       	cpi	r24, 0x07	; 7
    2778:	94 f4       	brge	.+36     	; 0x279e <czynnosc+0x8b8>
    277a:	67 e0       	ldi	r22, 0x07	; 7
    277c:	70 e0       	ldi	r23, 0x00	; 0
    277e:	68 1b       	sub	r22, r24
    2780:	71 09       	sbc	r23, r1
    2782:	87 fd       	sbrc	r24, 7
    2784:	73 95       	inc	r23
    2786:	83 ee       	ldi	r24, 0xE3	; 227
    2788:	94 e0       	ldi	r25, 0x04	; 4
    278a:	0e 94 20 1a 	call	0x3440	; 0x3440 <__divmodhi4>
    278e:	88 27       	eor	r24, r24
    2790:	77 fd       	sbrc	r23, 7
    2792:	80 95       	com	r24
    2794:	98 2f       	mov	r25, r24
    2796:	0e 94 4e 1b 	call	0x369c	; 0x369c <__floatsisf>
    279a:	0e 94 c1 01 	call	0x382	; 0x382 <delay_ms_var_double>
    279e:	8f ef       	ldi	r24, 0xFF	; 255
    27a0:	80 93 bd 02 	sts	0x02BD, r24
    27a4:	81 e0       	ldi	r24, 0x01	; 1
    27a6:	80 93 8c 02 	sts	0x028C, r24
    27aa:	0b 33       	cpi	r16, 0x3B	; 59
    27ac:	11 05       	cpc	r17, r1
    27ae:	59 f4       	brne	.+22     	; 0x27c6 <czynnosc+0x8e0>
    27b0:	10 92 8d 02 	sts	0x028D, r1
    27b4:	10 92 8e 02 	sts	0x028E, r1
    27b8:	8f ef       	ldi	r24, 0xFF	; 255
    27ba:	80 93 bd 02 	sts	0x02BD, r24
    27be:	81 e0       	ldi	r24, 0x01	; 1
    27c0:	80 93 8c 02 	sts	0x028C, r24
    27c4:	1e c0       	rjmp	.+60     	; 0x2802 <czynnosc+0x91c>
    27c6:	07 33       	cpi	r16, 0x37	; 55
    27c8:	11 05       	cpc	r17, r1
    27ca:	29 f4       	brne	.+10     	; 0x27d6 <czynnosc+0x8f0>
    27cc:	88 ee       	ldi	r24, 0xE8	; 232
    27ce:	93 e0       	ldi	r25, 0x03	; 3
    27d0:	0e 94 7f 07 	call	0xefe	; 0xefe <wysw_skok>
    27d4:	16 c0       	rjmp	.+44     	; 0x2802 <czynnosc+0x91c>
    27d6:	06 33       	cpi	r16, 0x36	; 54
    27d8:	11 05       	cpc	r17, r1
    27da:	29 f4       	brne	.+10     	; 0x27e6 <czynnosc+0x900>
    27dc:	84 e6       	ldi	r24, 0x64	; 100
    27de:	90 e0       	ldi	r25, 0x00	; 0
    27e0:	0e 94 7f 07 	call	0xefe	; 0xefe <wysw_skok>
    27e4:	14 c0       	rjmp	.+40     	; 0x280e <czynnosc+0x928>
    27e6:	02 33       	cpi	r16, 0x32	; 50
    27e8:	11 05       	cpc	r17, r1
    27ea:	19 f4       	brne	.+6      	; 0x27f2 <czynnosc+0x90c>
    27ec:	8a e0       	ldi	r24, 0x0A	; 10
    27ee:	90 e0       	ldi	r25, 0x00	; 0
    27f0:	05 c0       	rjmp	.+10     	; 0x27fc <czynnosc+0x916>
    27f2:	04 33       	cpi	r16, 0x34	; 52
    27f4:	11 05       	cpc	r17, r1
    27f6:	29 f4       	brne	.+10     	; 0x2802 <czynnosc+0x91c>
    27f8:	81 e0       	ldi	r24, 0x01	; 1
    27fa:	90 e0       	ldi	r25, 0x00	; 0
    27fc:	0e 94 7f 07 	call	0xefe	; 0xefe <wysw_skok>
    2800:	bd c0       	rjmp	.+378    	; 0x297c <czynnosc+0xa96>
    2802:	00 32       	cpi	r16, 0x20	; 32
    2804:	11 05       	cpc	r17, r1
    2806:	19 f4       	brne	.+6      	; 0x280e <czynnosc+0x928>
    2808:	83 b7       	in	r24, 0x33	; 51
    280a:	85 60       	ori	r24, 0x05	; 5
    280c:	05 c0       	rjmp	.+10     	; 0x2818 <czynnosc+0x932>
    280e:	01 32       	cpi	r16, 0x21	; 33
    2810:	11 05       	cpc	r17, r1
    2812:	21 f4       	brne	.+8      	; 0x281c <czynnosc+0x936>
    2814:	83 b7       	in	r24, 0x33	; 51
    2816:	8a 7f       	andi	r24, 0xFA	; 250
    2818:	83 bf       	out	0x33, r24	; 51
    281a:	b0 c0       	rjmp	.+352    	; 0x297c <czynnosc+0xa96>
    281c:	0e 30       	cpi	r16, 0x0E	; 14
    281e:	11 05       	cpc	r17, r1
    2820:	09 f0       	breq	.+2      	; 0x2824 <czynnosc+0x93e>
    2822:	ac c0       	rjmp	.+344    	; 0x297c <czynnosc+0xa96>
    2824:	b1 e0       	ldi	r27, 0x01	; 1
    2826:	eb 16       	cp	r14, r27
    2828:	f1 04       	cpc	r15, r1
    282a:	09 f0       	breq	.+2      	; 0x282e <czynnosc+0x948>
    282c:	a7 c0       	rjmp	.+334    	; 0x297c <czynnosc+0xa96>
    282e:	83 b7       	in	r24, 0x33	; 51
    2830:	85 60       	ori	r24, 0x05	; 5
    2832:	83 bf       	out	0x33, r24	; 51
    2834:	8a e0       	ldi	r24, 0x0A	; 10
    2836:	80 93 94 02 	sts	0x0294, r24
    283a:	80 93 95 02 	sts	0x0295, r24
    283e:	80 93 96 02 	sts	0x0296, r24
    2842:	80 93 93 02 	sts	0x0293, r24
    2846:	9a c0       	rjmp	.+308    	; 0x297c <czynnosc+0xa96>
    2848:	23 30       	cpi	r18, 0x03	; 3
    284a:	b9 f4       	brne	.+46     	; 0x287a <czynnosc+0x994>
    284c:	0b 33       	cpi	r16, 0x3B	; 59
    284e:	11 05       	cpc	r17, r1
    2850:	19 f4       	brne	.+6      	; 0x2858 <czynnosc+0x972>
    2852:	0e 94 db 16 	call	0x2db6	; 0x2db6 <PCF8583_alarm_flag_off>
    2856:	92 c0       	rjmp	.+292    	; 0x297c <czynnosc+0xa96>
    2858:	04 36       	cpi	r16, 0x64	; 100
    285a:	11 05       	cpc	r17, r1
    285c:	09 f0       	breq	.+2      	; 0x2860 <czynnosc+0x97a>
    285e:	8e c0       	rjmp	.+284    	; 0x297c <czynnosc+0xa96>
    2860:	80 91 90 02 	lds	r24, 0x0290
    2864:	81 30       	cpi	r24, 0x01	; 1
    2866:	19 f4       	brne	.+6      	; 0x286e <czynnosc+0x988>
    2868:	10 92 90 02 	sts	0x0290, r1
    286c:	87 c0       	rjmp	.+270    	; 0x297c <czynnosc+0xa96>
    286e:	81 11       	cpse	r24, r1
    2870:	85 c0       	rjmp	.+266    	; 0x297c <czynnosc+0xa96>
    2872:	81 e0       	ldi	r24, 0x01	; 1
    2874:	80 93 90 02 	sts	0x0290, r24
    2878:	81 c0       	rjmp	.+258    	; 0x297c <czynnosc+0xa96>
    287a:	24 30       	cpi	r18, 0x04	; 4
    287c:	91 f4       	brne	.+36     	; 0x28a2 <czynnosc+0x9bc>
    287e:	00 31       	cpi	r16, 0x10	; 16
    2880:	11 05       	cpc	r17, r1
    2882:	a1 f0       	breq	.+40     	; 0x28ac <czynnosc+0x9c6>
    2884:	01 31       	cpi	r16, 0x11	; 17
    2886:	11 05       	cpc	r17, r1
    2888:	c1 f0       	breq	.+48     	; 0x28ba <czynnosc+0x9d4>
    288a:	00 32       	cpi	r16, 0x20	; 32
    288c:	11 05       	cpc	r17, r1
    288e:	59 f1       	breq	.+86     	; 0x28e6 <czynnosc+0xa00>
    2890:	01 32       	cpi	r16, 0x21	; 33
    2892:	11 05       	cpc	r17, r1
    2894:	c9 f1       	breq	.+114    	; 0x2908 <czynnosc+0xa22>
    2896:	0b 33       	cpi	r16, 0x3B	; 59
    2898:	11 05       	cpc	r17, r1
    289a:	09 f0       	breq	.+2      	; 0x289e <czynnosc+0x9b8>
    289c:	6f c0       	rjmp	.+222    	; 0x297c <czynnosc+0xa96>
    289e:	88 e0       	ldi	r24, 0x08	; 8
    28a0:	6b c0       	rjmp	.+214    	; 0x2978 <czynnosc+0xa92>
    28a2:	25 30       	cpi	r18, 0x05	; 5
    28a4:	e9 f5       	brne	.+122    	; 0x2920 <czynnosc+0xa3a>
    28a6:	00 31       	cpi	r16, 0x10	; 16
    28a8:	11 05       	cpc	r17, r1
    28aa:	21 f4       	brne	.+8      	; 0x28b4 <czynnosc+0x9ce>
    28ac:	80 91 bd 02 	lds	r24, 0x02BD
    28b0:	8f 5f       	subi	r24, 0xFF	; 255
    28b2:	06 c0       	rjmp	.+12     	; 0x28c0 <czynnosc+0x9da>
    28b4:	01 31       	cpi	r16, 0x11	; 17
    28b6:	11 05       	cpc	r17, r1
    28b8:	49 f4       	brne	.+18     	; 0x28cc <czynnosc+0x9e6>
    28ba:	80 91 bd 02 	lds	r24, 0x02BD
    28be:	81 50       	subi	r24, 0x01	; 1
    28c0:	80 93 bd 02 	sts	0x02BD, r24
    28c4:	81 e0       	ldi	r24, 0x01	; 1
    28c6:	80 93 9f 02 	sts	0x029F, r24
    28ca:	58 c0       	rjmp	.+176    	; 0x297c <czynnosc+0xa96>
    28cc:	00 32       	cpi	r16, 0x20	; 32
    28ce:	11 05       	cpc	r17, r1
    28d0:	61 f4       	brne	.+24     	; 0x28ea <czynnosc+0xa04>
    28d2:	80 91 bd 02 	lds	r24, 0x02BD
    28d6:	8f 3f       	cpi	r24, 0xFF	; 255
    28d8:	31 f4       	brne	.+12     	; 0x28e6 <czynnosc+0xa00>
    28da:	80 91 a5 02 	lds	r24, 0x02A5
    28de:	90 91 b5 02 	lds	r25, 0x02B5
    28e2:	89 1b       	sub	r24, r25
    28e4:	0e c0       	rjmp	.+28     	; 0x2902 <czynnosc+0xa1c>
    28e6:	81 e0       	ldi	r24, 0x01	; 1
    28e8:	10 c0       	rjmp	.+32     	; 0x290a <czynnosc+0xa24>
    28ea:	01 32       	cpi	r16, 0x21	; 33
    28ec:	11 05       	cpc	r17, r1
    28ee:	81 f4       	brne	.+32     	; 0x2910 <czynnosc+0xa2a>
    28f0:	80 91 bd 02 	lds	r24, 0x02BD
    28f4:	8f 3f       	cpi	r24, 0xFF	; 255
    28f6:	41 f4       	brne	.+16     	; 0x2908 <czynnosc+0xa22>
    28f8:	80 91 a5 02 	lds	r24, 0x02A5
    28fc:	90 91 b5 02 	lds	r25, 0x02B5
    2900:	89 0f       	add	r24, r25
    2902:	80 93 a5 02 	sts	0x02A5, r24
    2906:	3a c0       	rjmp	.+116    	; 0x297c <czynnosc+0xa96>
    2908:	82 e0       	ldi	r24, 0x02	; 2
    290a:	80 93 b4 02 	sts	0x02B4, r24
    290e:	36 c0       	rjmp	.+108    	; 0x297c <czynnosc+0xa96>
    2910:	0b 33       	cpi	r16, 0x3B	; 59
    2912:	11 05       	cpc	r17, r1
    2914:	99 f5       	brne	.+102    	; 0x297c <czynnosc+0xa96>
    2916:	80 91 a5 02 	lds	r24, 0x02A5
    291a:	0e 94 de 0a 	call	0x15bc	; 0x15bc <end_of_settings>
    291e:	2c c0       	rjmp	.+88     	; 0x2978 <czynnosc+0xa92>
    2920:	26 30       	cpi	r18, 0x06	; 6
    2922:	79 f5       	brne	.+94     	; 0x2982 <czynnosc+0xa9c>
    2924:	0c 30       	cpi	r16, 0x0C	; 12
    2926:	11 05       	cpc	r17, r1
    2928:	69 f4       	brne	.+26     	; 0x2944 <czynnosc+0xa5e>
    292a:	e1 e0       	ldi	r30, 0x01	; 1
    292c:	ee 16       	cp	r14, r30
    292e:	f1 04       	cpc	r15, r1
    2930:	29 f5       	brne	.+74     	; 0x297c <czynnosc+0xa96>
    2932:	0e 94 b9 02 	call	0x572	; 0x572 <EEPROM_clear_all_memory>
    2936:	60 e0       	ldi	r22, 0x00	; 0
    2938:	8f ef       	ldi	r24, 0xFF	; 255
    293a:	0e 94 6b 16 	call	0x2cd6	; 0x2cd6 <PCF8583_write>
    293e:	10 92 bd 02 	sts	0x02BD, r1
    2942:	1c c0       	rjmp	.+56     	; 0x297c <czynnosc+0xa96>
    2944:	00 32       	cpi	r16, 0x20	; 32
    2946:	11 05       	cpc	r17, r1
    2948:	31 f4       	brne	.+12     	; 0x2956 <czynnosc+0xa70>
    294a:	80 91 bd 02 	lds	r24, 0x02BD
    294e:	90 91 b5 02 	lds	r25, 0x02B5
    2952:	89 1b       	sub	r24, r25
    2954:	11 c0       	rjmp	.+34     	; 0x2978 <czynnosc+0xa92>
    2956:	01 32       	cpi	r16, 0x21	; 33
    2958:	11 05       	cpc	r17, r1
    295a:	31 f4       	brne	.+12     	; 0x2968 <czynnosc+0xa82>
    295c:	80 91 bd 02 	lds	r24, 0x02BD
    2960:	90 91 b5 02 	lds	r25, 0x02B5
    2964:	89 0f       	add	r24, r25
    2966:	08 c0       	rjmp	.+16     	; 0x2978 <czynnosc+0xa92>
    2968:	0b 33       	cpi	r16, 0x3B	; 59
    296a:	11 05       	cpc	r17, r1
    296c:	39 f4       	brne	.+14     	; 0x297c <czynnosc+0xa96>
    296e:	8f ef       	ldi	r24, 0xFF	; 255
    2970:	0e 94 4b 16 	call	0x2c96	; 0x2c96 <PCF8583_read>
    2974:	0e 94 2d 06 	call	0xc5a	; 0xc5a <lockers_convert_address_to_index_of_frame>
    2978:	80 93 bd 02 	sts	0x02BD, r24
    297c:	81 e0       	ldi	r24, 0x01	; 1
    297e:	80 93 8c 02 	sts	0x028C, r24
    2982:	06 32       	cpi	r16, 0x26	; 38
    2984:	11 05       	cpc	r17, r1
    2986:	51 f5       	brne	.+84     	; 0x29dc <czynnosc+0xaf6>
    2988:	0e 94 37 03 	call	0x66e	; 0x66e <LCD_Clear>
    298c:	8f e6       	ldi	r24, 0x6F	; 111
    298e:	92 e0       	ldi	r25, 0x02	; 2
    2990:	0e 94 24 03 	call	0x648	; 0x648 <LCD_WriteText>
    2994:	61 e0       	ldi	r22, 0x01	; 1
    2996:	80 e0       	ldi	r24, 0x00	; 0
    2998:	0e 94 30 03 	call	0x660	; 0x660 <LCD_GoTo>
    299c:	8b e7       	ldi	r24, 0x7B	; 123
    299e:	92 e0       	ldi	r25, 0x02	; 2
    29a0:	0e 94 24 03 	call	0x648	; 0x648 <LCD_WriteText>
    29a4:	60 e0       	ldi	r22, 0x00	; 0
    29a6:	70 e0       	ldi	r23, 0x00	; 0
    29a8:	8a e7       	ldi	r24, 0x7A	; 122
    29aa:	93 e4       	ldi	r25, 0x43	; 67
    29ac:	0e 94 c1 01 	call	0x382	; 0x382 <delay_ms_var_double>
    29b0:	41 e0       	ldi	r20, 0x01	; 1
    29b2:	50 e0       	ldi	r21, 0x00	; 0
    29b4:	6f e0       	ldi	r22, 0x0F	; 15
    29b6:	70 e0       	ldi	r23, 0x00	; 0
    29b8:	84 e1       	ldi	r24, 0x14	; 20
    29ba:	90 e0       	ldi	r25, 0x00	; 0
    29bc:	0e 94 8e 04 	call	0x91c	; 0x91c <LCD_MoveRight>
    29c0:	41 e0       	ldi	r20, 0x01	; 1
    29c2:	50 e0       	ldi	r21, 0x00	; 0
    29c4:	6f e0       	ldi	r22, 0x0F	; 15
    29c6:	70 e0       	ldi	r23, 0x00	; 0
    29c8:	84 e1       	ldi	r24, 0x14	; 20
    29ca:	90 e0       	ldi	r25, 0x00	; 0
    29cc:	0e 94 b7 04 	call	0x96e	; 0x96e <LCD_MoveLeft>
    29d0:	0e 94 37 03 	call	0x66e	; 0x66e <LCD_Clear>
    29d4:	81 e0       	ldi	r24, 0x01	; 1
    29d6:	80 93 8c 02 	sts	0x028C, r24
    29da:	30 c0       	rjmp	.+96     	; 0x2a3c <czynnosc+0xb56>
    29dc:	0e 32       	cpi	r16, 0x2E	; 46
    29de:	11 05       	cpc	r17, r1
    29e0:	49 f4       	brne	.+18     	; 0x29f4 <czynnosc+0xb0e>
    29e2:	41 e0       	ldi	r20, 0x01	; 1
    29e4:	50 e0       	ldi	r21, 0x00	; 0
    29e6:	61 e0       	ldi	r22, 0x01	; 1
    29e8:	70 e0       	ldi	r23, 0x00	; 0
    29ea:	80 e0       	ldi	r24, 0x00	; 0
    29ec:	90 e0       	ldi	r25, 0x00	; 0
    29ee:	0e 94 8e 04 	call	0x91c	; 0x91c <LCD_MoveRight>
    29f2:	24 c0       	rjmp	.+72     	; 0x2a3c <czynnosc+0xb56>
    29f4:	02 32       	cpi	r16, 0x22	; 34
    29f6:	11 05       	cpc	r17, r1
    29f8:	49 f4       	brne	.+18     	; 0x2a0c <czynnosc+0xb26>
    29fa:	41 e0       	ldi	r20, 0x01	; 1
    29fc:	50 e0       	ldi	r21, 0x00	; 0
    29fe:	61 e0       	ldi	r22, 0x01	; 1
    2a00:	70 e0       	ldi	r23, 0x00	; 0
    2a02:	80 e0       	ldi	r24, 0x00	; 0
    2a04:	90 e0       	ldi	r25, 0x00	; 0
    2a06:	0e 94 b7 04 	call	0x96e	; 0x96e <LCD_MoveLeft>
    2a0a:	24 c0       	rjmp	.+72     	; 0x2a54 <czynnosc+0xb6e>
    2a0c:	04 32       	cpi	r16, 0x24	; 36
    2a0e:	11 05       	cpc	r17, r1
    2a10:	49 f4       	brne	.+18     	; 0x2a24 <czynnosc+0xb3e>
    2a12:	41 e0       	ldi	r20, 0x01	; 1
    2a14:	50 e0       	ldi	r21, 0x00	; 0
    2a16:	6f e0       	ldi	r22, 0x0F	; 15
    2a18:	70 e0       	ldi	r23, 0x00	; 0
    2a1a:	84 e1       	ldi	r24, 0x14	; 20
    2a1c:	90 e0       	ldi	r25, 0x00	; 0
    2a1e:	0e 94 8e 04 	call	0x91c	; 0x91c <LCD_MoveRight>
    2a22:	21 c0       	rjmp	.+66     	; 0x2a66 <czynnosc+0xb80>
    2a24:	03 32       	cpi	r16, 0x23	; 35
    2a26:	11 05       	cpc	r17, r1
    2a28:	49 f4       	brne	.+18     	; 0x2a3c <czynnosc+0xb56>
    2a2a:	41 e0       	ldi	r20, 0x01	; 1
    2a2c:	50 e0       	ldi	r21, 0x00	; 0
    2a2e:	6f e0       	ldi	r22, 0x0F	; 15
    2a30:	70 e0       	ldi	r23, 0x00	; 0
    2a32:	84 e1       	ldi	r24, 0x14	; 20
    2a34:	90 e0       	ldi	r25, 0x00	; 0
    2a36:	0e 94 b7 04 	call	0x96e	; 0x96e <LCD_MoveLeft>
    2a3a:	15 c0       	rjmp	.+42     	; 0x2a66 <czynnosc+0xb80>
    2a3c:	0c 32       	cpi	r16, 0x2C	; 44
    2a3e:	11 05       	cpc	r17, r1
    2a40:	19 f4       	brne	.+6      	; 0x2a48 <czynnosc+0xb62>
    2a42:	0e 94 df 07 	call	0xfbe	; 0xfbe <step_increase>
    2a46:	0f c0       	rjmp	.+30     	; 0x2a66 <czynnosc+0xb80>
    2a48:	0d 32       	cpi	r16, 0x2D	; 45
    2a4a:	11 05       	cpc	r17, r1
    2a4c:	19 f4       	brne	.+6      	; 0x2a54 <czynnosc+0xb6e>
    2a4e:	0e 94 f9 07 	call	0xff2	; 0xff2 <step_decrease>
    2a52:	09 c0       	rjmp	.+18     	; 0x2a66 <czynnosc+0xb80>
    2a54:	0e 30       	cpi	r16, 0x0E	; 14
    2a56:	11 05       	cpc	r17, r1
    2a58:	31 f4       	brne	.+12     	; 0x2a66 <czynnosc+0xb80>
    2a5a:	ea 94       	dec	r14
    2a5c:	ef 28       	or	r14, r15
    2a5e:	19 f4       	brne	.+6      	; 0x2a66 <czynnosc+0xb80>
    2a60:	81 e0       	ldi	r24, 0x01	; 1
    2a62:	80 93 62 00 	sts	0x0062, r24
    2a66:	cf 5a       	subi	r28, 0xAF	; 175
    2a68:	df 4f       	sbci	r29, 0xFF	; 255
    2a6a:	0f b6       	in	r0, 0x3f	; 63
    2a6c:	f8 94       	cli
    2a6e:	de bf       	out	0x3e, r29	; 62
    2a70:	0f be       	out	0x3f, r0	; 63
    2a72:	cd bf       	out	0x3d, r28	; 61
    2a74:	df 91       	pop	r29
    2a76:	cf 91       	pop	r28
    2a78:	1f 91       	pop	r17
    2a7a:	0f 91       	pop	r16
    2a7c:	ff 90       	pop	r15
    2a7e:	ef 90       	pop	r14
    2a80:	df 90       	pop	r13
    2a82:	cf 90       	pop	r12
    2a84:	bf 90       	pop	r11
    2a86:	af 90       	pop	r10
    2a88:	9f 90       	pop	r9
    2a8a:	8f 90       	pop	r8
    2a8c:	7f 90       	pop	r7
    2a8e:	3f 90       	pop	r3
    2a90:	2f 90       	pop	r2
    2a92:	08 95       	ret

00002a94 <pilot>:
    2a94:	ff 92       	push	r15
    2a96:	0f 93       	push	r16
    2a98:	1f 93       	push	r17
    2a9a:	cf 93       	push	r28
    2a9c:	df 93       	push	r29
    2a9e:	ec 01       	movw	r28, r24
    2aa0:	8b 01       	movw	r16, r22
    2aa2:	80 91 90 02 	lds	r24, 0x0290
    2aa6:	81 30       	cpi	r24, 0x01	; 1
    2aa8:	11 f4       	brne	.+4      	; 0x2aae <pilot+0x1a>
    2aaa:	0e 94 55 05 	call	0xaaa	; 0xaaa <pilot_off>
    2aae:	80 91 92 02 	lds	r24, 0x0292
    2ab2:	81 11       	cpse	r24, r1
    2ab4:	5c c0       	rjmp	.+184    	; 0x2b6e <pilot+0xda>
    2ab6:	ce 01       	movw	r24, r28
    2ab8:	01 97       	sbiw	r24, 0x01	; 1
    2aba:	06 97       	sbiw	r24, 0x06	; 6
    2abc:	08 f0       	brcs	.+2      	; 0x2ac0 <pilot+0x2c>
    2abe:	57 c0       	rjmp	.+174    	; 0x2b6e <pilot+0xda>
    2ac0:	c0 93 92 02 	sts	0x0292, r28
    2ac4:	ce 01       	movw	r24, r28
    2ac6:	0e 94 15 08 	call	0x102a	; 0x102a <wybor>
    2aca:	80 91 92 02 	lds	r24, 0x0292
    2ace:	81 30       	cpi	r24, 0x01	; 1
    2ad0:	09 f4       	brne	.+2      	; 0x2ad4 <pilot+0x40>
    2ad2:	4b c0       	rjmp	.+150    	; 0x2b6a <pilot+0xd6>
    2ad4:	82 30       	cpi	r24, 0x02	; 2
    2ad6:	89 f4       	brne	.+34     	; 0x2afa <pilot+0x66>
    2ad8:	84 e0       	ldi	r24, 0x04	; 4
    2ada:	90 e0       	ldi	r25, 0x00	; 0
    2adc:	90 93 ab 02 	sts	0x02AB, r25
    2ae0:	80 93 aa 02 	sts	0x02AA, r24
    2ae4:	8f ef       	ldi	r24, 0xFF	; 255
    2ae6:	80 93 bd 02 	sts	0x02BD, r24
    2aea:	10 92 9d 02 	sts	0x029D, r1
    2aee:	10 92 9c 02 	sts	0x029C, r1
    2af2:	83 b7       	in	r24, 0x33	; 51
    2af4:	85 60       	ori	r24, 0x05	; 5
    2af6:	83 bf       	out	0x33, r24	; 51
    2af8:	37 c0       	rjmp	.+110    	; 0x2b68 <pilot+0xd4>
    2afa:	83 30       	cpi	r24, 0x03	; 3
    2afc:	59 f4       	brne	.+22     	; 0x2b14 <pilot+0x80>
    2afe:	0e 94 f6 06 	call	0xdec	; 0xdec <lockers_beginning_actions>
    2b02:	ff 24       	eor	r15, r15
    2b04:	f3 94       	inc	r15
    2b06:	f0 92 8f 02 	sts	0x028F, r15
    2b0a:	0e 94 20 18 	call	0x3040	; 0x3040 <PCF8583_recognise_type_of_alarm>
    2b0e:	80 93 bd 02 	sts	0x02BD, r24
    2b12:	1e c0       	rjmp	.+60     	; 0x2b50 <pilot+0xbc>
    2b14:	84 30       	cpi	r24, 0x04	; 4
    2b16:	59 f4       	brne	.+22     	; 0x2b2e <pilot+0x9a>
    2b18:	10 92 bd 02 	sts	0x02BD, r1
    2b1c:	ff 24       	eor	r15, r15
    2b1e:	f3 94       	inc	r15
    2b20:	f0 92 9f 02 	sts	0x029F, r15
    2b24:	10 92 b4 02 	sts	0x02B4, r1
    2b28:	0e 94 c8 18 	call	0x3190	; 0x3190 <PCF8583_get_wall_time>
    2b2c:	11 c0       	rjmp	.+34     	; 0x2b50 <pilot+0xbc>
    2b2e:	85 30       	cpi	r24, 0x05	; 5
    2b30:	91 f4       	brne	.+36     	; 0x2b56 <pilot+0xc2>
    2b32:	0e 94 b8 18 	call	0x3170	; 0x3170 <PCF8583_get_wall_alarm>
    2b36:	8f ef       	ldi	r24, 0xFF	; 255
    2b38:	80 93 bd 02 	sts	0x02BD, r24
    2b3c:	ff 24       	eor	r15, r15
    2b3e:	f3 94       	inc	r15
    2b40:	f0 92 9f 02 	sts	0x029F, r15
    2b44:	10 92 b4 02 	sts	0x02B4, r1
    2b48:	0e 94 20 18 	call	0x3040	; 0x3040 <PCF8583_recognise_type_of_alarm>
    2b4c:	80 93 a5 02 	sts	0x02A5, r24
    2b50:	f0 92 8c 02 	sts	0x028C, r15
    2b54:	0c c0       	rjmp	.+24     	; 0x2b6e <pilot+0xda>
    2b56:	86 30       	cpi	r24, 0x06	; 6
    2b58:	51 f4       	brne	.+20     	; 0x2b6e <pilot+0xda>
    2b5a:	8f ef       	ldi	r24, 0xFF	; 255
    2b5c:	0e 94 4b 16 	call	0x2c96	; 0x2c96 <PCF8583_read>
    2b60:	0e 94 2d 06 	call	0xc5a	; 0xc5a <lockers_convert_address_to_index_of_frame>
    2b64:	80 93 bd 02 	sts	0x02BD, r24
    2b68:	81 e0       	ldi	r24, 0x01	; 1
    2b6a:	80 93 8c 02 	sts	0x028C, r24
    2b6e:	80 91 62 00 	lds	r24, 0x0062
    2b72:	81 11       	cpse	r24, r1
    2b74:	04 c0       	rjmp	.+8      	; 0x2b7e <pilot+0xea>
    2b76:	b8 01       	movw	r22, r16
    2b78:	ce 01       	movw	r24, r28
    2b7a:	0e 94 73 0f 	call	0x1ee6	; 0x1ee6 <czynnosc>
    2b7e:	c0 91 62 00 	lds	r28, 0x0062
    2b82:	c1 30       	cpi	r28, 0x01	; 1
    2b84:	b1 f4       	brne	.+44     	; 0x2bb2 <pilot+0x11e>
    2b86:	10 92 62 00 	sts	0x0062, r1
    2b8a:	10 92 92 02 	sts	0x0292, r1
    2b8e:	81 e0       	ldi	r24, 0x01	; 1
    2b90:	90 e0       	ldi	r25, 0x00	; 0
    2b92:	90 93 b6 02 	sts	0x02B6, r25
    2b96:	80 93 b5 02 	sts	0x02B5, r24
    2b9a:	10 92 8f 02 	sts	0x028F, r1
    2b9e:	83 b7       	in	r24, 0x33	; 51
    2ba0:	8a 7f       	andi	r24, 0xFA	; 250
    2ba2:	83 bf       	out	0x33, r24	; 51
    2ba4:	80 91 92 02 	lds	r24, 0x0292
    2ba8:	90 e0       	ldi	r25, 0x00	; 0
    2baa:	0e 94 15 08 	call	0x102a	; 0x102a <wybor>
    2bae:	c0 93 8c 02 	sts	0x028C, r28
    2bb2:	80 91 90 02 	lds	r24, 0x0290
    2bb6:	81 30       	cpi	r24, 0x01	; 1
    2bb8:	39 f4       	brne	.+14     	; 0x2bc8 <pilot+0x134>
    2bba:	df 91       	pop	r29
    2bbc:	cf 91       	pop	r28
    2bbe:	1f 91       	pop	r17
    2bc0:	0f 91       	pop	r16
    2bc2:	ff 90       	pop	r15
    2bc4:	0c 94 59 05 	jmp	0xab2	; 0xab2 <pilot_on>
    2bc8:	df 91       	pop	r29
    2bca:	cf 91       	pop	r28
    2bcc:	1f 91       	pop	r17
    2bce:	0f 91       	pop	r16
    2bd0:	ff 90       	pop	r15
    2bd2:	08 95       	ret

00002bd4 <zczytaj_komende>:
    2bd4:	0e 94 1e 06 	call	0xc3c	; 0xc3c <stop_button>
    2bd8:	89 2b       	or	r24, r25
    2bda:	b1 f0       	breq	.+44     	; 0x2c08 <zczytaj_komende+0x34>
    2bdc:	60 e0       	ldi	r22, 0x00	; 0
    2bde:	70 e0       	ldi	r23, 0x00	; 0
    2be0:	80 ef       	ldi	r24, 0xF0	; 240
    2be2:	91 e4       	ldi	r25, 0x41	; 65
    2be4:	0e 94 c1 01 	call	0x382	; 0x382 <delay_ms_var_double>
    2be8:	0e 94 1e 06 	call	0xc3c	; 0xc3c <stop_button>
    2bec:	89 2b       	or	r24, r25
    2bee:	31 f0       	breq	.+12     	; 0x2bfc <zczytaj_komende+0x28>
    2bf0:	60 e0       	ldi	r22, 0x00	; 0
    2bf2:	70 e0       	ldi	r23, 0x00	; 0
    2bf4:	84 e6       	ldi	r24, 0x64	; 100
    2bf6:	90 e0       	ldi	r25, 0x00	; 0
    2bf8:	0e 94 4a 15 	call	0x2a94	; 0x2a94 <pilot>
    2bfc:	60 e0       	ldi	r22, 0x00	; 0
    2bfe:	70 e0       	ldi	r23, 0x00	; 0
    2c00:	88 ec       	ldi	r24, 0xC8	; 200
    2c02:	92 e4       	ldi	r25, 0x42	; 66
    2c04:	0e 94 c1 01 	call	0x382	; 0x382 <delay_ms_var_double>
    2c08:	80 91 9b 02 	lds	r24, 0x029B
    2c0c:	88 23       	and	r24, r24
    2c0e:	79 f1       	breq	.+94     	; 0x2c6e <zczytaj_komende+0x9a>
    2c10:	80 91 98 02 	lds	r24, 0x0298
    2c14:	81 11       	cpse	r24, r1
    2c16:	2b c0       	rjmp	.+86     	; 0x2c6e <zczytaj_komende+0x9a>
    2c18:	10 92 9d 02 	sts	0x029D, r1
    2c1c:	10 92 9c 02 	sts	0x029C, r1
    2c20:	20 91 61 00 	lds	r18, 0x0061
    2c24:	80 91 97 02 	lds	r24, 0x0297
    2c28:	22 30       	cpi	r18, 0x02	; 2
    2c2a:	79 f0       	breq	.+30     	; 0x2c4a <zczytaj_komende+0x76>
    2c2c:	33 27       	eor	r19, r19
    2c2e:	27 fd       	sbrc	r18, 7
    2c30:	30 95       	com	r19
    2c32:	90 e0       	ldi	r25, 0x00	; 0
    2c34:	28 17       	cp	r18, r24
    2c36:	39 07       	cpc	r19, r25
    2c38:	31 f4       	brne	.+12     	; 0x2c46 <zczytaj_komende+0x72>
    2c3a:	81 e0       	ldi	r24, 0x01	; 1
    2c3c:	90 e0       	ldi	r25, 0x00	; 0
    2c3e:	90 93 9d 02 	sts	0x029D, r25
    2c42:	80 93 9c 02 	sts	0x029C, r24
    2c46:	80 91 97 02 	lds	r24, 0x0297
    2c4a:	80 93 61 00 	sts	0x0061, r24
    2c4e:	80 91 99 02 	lds	r24, 0x0299
    2c52:	60 91 9c 02 	lds	r22, 0x029C
    2c56:	70 91 9d 02 	lds	r23, 0x029D
    2c5a:	90 e0       	ldi	r25, 0x00	; 0
    2c5c:	0e 94 4a 15 	call	0x2a94	; 0x2a94 <pilot>
    2c60:	10 92 9b 02 	sts	0x029B, r1
    2c64:	8f ef       	ldi	r24, 0xFF	; 255
    2c66:	80 93 99 02 	sts	0x0299, r24
    2c6a:	80 93 98 02 	sts	0x0298, r24
    2c6e:	08 95       	ret

00002c70 <bcd2bin>:
    2c70:	98 2f       	mov	r25, r24
    2c72:	92 95       	swap	r25
    2c74:	9f 70       	andi	r25, 0x0F	; 15
    2c76:	8f 70       	andi	r24, 0x0F	; 15
    2c78:	2a e0       	ldi	r18, 0x0A	; 10
    2c7a:	92 9f       	mul	r25, r18
    2c7c:	80 0d       	add	r24, r0
    2c7e:	11 24       	eor	r1, r1
    2c80:	08 95       	ret

00002c82 <bin2bcd>:
    2c82:	6a e0       	ldi	r22, 0x0A	; 10
    2c84:	0e 94 00 1a 	call	0x3400	; 0x3400 <__udivmodqi4>
    2c88:	29 2f       	mov	r18, r25
    2c8a:	30 e1       	ldi	r19, 0x10	; 16
    2c8c:	83 9f       	mul	r24, r19
    2c8e:	c0 01       	movw	r24, r0
    2c90:	11 24       	eor	r1, r1
    2c92:	82 2b       	or	r24, r18
    2c94:	08 95       	ret

00002c96 <PCF8583_read>:
    2c96:	1f 93       	push	r17
    2c98:	cf 93       	push	r28
    2c9a:	df 93       	push	r29
    2c9c:	1f 92       	push	r1
    2c9e:	cd b7       	in	r28, 0x3d	; 61
    2ca0:	de b7       	in	r29, 0x3e	; 62
    2ca2:	18 2f       	mov	r17, r24
    2ca4:	0e 94 37 05 	call	0xa6e	; 0xa6e <i2cStart>
    2ca8:	82 ea       	ldi	r24, 0xA2	; 162
    2caa:	0e 94 43 05 	call	0xa86	; 0xa86 <i2cWrite>
    2cae:	81 2f       	mov	r24, r17
    2cb0:	0e 94 43 05 	call	0xa86	; 0xa86 <i2cWrite>
    2cb4:	0e 94 37 05 	call	0xa6e	; 0xa6e <i2cStart>
    2cb8:	83 ea       	ldi	r24, 0xA3	; 163
    2cba:	0e 94 43 05 	call	0xa86	; 0xa86 <i2cWrite>
    2cbe:	80 e0       	ldi	r24, 0x00	; 0
    2cc0:	0e 94 4a 05 	call	0xa94	; 0xa94 <i2cRead>
    2cc4:	89 83       	std	Y+1, r24	; 0x01
    2cc6:	0e 94 3d 05 	call	0xa7a	; 0xa7a <i2cStop>
    2cca:	89 81       	ldd	r24, Y+1	; 0x01
    2ccc:	0f 90       	pop	r0
    2cce:	df 91       	pop	r29
    2cd0:	cf 91       	pop	r28
    2cd2:	1f 91       	pop	r17
    2cd4:	08 95       	ret

00002cd6 <PCF8583_write>:
    2cd6:	1f 93       	push	r17
    2cd8:	cf 93       	push	r28
    2cda:	df 93       	push	r29
    2cdc:	1f 92       	push	r1
    2cde:	cd b7       	in	r28, 0x3d	; 61
    2ce0:	de b7       	in	r29, 0x3e	; 62
    2ce2:	18 2f       	mov	r17, r24
    2ce4:	69 83       	std	Y+1, r22	; 0x01
    2ce6:	0e 94 37 05 	call	0xa6e	; 0xa6e <i2cStart>
    2cea:	82 ea       	ldi	r24, 0xA2	; 162
    2cec:	0e 94 43 05 	call	0xa86	; 0xa86 <i2cWrite>
    2cf0:	81 2f       	mov	r24, r17
    2cf2:	0e 94 43 05 	call	0xa86	; 0xa86 <i2cWrite>
    2cf6:	69 81       	ldd	r22, Y+1	; 0x01
    2cf8:	86 2f       	mov	r24, r22
    2cfa:	0e 94 43 05 	call	0xa86	; 0xa86 <i2cWrite>
    2cfe:	0f 90       	pop	r0
    2d00:	df 91       	pop	r29
    2d02:	cf 91       	pop	r28
    2d04:	1f 91       	pop	r17
    2d06:	0c 94 3d 05 	jmp	0xa7a	; 0xa7a <i2cStop>

00002d0a <PCF8583_read_bcd>:
    2d0a:	0e 94 4b 16 	call	0x2c96	; 0x2c96 <PCF8583_read>
    2d0e:	0c 94 38 16 	jmp	0x2c70	; 0x2c70 <bcd2bin>

00002d12 <PCF8583_write_bcd>:
    2d12:	cf 93       	push	r28
    2d14:	c8 2f       	mov	r28, r24
    2d16:	86 2f       	mov	r24, r22
    2d18:	0e 94 41 16 	call	0x2c82	; 0x2c82 <bin2bcd>
    2d1c:	68 2f       	mov	r22, r24
    2d1e:	8c 2f       	mov	r24, r28
    2d20:	cf 91       	pop	r28
    2d22:	0c 94 6b 16 	jmp	0x2cd6	; 0x2cd6 <PCF8583_write>

00002d26 <PCF8583_stop>:
    2d26:	80 e0       	ldi	r24, 0x00	; 0
    2d28:	0e 94 4b 16 	call	0x2c96	; 0x2c96 <PCF8583_read>
    2d2c:	68 2f       	mov	r22, r24
    2d2e:	60 68       	ori	r22, 0x80	; 128
    2d30:	80 e0       	ldi	r24, 0x00	; 0
    2d32:	0c 94 6b 16 	jmp	0x2cd6	; 0x2cd6 <PCF8583_write>

00002d36 <PCF8583_start>:
    2d36:	80 e0       	ldi	r24, 0x00	; 0
    2d38:	0e 94 4b 16 	call	0x2c96	; 0x2c96 <PCF8583_read>
    2d3c:	68 2f       	mov	r22, r24
    2d3e:	6f 77       	andi	r22, 0x7F	; 127
    2d40:	80 e0       	ldi	r24, 0x00	; 0
    2d42:	0c 94 6b 16 	jmp	0x2cd6	; 0x2cd6 <PCF8583_write>

00002d46 <PCF8583_hold_off>:
    2d46:	80 e0       	ldi	r24, 0x00	; 0
    2d48:	0e 94 4b 16 	call	0x2c96	; 0x2c96 <PCF8583_read>
    2d4c:	68 2f       	mov	r22, r24
    2d4e:	6f 7b       	andi	r22, 0xBF	; 191
    2d50:	80 e0       	ldi	r24, 0x00	; 0
    2d52:	0c 94 6b 16 	jmp	0x2cd6	; 0x2cd6 <PCF8583_write>

00002d56 <PCF8583_hold_on>:
    2d56:	80 e0       	ldi	r24, 0x00	; 0
    2d58:	0e 94 4b 16 	call	0x2c96	; 0x2c96 <PCF8583_read>
    2d5c:	68 2f       	mov	r22, r24
    2d5e:	60 64       	ori	r22, 0x40	; 64
    2d60:	80 e0       	ldi	r24, 0x00	; 0
    2d62:	0c 94 6b 16 	jmp	0x2cd6	; 0x2cd6 <PCF8583_write>

00002d66 <PCF8583_mask_off>:
    2d66:	80 e0       	ldi	r24, 0x00	; 0
    2d68:	0e 94 4b 16 	call	0x2c96	; 0x2c96 <PCF8583_read>
    2d6c:	68 2f       	mov	r22, r24
    2d6e:	67 7f       	andi	r22, 0xF7	; 247
    2d70:	80 e0       	ldi	r24, 0x00	; 0
    2d72:	0c 94 6b 16 	jmp	0x2cd6	; 0x2cd6 <PCF8583_write>

00002d76 <PCF8583_init>:
    2d76:	60 e0       	ldi	r22, 0x00	; 0
    2d78:	80 e0       	ldi	r24, 0x00	; 0
    2d7a:	0e 94 6b 16 	call	0x2cd6	; 0x2cd6 <PCF8583_write>
    2d7e:	80 e0       	ldi	r24, 0x00	; 0
    2d80:	0e 94 4b 16 	call	0x2c96	; 0x2c96 <PCF8583_read>
    2d84:	68 2f       	mov	r22, r24
    2d86:	64 60       	ori	r22, 0x04	; 4
    2d88:	80 e0       	ldi	r24, 0x00	; 0
    2d8a:	0e 94 6b 16 	call	0x2cd6	; 0x2cd6 <PCF8583_write>
    2d8e:	0e 94 a3 16 	call	0x2d46	; 0x2d46 <PCF8583_hold_off>
    2d92:	0e 94 b3 16 	call	0x2d66	; 0x2d66 <PCF8583_mask_off>
    2d96:	84 e0       	ldi	r24, 0x04	; 4
    2d98:	0e 94 4b 16 	call	0x2c96	; 0x2c96 <PCF8583_read>
    2d9c:	68 2f       	mov	r22, r24
    2d9e:	6f 73       	andi	r22, 0x3F	; 63
    2da0:	84 e0       	ldi	r24, 0x04	; 4
    2da2:	0c 94 6b 16 	jmp	0x2cd6	; 0x2cd6 <PCF8583_write>

00002da6 <PCF8583_mask_on>:
    2da6:	80 e0       	ldi	r24, 0x00	; 0
    2da8:	0e 94 4b 16 	call	0x2c96	; 0x2c96 <PCF8583_read>
    2dac:	68 2f       	mov	r22, r24
    2dae:	68 60       	ori	r22, 0x08	; 8
    2db0:	80 e0       	ldi	r24, 0x00	; 0
    2db2:	0c 94 6b 16 	jmp	0x2cd6	; 0x2cd6 <PCF8583_write>

00002db6 <PCF8583_alarm_flag_off>:
    2db6:	80 e0       	ldi	r24, 0x00	; 0
    2db8:	0e 94 4b 16 	call	0x2c96	; 0x2c96 <PCF8583_read>
    2dbc:	68 2f       	mov	r22, r24
    2dbe:	6d 7f       	andi	r22, 0xFD	; 253
    2dc0:	80 e0       	ldi	r24, 0x00	; 0
    2dc2:	0c 94 6b 16 	jmp	0x2cd6	; 0x2cd6 <PCF8583_write>

00002dc6 <PCF8583_write_word>:
    2dc6:	1f 93       	push	r17
    2dc8:	cf 93       	push	r28
    2dca:	df 93       	push	r29
    2dcc:	1f 92       	push	r1
    2dce:	cd b7       	in	r28, 0x3d	; 61
    2dd0:	de b7       	in	r29, 0x3e	; 62
    2dd2:	18 2f       	mov	r17, r24
    2dd4:	79 83       	std	Y+1, r23	; 0x01
    2dd6:	0e 94 6b 16 	call	0x2cd6	; 0x2cd6 <PCF8583_write>
    2dda:	79 81       	ldd	r23, Y+1	; 0x01
    2ddc:	67 2f       	mov	r22, r23
    2dde:	81 e0       	ldi	r24, 0x01	; 1
    2de0:	81 0f       	add	r24, r17
    2de2:	0f 90       	pop	r0
    2de4:	df 91       	pop	r29
    2de6:	cf 91       	pop	r28
    2de8:	1f 91       	pop	r17
    2dea:	0c 94 6b 16 	jmp	0x2cd6	; 0x2cd6 <PCF8583_write>

00002dee <PCF8583_write_date>:
    2dee:	1f 93       	push	r17
    2df0:	cf 93       	push	r28
    2df2:	df 93       	push	r29
    2df4:	1f 92       	push	r1
    2df6:	cd b7       	in	r28, 0x3d	; 61
    2df8:	de b7       	in	r29, 0x3e	; 62
    2dfa:	18 2f       	mov	r17, r24
    2dfc:	86 2f       	mov	r24, r22
    2dfe:	49 83       	std	Y+1, r20	; 0x01
    2e00:	0e 94 41 16 	call	0x2c82	; 0x2c82 <bin2bcd>
    2e04:	49 81       	ldd	r20, Y+1	; 0x01
    2e06:	64 2f       	mov	r22, r20
    2e08:	62 95       	swap	r22
    2e0a:	66 0f       	add	r22, r22
    2e0c:	66 0f       	add	r22, r22
    2e0e:	60 7c       	andi	r22, 0xC0	; 192
    2e10:	68 2b       	or	r22, r24
    2e12:	81 2f       	mov	r24, r17
    2e14:	0f 90       	pop	r0
    2e16:	df 91       	pop	r29
    2e18:	cf 91       	pop	r28
    2e1a:	1f 91       	pop	r17
    2e1c:	0c 94 6b 16 	jmp	0x2cd6	; 0x2cd6 <PCF8583_write>

00002e20 <PCF8583_write_month_dayOfWeek>:
    2e20:	1f 93       	push	r17
    2e22:	cf 93       	push	r28
    2e24:	df 93       	push	r29
    2e26:	1f 92       	push	r1
    2e28:	cd b7       	in	r28, 0x3d	; 61
    2e2a:	de b7       	in	r29, 0x3e	; 62
    2e2c:	18 2f       	mov	r17, r24
    2e2e:	86 2f       	mov	r24, r22
    2e30:	49 83       	std	Y+1, r20	; 0x01
    2e32:	0e 94 41 16 	call	0x2c82	; 0x2c82 <bin2bcd>
    2e36:	49 81       	ldd	r20, Y+1	; 0x01
    2e38:	90 e2       	ldi	r25, 0x20	; 32
    2e3a:	49 9f       	mul	r20, r25
    2e3c:	b0 01       	movw	r22, r0
    2e3e:	11 24       	eor	r1, r1
    2e40:	68 2b       	or	r22, r24
    2e42:	81 2f       	mov	r24, r17
    2e44:	0f 90       	pop	r0
    2e46:	df 91       	pop	r29
    2e48:	cf 91       	pop	r28
    2e4a:	1f 91       	pop	r17
    2e4c:	0c 94 6b 16 	jmp	0x2cd6	; 0x2cd6 <PCF8583_write>

00002e50 <PCF8583_get_time>:
    2e50:	cf 92       	push	r12
    2e52:	df 92       	push	r13
    2e54:	ef 92       	push	r14
    2e56:	ff 92       	push	r15
    2e58:	0f 93       	push	r16
    2e5a:	1f 93       	push	r17
    2e5c:	cf 93       	push	r28
    2e5e:	df 93       	push	r29
    2e60:	ec 01       	movw	r28, r24
    2e62:	7b 01       	movw	r14, r22
    2e64:	6a 01       	movw	r12, r20
    2e66:	89 01       	movw	r16, r18
    2e68:	0e 94 ab 16 	call	0x2d56	; 0x2d56 <PCF8583_hold_on>
    2e6c:	81 e0       	ldi	r24, 0x01	; 1
    2e6e:	0e 94 85 16 	call	0x2d0a	; 0x2d0a <PCF8583_read_bcd>
    2e72:	f8 01       	movw	r30, r16
    2e74:	80 83       	st	Z, r24
    2e76:	82 e0       	ldi	r24, 0x02	; 2
    2e78:	0e 94 85 16 	call	0x2d0a	; 0x2d0a <PCF8583_read_bcd>
    2e7c:	f6 01       	movw	r30, r12
    2e7e:	80 83       	st	Z, r24
    2e80:	83 e0       	ldi	r24, 0x03	; 3
    2e82:	0e 94 85 16 	call	0x2d0a	; 0x2d0a <PCF8583_read_bcd>
    2e86:	f7 01       	movw	r30, r14
    2e88:	80 83       	st	Z, r24
    2e8a:	84 e0       	ldi	r24, 0x04	; 4
    2e8c:	0e 94 85 16 	call	0x2d0a	; 0x2d0a <PCF8583_read_bcd>
    2e90:	88 83       	st	Y, r24
    2e92:	df 91       	pop	r29
    2e94:	cf 91       	pop	r28
    2e96:	1f 91       	pop	r17
    2e98:	0f 91       	pop	r16
    2e9a:	ff 90       	pop	r15
    2e9c:	ef 90       	pop	r14
    2e9e:	df 90       	pop	r13
    2ea0:	cf 90       	pop	r12
    2ea2:	0c 94 a3 16 	jmp	0x2d46	; 0x2d46 <PCF8583_hold_off>

00002ea6 <PCF8583_set_time>:
    2ea6:	0f 93       	push	r16
    2ea8:	1f 93       	push	r17
    2eaa:	cf 93       	push	r28
    2eac:	df 93       	push	r29
    2eae:	00 d0       	rcall	.+0      	; 0x2eb0 <PCF8583_set_time+0xa>
    2eb0:	cd b7       	in	r28, 0x3d	; 61
    2eb2:	de b7       	in	r29, 0x3e	; 62
    2eb4:	18 2f       	mov	r17, r24
    2eb6:	06 2f       	mov	r16, r22
    2eb8:	29 83       	std	Y+1, r18	; 0x01
    2eba:	4a 83       	std	Y+2, r20	; 0x02
    2ebc:	0e 94 93 16 	call	0x2d26	; 0x2d26 <PCF8583_stop>
    2ec0:	29 81       	ldd	r18, Y+1	; 0x01
    2ec2:	62 2f       	mov	r22, r18
    2ec4:	81 e0       	ldi	r24, 0x01	; 1
    2ec6:	0e 94 89 16 	call	0x2d12	; 0x2d12 <PCF8583_write_bcd>
    2eca:	4a 81       	ldd	r20, Y+2	; 0x02
    2ecc:	64 2f       	mov	r22, r20
    2ece:	82 e0       	ldi	r24, 0x02	; 2
    2ed0:	0e 94 89 16 	call	0x2d12	; 0x2d12 <PCF8583_write_bcd>
    2ed4:	60 2f       	mov	r22, r16
    2ed6:	83 e0       	ldi	r24, 0x03	; 3
    2ed8:	0e 94 89 16 	call	0x2d12	; 0x2d12 <PCF8583_write_bcd>
    2edc:	61 2f       	mov	r22, r17
    2ede:	84 e0       	ldi	r24, 0x04	; 4
    2ee0:	0e 94 89 16 	call	0x2d12	; 0x2d12 <PCF8583_write_bcd>
    2ee4:	0f 90       	pop	r0
    2ee6:	0f 90       	pop	r0
    2ee8:	df 91       	pop	r29
    2eea:	cf 91       	pop	r28
    2eec:	1f 91       	pop	r17
    2eee:	0f 91       	pop	r16
    2ef0:	0c 94 9b 16 	jmp	0x2d36	; 0x2d36 <PCF8583_start>

00002ef4 <PCF8583_get_date>:
    2ef4:	cf 92       	push	r12
    2ef6:	df 92       	push	r13
    2ef8:	ef 92       	push	r14
    2efa:	ff 92       	push	r15
    2efc:	0f 93       	push	r16
    2efe:	1f 93       	push	r17
    2f00:	cf 93       	push	r28
    2f02:	df 93       	push	r29
    2f04:	ec 01       	movw	r28, r24
    2f06:	7b 01       	movw	r14, r22
    2f08:	6a 01       	movw	r12, r20
    2f0a:	89 01       	movw	r16, r18
    2f0c:	0e 94 d3 16 	call	0x2da6	; 0x2da6 <PCF8583_mask_on>
    2f10:	0e 94 ab 16 	call	0x2d56	; 0x2d56 <PCF8583_hold_on>
    2f14:	85 e0       	ldi	r24, 0x05	; 5
    2f16:	0e 94 4b 16 	call	0x2c96	; 0x2c96 <PCF8583_read>
    2f1a:	0e 94 38 16 	call	0x2c70	; 0x2c70 <bcd2bin>
    2f1e:	88 83       	st	Y, r24
    2f20:	86 e0       	ldi	r24, 0x06	; 6
    2f22:	0e 94 4b 16 	call	0x2c96	; 0x2c96 <PCF8583_read>
    2f26:	0e 94 38 16 	call	0x2c70	; 0x2c70 <bcd2bin>
    2f2a:	f6 01       	movw	r30, r12
    2f2c:	80 83       	st	Z, r24
    2f2e:	0e 94 b3 16 	call	0x2d66	; 0x2d66 <PCF8583_mask_off>
    2f32:	86 e0       	ldi	r24, 0x06	; 6
    2f34:	0e 94 4b 16 	call	0x2c96	; 0x2c96 <PCF8583_read>
    2f38:	82 95       	swap	r24
    2f3a:	86 95       	lsr	r24
    2f3c:	87 70       	andi	r24, 0x07	; 7
    2f3e:	f7 01       	movw	r30, r14
    2f40:	80 83       	st	Z, r24
    2f42:	85 e0       	ldi	r24, 0x05	; 5
    2f44:	0e 94 4b 16 	call	0x2c96	; 0x2c96 <PCF8583_read>
    2f48:	f8 2e       	mov	r15, r24
    2f4a:	80 e1       	ldi	r24, 0x10	; 16
    2f4c:	0e 94 4b 16 	call	0x2c96	; 0x2c96 <PCF8583_read>
    2f50:	c8 2f       	mov	r28, r24
    2f52:	81 e1       	ldi	r24, 0x11	; 17
    2f54:	0e 94 4b 16 	call	0x2c96	; 0x2c96 <PCF8583_read>
    2f58:	d0 e0       	ldi	r29, 0x00	; 0
    2f5a:	d8 2b       	or	r29, r24
    2f5c:	9e 01       	movw	r18, r28
    2f5e:	23 70       	andi	r18, 0x03	; 3
    2f60:	33 27       	eor	r19, r19
    2f62:	f2 94       	swap	r15
    2f64:	f6 94       	lsr	r15
    2f66:	f6 94       	lsr	r15
    2f68:	83 e0       	ldi	r24, 0x03	; 3
    2f6a:	f8 22       	and	r15, r24
    2f6c:	8f 2d       	mov	r24, r15
    2f6e:	90 e0       	ldi	r25, 0x00	; 0
    2f70:	28 17       	cp	r18, r24
    2f72:	39 07       	cpc	r19, r25
    2f74:	29 f0       	breq	.+10     	; 0x2f80 <PCF8583_get_date+0x8c>
    2f76:	21 96       	adiw	r28, 0x01	; 1
    2f78:	be 01       	movw	r22, r28
    2f7a:	80 e1       	ldi	r24, 0x10	; 16
    2f7c:	0e 94 e3 16 	call	0x2dc6	; 0x2dc6 <PCF8583_write_word>
    2f80:	f8 01       	movw	r30, r16
    2f82:	d1 83       	std	Z+1, r29	; 0x01
    2f84:	c0 83       	st	Z, r28
    2f86:	df 91       	pop	r29
    2f88:	cf 91       	pop	r28
    2f8a:	1f 91       	pop	r17
    2f8c:	0f 91       	pop	r16
    2f8e:	ff 90       	pop	r15
    2f90:	ef 90       	pop	r14
    2f92:	df 90       	pop	r13
    2f94:	cf 90       	pop	r12
    2f96:	0c 94 a3 16 	jmp	0x2d46	; 0x2d46 <PCF8583_hold_off>

00002f9a <PCF8583_set_date>:
    2f9a:	ff 92       	push	r15
    2f9c:	0f 93       	push	r16
    2f9e:	1f 93       	push	r17
    2fa0:	cf 93       	push	r28
    2fa2:	df 93       	push	r29
    2fa4:	f8 2e       	mov	r15, r24
    2fa6:	06 2f       	mov	r16, r22
    2fa8:	14 2f       	mov	r17, r20
    2faa:	e9 01       	movw	r28, r18
    2fac:	b9 01       	movw	r22, r18
    2fae:	80 e1       	ldi	r24, 0x10	; 16
    2fb0:	0e 94 e3 16 	call	0x2dc6	; 0x2dc6 <PCF8583_write_word>
    2fb4:	0e 94 93 16 	call	0x2d26	; 0x2d26 <PCF8583_stop>
    2fb8:	ae 01       	movw	r20, r28
    2fba:	6f 2d       	mov	r22, r15
    2fbc:	85 e0       	ldi	r24, 0x05	; 5
    2fbe:	0e 94 f7 16 	call	0x2dee	; 0x2dee <PCF8583_write_date>
    2fc2:	40 2f       	mov	r20, r16
    2fc4:	61 2f       	mov	r22, r17
    2fc6:	86 e0       	ldi	r24, 0x06	; 6
    2fc8:	0e 94 10 17 	call	0x2e20	; 0x2e20 <PCF8583_write_month_dayOfWeek>
    2fcc:	df 91       	pop	r29
    2fce:	cf 91       	pop	r28
    2fd0:	1f 91       	pop	r17
    2fd2:	0f 91       	pop	r16
    2fd4:	ff 90       	pop	r15
    2fd6:	0c 94 9b 16 	jmp	0x2d36	; 0x2d36 <PCF8583_start>

00002fda <PCF8583_get_alarm_time>:
    2fda:	cf 92       	push	r12
    2fdc:	df 92       	push	r13
    2fde:	ef 92       	push	r14
    2fe0:	ff 92       	push	r15
    2fe2:	0f 93       	push	r16
    2fe4:	1f 93       	push	r17
    2fe6:	cf 93       	push	r28
    2fe8:	df 93       	push	r29
    2fea:	ec 01       	movw	r28, r24
    2fec:	7b 01       	movw	r14, r22
    2fee:	6a 01       	movw	r12, r20
    2ff0:	89 01       	movw	r16, r18
    2ff2:	89 e0       	ldi	r24, 0x09	; 9
    2ff4:	0e 94 85 16 	call	0x2d0a	; 0x2d0a <PCF8583_read_bcd>
    2ff8:	f8 01       	movw	r30, r16
    2ffa:	80 83       	st	Z, r24
    2ffc:	8a e0       	ldi	r24, 0x0A	; 10
    2ffe:	0e 94 85 16 	call	0x2d0a	; 0x2d0a <PCF8583_read_bcd>
    3002:	f6 01       	movw	r30, r12
    3004:	80 83       	st	Z, r24
    3006:	8b e0       	ldi	r24, 0x0B	; 11
    3008:	0e 94 85 16 	call	0x2d0a	; 0x2d0a <PCF8583_read_bcd>
    300c:	f7 01       	movw	r30, r14
    300e:	80 83       	st	Z, r24
    3010:	8c e0       	ldi	r24, 0x0C	; 12
    3012:	0e 94 85 16 	call	0x2d0a	; 0x2d0a <PCF8583_read_bcd>
    3016:	88 83       	st	Y, r24
    3018:	df 91       	pop	r29
    301a:	cf 91       	pop	r28
    301c:	1f 91       	pop	r17
    301e:	0f 91       	pop	r16
    3020:	ff 90       	pop	r15
    3022:	ef 90       	pop	r14
    3024:	df 90       	pop	r13
    3026:	cf 90       	pop	r12
    3028:	08 95       	ret

0000302a <PCF8583_set_alarm_date>:
    302a:	cf 93       	push	r28
    302c:	c6 2f       	mov	r28, r22
    302e:	68 2f       	mov	r22, r24
    3030:	8d e0       	ldi	r24, 0x0D	; 13
    3032:	0e 94 89 16 	call	0x2d12	; 0x2d12 <PCF8583_write_bcd>
    3036:	6c 2f       	mov	r22, r28
    3038:	8e e0       	ldi	r24, 0x0E	; 14
    303a:	cf 91       	pop	r28
    303c:	0c 94 89 16 	jmp	0x2d12	; 0x2d12 <PCF8583_write_bcd>

00003040 <PCF8583_recognise_type_of_alarm>:
    3040:	88 e0       	ldi	r24, 0x08	; 8
    3042:	0e 94 4b 16 	call	0x2c96	; 0x2c96 <PCF8583_read>
    3046:	80 73       	andi	r24, 0x30	; 48
    3048:	82 95       	swap	r24
    304a:	8f 70       	andi	r24, 0x0F	; 15
    304c:	08 95       	ret

0000304e <PCF8583_get_alarm_date>:
    304e:	0f 93       	push	r16
    3050:	1f 93       	push	r17
    3052:	cf 93       	push	r28
    3054:	df 93       	push	r29
    3056:	8c 01       	movw	r16, r24
    3058:	eb 01       	movw	r28, r22
    305a:	8d e0       	ldi	r24, 0x0D	; 13
    305c:	0e 94 85 16 	call	0x2d0a	; 0x2d0a <PCF8583_read_bcd>
    3060:	f8 01       	movw	r30, r16
    3062:	80 83       	st	Z, r24
    3064:	0e 94 20 18 	call	0x3040	; 0x3040 <PCF8583_recognise_type_of_alarm>
    3068:	82 30       	cpi	r24, 0x02	; 2
    306a:	29 f4       	brne	.+10     	; 0x3076 <PCF8583_get_alarm_date+0x28>
    306c:	8e e0       	ldi	r24, 0x0E	; 14
    306e:	0e 94 4b 16 	call	0x2c96	; 0x2c96 <PCF8583_read>
    3072:	8f 77       	andi	r24, 0x7F	; 127
    3074:	03 c0       	rjmp	.+6      	; 0x307c <PCF8583_get_alarm_date+0x2e>
    3076:	8e e0       	ldi	r24, 0x0E	; 14
    3078:	0e 94 85 16 	call	0x2d0a	; 0x2d0a <PCF8583_read_bcd>
    307c:	88 83       	st	Y, r24
    307e:	df 91       	pop	r29
    3080:	cf 91       	pop	r28
    3082:	1f 91       	pop	r17
    3084:	0f 91       	pop	r16
    3086:	08 95       	ret

00003088 <PCF8583_alarm_off>:
    3088:	88 e0       	ldi	r24, 0x08	; 8
    308a:	0e 94 4b 16 	call	0x2c96	; 0x2c96 <PCF8583_read>
    308e:	68 2f       	mov	r22, r24
    3090:	6f 7c       	andi	r22, 0xCF	; 207
    3092:	88 e0       	ldi	r24, 0x08	; 8
    3094:	0c 94 6b 16 	jmp	0x2cd6	; 0x2cd6 <PCF8583_write>

00003098 <PCF8583_alarm_every_day>:
    3098:	88 e0       	ldi	r24, 0x08	; 8
    309a:	0e 94 4b 16 	call	0x2c96	; 0x2c96 <PCF8583_read>
    309e:	68 2f       	mov	r22, r24
    30a0:	60 61       	ori	r22, 0x10	; 16
    30a2:	88 e0       	ldi	r24, 0x08	; 8
    30a4:	0e 94 6b 16 	call	0x2cd6	; 0x2cd6 <PCF8583_write>
    30a8:	88 e0       	ldi	r24, 0x08	; 8
    30aa:	0e 94 4b 16 	call	0x2c96	; 0x2c96 <PCF8583_read>
    30ae:	68 2f       	mov	r22, r24
    30b0:	6f 7d       	andi	r22, 0xDF	; 223
    30b2:	88 e0       	ldi	r24, 0x08	; 8
    30b4:	0c 94 6b 16 	jmp	0x2cd6	; 0x2cd6 <PCF8583_write>

000030b8 <PCF8583_alarm_weekly>:
    30b8:	88 e0       	ldi	r24, 0x08	; 8
    30ba:	0e 94 4b 16 	call	0x2c96	; 0x2c96 <PCF8583_read>
    30be:	68 2f       	mov	r22, r24
    30c0:	6f 7e       	andi	r22, 0xEF	; 239
    30c2:	88 e0       	ldi	r24, 0x08	; 8
    30c4:	0e 94 6b 16 	call	0x2cd6	; 0x2cd6 <PCF8583_write>
    30c8:	88 e0       	ldi	r24, 0x08	; 8
    30ca:	0e 94 4b 16 	call	0x2c96	; 0x2c96 <PCF8583_read>
    30ce:	68 2f       	mov	r22, r24
    30d0:	60 62       	ori	r22, 0x20	; 32
    30d2:	88 e0       	ldi	r24, 0x08	; 8
    30d4:	0c 94 6b 16 	jmp	0x2cd6	; 0x2cd6 <PCF8583_write>

000030d8 <PCF8583_alarm_monthly>:
    30d8:	88 e0       	ldi	r24, 0x08	; 8
    30da:	0e 94 4b 16 	call	0x2c96	; 0x2c96 <PCF8583_read>
    30de:	68 2f       	mov	r22, r24
    30e0:	60 63       	ori	r22, 0x30	; 48
    30e2:	88 e0       	ldi	r24, 0x08	; 8
    30e4:	0c 94 6b 16 	jmp	0x2cd6	; 0x2cd6 <PCF8583_write>

000030e8 <PCF8583_set_alarm_time>:
    30e8:	0f 93       	push	r16
    30ea:	1f 93       	push	r17
    30ec:	cf 93       	push	r28
    30ee:	df 93       	push	r29
    30f0:	1f 92       	push	r1
    30f2:	cd b7       	in	r28, 0x3d	; 61
    30f4:	de b7       	in	r29, 0x3e	; 62
    30f6:	18 2f       	mov	r17, r24
    30f8:	06 2f       	mov	r16, r22
    30fa:	62 2f       	mov	r22, r18
    30fc:	89 e0       	ldi	r24, 0x09	; 9
    30fe:	49 83       	std	Y+1, r20	; 0x01
    3100:	0e 94 89 16 	call	0x2d12	; 0x2d12 <PCF8583_write_bcd>
    3104:	49 81       	ldd	r20, Y+1	; 0x01
    3106:	64 2f       	mov	r22, r20
    3108:	8a e0       	ldi	r24, 0x0A	; 10
    310a:	0e 94 89 16 	call	0x2d12	; 0x2d12 <PCF8583_write_bcd>
    310e:	60 2f       	mov	r22, r16
    3110:	8b e0       	ldi	r24, 0x0B	; 11
    3112:	0e 94 89 16 	call	0x2d12	; 0x2d12 <PCF8583_write_bcd>
    3116:	61 2f       	mov	r22, r17
    3118:	8c e0       	ldi	r24, 0x0C	; 12
    311a:	0f 90       	pop	r0
    311c:	df 91       	pop	r29
    311e:	cf 91       	pop	r28
    3120:	1f 91       	pop	r17
    3122:	0f 91       	pop	r16
    3124:	0c 94 89 16 	jmp	0x2d12	; 0x2d12 <PCF8583_write_bcd>

00003128 <PCF8583_set_weekly_alarm>:
    3128:	0f 93       	push	r16
    312a:	cf 93       	push	r28
    312c:	c8 2f       	mov	r28, r24
    312e:	86 2f       	mov	r24, r22
    3130:	64 2f       	mov	r22, r20
    3132:	42 2f       	mov	r20, r18
    3134:	20 2f       	mov	r18, r16
    3136:	0e 94 74 18 	call	0x30e8	; 0x30e8 <PCF8583_set_alarm_time>
    313a:	6c 2f       	mov	r22, r28
    313c:	6f 77       	andi	r22, 0x7F	; 127
    313e:	8e e0       	ldi	r24, 0x0E	; 14
    3140:	cf 91       	pop	r28
    3142:	0f 91       	pop	r16
    3144:	0c 94 6b 16 	jmp	0x2cd6	; 0x2cd6 <PCF8583_write>

00003148 <PCF8583_set_monthly_alarm>:
    3148:	ef 92       	push	r14
    314a:	0f 93       	push	r16
    314c:	cf 93       	push	r28
    314e:	df 93       	push	r29
    3150:	c8 2f       	mov	r28, r24
    3152:	d6 2f       	mov	r29, r22
    3154:	84 2f       	mov	r24, r20
    3156:	62 2f       	mov	r22, r18
    3158:	40 2f       	mov	r20, r16
    315a:	2e 2d       	mov	r18, r14
    315c:	0e 94 74 18 	call	0x30e8	; 0x30e8 <PCF8583_set_alarm_time>
    3160:	6d 2f       	mov	r22, r29
    3162:	8c 2f       	mov	r24, r28
    3164:	df 91       	pop	r29
    3166:	cf 91       	pop	r28
    3168:	0f 91       	pop	r16
    316a:	ef 90       	pop	r14
    316c:	0c 94 15 18 	jmp	0x302a	; 0x302a <PCF8583_set_alarm_date>

00003170 <PCF8583_get_wall_alarm>:
    3170:	26 ea       	ldi	r18, 0xA6	; 166
    3172:	32 e0       	ldi	r19, 0x02	; 2
    3174:	47 eb       	ldi	r20, 0xB7	; 183
    3176:	52 e0       	ldi	r21, 0x02	; 2
    3178:	68 ea       	ldi	r22, 0xA8	; 168
    317a:	72 e0       	ldi	r23, 0x02	; 2
    317c:	87 ea       	ldi	r24, 0xA7	; 167
    317e:	92 e0       	ldi	r25, 0x02	; 2
    3180:	0e 94 ed 17 	call	0x2fda	; 0x2fda <PCF8583_get_alarm_time>
    3184:	69 ea       	ldi	r22, 0xA9	; 169
    3186:	72 e0       	ldi	r23, 0x02	; 2
    3188:	8e eb       	ldi	r24, 0xBE	; 190
    318a:	92 e0       	ldi	r25, 0x02	; 2
    318c:	0c 94 27 18 	jmp	0x304e	; 0x304e <PCF8583_get_alarm_date>

00003190 <PCF8583_get_wall_time>:
    3190:	26 ea       	ldi	r18, 0xA6	; 166
    3192:	32 e0       	ldi	r19, 0x02	; 2
    3194:	47 eb       	ldi	r20, 0xB7	; 183
    3196:	52 e0       	ldi	r21, 0x02	; 2
    3198:	68 ea       	ldi	r22, 0xA8	; 168
    319a:	72 e0       	ldi	r23, 0x02	; 2
    319c:	87 ea       	ldi	r24, 0xA7	; 167
    319e:	92 e0       	ldi	r25, 0x02	; 2
    31a0:	0e 94 28 17 	call	0x2e50	; 0x2e50 <PCF8583_get_time>
    31a4:	28 eb       	ldi	r18, 0xB8	; 184
    31a6:	32 e0       	ldi	r19, 0x02	; 2
    31a8:	49 ea       	ldi	r20, 0xA9	; 169
    31aa:	52 e0       	ldi	r21, 0x02	; 2
    31ac:	6a eb       	ldi	r22, 0xBA	; 186
    31ae:	72 e0       	ldi	r23, 0x02	; 2
    31b0:	8e eb       	ldi	r24, 0xBE	; 190
    31b2:	92 e0       	ldi	r25, 0x02	; 2
    31b4:	0c 94 7a 17 	jmp	0x2ef4	; 0x2ef4 <PCF8583_get_date>

000031b8 <random_generator_init>:
    31b8:	85 b5       	in	r24, 0x25	; 37
    31ba:	88 60       	ori	r24, 0x08	; 8
    31bc:	85 bd       	out	0x25, r24	; 37
    31be:	8f ef       	ldi	r24, 0xFF	; 255
    31c0:	83 bd       	out	0x23, r24	; 35
    31c2:	89 b7       	in	r24, 0x39	; 57
    31c4:	80 68       	ori	r24, 0x80	; 128
    31c6:	89 bf       	out	0x39, r24	; 57
    31c8:	08 95       	ret

000031ca <__vector_4>:
    31ca:	1f 92       	push	r1
    31cc:	0f 92       	push	r0
    31ce:	0f b6       	in	r0, 0x3f	; 63
    31d0:	0f 92       	push	r0
    31d2:	11 24       	eor	r1, r1
    31d4:	2f 93       	push	r18
    31d6:	3f 93       	push	r19
    31d8:	4f 93       	push	r20
    31da:	5f 93       	push	r21
    31dc:	6f 93       	push	r22
    31de:	7f 93       	push	r23
    31e0:	8f 93       	push	r24
    31e2:	9f 93       	push	r25
    31e4:	af 93       	push	r26
    31e6:	bf 93       	push	r27
    31e8:	ef 93       	push	r30
    31ea:	ff 93       	push	r31
    31ec:	80 91 9e 02 	lds	r24, 0x029E
    31f0:	84 31       	cpi	r24, 0x14	; 20
    31f2:	19 f4       	brne	.+6      	; 0x31fa <__vector_4+0x30>
    31f4:	81 e0       	ldi	r24, 0x01	; 1
    31f6:	80 93 a4 02 	sts	0x02A4, r24
    31fa:	80 91 9e 02 	lds	r24, 0x029E
    31fe:	8f 5f       	subi	r24, 0xFF	; 255
    3200:	80 93 9e 02 	sts	0x029E, r24
    3204:	80 91 a4 02 	lds	r24, 0x02A4
    3208:	81 30       	cpi	r24, 0x01	; 1
    320a:	81 f4       	brne	.+32     	; 0x322c <__vector_4+0x62>
    320c:	80 91 8c 02 	lds	r24, 0x028C
    3210:	81 30       	cpi	r24, 0x01	; 1
    3212:	21 f0       	breq	.+8      	; 0x321c <__vector_4+0x52>
    3214:	80 91 92 02 	lds	r24, 0x0292
    3218:	83 30       	cpi	r24, 0x03	; 3
    321a:	41 f4       	brne	.+16     	; 0x322c <__vector_4+0x62>
    321c:	10 92 8c 02 	sts	0x028C, r1
    3220:	10 92 a4 02 	sts	0x02A4, r1
    3224:	10 92 9e 02 	sts	0x029E, r1
    3228:	0e 94 6e 0c 	call	0x18dc	; 0x18dc <wysw>
    322c:	ff 91       	pop	r31
    322e:	ef 91       	pop	r30
    3230:	bf 91       	pop	r27
    3232:	af 91       	pop	r26
    3234:	9f 91       	pop	r25
    3236:	8f 91       	pop	r24
    3238:	7f 91       	pop	r23
    323a:	6f 91       	pop	r22
    323c:	5f 91       	pop	r21
    323e:	4f 91       	pop	r20
    3240:	3f 91       	pop	r19
    3242:	2f 91       	pop	r18
    3244:	0f 90       	pop	r0
    3246:	0f be       	out	0x3f, r0	; 63
    3248:	0f 90       	pop	r0
    324a:	1f 90       	pop	r1
    324c:	18 95       	reti

0000324e <OneWireStrong>:
    324e:	88 23       	and	r24, r24
    3250:	19 f0       	breq	.+6      	; 0x3258 <OneWireStrong+0xa>
    3252:	d8 9a       	sbi	0x1b, 0	; 27
    3254:	d0 9a       	sbi	0x1a, 0	; 26
    3256:	08 95       	ret
    3258:	d0 98       	cbi	0x1a, 0	; 26
    325a:	08 95       	ret

0000325c <OneWireReset>:
    325c:	d8 98       	cbi	0x1b, 0	; 27
    325e:	99 b3       	in	r25, 0x19	; 25
    3260:	89 2f       	mov	r24, r25
    3262:	81 70       	andi	r24, 0x01	; 1
    3264:	90 ff       	sbrs	r25, 0
    3266:	15 c0       	rjmp	.+42     	; 0x3292 <OneWireReset+0x36>
    3268:	d0 9a       	sbi	0x1a, 0	; 26
    326a:	84 ef       	ldi	r24, 0xF4	; 244
    326c:	91 e0       	ldi	r25, 0x01	; 1
    326e:	0e 94 b8 01 	call	0x370	; 0x370 <delay_us_var>
    3272:	d0 98       	cbi	0x1a, 0	; 26
    3274:	86 e4       	ldi	r24, 0x46	; 70
    3276:	90 e0       	ldi	r25, 0x00	; 0
    3278:	0e 94 b8 01 	call	0x370	; 0x370 <delay_us_var>
    327c:	84 ef       	ldi	r24, 0xF4	; 244
    327e:	91 e0       	ldi	r25, 0x01	; 1
    3280:	c8 99       	sbic	0x19, 0	; 25
    3282:	04 c0       	rjmp	.+8      	; 0x328c <OneWireReset+0x30>
    3284:	0e 94 b8 01 	call	0x370	; 0x370 <delay_us_var>
    3288:	81 e0       	ldi	r24, 0x01	; 1
    328a:	08 95       	ret
    328c:	0e 94 b8 01 	call	0x370	; 0x370 <delay_us_var>
    3290:	80 e0       	ldi	r24, 0x00	; 0
    3292:	08 95       	ret

00003294 <OneWireWriteByte>:
    3294:	cf 93       	push	r28
    3296:	df 93       	push	r29
    3298:	d8 2f       	mov	r29, r24
    329a:	d8 98       	cbi	0x1b, 0	; 27
    329c:	c8 e0       	ldi	r28, 0x08	; 8
    329e:	d0 9a       	sbi	0x1a, 0	; 26
    32a0:	d0 ff       	sbrs	r29, 0
    32a2:	08 c0       	rjmp	.+16     	; 0x32b4 <OneWireWriteByte+0x20>
    32a4:	87 e0       	ldi	r24, 0x07	; 7
    32a6:	90 e0       	ldi	r25, 0x00	; 0
    32a8:	0e 94 b8 01 	call	0x370	; 0x370 <delay_us_var>
    32ac:	d0 98       	cbi	0x1a, 0	; 26
    32ae:	86 e4       	ldi	r24, 0x46	; 70
    32b0:	90 e0       	ldi	r25, 0x00	; 0
    32b2:	07 c0       	rjmp	.+14     	; 0x32c2 <OneWireWriteByte+0x2e>
    32b4:	86 e4       	ldi	r24, 0x46	; 70
    32b6:	90 e0       	ldi	r25, 0x00	; 0
    32b8:	0e 94 b8 01 	call	0x370	; 0x370 <delay_us_var>
    32bc:	d0 98       	cbi	0x1a, 0	; 26
    32be:	87 e0       	ldi	r24, 0x07	; 7
    32c0:	90 e0       	ldi	r25, 0x00	; 0
    32c2:	0e 94 b8 01 	call	0x370	; 0x370 <delay_us_var>
    32c6:	d6 95       	lsr	r29
    32c8:	c1 50       	subi	r28, 0x01	; 1
    32ca:	49 f7       	brne	.-46     	; 0x329e <OneWireWriteByte+0xa>
    32cc:	df 91       	pop	r29
    32ce:	cf 91       	pop	r28
    32d0:	08 95       	ret

000032d2 <ds18b20_ConvertT>:
    32d2:	0e 94 2e 19 	call	0x325c	; 0x325c <OneWireReset>
    32d6:	88 23       	and	r24, r24
    32d8:	39 f0       	breq	.+14     	; 0x32e8 <ds18b20_ConvertT+0x16>
    32da:	8c ec       	ldi	r24, 0xCC	; 204
    32dc:	0e 94 4a 19 	call	0x3294	; 0x3294 <OneWireWriteByte>
    32e0:	84 e4       	ldi	r24, 0x44	; 68
    32e2:	0e 94 4a 19 	call	0x3294	; 0x3294 <OneWireWriteByte>
    32e6:	8f ef       	ldi	r24, 0xFF	; 255
    32e8:	08 95       	ret

000032ea <OneWireReadByte>:
    32ea:	cf 93       	push	r28
    32ec:	df 93       	push	r29
    32ee:	d0 98       	cbi	0x1a, 0	; 26
    32f0:	d8 e0       	ldi	r29, 0x08	; 8
    32f2:	c0 e0       	ldi	r28, 0x00	; 0
    32f4:	d0 9a       	sbi	0x1a, 0	; 26
    32f6:	87 e0       	ldi	r24, 0x07	; 7
    32f8:	90 e0       	ldi	r25, 0x00	; 0
    32fa:	0e 94 b8 01 	call	0x370	; 0x370 <delay_us_var>
    32fe:	d0 98       	cbi	0x1a, 0	; 26
    3300:	87 e0       	ldi	r24, 0x07	; 7
    3302:	90 e0       	ldi	r25, 0x00	; 0
    3304:	0e 94 b8 01 	call	0x370	; 0x370 <delay_us_var>
    3308:	c6 95       	lsr	r28
    330a:	c8 99       	sbic	0x19, 0	; 25
    330c:	c0 68       	ori	r28, 0x80	; 128
    330e:	86 e4       	ldi	r24, 0x46	; 70
    3310:	90 e0       	ldi	r25, 0x00	; 0
    3312:	0e 94 b8 01 	call	0x370	; 0x370 <delay_us_var>
    3316:	d1 50       	subi	r29, 0x01	; 1
    3318:	69 f7       	brne	.-38     	; 0x32f4 <OneWireReadByte+0xa>
    331a:	8c 2f       	mov	r24, r28
    331c:	df 91       	pop	r29
    331e:	cf 91       	pop	r28
    3320:	08 95       	ret

00003322 <ds18b20_Read>:
    3322:	0e 94 2e 19 	call	0x325c	; 0x325c <OneWireReset>
    3326:	88 23       	and	r24, r24
    3328:	89 f0       	breq	.+34     	; 0x334c <ds18b20_Read+0x2a>
    332a:	8c ec       	ldi	r24, 0xCC	; 204
    332c:	0e 94 4a 19 	call	0x3294	; 0x3294 <OneWireWriteByte>
    3330:	8e eb       	ldi	r24, 0xBE	; 190
    3332:	0e 94 4a 19 	call	0x3294	; 0x3294 <OneWireWriteByte>
    3336:	0e 94 75 19 	call	0x32ea	; 0x32ea <OneWireReadByte>
    333a:	80 93 bb 02 	sts	0x02BB, r24
    333e:	0e 94 75 19 	call	0x32ea	; 0x32ea <OneWireReadByte>
    3342:	80 93 bc 02 	sts	0x02BC, r24
    3346:	81 e0       	ldi	r24, 0x01	; 1
    3348:	90 e0       	ldi	r25, 0x00	; 0
    334a:	08 95       	ret
    334c:	80 e0       	ldi	r24, 0x00	; 0
    334e:	90 e0       	ldi	r25, 0x00	; 0
    3350:	08 95       	ret

00003352 <ds18b20_temperature>:
    3352:	0e 94 69 19 	call	0x32d2	; 0x32d2 <ds18b20_ConvertT>
    3356:	88 23       	and	r24, r24
    3358:	f1 f0       	breq	.+60     	; 0x3396 <ds18b20_temperature+0x44>
    335a:	8b eb       	ldi	r24, 0xBB	; 187
    335c:	92 e0       	ldi	r25, 0x02	; 2
    335e:	0e 94 91 19 	call	0x3322	; 0x3322 <ds18b20_Read>
    3362:	60 91 bc 02 	lds	r22, 0x02BC
    3366:	70 e0       	ldi	r23, 0x00	; 0
    3368:	76 2f       	mov	r23, r22
    336a:	66 27       	eor	r22, r22
    336c:	80 91 bb 02 	lds	r24, 0x02BB
    3370:	68 0f       	add	r22, r24
    3372:	71 1d       	adc	r23, r1
    3374:	88 27       	eor	r24, r24
    3376:	77 fd       	sbrc	r23, 7
    3378:	80 95       	com	r24
    337a:	98 2f       	mov	r25, r24
    337c:	0e 94 4e 1b 	call	0x369c	; 0x369c <__floatsisf>
    3380:	20 e0       	ldi	r18, 0x00	; 0
    3382:	30 e0       	ldi	r19, 0x00	; 0
    3384:	40 e8       	ldi	r20, 0x80	; 128
    3386:	5d e3       	ldi	r21, 0x3D	; 61
    3388:	0e 94 02 1c 	call	0x3804	; 0x3804 <__mulsf3>
    338c:	10 92 bb 02 	sts	0x02BB, r1
    3390:	10 92 bc 02 	sts	0x02BC, r1
    3394:	08 95       	ret
    3396:	60 e0       	ldi	r22, 0x00	; 0
    3398:	70 e0       	ldi	r23, 0x00	; 0
    339a:	cb 01       	movw	r24, r22
    339c:	08 95       	ret

0000339e <main>:
    339e:	0e 94 4b 03 	call	0x696	; 0x696 <LCD_Initalize>
    33a2:	84 e6       	ldi	r24, 0x64	; 100
    33a4:	90 e0       	ldi	r25, 0x00	; 0
    33a6:	0e 94 26 05 	call	0xa4c	; 0xa4c <i2cSetBitrate>
    33aa:	0e 94 bb 16 	call	0x2d76	; 0x2d76 <PCF8583_init>
    33ae:	8f 9a       	sbi	0x11, 7	; 17
    33b0:	0e 94 a9 19 	call	0x3352	; 0x3352 <ds18b20_temperature>
    33b4:	0e 94 dc 18 	call	0x31b8	; 0x31b8 <random_generator_init>
    33b8:	0e 94 5d 05 	call	0xaba	; 0xaba <ir_init>
    33bc:	0e 94 4f 00 	call	0x9e	; 0x9e <d_led_init>
    33c0:	0e 94 26 06 	call	0xc4c	; 0xc4c <lockers_init>
    33c4:	85 b5       	in	r24, 0x25	; 37
    33c6:	87 60       	ori	r24, 0x07	; 7
    33c8:	85 bd       	out	0x25, r24	; 37
    33ca:	78 94       	sei
    33cc:	60 e0       	ldi	r22, 0x00	; 0
    33ce:	70 e0       	ldi	r23, 0x00	; 0
    33d0:	80 e0       	ldi	r24, 0x00	; 0
    33d2:	90 e0       	ldi	r25, 0x00	; 0
    33d4:	0e 94 4a 15 	call	0x2a94	; 0x2a94 <pilot>
    33d8:	60 e0       	ldi	r22, 0x00	; 0
    33da:	70 e0       	ldi	r23, 0x00	; 0
    33dc:	83 e0       	ldi	r24, 0x03	; 3
    33de:	90 e0       	ldi	r25, 0x00	; 0
    33e0:	0e 94 4a 15 	call	0x2a94	; 0x2a94 <pilot>
    33e4:	0e 94 59 05 	call	0xab2	; 0xab2 <pilot_on>
    33e8:	81 e0       	ldi	r24, 0x01	; 1
    33ea:	80 93 90 02 	sts	0x0290, r24
    33ee:	0e 94 ea 15 	call	0x2bd4	; 0x2bd4 <zczytaj_komende>
    33f2:	80 91 8f 02 	lds	r24, 0x028F
    33f6:	81 30       	cpi	r24, 0x01	; 1
    33f8:	d1 f7       	brne	.-12     	; 0x33ee <main+0x50>
    33fa:	0e 94 01 07 	call	0xe02	; 0xe02 <lockers_check_events>
    33fe:	f7 cf       	rjmp	.-18     	; 0x33ee <main+0x50>

00003400 <__udivmodqi4>:
    3400:	99 1b       	sub	r25, r25
    3402:	79 e0       	ldi	r23, 0x09	; 9
    3404:	04 c0       	rjmp	.+8      	; 0x340e <__udivmodqi4_ep>

00003406 <__udivmodqi4_loop>:
    3406:	99 1f       	adc	r25, r25
    3408:	96 17       	cp	r25, r22
    340a:	08 f0       	brcs	.+2      	; 0x340e <__udivmodqi4_ep>
    340c:	96 1b       	sub	r25, r22

0000340e <__udivmodqi4_ep>:
    340e:	88 1f       	adc	r24, r24
    3410:	7a 95       	dec	r23
    3412:	c9 f7       	brne	.-14     	; 0x3406 <__udivmodqi4_loop>
    3414:	80 95       	com	r24
    3416:	08 95       	ret

00003418 <__udivmodhi4>:
    3418:	aa 1b       	sub	r26, r26
    341a:	bb 1b       	sub	r27, r27
    341c:	51 e1       	ldi	r21, 0x11	; 17
    341e:	07 c0       	rjmp	.+14     	; 0x342e <__udivmodhi4_ep>

00003420 <__udivmodhi4_loop>:
    3420:	aa 1f       	adc	r26, r26
    3422:	bb 1f       	adc	r27, r27
    3424:	a6 17       	cp	r26, r22
    3426:	b7 07       	cpc	r27, r23
    3428:	10 f0       	brcs	.+4      	; 0x342e <__udivmodhi4_ep>
    342a:	a6 1b       	sub	r26, r22
    342c:	b7 0b       	sbc	r27, r23

0000342e <__udivmodhi4_ep>:
    342e:	88 1f       	adc	r24, r24
    3430:	99 1f       	adc	r25, r25
    3432:	5a 95       	dec	r21
    3434:	a9 f7       	brne	.-22     	; 0x3420 <__udivmodhi4_loop>
    3436:	80 95       	com	r24
    3438:	90 95       	com	r25
    343a:	bc 01       	movw	r22, r24
    343c:	cd 01       	movw	r24, r26
    343e:	08 95       	ret

00003440 <__divmodhi4>:
    3440:	97 fb       	bst	r25, 7
    3442:	07 2e       	mov	r0, r23
    3444:	16 f4       	brtc	.+4      	; 0x344a <__divmodhi4+0xa>
    3446:	00 94       	com	r0
    3448:	07 d0       	rcall	.+14     	; 0x3458 <__divmodhi4_neg1>
    344a:	77 fd       	sbrc	r23, 7
    344c:	09 d0       	rcall	.+18     	; 0x3460 <__divmodhi4_neg2>
    344e:	0e 94 0c 1a 	call	0x3418	; 0x3418 <__udivmodhi4>
    3452:	07 fc       	sbrc	r0, 7
    3454:	05 d0       	rcall	.+10     	; 0x3460 <__divmodhi4_neg2>
    3456:	3e f4       	brtc	.+14     	; 0x3466 <__divmodhi4_exit>

00003458 <__divmodhi4_neg1>:
    3458:	90 95       	com	r25
    345a:	81 95       	neg	r24
    345c:	9f 4f       	sbci	r25, 0xFF	; 255
    345e:	08 95       	ret

00003460 <__divmodhi4_neg2>:
    3460:	70 95       	com	r23
    3462:	61 95       	neg	r22
    3464:	7f 4f       	sbci	r23, 0xFF	; 255

00003466 <__divmodhi4_exit>:
    3466:	08 95       	ret

00003468 <__usmulhisi3>:
    3468:	0e 94 3b 1a 	call	0x3476	; 0x3476 <__umulhisi3>

0000346c <__usmulhisi3_tail>:
    346c:	b7 ff       	sbrs	r27, 7
    346e:	08 95       	ret
    3470:	82 1b       	sub	r24, r18
    3472:	93 0b       	sbc	r25, r19
    3474:	08 95       	ret

00003476 <__umulhisi3>:
    3476:	a2 9f       	mul	r26, r18
    3478:	b0 01       	movw	r22, r0
    347a:	b3 9f       	mul	r27, r19
    347c:	c0 01       	movw	r24, r0
    347e:	a3 9f       	mul	r26, r19
    3480:	70 0d       	add	r23, r0
    3482:	81 1d       	adc	r24, r1
    3484:	11 24       	eor	r1, r1
    3486:	91 1d       	adc	r25, r1
    3488:	b2 9f       	mul	r27, r18
    348a:	70 0d       	add	r23, r0
    348c:	81 1d       	adc	r24, r1
    348e:	11 24       	eor	r1, r1
    3490:	91 1d       	adc	r25, r1
    3492:	08 95       	ret

00003494 <__subsf3>:
    3494:	50 58       	subi	r21, 0x80	; 128

00003496 <__addsf3>:
    3496:	bb 27       	eor	r27, r27
    3498:	aa 27       	eor	r26, r26
    349a:	0e d0       	rcall	.+28     	; 0x34b8 <__addsf3x>
    349c:	75 c1       	rjmp	.+746    	; 0x3788 <__fp_round>
    349e:	66 d1       	rcall	.+716    	; 0x376c <__fp_pscA>
    34a0:	30 f0       	brcs	.+12     	; 0x34ae <__addsf3+0x18>
    34a2:	6b d1       	rcall	.+726    	; 0x377a <__fp_pscB>
    34a4:	20 f0       	brcs	.+8      	; 0x34ae <__addsf3+0x18>
    34a6:	31 f4       	brne	.+12     	; 0x34b4 <__addsf3+0x1e>
    34a8:	9f 3f       	cpi	r25, 0xFF	; 255
    34aa:	11 f4       	brne	.+4      	; 0x34b0 <__addsf3+0x1a>
    34ac:	1e f4       	brtc	.+6      	; 0x34b4 <__addsf3+0x1e>
    34ae:	5b c1       	rjmp	.+694    	; 0x3766 <__fp_nan>
    34b0:	0e f4       	brtc	.+2      	; 0x34b4 <__addsf3+0x1e>
    34b2:	e0 95       	com	r30
    34b4:	e7 fb       	bst	r30, 7
    34b6:	51 c1       	rjmp	.+674    	; 0x375a <__fp_inf>

000034b8 <__addsf3x>:
    34b8:	e9 2f       	mov	r30, r25
    34ba:	77 d1       	rcall	.+750    	; 0x37aa <__fp_split3>
    34bc:	80 f3       	brcs	.-32     	; 0x349e <__addsf3+0x8>
    34be:	ba 17       	cp	r27, r26
    34c0:	62 07       	cpc	r22, r18
    34c2:	73 07       	cpc	r23, r19
    34c4:	84 07       	cpc	r24, r20
    34c6:	95 07       	cpc	r25, r21
    34c8:	18 f0       	brcs	.+6      	; 0x34d0 <__addsf3x+0x18>
    34ca:	71 f4       	brne	.+28     	; 0x34e8 <__addsf3x+0x30>
    34cc:	9e f5       	brtc	.+102    	; 0x3534 <__addsf3x+0x7c>
    34ce:	8f c1       	rjmp	.+798    	; 0x37ee <__fp_zero>
    34d0:	0e f4       	brtc	.+2      	; 0x34d4 <__addsf3x+0x1c>
    34d2:	e0 95       	com	r30
    34d4:	0b 2e       	mov	r0, r27
    34d6:	ba 2f       	mov	r27, r26
    34d8:	a0 2d       	mov	r26, r0
    34da:	0b 01       	movw	r0, r22
    34dc:	b9 01       	movw	r22, r18
    34de:	90 01       	movw	r18, r0
    34e0:	0c 01       	movw	r0, r24
    34e2:	ca 01       	movw	r24, r20
    34e4:	a0 01       	movw	r20, r0
    34e6:	11 24       	eor	r1, r1
    34e8:	ff 27       	eor	r31, r31
    34ea:	59 1b       	sub	r21, r25
    34ec:	99 f0       	breq	.+38     	; 0x3514 <__addsf3x+0x5c>
    34ee:	59 3f       	cpi	r21, 0xF9	; 249
    34f0:	50 f4       	brcc	.+20     	; 0x3506 <__addsf3x+0x4e>
    34f2:	50 3e       	cpi	r21, 0xE0	; 224
    34f4:	68 f1       	brcs	.+90     	; 0x3550 <__addsf3x+0x98>
    34f6:	1a 16       	cp	r1, r26
    34f8:	f0 40       	sbci	r31, 0x00	; 0
    34fa:	a2 2f       	mov	r26, r18
    34fc:	23 2f       	mov	r18, r19
    34fe:	34 2f       	mov	r19, r20
    3500:	44 27       	eor	r20, r20
    3502:	58 5f       	subi	r21, 0xF8	; 248
    3504:	f3 cf       	rjmp	.-26     	; 0x34ec <__addsf3x+0x34>
    3506:	46 95       	lsr	r20
    3508:	37 95       	ror	r19
    350a:	27 95       	ror	r18
    350c:	a7 95       	ror	r26
    350e:	f0 40       	sbci	r31, 0x00	; 0
    3510:	53 95       	inc	r21
    3512:	c9 f7       	brne	.-14     	; 0x3506 <__addsf3x+0x4e>
    3514:	7e f4       	brtc	.+30     	; 0x3534 <__addsf3x+0x7c>
    3516:	1f 16       	cp	r1, r31
    3518:	ba 0b       	sbc	r27, r26
    351a:	62 0b       	sbc	r22, r18
    351c:	73 0b       	sbc	r23, r19
    351e:	84 0b       	sbc	r24, r20
    3520:	ba f0       	brmi	.+46     	; 0x3550 <__addsf3x+0x98>
    3522:	91 50       	subi	r25, 0x01	; 1
    3524:	a1 f0       	breq	.+40     	; 0x354e <__addsf3x+0x96>
    3526:	ff 0f       	add	r31, r31
    3528:	bb 1f       	adc	r27, r27
    352a:	66 1f       	adc	r22, r22
    352c:	77 1f       	adc	r23, r23
    352e:	88 1f       	adc	r24, r24
    3530:	c2 f7       	brpl	.-16     	; 0x3522 <__addsf3x+0x6a>
    3532:	0e c0       	rjmp	.+28     	; 0x3550 <__addsf3x+0x98>
    3534:	ba 0f       	add	r27, r26
    3536:	62 1f       	adc	r22, r18
    3538:	73 1f       	adc	r23, r19
    353a:	84 1f       	adc	r24, r20
    353c:	48 f4       	brcc	.+18     	; 0x3550 <__addsf3x+0x98>
    353e:	87 95       	ror	r24
    3540:	77 95       	ror	r23
    3542:	67 95       	ror	r22
    3544:	b7 95       	ror	r27
    3546:	f7 95       	ror	r31
    3548:	9e 3f       	cpi	r25, 0xFE	; 254
    354a:	08 f0       	brcs	.+2      	; 0x354e <__addsf3x+0x96>
    354c:	b3 cf       	rjmp	.-154    	; 0x34b4 <__addsf3+0x1e>
    354e:	93 95       	inc	r25
    3550:	88 0f       	add	r24, r24
    3552:	08 f0       	brcs	.+2      	; 0x3556 <__addsf3x+0x9e>
    3554:	99 27       	eor	r25, r25
    3556:	ee 0f       	add	r30, r30
    3558:	97 95       	ror	r25
    355a:	87 95       	ror	r24
    355c:	08 95       	ret

0000355e <__cmpsf2>:
    355e:	d9 d0       	rcall	.+434    	; 0x3712 <__fp_cmp>
    3560:	08 f4       	brcc	.+2      	; 0x3564 <__cmpsf2+0x6>
    3562:	81 e0       	ldi	r24, 0x01	; 1
    3564:	08 95       	ret

00003566 <__divsf3>:
    3566:	0c d0       	rcall	.+24     	; 0x3580 <__divsf3x>
    3568:	0f c1       	rjmp	.+542    	; 0x3788 <__fp_round>
    356a:	07 d1       	rcall	.+526    	; 0x377a <__fp_pscB>
    356c:	40 f0       	brcs	.+16     	; 0x357e <__divsf3+0x18>
    356e:	fe d0       	rcall	.+508    	; 0x376c <__fp_pscA>
    3570:	30 f0       	brcs	.+12     	; 0x357e <__divsf3+0x18>
    3572:	21 f4       	brne	.+8      	; 0x357c <__divsf3+0x16>
    3574:	5f 3f       	cpi	r21, 0xFF	; 255
    3576:	19 f0       	breq	.+6      	; 0x357e <__divsf3+0x18>
    3578:	f0 c0       	rjmp	.+480    	; 0x375a <__fp_inf>
    357a:	51 11       	cpse	r21, r1
    357c:	39 c1       	rjmp	.+626    	; 0x37f0 <__fp_szero>
    357e:	f3 c0       	rjmp	.+486    	; 0x3766 <__fp_nan>

00003580 <__divsf3x>:
    3580:	14 d1       	rcall	.+552    	; 0x37aa <__fp_split3>
    3582:	98 f3       	brcs	.-26     	; 0x356a <__divsf3+0x4>

00003584 <__divsf3_pse>:
    3584:	99 23       	and	r25, r25
    3586:	c9 f3       	breq	.-14     	; 0x357a <__divsf3+0x14>
    3588:	55 23       	and	r21, r21
    358a:	b1 f3       	breq	.-20     	; 0x3578 <__divsf3+0x12>
    358c:	95 1b       	sub	r25, r21
    358e:	55 0b       	sbc	r21, r21
    3590:	bb 27       	eor	r27, r27
    3592:	aa 27       	eor	r26, r26
    3594:	62 17       	cp	r22, r18
    3596:	73 07       	cpc	r23, r19
    3598:	84 07       	cpc	r24, r20
    359a:	38 f0       	brcs	.+14     	; 0x35aa <__divsf3_pse+0x26>
    359c:	9f 5f       	subi	r25, 0xFF	; 255
    359e:	5f 4f       	sbci	r21, 0xFF	; 255
    35a0:	22 0f       	add	r18, r18
    35a2:	33 1f       	adc	r19, r19
    35a4:	44 1f       	adc	r20, r20
    35a6:	aa 1f       	adc	r26, r26
    35a8:	a9 f3       	breq	.-22     	; 0x3594 <__divsf3_pse+0x10>
    35aa:	33 d0       	rcall	.+102    	; 0x3612 <__divsf3_pse+0x8e>
    35ac:	0e 2e       	mov	r0, r30
    35ae:	3a f0       	brmi	.+14     	; 0x35be <__divsf3_pse+0x3a>
    35b0:	e0 e8       	ldi	r30, 0x80	; 128
    35b2:	30 d0       	rcall	.+96     	; 0x3614 <__divsf3_pse+0x90>
    35b4:	91 50       	subi	r25, 0x01	; 1
    35b6:	50 40       	sbci	r21, 0x00	; 0
    35b8:	e6 95       	lsr	r30
    35ba:	00 1c       	adc	r0, r0
    35bc:	ca f7       	brpl	.-14     	; 0x35b0 <__divsf3_pse+0x2c>
    35be:	29 d0       	rcall	.+82     	; 0x3612 <__divsf3_pse+0x8e>
    35c0:	fe 2f       	mov	r31, r30
    35c2:	27 d0       	rcall	.+78     	; 0x3612 <__divsf3_pse+0x8e>
    35c4:	66 0f       	add	r22, r22
    35c6:	77 1f       	adc	r23, r23
    35c8:	88 1f       	adc	r24, r24
    35ca:	bb 1f       	adc	r27, r27
    35cc:	26 17       	cp	r18, r22
    35ce:	37 07       	cpc	r19, r23
    35d0:	48 07       	cpc	r20, r24
    35d2:	ab 07       	cpc	r26, r27
    35d4:	b0 e8       	ldi	r27, 0x80	; 128
    35d6:	09 f0       	breq	.+2      	; 0x35da <__divsf3_pse+0x56>
    35d8:	bb 0b       	sbc	r27, r27
    35da:	80 2d       	mov	r24, r0
    35dc:	bf 01       	movw	r22, r30
    35de:	ff 27       	eor	r31, r31
    35e0:	93 58       	subi	r25, 0x83	; 131
    35e2:	5f 4f       	sbci	r21, 0xFF	; 255
    35e4:	2a f0       	brmi	.+10     	; 0x35f0 <__divsf3_pse+0x6c>
    35e6:	9e 3f       	cpi	r25, 0xFE	; 254
    35e8:	51 05       	cpc	r21, r1
    35ea:	68 f0       	brcs	.+26     	; 0x3606 <__divsf3_pse+0x82>
    35ec:	b6 c0       	rjmp	.+364    	; 0x375a <__fp_inf>
    35ee:	00 c1       	rjmp	.+512    	; 0x37f0 <__fp_szero>
    35f0:	5f 3f       	cpi	r21, 0xFF	; 255
    35f2:	ec f3       	brlt	.-6      	; 0x35ee <__divsf3_pse+0x6a>
    35f4:	98 3e       	cpi	r25, 0xE8	; 232
    35f6:	dc f3       	brlt	.-10     	; 0x35ee <__divsf3_pse+0x6a>
    35f8:	86 95       	lsr	r24
    35fa:	77 95       	ror	r23
    35fc:	67 95       	ror	r22
    35fe:	b7 95       	ror	r27
    3600:	f7 95       	ror	r31
    3602:	9f 5f       	subi	r25, 0xFF	; 255
    3604:	c9 f7       	brne	.-14     	; 0x35f8 <__divsf3_pse+0x74>
    3606:	88 0f       	add	r24, r24
    3608:	91 1d       	adc	r25, r1
    360a:	96 95       	lsr	r25
    360c:	87 95       	ror	r24
    360e:	97 f9       	bld	r25, 7
    3610:	08 95       	ret
    3612:	e1 e0       	ldi	r30, 0x01	; 1
    3614:	66 0f       	add	r22, r22
    3616:	77 1f       	adc	r23, r23
    3618:	88 1f       	adc	r24, r24
    361a:	bb 1f       	adc	r27, r27
    361c:	62 17       	cp	r22, r18
    361e:	73 07       	cpc	r23, r19
    3620:	84 07       	cpc	r24, r20
    3622:	ba 07       	cpc	r27, r26
    3624:	20 f0       	brcs	.+8      	; 0x362e <__divsf3_pse+0xaa>
    3626:	62 1b       	sub	r22, r18
    3628:	73 0b       	sbc	r23, r19
    362a:	84 0b       	sbc	r24, r20
    362c:	ba 0b       	sbc	r27, r26
    362e:	ee 1f       	adc	r30, r30
    3630:	88 f7       	brcc	.-30     	; 0x3614 <__divsf3_pse+0x90>
    3632:	e0 95       	com	r30
    3634:	08 95       	ret

00003636 <__fixsfsi>:
    3636:	04 d0       	rcall	.+8      	; 0x3640 <__fixunssfsi>
    3638:	68 94       	set
    363a:	b1 11       	cpse	r27, r1
    363c:	d9 c0       	rjmp	.+434    	; 0x37f0 <__fp_szero>
    363e:	08 95       	ret

00003640 <__fixunssfsi>:
    3640:	bc d0       	rcall	.+376    	; 0x37ba <__fp_splitA>
    3642:	88 f0       	brcs	.+34     	; 0x3666 <__fixunssfsi+0x26>
    3644:	9f 57       	subi	r25, 0x7F	; 127
    3646:	90 f0       	brcs	.+36     	; 0x366c <__fixunssfsi+0x2c>
    3648:	b9 2f       	mov	r27, r25
    364a:	99 27       	eor	r25, r25
    364c:	b7 51       	subi	r27, 0x17	; 23
    364e:	a0 f0       	brcs	.+40     	; 0x3678 <__fixunssfsi+0x38>
    3650:	d1 f0       	breq	.+52     	; 0x3686 <__fixunssfsi+0x46>
    3652:	66 0f       	add	r22, r22
    3654:	77 1f       	adc	r23, r23
    3656:	88 1f       	adc	r24, r24
    3658:	99 1f       	adc	r25, r25
    365a:	1a f0       	brmi	.+6      	; 0x3662 <__fixunssfsi+0x22>
    365c:	ba 95       	dec	r27
    365e:	c9 f7       	brne	.-14     	; 0x3652 <__fixunssfsi+0x12>
    3660:	12 c0       	rjmp	.+36     	; 0x3686 <__fixunssfsi+0x46>
    3662:	b1 30       	cpi	r27, 0x01	; 1
    3664:	81 f0       	breq	.+32     	; 0x3686 <__fixunssfsi+0x46>
    3666:	c3 d0       	rcall	.+390    	; 0x37ee <__fp_zero>
    3668:	b1 e0       	ldi	r27, 0x01	; 1
    366a:	08 95       	ret
    366c:	c0 c0       	rjmp	.+384    	; 0x37ee <__fp_zero>
    366e:	67 2f       	mov	r22, r23
    3670:	78 2f       	mov	r23, r24
    3672:	88 27       	eor	r24, r24
    3674:	b8 5f       	subi	r27, 0xF8	; 248
    3676:	39 f0       	breq	.+14     	; 0x3686 <__fixunssfsi+0x46>
    3678:	b9 3f       	cpi	r27, 0xF9	; 249
    367a:	cc f3       	brlt	.-14     	; 0x366e <__fixunssfsi+0x2e>
    367c:	86 95       	lsr	r24
    367e:	77 95       	ror	r23
    3680:	67 95       	ror	r22
    3682:	b3 95       	inc	r27
    3684:	d9 f7       	brne	.-10     	; 0x367c <__fixunssfsi+0x3c>
    3686:	3e f4       	brtc	.+14     	; 0x3696 <__fixunssfsi+0x56>
    3688:	90 95       	com	r25
    368a:	80 95       	com	r24
    368c:	70 95       	com	r23
    368e:	61 95       	neg	r22
    3690:	7f 4f       	sbci	r23, 0xFF	; 255
    3692:	8f 4f       	sbci	r24, 0xFF	; 255
    3694:	9f 4f       	sbci	r25, 0xFF	; 255
    3696:	08 95       	ret

00003698 <__floatunsisf>:
    3698:	e8 94       	clt
    369a:	09 c0       	rjmp	.+18     	; 0x36ae <__floatsisf+0x12>

0000369c <__floatsisf>:
    369c:	97 fb       	bst	r25, 7
    369e:	3e f4       	brtc	.+14     	; 0x36ae <__floatsisf+0x12>
    36a0:	90 95       	com	r25
    36a2:	80 95       	com	r24
    36a4:	70 95       	com	r23
    36a6:	61 95       	neg	r22
    36a8:	7f 4f       	sbci	r23, 0xFF	; 255
    36aa:	8f 4f       	sbci	r24, 0xFF	; 255
    36ac:	9f 4f       	sbci	r25, 0xFF	; 255
    36ae:	99 23       	and	r25, r25
    36b0:	a9 f0       	breq	.+42     	; 0x36dc <__floatsisf+0x40>
    36b2:	f9 2f       	mov	r31, r25
    36b4:	96 e9       	ldi	r25, 0x96	; 150
    36b6:	bb 27       	eor	r27, r27
    36b8:	93 95       	inc	r25
    36ba:	f6 95       	lsr	r31
    36bc:	87 95       	ror	r24
    36be:	77 95       	ror	r23
    36c0:	67 95       	ror	r22
    36c2:	b7 95       	ror	r27
    36c4:	f1 11       	cpse	r31, r1
    36c6:	f8 cf       	rjmp	.-16     	; 0x36b8 <__floatsisf+0x1c>
    36c8:	fa f4       	brpl	.+62     	; 0x3708 <__floatsisf+0x6c>
    36ca:	bb 0f       	add	r27, r27
    36cc:	11 f4       	brne	.+4      	; 0x36d2 <__floatsisf+0x36>
    36ce:	60 ff       	sbrs	r22, 0
    36d0:	1b c0       	rjmp	.+54     	; 0x3708 <__floatsisf+0x6c>
    36d2:	6f 5f       	subi	r22, 0xFF	; 255
    36d4:	7f 4f       	sbci	r23, 0xFF	; 255
    36d6:	8f 4f       	sbci	r24, 0xFF	; 255
    36d8:	9f 4f       	sbci	r25, 0xFF	; 255
    36da:	16 c0       	rjmp	.+44     	; 0x3708 <__floatsisf+0x6c>
    36dc:	88 23       	and	r24, r24
    36de:	11 f0       	breq	.+4      	; 0x36e4 <__floatsisf+0x48>
    36e0:	96 e9       	ldi	r25, 0x96	; 150
    36e2:	11 c0       	rjmp	.+34     	; 0x3706 <__floatsisf+0x6a>
    36e4:	77 23       	and	r23, r23
    36e6:	21 f0       	breq	.+8      	; 0x36f0 <__floatsisf+0x54>
    36e8:	9e e8       	ldi	r25, 0x8E	; 142
    36ea:	87 2f       	mov	r24, r23
    36ec:	76 2f       	mov	r23, r22
    36ee:	05 c0       	rjmp	.+10     	; 0x36fa <__floatsisf+0x5e>
    36f0:	66 23       	and	r22, r22
    36f2:	71 f0       	breq	.+28     	; 0x3710 <__floatsisf+0x74>
    36f4:	96 e8       	ldi	r25, 0x86	; 134
    36f6:	86 2f       	mov	r24, r22
    36f8:	70 e0       	ldi	r23, 0x00	; 0
    36fa:	60 e0       	ldi	r22, 0x00	; 0
    36fc:	2a f0       	brmi	.+10     	; 0x3708 <__floatsisf+0x6c>
    36fe:	9a 95       	dec	r25
    3700:	66 0f       	add	r22, r22
    3702:	77 1f       	adc	r23, r23
    3704:	88 1f       	adc	r24, r24
    3706:	da f7       	brpl	.-10     	; 0x36fe <__floatsisf+0x62>
    3708:	88 0f       	add	r24, r24
    370a:	96 95       	lsr	r25
    370c:	87 95       	ror	r24
    370e:	97 f9       	bld	r25, 7
    3710:	08 95       	ret

00003712 <__fp_cmp>:
    3712:	99 0f       	add	r25, r25
    3714:	00 08       	sbc	r0, r0
    3716:	55 0f       	add	r21, r21
    3718:	aa 0b       	sbc	r26, r26
    371a:	e0 e8       	ldi	r30, 0x80	; 128
    371c:	fe ef       	ldi	r31, 0xFE	; 254
    371e:	16 16       	cp	r1, r22
    3720:	17 06       	cpc	r1, r23
    3722:	e8 07       	cpc	r30, r24
    3724:	f9 07       	cpc	r31, r25
    3726:	c0 f0       	brcs	.+48     	; 0x3758 <__fp_cmp+0x46>
    3728:	12 16       	cp	r1, r18
    372a:	13 06       	cpc	r1, r19
    372c:	e4 07       	cpc	r30, r20
    372e:	f5 07       	cpc	r31, r21
    3730:	98 f0       	brcs	.+38     	; 0x3758 <__fp_cmp+0x46>
    3732:	62 1b       	sub	r22, r18
    3734:	73 0b       	sbc	r23, r19
    3736:	84 0b       	sbc	r24, r20
    3738:	95 0b       	sbc	r25, r21
    373a:	39 f4       	brne	.+14     	; 0x374a <__fp_cmp+0x38>
    373c:	0a 26       	eor	r0, r26
    373e:	61 f0       	breq	.+24     	; 0x3758 <__fp_cmp+0x46>
    3740:	23 2b       	or	r18, r19
    3742:	24 2b       	or	r18, r20
    3744:	25 2b       	or	r18, r21
    3746:	21 f4       	brne	.+8      	; 0x3750 <__fp_cmp+0x3e>
    3748:	08 95       	ret
    374a:	0a 26       	eor	r0, r26
    374c:	09 f4       	brne	.+2      	; 0x3750 <__fp_cmp+0x3e>
    374e:	a1 40       	sbci	r26, 0x01	; 1
    3750:	a6 95       	lsr	r26
    3752:	8f ef       	ldi	r24, 0xFF	; 255
    3754:	81 1d       	adc	r24, r1
    3756:	81 1d       	adc	r24, r1
    3758:	08 95       	ret

0000375a <__fp_inf>:
    375a:	97 f9       	bld	r25, 7
    375c:	9f 67       	ori	r25, 0x7F	; 127
    375e:	80 e8       	ldi	r24, 0x80	; 128
    3760:	70 e0       	ldi	r23, 0x00	; 0
    3762:	60 e0       	ldi	r22, 0x00	; 0
    3764:	08 95       	ret

00003766 <__fp_nan>:
    3766:	9f ef       	ldi	r25, 0xFF	; 255
    3768:	80 ec       	ldi	r24, 0xC0	; 192
    376a:	08 95       	ret

0000376c <__fp_pscA>:
    376c:	00 24       	eor	r0, r0
    376e:	0a 94       	dec	r0
    3770:	16 16       	cp	r1, r22
    3772:	17 06       	cpc	r1, r23
    3774:	18 06       	cpc	r1, r24
    3776:	09 06       	cpc	r0, r25
    3778:	08 95       	ret

0000377a <__fp_pscB>:
    377a:	00 24       	eor	r0, r0
    377c:	0a 94       	dec	r0
    377e:	12 16       	cp	r1, r18
    3780:	13 06       	cpc	r1, r19
    3782:	14 06       	cpc	r1, r20
    3784:	05 06       	cpc	r0, r21
    3786:	08 95       	ret

00003788 <__fp_round>:
    3788:	09 2e       	mov	r0, r25
    378a:	03 94       	inc	r0
    378c:	00 0c       	add	r0, r0
    378e:	11 f4       	brne	.+4      	; 0x3794 <__fp_round+0xc>
    3790:	88 23       	and	r24, r24
    3792:	52 f0       	brmi	.+20     	; 0x37a8 <__fp_round+0x20>
    3794:	bb 0f       	add	r27, r27
    3796:	40 f4       	brcc	.+16     	; 0x37a8 <__fp_round+0x20>
    3798:	bf 2b       	or	r27, r31
    379a:	11 f4       	brne	.+4      	; 0x37a0 <__fp_round+0x18>
    379c:	60 ff       	sbrs	r22, 0
    379e:	04 c0       	rjmp	.+8      	; 0x37a8 <__fp_round+0x20>
    37a0:	6f 5f       	subi	r22, 0xFF	; 255
    37a2:	7f 4f       	sbci	r23, 0xFF	; 255
    37a4:	8f 4f       	sbci	r24, 0xFF	; 255
    37a6:	9f 4f       	sbci	r25, 0xFF	; 255
    37a8:	08 95       	ret

000037aa <__fp_split3>:
    37aa:	57 fd       	sbrc	r21, 7
    37ac:	90 58       	subi	r25, 0x80	; 128
    37ae:	44 0f       	add	r20, r20
    37b0:	55 1f       	adc	r21, r21
    37b2:	59 f0       	breq	.+22     	; 0x37ca <__fp_splitA+0x10>
    37b4:	5f 3f       	cpi	r21, 0xFF	; 255
    37b6:	71 f0       	breq	.+28     	; 0x37d4 <__fp_splitA+0x1a>
    37b8:	47 95       	ror	r20

000037ba <__fp_splitA>:
    37ba:	88 0f       	add	r24, r24
    37bc:	97 fb       	bst	r25, 7
    37be:	99 1f       	adc	r25, r25
    37c0:	61 f0       	breq	.+24     	; 0x37da <__fp_splitA+0x20>
    37c2:	9f 3f       	cpi	r25, 0xFF	; 255
    37c4:	79 f0       	breq	.+30     	; 0x37e4 <__fp_splitA+0x2a>
    37c6:	87 95       	ror	r24
    37c8:	08 95       	ret
    37ca:	12 16       	cp	r1, r18
    37cc:	13 06       	cpc	r1, r19
    37ce:	14 06       	cpc	r1, r20
    37d0:	55 1f       	adc	r21, r21
    37d2:	f2 cf       	rjmp	.-28     	; 0x37b8 <__fp_split3+0xe>
    37d4:	46 95       	lsr	r20
    37d6:	f1 df       	rcall	.-30     	; 0x37ba <__fp_splitA>
    37d8:	08 c0       	rjmp	.+16     	; 0x37ea <__fp_splitA+0x30>
    37da:	16 16       	cp	r1, r22
    37dc:	17 06       	cpc	r1, r23
    37de:	18 06       	cpc	r1, r24
    37e0:	99 1f       	adc	r25, r25
    37e2:	f1 cf       	rjmp	.-30     	; 0x37c6 <__fp_splitA+0xc>
    37e4:	86 95       	lsr	r24
    37e6:	71 05       	cpc	r23, r1
    37e8:	61 05       	cpc	r22, r1
    37ea:	08 94       	sec
    37ec:	08 95       	ret

000037ee <__fp_zero>:
    37ee:	e8 94       	clt

000037f0 <__fp_szero>:
    37f0:	bb 27       	eor	r27, r27
    37f2:	66 27       	eor	r22, r22
    37f4:	77 27       	eor	r23, r23
    37f6:	cb 01       	movw	r24, r22
    37f8:	97 f9       	bld	r25, 7
    37fa:	08 95       	ret

000037fc <__gesf2>:
    37fc:	8a df       	rcall	.-236    	; 0x3712 <__fp_cmp>
    37fe:	08 f4       	brcc	.+2      	; 0x3802 <__gesf2+0x6>
    3800:	8f ef       	ldi	r24, 0xFF	; 255
    3802:	08 95       	ret

00003804 <__mulsf3>:
    3804:	0b d0       	rcall	.+22     	; 0x381c <__mulsf3x>
    3806:	c0 cf       	rjmp	.-128    	; 0x3788 <__fp_round>
    3808:	b1 df       	rcall	.-158    	; 0x376c <__fp_pscA>
    380a:	28 f0       	brcs	.+10     	; 0x3816 <__mulsf3+0x12>
    380c:	b6 df       	rcall	.-148    	; 0x377a <__fp_pscB>
    380e:	18 f0       	brcs	.+6      	; 0x3816 <__mulsf3+0x12>
    3810:	95 23       	and	r25, r21
    3812:	09 f0       	breq	.+2      	; 0x3816 <__mulsf3+0x12>
    3814:	a2 cf       	rjmp	.-188    	; 0x375a <__fp_inf>
    3816:	a7 cf       	rjmp	.-178    	; 0x3766 <__fp_nan>
    3818:	11 24       	eor	r1, r1
    381a:	ea cf       	rjmp	.-44     	; 0x37f0 <__fp_szero>

0000381c <__mulsf3x>:
    381c:	c6 df       	rcall	.-116    	; 0x37aa <__fp_split3>
    381e:	a0 f3       	brcs	.-24     	; 0x3808 <__mulsf3+0x4>

00003820 <__mulsf3_pse>:
    3820:	95 9f       	mul	r25, r21
    3822:	d1 f3       	breq	.-12     	; 0x3818 <__mulsf3+0x14>
    3824:	95 0f       	add	r25, r21
    3826:	50 e0       	ldi	r21, 0x00	; 0
    3828:	55 1f       	adc	r21, r21
    382a:	62 9f       	mul	r22, r18
    382c:	f0 01       	movw	r30, r0
    382e:	72 9f       	mul	r23, r18
    3830:	bb 27       	eor	r27, r27
    3832:	f0 0d       	add	r31, r0
    3834:	b1 1d       	adc	r27, r1
    3836:	63 9f       	mul	r22, r19
    3838:	aa 27       	eor	r26, r26
    383a:	f0 0d       	add	r31, r0
    383c:	b1 1d       	adc	r27, r1
    383e:	aa 1f       	adc	r26, r26
    3840:	64 9f       	mul	r22, r20
    3842:	66 27       	eor	r22, r22
    3844:	b0 0d       	add	r27, r0
    3846:	a1 1d       	adc	r26, r1
    3848:	66 1f       	adc	r22, r22
    384a:	82 9f       	mul	r24, r18
    384c:	22 27       	eor	r18, r18
    384e:	b0 0d       	add	r27, r0
    3850:	a1 1d       	adc	r26, r1
    3852:	62 1f       	adc	r22, r18
    3854:	73 9f       	mul	r23, r19
    3856:	b0 0d       	add	r27, r0
    3858:	a1 1d       	adc	r26, r1
    385a:	62 1f       	adc	r22, r18
    385c:	83 9f       	mul	r24, r19
    385e:	a0 0d       	add	r26, r0
    3860:	61 1d       	adc	r22, r1
    3862:	22 1f       	adc	r18, r18
    3864:	74 9f       	mul	r23, r20
    3866:	33 27       	eor	r19, r19
    3868:	a0 0d       	add	r26, r0
    386a:	61 1d       	adc	r22, r1
    386c:	23 1f       	adc	r18, r19
    386e:	84 9f       	mul	r24, r20
    3870:	60 0d       	add	r22, r0
    3872:	21 1d       	adc	r18, r1
    3874:	82 2f       	mov	r24, r18
    3876:	76 2f       	mov	r23, r22
    3878:	6a 2f       	mov	r22, r26
    387a:	11 24       	eor	r1, r1
    387c:	9f 57       	subi	r25, 0x7F	; 127
    387e:	50 40       	sbci	r21, 0x00	; 0
    3880:	8a f0       	brmi	.+34     	; 0x38a4 <__mulsf3_pse+0x84>
    3882:	e1 f0       	breq	.+56     	; 0x38bc <__mulsf3_pse+0x9c>
    3884:	88 23       	and	r24, r24
    3886:	4a f0       	brmi	.+18     	; 0x389a <__mulsf3_pse+0x7a>
    3888:	ee 0f       	add	r30, r30
    388a:	ff 1f       	adc	r31, r31
    388c:	bb 1f       	adc	r27, r27
    388e:	66 1f       	adc	r22, r22
    3890:	77 1f       	adc	r23, r23
    3892:	88 1f       	adc	r24, r24
    3894:	91 50       	subi	r25, 0x01	; 1
    3896:	50 40       	sbci	r21, 0x00	; 0
    3898:	a9 f7       	brne	.-22     	; 0x3884 <__mulsf3_pse+0x64>
    389a:	9e 3f       	cpi	r25, 0xFE	; 254
    389c:	51 05       	cpc	r21, r1
    389e:	70 f0       	brcs	.+28     	; 0x38bc <__mulsf3_pse+0x9c>
    38a0:	5c cf       	rjmp	.-328    	; 0x375a <__fp_inf>
    38a2:	a6 cf       	rjmp	.-180    	; 0x37f0 <__fp_szero>
    38a4:	5f 3f       	cpi	r21, 0xFF	; 255
    38a6:	ec f3       	brlt	.-6      	; 0x38a2 <__mulsf3_pse+0x82>
    38a8:	98 3e       	cpi	r25, 0xE8	; 232
    38aa:	dc f3       	brlt	.-10     	; 0x38a2 <__mulsf3_pse+0x82>
    38ac:	86 95       	lsr	r24
    38ae:	77 95       	ror	r23
    38b0:	67 95       	ror	r22
    38b2:	b7 95       	ror	r27
    38b4:	f7 95       	ror	r31
    38b6:	e7 95       	ror	r30
    38b8:	9f 5f       	subi	r25, 0xFF	; 255
    38ba:	c1 f7       	brne	.-16     	; 0x38ac <__mulsf3_pse+0x8c>
    38bc:	fe 2b       	or	r31, r30
    38be:	88 0f       	add	r24, r24
    38c0:	91 1d       	adc	r25, r1
    38c2:	96 95       	lsr	r25
    38c4:	87 95       	ror	r24
    38c6:	97 f9       	bld	r25, 7
    38c8:	08 95       	ret

000038ca <malloc>:
    38ca:	cf 93       	push	r28
    38cc:	df 93       	push	r29
    38ce:	82 30       	cpi	r24, 0x02	; 2
    38d0:	91 05       	cpc	r25, r1
    38d2:	10 f4       	brcc	.+4      	; 0x38d8 <malloc+0xe>
    38d4:	82 e0       	ldi	r24, 0x02	; 2
    38d6:	90 e0       	ldi	r25, 0x00	; 0
    38d8:	e0 91 c3 02 	lds	r30, 0x02C3
    38dc:	f0 91 c4 02 	lds	r31, 0x02C4
    38e0:	20 e0       	ldi	r18, 0x00	; 0
    38e2:	30 e0       	ldi	r19, 0x00	; 0
    38e4:	a0 e0       	ldi	r26, 0x00	; 0
    38e6:	b0 e0       	ldi	r27, 0x00	; 0
    38e8:	30 97       	sbiw	r30, 0x00	; 0
    38ea:	39 f1       	breq	.+78     	; 0x393a <malloc+0x70>
    38ec:	40 81       	ld	r20, Z
    38ee:	51 81       	ldd	r21, Z+1	; 0x01
    38f0:	48 17       	cp	r20, r24
    38f2:	59 07       	cpc	r21, r25
    38f4:	b8 f0       	brcs	.+46     	; 0x3924 <malloc+0x5a>
    38f6:	48 17       	cp	r20, r24
    38f8:	59 07       	cpc	r21, r25
    38fa:	71 f4       	brne	.+28     	; 0x3918 <malloc+0x4e>
    38fc:	82 81       	ldd	r24, Z+2	; 0x02
    38fe:	93 81       	ldd	r25, Z+3	; 0x03
    3900:	10 97       	sbiw	r26, 0x00	; 0
    3902:	29 f0       	breq	.+10     	; 0x390e <malloc+0x44>
    3904:	13 96       	adiw	r26, 0x03	; 3
    3906:	9c 93       	st	X, r25
    3908:	8e 93       	st	-X, r24
    390a:	12 97       	sbiw	r26, 0x02	; 2
    390c:	2c c0       	rjmp	.+88     	; 0x3966 <malloc+0x9c>
    390e:	90 93 c4 02 	sts	0x02C4, r25
    3912:	80 93 c3 02 	sts	0x02C3, r24
    3916:	27 c0       	rjmp	.+78     	; 0x3966 <malloc+0x9c>
    3918:	21 15       	cp	r18, r1
    391a:	31 05       	cpc	r19, r1
    391c:	31 f0       	breq	.+12     	; 0x392a <malloc+0x60>
    391e:	42 17       	cp	r20, r18
    3920:	53 07       	cpc	r21, r19
    3922:	18 f0       	brcs	.+6      	; 0x392a <malloc+0x60>
    3924:	a9 01       	movw	r20, r18
    3926:	db 01       	movw	r26, r22
    3928:	01 c0       	rjmp	.+2      	; 0x392c <malloc+0x62>
    392a:	ef 01       	movw	r28, r30
    392c:	9a 01       	movw	r18, r20
    392e:	bd 01       	movw	r22, r26
    3930:	df 01       	movw	r26, r30
    3932:	02 80       	ldd	r0, Z+2	; 0x02
    3934:	f3 81       	ldd	r31, Z+3	; 0x03
    3936:	e0 2d       	mov	r30, r0
    3938:	d7 cf       	rjmp	.-82     	; 0x38e8 <malloc+0x1e>
    393a:	21 15       	cp	r18, r1
    393c:	31 05       	cpc	r19, r1
    393e:	f9 f0       	breq	.+62     	; 0x397e <malloc+0xb4>
    3940:	28 1b       	sub	r18, r24
    3942:	39 0b       	sbc	r19, r25
    3944:	24 30       	cpi	r18, 0x04	; 4
    3946:	31 05       	cpc	r19, r1
    3948:	80 f4       	brcc	.+32     	; 0x396a <malloc+0xa0>
    394a:	8a 81       	ldd	r24, Y+2	; 0x02
    394c:	9b 81       	ldd	r25, Y+3	; 0x03
    394e:	61 15       	cp	r22, r1
    3950:	71 05       	cpc	r23, r1
    3952:	21 f0       	breq	.+8      	; 0x395c <malloc+0x92>
    3954:	fb 01       	movw	r30, r22
    3956:	93 83       	std	Z+3, r25	; 0x03
    3958:	82 83       	std	Z+2, r24	; 0x02
    395a:	04 c0       	rjmp	.+8      	; 0x3964 <malloc+0x9a>
    395c:	90 93 c4 02 	sts	0x02C4, r25
    3960:	80 93 c3 02 	sts	0x02C3, r24
    3964:	fe 01       	movw	r30, r28
    3966:	32 96       	adiw	r30, 0x02	; 2
    3968:	44 c0       	rjmp	.+136    	; 0x39f2 <malloc+0x128>
    396a:	fe 01       	movw	r30, r28
    396c:	e2 0f       	add	r30, r18
    396e:	f3 1f       	adc	r31, r19
    3970:	81 93       	st	Z+, r24
    3972:	91 93       	st	Z+, r25
    3974:	22 50       	subi	r18, 0x02	; 2
    3976:	31 09       	sbc	r19, r1
    3978:	39 83       	std	Y+1, r19	; 0x01
    397a:	28 83       	st	Y, r18
    397c:	3a c0       	rjmp	.+116    	; 0x39f2 <malloc+0x128>
    397e:	20 91 c1 02 	lds	r18, 0x02C1
    3982:	30 91 c2 02 	lds	r19, 0x02C2
    3986:	23 2b       	or	r18, r19
    3988:	41 f4       	brne	.+16     	; 0x399a <malloc+0xd0>
    398a:	20 91 65 00 	lds	r18, 0x0065
    398e:	30 91 66 00 	lds	r19, 0x0066
    3992:	30 93 c2 02 	sts	0x02C2, r19
    3996:	20 93 c1 02 	sts	0x02C1, r18
    399a:	20 91 63 00 	lds	r18, 0x0063
    399e:	30 91 64 00 	lds	r19, 0x0064
    39a2:	21 15       	cp	r18, r1
    39a4:	31 05       	cpc	r19, r1
    39a6:	41 f4       	brne	.+16     	; 0x39b8 <malloc+0xee>
    39a8:	2d b7       	in	r18, 0x3d	; 61
    39aa:	3e b7       	in	r19, 0x3e	; 62
    39ac:	40 91 67 00 	lds	r20, 0x0067
    39b0:	50 91 68 00 	lds	r21, 0x0068
    39b4:	24 1b       	sub	r18, r20
    39b6:	35 0b       	sbc	r19, r21
    39b8:	e0 91 c1 02 	lds	r30, 0x02C1
    39bc:	f0 91 c2 02 	lds	r31, 0x02C2
    39c0:	e2 17       	cp	r30, r18
    39c2:	f3 07       	cpc	r31, r19
    39c4:	a0 f4       	brcc	.+40     	; 0x39ee <malloc+0x124>
    39c6:	2e 1b       	sub	r18, r30
    39c8:	3f 0b       	sbc	r19, r31
    39ca:	28 17       	cp	r18, r24
    39cc:	39 07       	cpc	r19, r25
    39ce:	78 f0       	brcs	.+30     	; 0x39ee <malloc+0x124>
    39d0:	ac 01       	movw	r20, r24
    39d2:	4e 5f       	subi	r20, 0xFE	; 254
    39d4:	5f 4f       	sbci	r21, 0xFF	; 255
    39d6:	24 17       	cp	r18, r20
    39d8:	35 07       	cpc	r19, r21
    39da:	48 f0       	brcs	.+18     	; 0x39ee <malloc+0x124>
    39dc:	4e 0f       	add	r20, r30
    39de:	5f 1f       	adc	r21, r31
    39e0:	50 93 c2 02 	sts	0x02C2, r21
    39e4:	40 93 c1 02 	sts	0x02C1, r20
    39e8:	81 93       	st	Z+, r24
    39ea:	91 93       	st	Z+, r25
    39ec:	02 c0       	rjmp	.+4      	; 0x39f2 <malloc+0x128>
    39ee:	e0 e0       	ldi	r30, 0x00	; 0
    39f0:	f0 e0       	ldi	r31, 0x00	; 0
    39f2:	cf 01       	movw	r24, r30
    39f4:	df 91       	pop	r29
    39f6:	cf 91       	pop	r28
    39f8:	08 95       	ret

000039fa <free>:
    39fa:	cf 93       	push	r28
    39fc:	df 93       	push	r29
    39fe:	00 97       	sbiw	r24, 0x00	; 0
    3a00:	09 f4       	brne	.+2      	; 0x3a04 <free+0xa>
    3a02:	87 c0       	rjmp	.+270    	; 0x3b12 <free+0x118>
    3a04:	fc 01       	movw	r30, r24
    3a06:	32 97       	sbiw	r30, 0x02	; 2
    3a08:	13 82       	std	Z+3, r1	; 0x03
    3a0a:	12 82       	std	Z+2, r1	; 0x02
    3a0c:	c0 91 c3 02 	lds	r28, 0x02C3
    3a10:	d0 91 c4 02 	lds	r29, 0x02C4
    3a14:	20 97       	sbiw	r28, 0x00	; 0
    3a16:	81 f4       	brne	.+32     	; 0x3a38 <free+0x3e>
    3a18:	20 81       	ld	r18, Z
    3a1a:	31 81       	ldd	r19, Z+1	; 0x01
    3a1c:	28 0f       	add	r18, r24
    3a1e:	39 1f       	adc	r19, r25
    3a20:	80 91 c1 02 	lds	r24, 0x02C1
    3a24:	90 91 c2 02 	lds	r25, 0x02C2
    3a28:	82 17       	cp	r24, r18
    3a2a:	93 07       	cpc	r25, r19
    3a2c:	79 f5       	brne	.+94     	; 0x3a8c <free+0x92>
    3a2e:	f0 93 c2 02 	sts	0x02C2, r31
    3a32:	e0 93 c1 02 	sts	0x02C1, r30
    3a36:	6d c0       	rjmp	.+218    	; 0x3b12 <free+0x118>
    3a38:	de 01       	movw	r26, r28
    3a3a:	20 e0       	ldi	r18, 0x00	; 0
    3a3c:	30 e0       	ldi	r19, 0x00	; 0
    3a3e:	ae 17       	cp	r26, r30
    3a40:	bf 07       	cpc	r27, r31
    3a42:	50 f4       	brcc	.+20     	; 0x3a58 <free+0x5e>
    3a44:	12 96       	adiw	r26, 0x02	; 2
    3a46:	4d 91       	ld	r20, X+
    3a48:	5c 91       	ld	r21, X
    3a4a:	13 97       	sbiw	r26, 0x03	; 3
    3a4c:	9d 01       	movw	r18, r26
    3a4e:	41 15       	cp	r20, r1
    3a50:	51 05       	cpc	r21, r1
    3a52:	09 f1       	breq	.+66     	; 0x3a96 <free+0x9c>
    3a54:	da 01       	movw	r26, r20
    3a56:	f3 cf       	rjmp	.-26     	; 0x3a3e <free+0x44>
    3a58:	b3 83       	std	Z+3, r27	; 0x03
    3a5a:	a2 83       	std	Z+2, r26	; 0x02
    3a5c:	40 81       	ld	r20, Z
    3a5e:	51 81       	ldd	r21, Z+1	; 0x01
    3a60:	84 0f       	add	r24, r20
    3a62:	95 1f       	adc	r25, r21
    3a64:	8a 17       	cp	r24, r26
    3a66:	9b 07       	cpc	r25, r27
    3a68:	71 f4       	brne	.+28     	; 0x3a86 <free+0x8c>
    3a6a:	8d 91       	ld	r24, X+
    3a6c:	9c 91       	ld	r25, X
    3a6e:	11 97       	sbiw	r26, 0x01	; 1
    3a70:	84 0f       	add	r24, r20
    3a72:	95 1f       	adc	r25, r21
    3a74:	02 96       	adiw	r24, 0x02	; 2
    3a76:	91 83       	std	Z+1, r25	; 0x01
    3a78:	80 83       	st	Z, r24
    3a7a:	12 96       	adiw	r26, 0x02	; 2
    3a7c:	8d 91       	ld	r24, X+
    3a7e:	9c 91       	ld	r25, X
    3a80:	13 97       	sbiw	r26, 0x03	; 3
    3a82:	93 83       	std	Z+3, r25	; 0x03
    3a84:	82 83       	std	Z+2, r24	; 0x02
    3a86:	21 15       	cp	r18, r1
    3a88:	31 05       	cpc	r19, r1
    3a8a:	29 f4       	brne	.+10     	; 0x3a96 <free+0x9c>
    3a8c:	f0 93 c4 02 	sts	0x02C4, r31
    3a90:	e0 93 c3 02 	sts	0x02C3, r30
    3a94:	3e c0       	rjmp	.+124    	; 0x3b12 <free+0x118>
    3a96:	d9 01       	movw	r26, r18
    3a98:	13 96       	adiw	r26, 0x03	; 3
    3a9a:	fc 93       	st	X, r31
    3a9c:	ee 93       	st	-X, r30
    3a9e:	12 97       	sbiw	r26, 0x02	; 2
    3aa0:	4d 91       	ld	r20, X+
    3aa2:	5d 91       	ld	r21, X+
    3aa4:	a4 0f       	add	r26, r20
    3aa6:	b5 1f       	adc	r27, r21
    3aa8:	ea 17       	cp	r30, r26
    3aaa:	fb 07       	cpc	r31, r27
    3aac:	79 f4       	brne	.+30     	; 0x3acc <free+0xd2>
    3aae:	80 81       	ld	r24, Z
    3ab0:	91 81       	ldd	r25, Z+1	; 0x01
    3ab2:	84 0f       	add	r24, r20
    3ab4:	95 1f       	adc	r25, r21
    3ab6:	02 96       	adiw	r24, 0x02	; 2
    3ab8:	d9 01       	movw	r26, r18
    3aba:	11 96       	adiw	r26, 0x01	; 1
    3abc:	9c 93       	st	X, r25
    3abe:	8e 93       	st	-X, r24
    3ac0:	82 81       	ldd	r24, Z+2	; 0x02
    3ac2:	93 81       	ldd	r25, Z+3	; 0x03
    3ac4:	13 96       	adiw	r26, 0x03	; 3
    3ac6:	9c 93       	st	X, r25
    3ac8:	8e 93       	st	-X, r24
    3aca:	12 97       	sbiw	r26, 0x02	; 2
    3acc:	e0 e0       	ldi	r30, 0x00	; 0
    3ace:	f0 e0       	ldi	r31, 0x00	; 0
    3ad0:	8a 81       	ldd	r24, Y+2	; 0x02
    3ad2:	9b 81       	ldd	r25, Y+3	; 0x03
    3ad4:	00 97       	sbiw	r24, 0x00	; 0
    3ad6:	19 f0       	breq	.+6      	; 0x3ade <free+0xe4>
    3ad8:	fe 01       	movw	r30, r28
    3ada:	ec 01       	movw	r28, r24
    3adc:	f9 cf       	rjmp	.-14     	; 0x3ad0 <free+0xd6>
    3ade:	ce 01       	movw	r24, r28
    3ae0:	02 96       	adiw	r24, 0x02	; 2
    3ae2:	28 81       	ld	r18, Y
    3ae4:	39 81       	ldd	r19, Y+1	; 0x01
    3ae6:	82 0f       	add	r24, r18
    3ae8:	93 1f       	adc	r25, r19
    3aea:	20 91 c1 02 	lds	r18, 0x02C1
    3aee:	30 91 c2 02 	lds	r19, 0x02C2
    3af2:	28 17       	cp	r18, r24
    3af4:	39 07       	cpc	r19, r25
    3af6:	69 f4       	brne	.+26     	; 0x3b12 <free+0x118>
    3af8:	30 97       	sbiw	r30, 0x00	; 0
    3afa:	29 f4       	brne	.+10     	; 0x3b06 <free+0x10c>
    3afc:	10 92 c4 02 	sts	0x02C4, r1
    3b00:	10 92 c3 02 	sts	0x02C3, r1
    3b04:	02 c0       	rjmp	.+4      	; 0x3b0a <free+0x110>
    3b06:	13 82       	std	Z+3, r1	; 0x03
    3b08:	12 82       	std	Z+2, r1	; 0x02
    3b0a:	d0 93 c2 02 	sts	0x02C2, r29
    3b0e:	c0 93 c1 02 	sts	0x02C1, r28
    3b12:	df 91       	pop	r29
    3b14:	cf 91       	pop	r28
    3b16:	08 95       	ret

00003b18 <do_rand>:
    3b18:	8f 92       	push	r8
    3b1a:	9f 92       	push	r9
    3b1c:	af 92       	push	r10
    3b1e:	bf 92       	push	r11
    3b20:	cf 92       	push	r12
    3b22:	df 92       	push	r13
    3b24:	ef 92       	push	r14
    3b26:	ff 92       	push	r15
    3b28:	cf 93       	push	r28
    3b2a:	df 93       	push	r29
    3b2c:	ec 01       	movw	r28, r24
    3b2e:	68 81       	ld	r22, Y
    3b30:	79 81       	ldd	r23, Y+1	; 0x01
    3b32:	8a 81       	ldd	r24, Y+2	; 0x02
    3b34:	9b 81       	ldd	r25, Y+3	; 0x03
    3b36:	61 15       	cp	r22, r1
    3b38:	71 05       	cpc	r23, r1
    3b3a:	81 05       	cpc	r24, r1
    3b3c:	91 05       	cpc	r25, r1
    3b3e:	21 f4       	brne	.+8      	; 0x3b48 <do_rand+0x30>
    3b40:	64 e2       	ldi	r22, 0x24	; 36
    3b42:	79 ed       	ldi	r23, 0xD9	; 217
    3b44:	8b e5       	ldi	r24, 0x5B	; 91
    3b46:	97 e0       	ldi	r25, 0x07	; 7
    3b48:	2d e1       	ldi	r18, 0x1D	; 29
    3b4a:	33 ef       	ldi	r19, 0xF3	; 243
    3b4c:	41 e0       	ldi	r20, 0x01	; 1
    3b4e:	50 e0       	ldi	r21, 0x00	; 0
    3b50:	0e 94 1f 1e 	call	0x3c3e	; 0x3c3e <__divmodsi4>
    3b54:	49 01       	movw	r8, r18
    3b56:	5a 01       	movw	r10, r20
    3b58:	9b 01       	movw	r18, r22
    3b5a:	ac 01       	movw	r20, r24
    3b5c:	a7 ea       	ldi	r26, 0xA7	; 167
    3b5e:	b1 e4       	ldi	r27, 0x41	; 65
    3b60:	0e 94 3e 1e 	call	0x3c7c	; 0x3c7c <__muluhisi3>
    3b64:	6b 01       	movw	r12, r22
    3b66:	7c 01       	movw	r14, r24
    3b68:	ac ee       	ldi	r26, 0xEC	; 236
    3b6a:	b4 ef       	ldi	r27, 0xF4	; 244
    3b6c:	a5 01       	movw	r20, r10
    3b6e:	94 01       	movw	r18, r8
    3b70:	0e 94 4c 1e 	call	0x3c98	; 0x3c98 <__mulohisi3>
    3b74:	c6 0e       	add	r12, r22
    3b76:	d7 1e       	adc	r13, r23
    3b78:	e8 1e       	adc	r14, r24
    3b7a:	f9 1e       	adc	r15, r25
    3b7c:	f7 fe       	sbrs	r15, 7
    3b7e:	06 c0       	rjmp	.+12     	; 0x3b8c <do_rand+0x74>
    3b80:	81 e0       	ldi	r24, 0x01	; 1
    3b82:	c8 1a       	sub	r12, r24
    3b84:	d1 08       	sbc	r13, r1
    3b86:	e1 08       	sbc	r14, r1
    3b88:	80 e8       	ldi	r24, 0x80	; 128
    3b8a:	f8 0a       	sbc	r15, r24
    3b8c:	c8 82       	st	Y, r12
    3b8e:	d9 82       	std	Y+1, r13	; 0x01
    3b90:	ea 82       	std	Y+2, r14	; 0x02
    3b92:	fb 82       	std	Y+3, r15	; 0x03
    3b94:	c6 01       	movw	r24, r12
    3b96:	9f 77       	andi	r25, 0x7F	; 127
    3b98:	df 91       	pop	r29
    3b9a:	cf 91       	pop	r28
    3b9c:	ff 90       	pop	r15
    3b9e:	ef 90       	pop	r14
    3ba0:	df 90       	pop	r13
    3ba2:	cf 90       	pop	r12
    3ba4:	bf 90       	pop	r11
    3ba6:	af 90       	pop	r10
    3ba8:	9f 90       	pop	r9
    3baa:	8f 90       	pop	r8
    3bac:	08 95       	ret

00003bae <rand_r>:
    3bae:	0e 94 8c 1d 	call	0x3b18	; 0x3b18 <do_rand>
    3bb2:	08 95       	ret

00003bb4 <rand>:
    3bb4:	89 e6       	ldi	r24, 0x69	; 105
    3bb6:	90 e0       	ldi	r25, 0x00	; 0
    3bb8:	0e 94 8c 1d 	call	0x3b18	; 0x3b18 <do_rand>
    3bbc:	08 95       	ret

00003bbe <srand>:
    3bbe:	a0 e0       	ldi	r26, 0x00	; 0
    3bc0:	b0 e0       	ldi	r27, 0x00	; 0
    3bc2:	80 93 69 00 	sts	0x0069, r24
    3bc6:	90 93 6a 00 	sts	0x006A, r25
    3bca:	a0 93 6b 00 	sts	0x006B, r26
    3bce:	b0 93 6c 00 	sts	0x006C, r27
    3bd2:	08 95       	ret

00003bd4 <__itoa_ncheck>:
    3bd4:	bb 27       	eor	r27, r27
    3bd6:	4a 30       	cpi	r20, 0x0A	; 10
    3bd8:	31 f4       	brne	.+12     	; 0x3be6 <__itoa_ncheck+0x12>
    3bda:	99 23       	and	r25, r25
    3bdc:	22 f4       	brpl	.+8      	; 0x3be6 <__itoa_ncheck+0x12>
    3bde:	bd e2       	ldi	r27, 0x2D	; 45
    3be0:	90 95       	com	r25
    3be2:	81 95       	neg	r24
    3be4:	9f 4f       	sbci	r25, 0xFF	; 255
    3be6:	0c 94 f6 1d 	jmp	0x3bec	; 0x3bec <__utoa_common>

00003bea <__utoa_ncheck>:
    3bea:	bb 27       	eor	r27, r27

00003bec <__utoa_common>:
    3bec:	fb 01       	movw	r30, r22
    3bee:	55 27       	eor	r21, r21
    3bf0:	aa 27       	eor	r26, r26
    3bf2:	88 0f       	add	r24, r24
    3bf4:	99 1f       	adc	r25, r25
    3bf6:	aa 1f       	adc	r26, r26
    3bf8:	a4 17       	cp	r26, r20
    3bfa:	10 f0       	brcs	.+4      	; 0x3c00 <__utoa_common+0x14>
    3bfc:	a4 1b       	sub	r26, r20
    3bfe:	83 95       	inc	r24
    3c00:	50 51       	subi	r21, 0x10	; 16
    3c02:	b9 f7       	brne	.-18     	; 0x3bf2 <__utoa_common+0x6>
    3c04:	a0 5d       	subi	r26, 0xD0	; 208
    3c06:	aa 33       	cpi	r26, 0x3A	; 58
    3c08:	08 f0       	brcs	.+2      	; 0x3c0c <__utoa_common+0x20>
    3c0a:	a9 5d       	subi	r26, 0xD9	; 217
    3c0c:	a1 93       	st	Z+, r26
    3c0e:	00 97       	sbiw	r24, 0x00	; 0
    3c10:	79 f7       	brne	.-34     	; 0x3bf0 <__utoa_common+0x4>
    3c12:	b1 11       	cpse	r27, r1
    3c14:	b1 93       	st	Z+, r27
    3c16:	11 92       	st	Z+, r1
    3c18:	cb 01       	movw	r24, r22
    3c1a:	0c 94 0f 1e 	jmp	0x3c1e	; 0x3c1e <strrev>

00003c1e <strrev>:
    3c1e:	dc 01       	movw	r26, r24
    3c20:	fc 01       	movw	r30, r24
    3c22:	67 2f       	mov	r22, r23
    3c24:	71 91       	ld	r23, Z+
    3c26:	77 23       	and	r23, r23
    3c28:	e1 f7       	brne	.-8      	; 0x3c22 <strrev+0x4>
    3c2a:	32 97       	sbiw	r30, 0x02	; 2
    3c2c:	04 c0       	rjmp	.+8      	; 0x3c36 <strrev+0x18>
    3c2e:	7c 91       	ld	r23, X
    3c30:	6d 93       	st	X+, r22
    3c32:	70 83       	st	Z, r23
    3c34:	62 91       	ld	r22, -Z
    3c36:	ae 17       	cp	r26, r30
    3c38:	bf 07       	cpc	r27, r31
    3c3a:	c8 f3       	brcs	.-14     	; 0x3c2e <strrev+0x10>
    3c3c:	08 95       	ret

00003c3e <__divmodsi4>:
    3c3e:	05 2e       	mov	r0, r21
    3c40:	97 fb       	bst	r25, 7
    3c42:	1e f4       	brtc	.+6      	; 0x3c4a <__divmodsi4+0xc>
    3c44:	00 94       	com	r0
    3c46:	0e 94 36 1e 	call	0x3c6c	; 0x3c6c <__negsi2>
    3c4a:	57 fd       	sbrc	r21, 7
    3c4c:	07 d0       	rcall	.+14     	; 0x3c5c <__divmodsi4_neg2>
    3c4e:	0e 94 51 1e 	call	0x3ca2	; 0x3ca2 <__udivmodsi4>
    3c52:	07 fc       	sbrc	r0, 7
    3c54:	03 d0       	rcall	.+6      	; 0x3c5c <__divmodsi4_neg2>
    3c56:	4e f4       	brtc	.+18     	; 0x3c6a <__divmodsi4_exit>
    3c58:	0c 94 36 1e 	jmp	0x3c6c	; 0x3c6c <__negsi2>

00003c5c <__divmodsi4_neg2>:
    3c5c:	50 95       	com	r21
    3c5e:	40 95       	com	r20
    3c60:	30 95       	com	r19
    3c62:	21 95       	neg	r18
    3c64:	3f 4f       	sbci	r19, 0xFF	; 255
    3c66:	4f 4f       	sbci	r20, 0xFF	; 255
    3c68:	5f 4f       	sbci	r21, 0xFF	; 255

00003c6a <__divmodsi4_exit>:
    3c6a:	08 95       	ret

00003c6c <__negsi2>:
    3c6c:	90 95       	com	r25
    3c6e:	80 95       	com	r24
    3c70:	70 95       	com	r23
    3c72:	61 95       	neg	r22
    3c74:	7f 4f       	sbci	r23, 0xFF	; 255
    3c76:	8f 4f       	sbci	r24, 0xFF	; 255
    3c78:	9f 4f       	sbci	r25, 0xFF	; 255
    3c7a:	08 95       	ret

00003c7c <__muluhisi3>:
    3c7c:	0e 94 3b 1a 	call	0x3476	; 0x3476 <__umulhisi3>
    3c80:	a5 9f       	mul	r26, r21
    3c82:	90 0d       	add	r25, r0
    3c84:	b4 9f       	mul	r27, r20
    3c86:	90 0d       	add	r25, r0
    3c88:	a4 9f       	mul	r26, r20
    3c8a:	80 0d       	add	r24, r0
    3c8c:	91 1d       	adc	r25, r1
    3c8e:	11 24       	eor	r1, r1
    3c90:	08 95       	ret

00003c92 <__mulshisi3>:
    3c92:	b7 ff       	sbrs	r27, 7
    3c94:	0c 94 3e 1e 	jmp	0x3c7c	; 0x3c7c <__muluhisi3>

00003c98 <__mulohisi3>:
    3c98:	0e 94 3e 1e 	call	0x3c7c	; 0x3c7c <__muluhisi3>
    3c9c:	82 1b       	sub	r24, r18
    3c9e:	93 0b       	sbc	r25, r19
    3ca0:	08 95       	ret

00003ca2 <__udivmodsi4>:
    3ca2:	a1 e2       	ldi	r26, 0x21	; 33
    3ca4:	1a 2e       	mov	r1, r26
    3ca6:	aa 1b       	sub	r26, r26
    3ca8:	bb 1b       	sub	r27, r27
    3caa:	fd 01       	movw	r30, r26
    3cac:	0d c0       	rjmp	.+26     	; 0x3cc8 <__udivmodsi4_ep>

00003cae <__udivmodsi4_loop>:
    3cae:	aa 1f       	adc	r26, r26
    3cb0:	bb 1f       	adc	r27, r27
    3cb2:	ee 1f       	adc	r30, r30
    3cb4:	ff 1f       	adc	r31, r31
    3cb6:	a2 17       	cp	r26, r18
    3cb8:	b3 07       	cpc	r27, r19
    3cba:	e4 07       	cpc	r30, r20
    3cbc:	f5 07       	cpc	r31, r21
    3cbe:	20 f0       	brcs	.+8      	; 0x3cc8 <__udivmodsi4_ep>
    3cc0:	a2 1b       	sub	r26, r18
    3cc2:	b3 0b       	sbc	r27, r19
    3cc4:	e4 0b       	sbc	r30, r20
    3cc6:	f5 0b       	sbc	r31, r21

00003cc8 <__udivmodsi4_ep>:
    3cc8:	66 1f       	adc	r22, r22
    3cca:	77 1f       	adc	r23, r23
    3ccc:	88 1f       	adc	r24, r24
    3cce:	99 1f       	adc	r25, r25
    3cd0:	1a 94       	dec	r1
    3cd2:	69 f7       	brne	.-38     	; 0x3cae <__udivmodsi4_loop>
    3cd4:	60 95       	com	r22
    3cd6:	70 95       	com	r23
    3cd8:	80 95       	com	r24
    3cda:	90 95       	com	r25
    3cdc:	9b 01       	movw	r18, r22
    3cde:	ac 01       	movw	r20, r24
    3ce0:	bd 01       	movw	r22, r26
    3ce2:	cf 01       	movw	r24, r30
    3ce4:	08 95       	ret

00003ce6 <_exit>:
    3ce6:	f8 94       	cli

00003ce8 <__stop_program>:
    3ce8:	ff cf       	rjmp	.-2      	; 0x3ce8 <__stop_program>
