
bin\Release\Projekt_wyœwietlacz.elf:     file format elf32-avr

Sections:
Idx Name          Size      VMA       LMA       File off  Algn
  0 .text         0000197e  00000000  00000000  00000094  2**1
                  CONTENTS, ALLOC, LOAD, READONLY, CODE
  1 .data         00000026  00800060  0000197e  00001a12  2**0
                  CONTENTS, ALLOC, LOAD, DATA
  2 .bss          00000011  00800086  00800086  00001a38  2**0
                  ALLOC
  3 .debug_aranges 00000160  00000000  00000000  00001a38  2**0
                  CONTENTS, READONLY, DEBUGGING
  4 .debug_pubnames 0000018f  00000000  00000000  00001b98  2**0
                  CONTENTS, READONLY, DEBUGGING
  5 .debug_info   00002045  00000000  00000000  00001d27  2**0
                  CONTENTS, READONLY, DEBUGGING
  6 .debug_abbrev 00001101  00000000  00000000  00003d6c  2**0
                  CONTENTS, READONLY, DEBUGGING
  7 .debug_line   00000f82  00000000  00000000  00004e6d  2**0
                  CONTENTS, READONLY, DEBUGGING
  8 .debug_frame  00000180  00000000  00000000  00005df0  2**2
                  CONTENTS, READONLY, DEBUGGING
  9 .debug_str    000002c2  00000000  00000000  00005f70  2**0
                  CONTENTS, READONLY, DEBUGGING
 10 .debug_loc    0000088e  00000000  00000000  00006232  2**0
                  CONTENTS, READONLY, DEBUGGING
 11 .debug_ranges 00000050  00000000  00000000  00006ac0  2**0
                  CONTENTS, READONLY, DEBUGGING

Disassembly of section .text:

00000000 <__vectors>:
       0:	0c 94 2f 00 	jmp	0x5e	; 0x5e <__ctors_end>
       4:	0c 94 4c 00 	jmp	0x98	; 0x98 <__bad_interrupt>
       8:	0c 94 4c 00 	jmp	0x98	; 0x98 <__bad_interrupt>
       c:	0c 94 4c 00 	jmp	0x98	; 0x98 <__bad_interrupt>
      10:	0c 94 4c 00 	jmp	0x98	; 0x98 <__bad_interrupt>
      14:	0c 94 4c 00 	jmp	0x98	; 0x98 <__bad_interrupt>
      18:	0c 94 0e 03 	jmp	0x61c	; 0x61c <__vector_6>
      1c:	0c 94 4c 00 	jmp	0x98	; 0x98 <__bad_interrupt>
      20:	0c 94 4c 00 	jmp	0x98	; 0x98 <__bad_interrupt>
      24:	0c 94 4c 00 	jmp	0x98	; 0x98 <__bad_interrupt>
      28:	0c 94 63 00 	jmp	0xc6	; 0xc6 <__vector_10>
      2c:	0c 94 4c 00 	jmp	0x98	; 0x98 <__bad_interrupt>
      30:	0c 94 4c 00 	jmp	0x98	; 0x98 <__bad_interrupt>
      34:	0c 94 4c 00 	jmp	0x98	; 0x98 <__bad_interrupt>
      38:	0c 94 4c 00 	jmp	0x98	; 0x98 <__bad_interrupt>
      3c:	0c 94 4c 00 	jmp	0x98	; 0x98 <__bad_interrupt>
      40:	0c 94 4c 00 	jmp	0x98	; 0x98 <__bad_interrupt>
      44:	0c 94 4c 00 	jmp	0x98	; 0x98 <__bad_interrupt>
      48:	0c 94 4c 00 	jmp	0x98	; 0x98 <__bad_interrupt>
      4c:	0c 94 4c 00 	jmp	0x98	; 0x98 <__bad_interrupt>
      50:	0c 94 4c 00 	jmp	0x98	; 0x98 <__bad_interrupt>

00000054 <cyfry>:
      54:	c0 f9 a4 b0 99 92 82 d8 80 90                       ..........

0000005e <__ctors_end>:
      5e:	11 24       	eor	r1, r1
      60:	1f be       	out	0x3f, r1	; 63
      62:	cf e5       	ldi	r28, 0x5F	; 95
      64:	d4 e0       	ldi	r29, 0x04	; 4
      66:	de bf       	out	0x3e, r29	; 62
      68:	cd bf       	out	0x3d, r28	; 61

0000006a <__do_copy_data>:
      6a:	10 e0       	ldi	r17, 0x00	; 0
      6c:	a0 e6       	ldi	r26, 0x60	; 96
      6e:	b0 e0       	ldi	r27, 0x00	; 0
      70:	ee e7       	ldi	r30, 0x7E	; 126
      72:	f9 e1       	ldi	r31, 0x19	; 25
      74:	02 c0       	rjmp	.+4      	; 0x7a <.do_copy_data_start>

00000076 <.do_copy_data_loop>:
      76:	05 90       	lpm	r0, Z+
      78:	0d 92       	st	X+, r0

0000007a <.do_copy_data_start>:
      7a:	a6 38       	cpi	r26, 0x86	; 134
      7c:	b1 07       	cpc	r27, r17
      7e:	d9 f7       	brne	.-10     	; 0x76 <.do_copy_data_loop>

00000080 <__do_clear_bss>:
      80:	10 e0       	ldi	r17, 0x00	; 0
      82:	a6 e8       	ldi	r26, 0x86	; 134
      84:	b0 e0       	ldi	r27, 0x00	; 0
      86:	01 c0       	rjmp	.+2      	; 0x8a <.do_clear_bss_start>

00000088 <.do_clear_bss_loop>:
      88:	1d 92       	st	X+, r1

0000008a <.do_clear_bss_start>:
      8a:	a7 39       	cpi	r26, 0x97	; 151
      8c:	b1 07       	cpc	r27, r17
      8e:	e1 f7       	brne	.-8      	; 0x88 <.do_clear_bss_loop>
      90:	0e 94 f3 03 	call	0x7e6	; 0x7e6 <main>
      94:	0c 94 bd 0c 	jmp	0x197a	; 0x197a <_exit>

00000098 <__bad_interrupt>:
      98:	0c 94 00 00 	jmp	0	; 0x0 <__vectors>

0000009c <d_led_init>:
      9c:	8f ef       	ldi	r24, 0xFF	; 255
      9e:	84 bb       	out	0x14, r24	; 20
      a0:	85 bb       	out	0x15, r24	; 21
      a2:	87 b3       	in	r24, 0x17	; 23
      a4:	8f 60       	ori	r24, 0x0F	; 15
      a6:	87 bb       	out	0x17, r24	; 23
      a8:	88 b3       	in	r24, 0x18	; 24
      aa:	8f 60       	ori	r24, 0x0F	; 15
      ac:	88 bb       	out	0x18, r24	; 24
      ae:	83 b7       	in	r24, 0x33	; 51
      b0:	88 60       	ori	r24, 0x08	; 8
      b2:	83 bf       	out	0x33, r24	; 51
      b4:	83 b7       	in	r24, 0x33	; 51
      b6:	85 60       	ori	r24, 0x05	; 5
      b8:	83 bf       	out	0x33, r24	; 51
      ba:	8e e4       	ldi	r24, 0x4E	; 78
      bc:	8c bf       	out	0x3c, r24	; 60
      be:	89 b7       	in	r24, 0x39	; 57
      c0:	82 60       	ori	r24, 0x02	; 2
      c2:	89 bf       	out	0x39, r24	; 57
      c4:	08 95       	ret

000000c6 <__vector_10>:
      c6:	1f 92       	push	r1
      c8:	0f 92       	push	r0
      ca:	0f b6       	in	r0, 0x3f	; 63
      cc:	0f 92       	push	r0
      ce:	11 24       	eor	r1, r1
      d0:	2f 93       	push	r18
      d2:	8f 93       	push	r24
      d4:	9f 93       	push	r25
      d6:	ef 93       	push	r30
      d8:	ff 93       	push	r31
      da:	98 b3       	in	r25, 0x18	; 24
      dc:	20 91 60 00 	lds	r18, 0x0060
      e0:	82 2f       	mov	r24, r18
      e2:	80 95       	com	r24
      e4:	8f 70       	andi	r24, 0x0F	; 15
      e6:	90 7f       	andi	r25, 0xF0	; 240
      e8:	89 2b       	or	r24, r25
      ea:	88 bb       	out	0x18, r24	; 24
      ec:	21 30       	cpi	r18, 0x01	; 1
      ee:	39 f4       	brne	.+14     	; 0xfe <__vector_10+0x38>
      f0:	e0 91 8d 00 	lds	r30, 0x008D
      f4:	f0 e0       	ldi	r31, 0x00	; 0
      f6:	ec 5a       	subi	r30, 0xAC	; 172
      f8:	ff 4f       	sbci	r31, 0xFF	; 255
      fa:	e4 91       	lpm	r30, Z+
      fc:	1a c0       	rjmp	.+52     	; 0x132 <__vector_10+0x6c>
      fe:	22 30       	cpi	r18, 0x02	; 2
     100:	39 f4       	brne	.+14     	; 0x110 <__vector_10+0x4a>
     102:	e0 91 8e 00 	lds	r30, 0x008E
     106:	f0 e0       	ldi	r31, 0x00	; 0
     108:	ec 5a       	subi	r30, 0xAC	; 172
     10a:	ff 4f       	sbci	r31, 0xFF	; 255
     10c:	e4 91       	lpm	r30, Z+
     10e:	11 c0       	rjmp	.+34     	; 0x132 <__vector_10+0x6c>
     110:	24 30       	cpi	r18, 0x04	; 4
     112:	39 f4       	brne	.+14     	; 0x122 <__vector_10+0x5c>
     114:	e0 91 8f 00 	lds	r30, 0x008F
     118:	f0 e0       	ldi	r31, 0x00	; 0
     11a:	ec 5a       	subi	r30, 0xAC	; 172
     11c:	ff 4f       	sbci	r31, 0xFF	; 255
     11e:	e4 91       	lpm	r30, Z+
     120:	08 c0       	rjmp	.+16     	; 0x132 <__vector_10+0x6c>
     122:	28 30       	cpi	r18, 0x08	; 8
     124:	39 f4       	brne	.+14     	; 0x134 <__vector_10+0x6e>
     126:	e0 91 8c 00 	lds	r30, 0x008C
     12a:	f0 e0       	ldi	r31, 0x00	; 0
     12c:	ec 5a       	subi	r30, 0xAC	; 172
     12e:	ff 4f       	sbci	r31, 0xFF	; 255
     130:	e4 91       	lpm	r30, Z+
     132:	e5 bb       	out	0x15, r30	; 21
     134:	82 2f       	mov	r24, r18
     136:	88 0f       	add	r24, r24
     138:	80 93 60 00 	sts	0x0060, r24
     13c:	89 30       	cpi	r24, 0x09	; 9
     13e:	18 f0       	brcs	.+6      	; 0x146 <__vector_10+0x80>
     140:	81 e0       	ldi	r24, 0x01	; 1
     142:	80 93 60 00 	sts	0x0060, r24
     146:	ff 91       	pop	r31
     148:	ef 91       	pop	r30
     14a:	9f 91       	pop	r25
     14c:	8f 91       	pop	r24
     14e:	2f 91       	pop	r18
     150:	0f 90       	pop	r0
     152:	0f be       	out	0x3f, r0	; 63
     154:	0f 90       	pop	r0
     156:	1f 90       	pop	r1
     158:	18 95       	reti

0000015a <delay_ms_var>:
     15a:	20 ea       	ldi	r18, 0xA0	; 160
     15c:	3f e0       	ldi	r19, 0x0F	; 15
     15e:	04 c0       	rjmp	.+8      	; 0x168 <delay_ms_var+0xe>
     160:	f9 01       	movw	r30, r18
     162:	31 97       	sbiw	r30, 0x01	; 1
     164:	f1 f7       	brne	.-4      	; 0x162 <delay_ms_var+0x8>
     166:	01 97       	sbiw	r24, 0x01	; 1
     168:	00 97       	sbiw	r24, 0x00	; 0
     16a:	d1 f7       	brne	.-12     	; 0x160 <delay_ms_var+0x6>
     16c:	08 95       	ret

0000016e <delay_us_var>:
     16e:	35 e0       	ldi	r19, 0x05	; 5
     170:	04 c0       	rjmp	.+8      	; 0x17a <delay_us_var+0xc>
     172:	23 2f       	mov	r18, r19
     174:	2a 95       	dec	r18
     176:	f1 f7       	brne	.-4      	; 0x174 <delay_us_var+0x6>
     178:	01 97       	sbiw	r24, 0x01	; 1
     17a:	00 97       	sbiw	r24, 0x00	; 0
     17c:	d1 f7       	brne	.-12     	; 0x172 <delay_us_var+0x4>
     17e:	08 95       	ret

00000180 <delay_ms_var_double>:
     180:	af 92       	push	r10
     182:	bf 92       	push	r11
     184:	cf 92       	push	r12
     186:	df 92       	push	r13
     188:	ef 92       	push	r14
     18a:	ff 92       	push	r15
     18c:	0f 93       	push	r16
     18e:	1f 93       	push	r17
     190:	5b 01       	movw	r10, r22
     192:	6c 01       	movw	r12, r24
     194:	20 e0       	ldi	r18, 0x00	; 0
     196:	30 e0       	ldi	r19, 0x00	; 0
     198:	4a e7       	ldi	r20, 0x7A	; 122
     19a:	55 e4       	ldi	r21, 0x45	; 69
     19c:	0e 94 0d 08 	call	0x101a	; 0x101a <__mulsf3>
     1a0:	7b 01       	movw	r14, r22
     1a2:	8c 01       	movw	r16, r24
     1a4:	20 e0       	ldi	r18, 0x00	; 0
     1a6:	30 e0       	ldi	r19, 0x00	; 0
     1a8:	40 e8       	ldi	r20, 0x80	; 128
     1aa:	5f e3       	ldi	r21, 0x3F	; 63
     1ac:	0e 94 13 0a 	call	0x1426	; 0x1426 <__ltsf2>
     1b0:	88 23       	and	r24, r24
     1b2:	1c f4       	brge	.+6      	; 0x1ba <delay_ms_var_double+0x3a>
     1b4:	61 e0       	ldi	r22, 0x01	; 1
     1b6:	70 e0       	ldi	r23, 0x00	; 0
     1b8:	24 c0       	rjmp	.+72     	; 0x202 <delay_ms_var_double+0x82>
     1ba:	c8 01       	movw	r24, r16
     1bc:	b7 01       	movw	r22, r14
     1be:	20 e0       	ldi	r18, 0x00	; 0
     1c0:	3f ef       	ldi	r19, 0xFF	; 255
     1c2:	4f e7       	ldi	r20, 0x7F	; 127
     1c4:	57 e4       	ldi	r21, 0x47	; 71
     1c6:	0e 94 b3 09 	call	0x1366	; 0x1366 <__gtsf2>
     1ca:	18 16       	cp	r1, r24
     1cc:	b4 f4       	brge	.+44     	; 0x1fa <delay_ms_var_double+0x7a>
     1ce:	c6 01       	movw	r24, r12
     1d0:	b5 01       	movw	r22, r10
     1d2:	20 e0       	ldi	r18, 0x00	; 0
     1d4:	30 e0       	ldi	r19, 0x00	; 0
     1d6:	40 e2       	ldi	r20, 0x20	; 32
     1d8:	51 e4       	ldi	r21, 0x41	; 65
     1da:	0e 94 0d 08 	call	0x101a	; 0x101a <__mulsf3>
     1de:	0e 94 37 06 	call	0xc6e	; 0xc6e <__fixunssfsi>
     1e2:	80 e9       	ldi	r24, 0x90	; 144
     1e4:	91 e0       	ldi	r25, 0x01	; 1
     1e6:	05 c0       	rjmp	.+10     	; 0x1f2 <delay_ms_var_double+0x72>
     1e8:	fc 01       	movw	r30, r24
     1ea:	31 97       	sbiw	r30, 0x01	; 1
     1ec:	f1 f7       	brne	.-4      	; 0x1ea <delay_ms_var_double+0x6a>
     1ee:	61 50       	subi	r22, 0x01	; 1
     1f0:	70 40       	sbci	r23, 0x00	; 0
     1f2:	61 15       	cp	r22, r1
     1f4:	71 05       	cpc	r23, r1
     1f6:	c1 f7       	brne	.-16     	; 0x1e8 <delay_ms_var_double+0x68>
     1f8:	07 c0       	rjmp	.+14     	; 0x208 <delay_ms_var_double+0x88>
     1fa:	c8 01       	movw	r24, r16
     1fc:	b7 01       	movw	r22, r14
     1fe:	0e 94 37 06 	call	0xc6e	; 0xc6e <__fixunssfsi>
     202:	cb 01       	movw	r24, r22
     204:	01 97       	sbiw	r24, 0x01	; 1
     206:	f1 f7       	brne	.-4      	; 0x204 <delay_ms_var_double+0x84>
     208:	1f 91       	pop	r17
     20a:	0f 91       	pop	r16
     20c:	ff 90       	pop	r15
     20e:	ef 90       	pop	r14
     210:	df 90       	pop	r13
     212:	cf 90       	pop	r12
     214:	bf 90       	pop	r11
     216:	af 90       	pop	r10
     218:	08 95       	ret

0000021a <delay_us_var_double>:
     21a:	af 92       	push	r10
     21c:	bf 92       	push	r11
     21e:	cf 92       	push	r12
     220:	df 92       	push	r13
     222:	ef 92       	push	r14
     224:	ff 92       	push	r15
     226:	0f 93       	push	r16
     228:	1f 93       	push	r17
     22a:	5b 01       	movw	r10, r22
     22c:	6c 01       	movw	r12, r24
     22e:	2b ea       	ldi	r18, 0xAB	; 171
     230:	3a ea       	ldi	r19, 0xAA	; 170
     232:	4a ea       	ldi	r20, 0xAA	; 170
     234:	50 e4       	ldi	r21, 0x40	; 64
     236:	0e 94 0d 08 	call	0x101a	; 0x101a <__mulsf3>
     23a:	7b 01       	movw	r14, r22
     23c:	8c 01       	movw	r16, r24
     23e:	20 e0       	ldi	r18, 0x00	; 0
     240:	30 e0       	ldi	r19, 0x00	; 0
     242:	40 e8       	ldi	r20, 0x80	; 128
     244:	5f e3       	ldi	r21, 0x3F	; 63
     246:	0e 94 13 0a 	call	0x1426	; 0x1426 <__ltsf2>
     24a:	88 23       	and	r24, r24
     24c:	14 f4       	brge	.+4      	; 0x252 <delay_us_var_double+0x38>
     24e:	61 e0       	ldi	r22, 0x01	; 1
     250:	19 c0       	rjmp	.+50     	; 0x284 <delay_us_var_double+0x6a>
     252:	c8 01       	movw	r24, r16
     254:	b7 01       	movw	r22, r14
     256:	20 e0       	ldi	r18, 0x00	; 0
     258:	30 e0       	ldi	r19, 0x00	; 0
     25a:	4f e7       	ldi	r20, 0x7F	; 127
     25c:	53 e4       	ldi	r21, 0x43	; 67
     25e:	0e 94 b3 09 	call	0x1366	; 0x1366 <__gtsf2>
     262:	18 16       	cp	r1, r24
     264:	5c f4       	brge	.+22     	; 0x27c <delay_us_var_double+0x62>
     266:	c6 01       	movw	r24, r12
     268:	b5 01       	movw	r22, r10
     26a:	20 e0       	ldi	r18, 0x00	; 0
     26c:	30 e0       	ldi	r19, 0x00	; 0
     26e:	4a e7       	ldi	r20, 0x7A	; 122
     270:	54 e4       	ldi	r21, 0x44	; 68
     272:	0e 94 07 09 	call	0x120e	; 0x120e <__divsf3>
     276:	0e 94 c0 00 	call	0x180	; 0x180 <delay_ms_var_double>
     27a:	06 c0       	rjmp	.+12     	; 0x288 <delay_us_var_double+0x6e>
     27c:	c8 01       	movw	r24, r16
     27e:	b7 01       	movw	r22, r14
     280:	0e 94 37 06 	call	0xc6e	; 0xc6e <__fixunssfsi>
     284:	6a 95       	dec	r22
     286:	f1 f7       	brne	.-4      	; 0x284 <delay_us_var_double+0x6a>
     288:	1f 91       	pop	r17
     28a:	0f 91       	pop	r16
     28c:	ff 90       	pop	r15
     28e:	ef 90       	pop	r14
     290:	df 90       	pop	r13
     292:	cf 90       	pop	r12
     294:	bf 90       	pop	r11
     296:	af 90       	pop	r10
     298:	08 95       	ret

0000029a <_LCD_OutNibble>:
     29a:	80 ff       	sbrs	r24, 0
     29c:	02 c0       	rjmp	.+4      	; 0x2a2 <_LCD_OutNibble+0x8>
     29e:	dc 9a       	sbi	0x1b, 4	; 27
     2a0:	01 c0       	rjmp	.+2      	; 0x2a4 <_LCD_OutNibble+0xa>
     2a2:	dc 98       	cbi	0x1b, 4	; 27
     2a4:	81 ff       	sbrs	r24, 1
     2a6:	02 c0       	rjmp	.+4      	; 0x2ac <_LCD_OutNibble+0x12>
     2a8:	dd 9a       	sbi	0x1b, 5	; 27
     2aa:	01 c0       	rjmp	.+2      	; 0x2ae <_LCD_OutNibble+0x14>
     2ac:	dd 98       	cbi	0x1b, 5	; 27
     2ae:	82 ff       	sbrs	r24, 2
     2b0:	02 c0       	rjmp	.+4      	; 0x2b6 <_LCD_OutNibble+0x1c>
     2b2:	de 9a       	sbi	0x1b, 6	; 27
     2b4:	01 c0       	rjmp	.+2      	; 0x2b8 <_LCD_OutNibble+0x1e>
     2b6:	de 98       	cbi	0x1b, 6	; 27
     2b8:	83 ff       	sbrs	r24, 3
     2ba:	02 c0       	rjmp	.+4      	; 0x2c0 <_LCD_OutNibble+0x26>
     2bc:	df 9a       	sbi	0x1b, 7	; 27
     2be:	08 95       	ret
     2c0:	df 98       	cbi	0x1b, 7	; 27
     2c2:	08 95       	ret

000002c4 <_LCD_InNibble>:
     2c4:	89 b3       	in	r24, 0x19	; 25
     2c6:	90 e0       	ldi	r25, 0x00	; 0
     2c8:	24 e0       	ldi	r18, 0x04	; 4
     2ca:	96 95       	lsr	r25
     2cc:	87 95       	ror	r24
     2ce:	2a 95       	dec	r18
     2d0:	e1 f7       	brne	.-8      	; 0x2ca <_LCD_InNibble+0x6>
     2d2:	81 70       	andi	r24, 0x01	; 1
     2d4:	cd 99       	sbic	0x19, 5	; 25
     2d6:	82 60       	ori	r24, 0x02	; 2
     2d8:	ce 99       	sbic	0x19, 6	; 25
     2da:	84 60       	ori	r24, 0x04	; 4
     2dc:	cf 99       	sbic	0x19, 7	; 25
     2de:	88 60       	ori	r24, 0x08	; 8
     2e0:	08 95       	ret

000002e2 <_LCD_Read>:
     2e2:	1f 93       	push	r17
     2e4:	d4 98       	cbi	0x1a, 4	; 26
     2e6:	d5 98       	cbi	0x1a, 5	; 26
     2e8:	d6 98       	cbi	0x1a, 6	; 26
     2ea:	d7 98       	cbi	0x1a, 7	; 26
     2ec:	d9 9a       	sbi	0x1b, 1	; 27
     2ee:	db 9a       	sbi	0x1b, 3	; 27
     2f0:	0e 94 62 01 	call	0x2c4	; 0x2c4 <_LCD_InNibble>
     2f4:	18 2f       	mov	r17, r24
     2f6:	12 95       	swap	r17
     2f8:	10 7f       	andi	r17, 0xF0	; 240
     2fa:	db 98       	cbi	0x1b, 3	; 27
     2fc:	db 9a       	sbi	0x1b, 3	; 27
     2fe:	0e 94 62 01 	call	0x2c4	; 0x2c4 <_LCD_InNibble>
     302:	db 98       	cbi	0x1b, 3	; 27
     304:	81 2b       	or	r24, r17
     306:	1f 91       	pop	r17
     308:	08 95       	ret

0000030a <LCD_ReadStatus>:
     30a:	da 98       	cbi	0x1b, 2	; 27
     30c:	0e 94 71 01 	call	0x2e2	; 0x2e2 <_LCD_Read>
     310:	08 95       	ret

00000312 <_LCD_Write>:
     312:	1f 93       	push	r17
     314:	18 2f       	mov	r17, r24
     316:	d4 9a       	sbi	0x1a, 4	; 26
     318:	d5 9a       	sbi	0x1a, 5	; 26
     31a:	d6 9a       	sbi	0x1a, 6	; 26
     31c:	d7 9a       	sbi	0x1a, 7	; 26
     31e:	d9 98       	cbi	0x1b, 1	; 27
     320:	db 9a       	sbi	0x1b, 3	; 27
     322:	82 95       	swap	r24
     324:	8f 70       	andi	r24, 0x0F	; 15
     326:	0e 94 4d 01 	call	0x29a	; 0x29a <_LCD_OutNibble>
     32a:	db 98       	cbi	0x1b, 3	; 27
     32c:	db 9a       	sbi	0x1b, 3	; 27
     32e:	81 2f       	mov	r24, r17
     330:	0e 94 4d 01 	call	0x29a	; 0x29a <_LCD_OutNibble>
     334:	db 98       	cbi	0x1b, 3	; 27
     336:	0e 94 85 01 	call	0x30a	; 0x30a <LCD_ReadStatus>
     33a:	87 fd       	sbrc	r24, 7
     33c:	fc cf       	rjmp	.-8      	; 0x336 <_LCD_Write+0x24>
     33e:	1f 91       	pop	r17
     340:	08 95       	ret

00000342 <LCD_WriteCommand>:
     342:	da 98       	cbi	0x1b, 2	; 27
     344:	0e 94 89 01 	call	0x312	; 0x312 <_LCD_Write>
     348:	08 95       	ret

0000034a <LCD_WriteData>:
     34a:	da 9a       	sbi	0x1b, 2	; 27
     34c:	0e 94 89 01 	call	0x312	; 0x312 <_LCD_Write>
     350:	08 95       	ret

00000352 <LCD_ReadData>:
     352:	da 9a       	sbi	0x1b, 2	; 27
     354:	0e 94 71 01 	call	0x2e2	; 0x2e2 <_LCD_Read>
     358:	08 95       	ret

0000035a <LCD_WriteText>:
     35a:	cf 93       	push	r28
     35c:	df 93       	push	r29
     35e:	ec 01       	movw	r28, r24
     360:	03 c0       	rjmp	.+6      	; 0x368 <LCD_WriteText+0xe>
     362:	21 96       	adiw	r28, 0x01	; 1
     364:	0e 94 a5 01 	call	0x34a	; 0x34a <LCD_WriteData>
     368:	88 81       	ld	r24, Y
     36a:	88 23       	and	r24, r24
     36c:	d1 f7       	brne	.-12     	; 0x362 <LCD_WriteText+0x8>
     36e:	df 91       	pop	r29
     370:	cf 91       	pop	r28
     372:	08 95       	ret

00000374 <LCD_GoTo>:
     374:	62 95       	swap	r22
     376:	66 0f       	add	r22, r22
     378:	66 0f       	add	r22, r22
     37a:	60 7c       	andi	r22, 0xC0	; 192
     37c:	68 0f       	add	r22, r24
     37e:	86 2f       	mov	r24, r22
     380:	80 68       	ori	r24, 0x80	; 128
     382:	0e 94 a1 01 	call	0x342	; 0x342 <LCD_WriteCommand>
     386:	08 95       	ret

00000388 <LCD_Clear>:
     388:	81 e0       	ldi	r24, 0x01	; 1
     38a:	0e 94 a1 01 	call	0x342	; 0x342 <LCD_WriteCommand>
     38e:	80 e4       	ldi	r24, 0x40	; 64
     390:	9f e1       	ldi	r25, 0x1F	; 31
     392:	01 97       	sbiw	r24, 0x01	; 1
     394:	f1 f7       	brne	.-4      	; 0x392 <LCD_Clear+0xa>
     396:	08 95       	ret

00000398 <LCD_Home>:
     398:	82 e0       	ldi	r24, 0x02	; 2
     39a:	0e 94 a1 01 	call	0x342	; 0x342 <LCD_WriteCommand>
     39e:	80 e4       	ldi	r24, 0x40	; 64
     3a0:	9f e1       	ldi	r25, 0x1F	; 31
     3a2:	01 97       	sbiw	r24, 0x01	; 1
     3a4:	f1 f7       	brne	.-4      	; 0x3a2 <LCD_Home+0xa>
     3a6:	08 95       	ret

000003a8 <LCD_Initalize>:
     3a8:	1f 93       	push	r17
     3aa:	cf 93       	push	r28
     3ac:	df 93       	push	r29
     3ae:	d4 9a       	sbi	0x1a, 4	; 26
     3b0:	d5 9a       	sbi	0x1a, 5	; 26
     3b2:	d6 9a       	sbi	0x1a, 6	; 26
     3b4:	d7 9a       	sbi	0x1a, 7	; 26
     3b6:	d3 9a       	sbi	0x1a, 3	; 26
     3b8:	d2 9a       	sbi	0x1a, 2	; 26
     3ba:	d1 9a       	sbi	0x1a, 1	; 26
     3bc:	80 e6       	ldi	r24, 0x60	; 96
     3be:	9a ee       	ldi	r25, 0xEA	; 234
     3c0:	01 97       	sbiw	r24, 0x01	; 1
     3c2:	f1 f7       	brne	.-4      	; 0x3c0 <LCD_Initalize+0x18>
     3c4:	da 98       	cbi	0x1b, 2	; 27
     3c6:	db 98       	cbi	0x1b, 3	; 27
     3c8:	d9 98       	cbi	0x1b, 1	; 27
     3ca:	10 e0       	ldi	r17, 0x00	; 0
     3cc:	c0 e2       	ldi	r28, 0x20	; 32
     3ce:	de e4       	ldi	r29, 0x4E	; 78
     3d0:	db 9a       	sbi	0x1b, 3	; 27
     3d2:	83 e0       	ldi	r24, 0x03	; 3
     3d4:	0e 94 4d 01 	call	0x29a	; 0x29a <_LCD_OutNibble>
     3d8:	db 98       	cbi	0x1b, 3	; 27
     3da:	ce 01       	movw	r24, r28
     3dc:	01 97       	sbiw	r24, 0x01	; 1
     3de:	f1 f7       	brne	.-4      	; 0x3dc <LCD_Initalize+0x34>
     3e0:	1f 5f       	subi	r17, 0xFF	; 255
     3e2:	13 30       	cpi	r17, 0x03	; 3
     3e4:	a9 f7       	brne	.-22     	; 0x3d0 <LCD_Initalize+0x28>
     3e6:	db 9a       	sbi	0x1b, 3	; 27
     3e8:	82 e0       	ldi	r24, 0x02	; 2
     3ea:	0e 94 4d 01 	call	0x29a	; 0x29a <_LCD_OutNibble>
     3ee:	db 98       	cbi	0x1b, 3	; 27
     3f0:	80 ea       	ldi	r24, 0xA0	; 160
     3f2:	9f e0       	ldi	r25, 0x0F	; 15
     3f4:	01 97       	sbiw	r24, 0x01	; 1
     3f6:	f1 f7       	brne	.-4      	; 0x3f4 <LCD_Initalize+0x4c>
     3f8:	88 e2       	ldi	r24, 0x28	; 40
     3fa:	0e 94 a1 01 	call	0x342	; 0x342 <LCD_WriteCommand>
     3fe:	88 e0       	ldi	r24, 0x08	; 8
     400:	0e 94 a1 01 	call	0x342	; 0x342 <LCD_WriteCommand>
     404:	81 e0       	ldi	r24, 0x01	; 1
     406:	0e 94 a1 01 	call	0x342	; 0x342 <LCD_WriteCommand>
     40a:	86 e0       	ldi	r24, 0x06	; 6
     40c:	0e 94 a1 01 	call	0x342	; 0x342 <LCD_WriteCommand>
     410:	8c e0       	ldi	r24, 0x0C	; 12
     412:	0e 94 a1 01 	call	0x342	; 0x342 <LCD_WriteCommand>
     416:	df 91       	pop	r29
     418:	cf 91       	pop	r28
     41a:	1f 91       	pop	r17
     41c:	08 95       	ret

0000041e <LCD_MoveRight>:
     41e:	af 92       	push	r10
     420:	bf 92       	push	r11
     422:	cf 92       	push	r12
     424:	df 92       	push	r13
     426:	ef 92       	push	r14
     428:	ff 92       	push	r15
     42a:	0f 93       	push	r16
     42c:	1f 93       	push	r17
     42e:	cf 93       	push	r28
     430:	df 93       	push	r29
     432:	8c 01       	movw	r16, r24
     434:	6b 01       	movw	r12, r22
     436:	7a 01       	movw	r14, r20
     438:	c0 e0       	ldi	r28, 0x00	; 0
     43a:	d0 e0       	ldi	r29, 0x00	; 0
     43c:	30 ea       	ldi	r19, 0xA0	; 160
     43e:	a3 2e       	mov	r10, r19
     440:	3f e0       	ldi	r19, 0x0F	; 15
     442:	b3 2e       	mov	r11, r19
     444:	12 c0       	rjmp	.+36     	; 0x46a <__stack+0xb>
     446:	e1 14       	cp	r14, r1
     448:	f1 04       	cpc	r15, r1
     44a:	11 f0       	breq	.+4      	; 0x450 <LCD_MoveRight+0x32>
     44c:	8c e1       	ldi	r24, 0x1C	; 28
     44e:	01 c0       	rjmp	.+2      	; 0x452 <LCD_MoveRight+0x34>
     450:	84 e1       	ldi	r24, 0x14	; 20
     452:	0e 94 a1 01 	call	0x342	; 0x342 <LCD_WriteCommand>
     456:	01 15       	cp	r16, r1
     458:	11 05       	cpc	r17, r1
     45a:	31 f0       	breq	.+12     	; 0x468 <__stack+0x9>
     45c:	c8 01       	movw	r24, r16
     45e:	f5 01       	movw	r30, r10
     460:	31 97       	sbiw	r30, 0x01	; 1
     462:	f1 f7       	brne	.-4      	; 0x460 <__stack+0x1>
     464:	01 97       	sbiw	r24, 0x01	; 1
     466:	d9 f7       	brne	.-10     	; 0x45e <LCD_MoveRight+0x40>
     468:	21 96       	adiw	r28, 0x01	; 1
     46a:	cc 15       	cp	r28, r12
     46c:	dd 05       	cpc	r29, r13
     46e:	58 f3       	brcs	.-42     	; 0x446 <LCD_MoveRight+0x28>
     470:	df 91       	pop	r29
     472:	cf 91       	pop	r28
     474:	1f 91       	pop	r17
     476:	0f 91       	pop	r16
     478:	ff 90       	pop	r15
     47a:	ef 90       	pop	r14
     47c:	df 90       	pop	r13
     47e:	cf 90       	pop	r12
     480:	bf 90       	pop	r11
     482:	af 90       	pop	r10
     484:	08 95       	ret

00000486 <LCD_MoveLeft>:
     486:	af 92       	push	r10
     488:	bf 92       	push	r11
     48a:	cf 92       	push	r12
     48c:	df 92       	push	r13
     48e:	ef 92       	push	r14
     490:	ff 92       	push	r15
     492:	0f 93       	push	r16
     494:	1f 93       	push	r17
     496:	cf 93       	push	r28
     498:	df 93       	push	r29
     49a:	8c 01       	movw	r16, r24
     49c:	6b 01       	movw	r12, r22
     49e:	7a 01       	movw	r14, r20
     4a0:	c0 e0       	ldi	r28, 0x00	; 0
     4a2:	d0 e0       	ldi	r29, 0x00	; 0
     4a4:	40 ea       	ldi	r20, 0xA0	; 160
     4a6:	a4 2e       	mov	r10, r20
     4a8:	4f e0       	ldi	r20, 0x0F	; 15
     4aa:	b4 2e       	mov	r11, r20
     4ac:	12 c0       	rjmp	.+36     	; 0x4d2 <LCD_MoveLeft+0x4c>
     4ae:	e1 14       	cp	r14, r1
     4b0:	f1 04       	cpc	r15, r1
     4b2:	11 f0       	breq	.+4      	; 0x4b8 <LCD_MoveLeft+0x32>
     4b4:	88 e1       	ldi	r24, 0x18	; 24
     4b6:	01 c0       	rjmp	.+2      	; 0x4ba <LCD_MoveLeft+0x34>
     4b8:	80 e1       	ldi	r24, 0x10	; 16
     4ba:	0e 94 a1 01 	call	0x342	; 0x342 <LCD_WriteCommand>
     4be:	01 15       	cp	r16, r1
     4c0:	11 05       	cpc	r17, r1
     4c2:	31 f0       	breq	.+12     	; 0x4d0 <LCD_MoveLeft+0x4a>
     4c4:	c8 01       	movw	r24, r16
     4c6:	f5 01       	movw	r30, r10
     4c8:	31 97       	sbiw	r30, 0x01	; 1
     4ca:	f1 f7       	brne	.-4      	; 0x4c8 <LCD_MoveLeft+0x42>
     4cc:	01 97       	sbiw	r24, 0x01	; 1
     4ce:	d9 f7       	brne	.-10     	; 0x4c6 <LCD_MoveLeft+0x40>
     4d0:	21 96       	adiw	r28, 0x01	; 1
     4d2:	cc 15       	cp	r28, r12
     4d4:	dd 05       	cpc	r29, r13
     4d6:	58 f3       	brcs	.-42     	; 0x4ae <LCD_MoveLeft+0x28>
     4d8:	df 91       	pop	r29
     4da:	cf 91       	pop	r28
     4dc:	1f 91       	pop	r17
     4de:	0f 91       	pop	r16
     4e0:	ff 90       	pop	r15
     4e2:	ef 90       	pop	r14
     4e4:	df 90       	pop	r13
     4e6:	cf 90       	pop	r12
     4e8:	bf 90       	pop	r11
     4ea:	af 90       	pop	r10
     4ec:	08 95       	ret

000004ee <LCD_Erase>:
     4ee:	0f 93       	push	r16
     4f0:	1f 93       	push	r17
     4f2:	cf 93       	push	r28
     4f4:	df 93       	push	r29
     4f6:	8c 01       	movw	r16, r24
     4f8:	82 30       	cpi	r24, 0x02	; 2
     4fa:	91 05       	cpc	r25, r1
     4fc:	70 f4       	brcc	.+28     	; 0x51a <LCD_Erase+0x2c>
     4fe:	80 e0       	ldi	r24, 0x00	; 0
     500:	60 e0       	ldi	r22, 0x00	; 0
     502:	0e 94 ba 01 	call	0x374	; 0x374 <LCD_GoTo>
     506:	c0 e0       	ldi	r28, 0x00	; 0
     508:	d0 e0       	ldi	r29, 0x00	; 0
     50a:	81 e6       	ldi	r24, 0x61	; 97
     50c:	90 e0       	ldi	r25, 0x00	; 0
     50e:	0e 94 ad 01 	call	0x35a	; 0x35a <LCD_WriteText>
     512:	21 96       	adiw	r28, 0x01	; 1
     514:	c8 32       	cpi	r28, 0x28	; 40
     516:	d1 05       	cpc	r29, r1
     518:	c1 f7       	brne	.-16     	; 0x50a <LCD_Erase+0x1c>
     51a:	01 15       	cp	r16, r1
     51c:	11 05       	cpc	r17, r1
     51e:	19 f0       	breq	.+6      	; 0x526 <LCD_Erase+0x38>
     520:	02 30       	cpi	r16, 0x02	; 2
     522:	11 05       	cpc	r17, r1
     524:	71 f4       	brne	.+28     	; 0x542 <LCD_Erase+0x54>
     526:	80 e0       	ldi	r24, 0x00	; 0
     528:	61 e0       	ldi	r22, 0x01	; 1
     52a:	0e 94 ba 01 	call	0x374	; 0x374 <LCD_GoTo>
     52e:	c0 e0       	ldi	r28, 0x00	; 0
     530:	d0 e0       	ldi	r29, 0x00	; 0
     532:	81 e6       	ldi	r24, 0x61	; 97
     534:	90 e0       	ldi	r25, 0x00	; 0
     536:	0e 94 ad 01 	call	0x35a	; 0x35a <LCD_WriteText>
     53a:	21 96       	adiw	r28, 0x01	; 1
     53c:	c8 32       	cpi	r28, 0x28	; 40
     53e:	d1 05       	cpc	r29, r1
     540:	c1 f7       	brne	.-16     	; 0x532 <LCD_Erase+0x44>
     542:	df 91       	pop	r29
     544:	cf 91       	pop	r28
     546:	1f 91       	pop	r17
     548:	0f 91       	pop	r16
     54a:	08 95       	ret

0000054c <LCD_Displaying>:
     54c:	83 30       	cpi	r24, 0x03	; 3
     54e:	91 05       	cpc	r25, r1
     550:	99 f0       	breq	.+38     	; 0x578 <LCD_Displaying+0x2c>
     552:	84 30       	cpi	r24, 0x04	; 4
     554:	91 05       	cpc	r25, r1
     556:	30 f4       	brcc	.+12     	; 0x564 <LCD_Displaying+0x18>
     558:	81 30       	cpi	r24, 0x01	; 1
     55a:	91 05       	cpc	r25, r1
     55c:	49 f0       	breq	.+18     	; 0x570 <LCD_Displaying+0x24>
     55e:	02 97       	sbiw	r24, 0x02	; 2
     560:	a1 f4       	brne	.+40     	; 0x58a <LCD_Displaying+0x3e>
     562:	08 c0       	rjmp	.+16     	; 0x574 <LCD_Displaying+0x28>
     564:	84 30       	cpi	r24, 0x04	; 4
     566:	91 05       	cpc	r25, r1
     568:	49 f0       	breq	.+18     	; 0x57c <LCD_Displaying+0x30>
     56a:	05 97       	sbiw	r24, 0x05	; 5
     56c:	71 f4       	brne	.+28     	; 0x58a <LCD_Displaying+0x3e>
     56e:	0a c0       	rjmp	.+20     	; 0x584 <LCD_Displaying+0x38>
     570:	8c e0       	ldi	r24, 0x0C	; 12
     572:	05 c0       	rjmp	.+10     	; 0x57e <LCD_Displaying+0x32>
     574:	88 e0       	ldi	r24, 0x08	; 8
     576:	03 c0       	rjmp	.+6      	; 0x57e <LCD_Displaying+0x32>
     578:	8e e0       	ldi	r24, 0x0E	; 14
     57a:	01 c0       	rjmp	.+2      	; 0x57e <LCD_Displaying+0x32>
     57c:	8d e0       	ldi	r24, 0x0D	; 13
     57e:	0e 94 a1 01 	call	0x342	; 0x342 <LCD_WriteCommand>
     582:	08 95       	ret
     584:	8f e0       	ldi	r24, 0x0F	; 15
     586:	0e 94 a1 01 	call	0x342	; 0x342 <LCD_WriteCommand>
     58a:	08 95       	ret

0000058c <LCD_Hex>:
     58c:	df 93       	push	r29
     58e:	cf 93       	push	r28
     590:	cd b7       	in	r28, 0x3d	; 61
     592:	de b7       	in	r29, 0x3e	; 62
     594:	61 97       	sbiw	r28, 0x11	; 17
     596:	0f b6       	in	r0, 0x3f	; 63
     598:	f8 94       	cli
     59a:	de bf       	out	0x3e, r29	; 62
     59c:	0f be       	out	0x3f, r0	; 63
     59e:	cd bf       	out	0x3d, r28	; 61
     5a0:	be 01       	movw	r22, r28
     5a2:	6f 5f       	subi	r22, 0xFF	; 255
     5a4:	7f 4f       	sbci	r23, 0xFF	; 255
     5a6:	40 e1       	ldi	r20, 0x10	; 16
     5a8:	50 e0       	ldi	r21, 0x00	; 0
     5aa:	0e 94 74 0c 	call	0x18e8	; 0x18e8 <itoa>
     5ae:	0e 94 ad 01 	call	0x35a	; 0x35a <LCD_WriteText>
     5b2:	61 96       	adiw	r28, 0x11	; 17
     5b4:	0f b6       	in	r0, 0x3f	; 63
     5b6:	f8 94       	cli
     5b8:	de bf       	out	0x3e, r29	; 62
     5ba:	0f be       	out	0x3f, r0	; 63
     5bc:	cd bf       	out	0x3d, r28	; 61
     5be:	cf 91       	pop	r28
     5c0:	df 91       	pop	r29
     5c2:	08 95       	ret

000005c4 <LCD_Int>:
     5c4:	df 93       	push	r29
     5c6:	cf 93       	push	r28
     5c8:	cd b7       	in	r28, 0x3d	; 61
     5ca:	de b7       	in	r29, 0x3e	; 62
     5cc:	61 97       	sbiw	r28, 0x11	; 17
     5ce:	0f b6       	in	r0, 0x3f	; 63
     5d0:	f8 94       	cli
     5d2:	de bf       	out	0x3e, r29	; 62
     5d4:	0f be       	out	0x3f, r0	; 63
     5d6:	cd bf       	out	0x3d, r28	; 61
     5d8:	be 01       	movw	r22, r28
     5da:	6f 5f       	subi	r22, 0xFF	; 255
     5dc:	7f 4f       	sbci	r23, 0xFF	; 255
     5de:	4a e0       	ldi	r20, 0x0A	; 10
     5e0:	50 e0       	ldi	r21, 0x00	; 0
     5e2:	0e 94 74 0c 	call	0x18e8	; 0x18e8 <itoa>
     5e6:	0e 94 ad 01 	call	0x35a	; 0x35a <LCD_WriteText>
     5ea:	61 96       	adiw	r28, 0x11	; 17
     5ec:	0f b6       	in	r0, 0x3f	; 63
     5ee:	f8 94       	cli
     5f0:	de bf       	out	0x3e, r29	; 62
     5f2:	0f be       	out	0x3f, r0	; 63
     5f4:	cd bf       	out	0x3d, r28	; 61
     5f6:	cf 91       	pop	r28
     5f8:	df 91       	pop	r29
     5fa:	08 95       	ret

000005fc <ir_init>:
     5fc:	8e 98       	cbi	0x11, 6	; 17
     5fe:	96 9a       	sbi	0x12, 6	; 18
     600:	8e b5       	in	r24, 0x2e	; 46
     602:	85 60       	ori	r24, 0x05	; 5
     604:	8e bd       	out	0x2e, r24	; 46
     606:	8e b5       	in	r24, 0x2e	; 46
     608:	8f 7b       	andi	r24, 0xBF	; 191
     60a:	8e bd       	out	0x2e, r24	; 46
     60c:	10 92 93 00 	sts	0x0093, r1
     610:	89 b7       	in	r24, 0x39	; 57
     612:	80 62       	ori	r24, 0x20	; 32
     614:	89 bf       	out	0x39, r24	; 57
     616:	10 92 94 00 	sts	0x0094, r1
     61a:	08 95       	ret

0000061c <__vector_6>:
     61c:	1f 92       	push	r1
     61e:	0f 92       	push	r0
     620:	0f b6       	in	r0, 0x3f	; 63
     622:	0f 92       	push	r0
     624:	11 24       	eor	r1, r1
     626:	2f 93       	push	r18
     628:	3f 93       	push	r19
     62a:	8f 93       	push	r24
     62c:	9f 93       	push	r25
     62e:	26 b5       	in	r18, 0x26	; 38
     630:	37 b5       	in	r19, 0x27	; 39
     632:	80 91 8a 00 	lds	r24, 0x008A
     636:	90 91 8b 00 	lds	r25, 0x008B
     63a:	28 1b       	sub	r18, r24
     63c:	39 0b       	sbc	r19, r25
     63e:	86 b5       	in	r24, 0x26	; 38
     640:	97 b5       	in	r25, 0x27	; 39
     642:	90 93 8b 00 	sts	0x008B, r25
     646:	80 93 8a 00 	sts	0x008A, r24
     64a:	8e b5       	in	r24, 0x2e	; 46
     64c:	90 e4       	ldi	r25, 0x40	; 64
     64e:	89 27       	eor	r24, r25
     650:	8e bd       	out	0x2e, r24	; 46
     652:	2f 31       	cpi	r18, 0x1F	; 31
     654:	31 05       	cpc	r19, r1
     656:	10 f0       	brcs	.+4      	; 0x65c <__vector_6+0x40>
     658:	10 92 93 00 	sts	0x0093, r1
     65c:	80 91 93 00 	lds	r24, 0x0093
     660:	88 23       	and	r24, r24
     662:	19 f0       	breq	.+6      	; 0x66a <__vector_6+0x4e>
     664:	81 e0       	ldi	r24, 0x01	; 1
     666:	80 93 86 00 	sts	0x0086, r24
     66a:	80 91 93 00 	lds	r24, 0x0093
     66e:	88 23       	and	r24, r24
     670:	89 f4       	brne	.+34     	; 0x694 <__vector_6+0x78>
     672:	10 92 88 00 	sts	0x0088, r1
     676:	10 92 87 00 	sts	0x0087, r1
     67a:	10 92 89 00 	sts	0x0089, r1
     67e:	8e b5       	in	r24, 0x2e	; 46
     680:	80 64       	ori	r24, 0x40	; 64
     682:	8e bd       	out	0x2e, r24	; 46
     684:	80 91 93 00 	lds	r24, 0x0093
     688:	8f 5f       	subi	r24, 0xFF	; 255
     68a:	80 93 93 00 	sts	0x0093, r24
     68e:	82 e0       	ldi	r24, 0x02	; 2
     690:	80 93 86 00 	sts	0x0086, r24
     694:	80 91 86 00 	lds	r24, 0x0086
     698:	81 30       	cpi	r24, 0x01	; 1
     69a:	09 f0       	breq	.+2      	; 0x69e <__vector_6+0x82>
     69c:	62 c0       	rjmp	.+196    	; 0x762 <__vector_6+0x146>
     69e:	2a 30       	cpi	r18, 0x0A	; 10
     6a0:	31 05       	cpc	r19, r1
     6a2:	10 f4       	brcc	.+4      	; 0x6a8 <__vector_6+0x8c>
     6a4:	10 92 86 00 	sts	0x0086, r1
     6a8:	2f 31       	cpi	r18, 0x1F	; 31
     6aa:	31 05       	cpc	r19, r1
     6ac:	10 f0       	brcs	.+4      	; 0x6b2 <__vector_6+0x96>
     6ae:	10 92 86 00 	sts	0x0086, r1
     6b2:	80 91 86 00 	lds	r24, 0x0086
     6b6:	81 30       	cpi	r24, 0x01	; 1
     6b8:	09 f0       	breq	.+2      	; 0x6bc <__vector_6+0xa0>
     6ba:	53 c0       	rjmp	.+166    	; 0x762 <__vector_6+0x146>
     6bc:	22 31       	cpi	r18, 0x12	; 18
     6be:	31 05       	cpc	r19, r1
     6c0:	28 f0       	brcs	.+10     	; 0x6cc <__vector_6+0xb0>
     6c2:	80 91 93 00 	lds	r24, 0x0093
     6c6:	8f 5f       	subi	r24, 0xFF	; 255
     6c8:	80 93 93 00 	sts	0x0093, r24
     6cc:	80 91 93 00 	lds	r24, 0x0093
     6d0:	82 30       	cpi	r24, 0x02	; 2
     6d2:	08 f4       	brcc	.+2      	; 0x6d6 <__vector_6+0xba>
     6d4:	41 c0       	rjmp	.+130    	; 0x758 <__vector_6+0x13c>
     6d6:	80 91 93 00 	lds	r24, 0x0093
     6da:	80 fd       	sbrc	r24, 0
     6dc:	3d c0       	rjmp	.+122    	; 0x758 <__vector_6+0x13c>
     6de:	80 91 87 00 	lds	r24, 0x0087
     6e2:	90 91 88 00 	lds	r25, 0x0088
     6e6:	88 0f       	add	r24, r24
     6e8:	99 1f       	adc	r25, r25
     6ea:	90 93 88 00 	sts	0x0088, r25
     6ee:	80 93 87 00 	sts	0x0087, r24
     6f2:	0e b4       	in	r0, 0x2e	; 46
     6f4:	06 fe       	sbrs	r0, 6
     6f6:	05 c0       	rjmp	.+10     	; 0x702 <__vector_6+0xe6>
     6f8:	81 60       	ori	r24, 0x01	; 1
     6fa:	90 93 88 00 	sts	0x0088, r25
     6fe:	80 93 87 00 	sts	0x0087, r24
     702:	80 91 89 00 	lds	r24, 0x0089
     706:	8f 5f       	subi	r24, 0xFF	; 255
     708:	80 93 89 00 	sts	0x0089, r24
     70c:	8d 30       	cpi	r24, 0x0D	; 13
     70e:	20 f1       	brcs	.+72     	; 0x758 <__vector_6+0x13c>
     710:	80 91 94 00 	lds	r24, 0x0094
     714:	88 23       	and	r24, r24
     716:	d9 f4       	brne	.+54     	; 0x74e <__vector_6+0x132>
     718:	20 91 87 00 	lds	r18, 0x0087
     71c:	30 91 88 00 	lds	r19, 0x0088
     720:	82 2f       	mov	r24, r18
     722:	8f 73       	andi	r24, 0x3F	; 63
     724:	80 93 92 00 	sts	0x0092, r24
     728:	c9 01       	movw	r24, r18
     72a:	80 7c       	andi	r24, 0xC0	; 192
     72c:	97 70       	andi	r25, 0x07	; 7
     72e:	68 94       	set
     730:	15 f8       	bld	r1, 5
     732:	96 95       	lsr	r25
     734:	87 95       	ror	r24
     736:	16 94       	lsr	r1
     738:	e1 f7       	brne	.-8      	; 0x732 <__vector_6+0x116>
     73a:	80 93 91 00 	sts	0x0091, r24
     73e:	20 70       	andi	r18, 0x00	; 0
     740:	38 70       	andi	r19, 0x08	; 8
     742:	83 2f       	mov	r24, r19
     744:	86 95       	lsr	r24
     746:	86 95       	lsr	r24
     748:	86 95       	lsr	r24
     74a:	80 93 90 00 	sts	0x0090, r24
     74e:	10 92 86 00 	sts	0x0086, r1
     752:	81 e0       	ldi	r24, 0x01	; 1
     754:	80 93 94 00 	sts	0x0094, r24
     758:	80 91 93 00 	lds	r24, 0x0093
     75c:	8f 5f       	subi	r24, 0xFF	; 255
     75e:	80 93 93 00 	sts	0x0093, r24
     762:	80 91 86 00 	lds	r24, 0x0086
     766:	88 23       	and	r24, r24
     768:	29 f4       	brne	.+10     	; 0x774 <__vector_6+0x158>
     76a:	10 92 93 00 	sts	0x0093, r1
     76e:	8e b5       	in	r24, 0x2e	; 46
     770:	8f 7b       	andi	r24, 0xBF	; 191
     772:	8e bd       	out	0x2e, r24	; 46
     774:	9f 91       	pop	r25
     776:	8f 91       	pop	r24
     778:	3f 91       	pop	r19
     77a:	2f 91       	pop	r18
     77c:	0f 90       	pop	r0
     77e:	0f be       	out	0x3f, r0	; 63
     780:	0f 90       	pop	r0
     782:	1f 90       	pop	r1
     784:	18 95       	reti

00000786 <pisz.1309>:
     786:	2f 92       	push	r2
     788:	3f 92       	push	r3
     78a:	cf 93       	push	r28
     78c:	df 93       	push	r29
     78e:	e1 01       	movw	r28, r2
     790:	10 92 96 00 	sts	0x0096, r1
     794:	10 92 95 00 	sts	0x0095, r1
     798:	16 c0       	rjmp	.+44     	; 0x7c6 <pisz.1309+0x40>
     79a:	e8 81       	ld	r30, Y
     79c:	f9 81       	ldd	r31, Y+1	; 0x01
     79e:	e2 0f       	add	r30, r18
     7a0:	f3 1f       	adc	r31, r19
     7a2:	80 81       	ld	r24, Z
     7a4:	0e 94 a5 01 	call	0x34a	; 0x34a <LCD_WriteData>
     7a8:	60 e0       	ldi	r22, 0x00	; 0
     7aa:	70 e0       	ldi	r23, 0x00	; 0
     7ac:	88 e4       	ldi	r24, 0x48	; 72
     7ae:	92 e4       	ldi	r25, 0x42	; 66
     7b0:	0e 94 c0 00 	call	0x180	; 0x180 <delay_ms_var_double>
     7b4:	80 91 95 00 	lds	r24, 0x0095
     7b8:	90 91 96 00 	lds	r25, 0x0096
     7bc:	01 96       	adiw	r24, 0x01	; 1
     7be:	90 93 96 00 	sts	0x0096, r25
     7c2:	80 93 95 00 	sts	0x0095, r24
     7c6:	20 91 95 00 	lds	r18, 0x0095
     7ca:	30 91 96 00 	lds	r19, 0x0096
     7ce:	80 91 7c 00 	lds	r24, 0x007C
     7d2:	90 91 7d 00 	lds	r25, 0x007D
     7d6:	28 17       	cp	r18, r24
     7d8:	39 07       	cpc	r19, r25
     7da:	fc f2       	brlt	.-66     	; 0x79a <pisz.1309+0x14>
     7dc:	df 91       	pop	r29
     7de:	cf 91       	pop	r28
     7e0:	3f 90       	pop	r3
     7e2:	2f 90       	pop	r2
     7e4:	08 95       	ret

000007e6 <main>:
     7e6:	2f 92       	push	r2
     7e8:	3f 92       	push	r3
     7ea:	8f 92       	push	r8
     7ec:	9f 92       	push	r9
     7ee:	af 92       	push	r10
     7f0:	bf 92       	push	r11
     7f2:	cf 92       	push	r12
     7f4:	df 92       	push	r13
     7f6:	ef 92       	push	r14
     7f8:	ff 92       	push	r15
     7fa:	0f 93       	push	r16
     7fc:	1f 93       	push	r17
     7fe:	df 93       	push	r29
     800:	cf 93       	push	r28
     802:	00 d0       	rcall	.+0      	; 0x804 <main+0x1e>
     804:	cd b7       	in	r28, 0x3d	; 61
     806:	de b7       	in	r29, 0x3e	; 62
     808:	80 91 7c 00 	lds	r24, 0x007C
     80c:	90 91 7d 00 	lds	r25, 0x007D
     810:	2d b7       	in	r18, 0x3d	; 61
     812:	3e b7       	in	r19, 0x3e	; 62
     814:	28 1b       	sub	r18, r24
     816:	39 0b       	sbc	r19, r25
     818:	0f b6       	in	r0, 0x3f	; 63
     81a:	f8 94       	cli
     81c:	3e bf       	out	0x3e, r19	; 62
     81e:	0f be       	out	0x3f, r0	; 63
     820:	2d bf       	out	0x3d, r18	; 61
     822:	8d b7       	in	r24, 0x3d	; 61
     824:	9e b7       	in	r25, 0x3e	; 62
     826:	01 96       	adiw	r24, 0x01	; 1
     828:	9a 83       	std	Y+2, r25	; 0x02
     82a:	89 83       	std	Y+1, r24	; 0x01
     82c:	0e 94 d4 01 	call	0x3a8	; 0x3a8 <LCD_Initalize>
     830:	0e 94 fe 02 	call	0x5fc	; 0x5fc <ir_init>
     834:	0e 94 4e 00 	call	0x9c	; 0x9c <d_led_init>
     838:	78 94       	sei
     83a:	ff 24       	eor	r15, r15
     83c:	fa 94       	dec	r15
     83e:	6e e4       	ldi	r22, 0x4E	; 78
     840:	96 2e       	mov	r9, r22
     842:	56 e9       	ldi	r21, 0x96	; 150
     844:	85 2e       	mov	r8, r21
     846:	8e 01       	movw	r16, r28
     848:	0f 5f       	subi	r16, 0xFF	; 255
     84a:	1f 4f       	sbci	r17, 0xFF	; 255
     84c:	45 e0       	ldi	r20, 0x05	; 5
     84e:	e4 2e       	mov	r14, r20
     850:	37 e0       	ldi	r19, 0x07	; 7
     852:	d3 2e       	mov	r13, r19
     854:	22 e0       	ldi	r18, 0x02	; 2
     856:	c2 2e       	mov	r12, r18
     858:	93 e0       	ldi	r25, 0x03	; 3
     85a:	b9 2e       	mov	r11, r25
     85c:	84 e0       	ldi	r24, 0x04	; 4
     85e:	a8 2e       	mov	r10, r24
     860:	80 91 94 00 	lds	r24, 0x0094
     864:	88 23       	and	r24, r24
     866:	e1 f3       	breq	.-8      	; 0x860 <main+0x7a>
     868:	80 91 91 00 	lds	r24, 0x0091
     86c:	88 23       	and	r24, r24
     86e:	09 f0       	breq	.+2      	; 0x872 <main+0x8c>
     870:	f7 c1       	rjmp	.+1006   	; 0xc60 <main+0x47a>
     872:	80 e0       	ldi	r24, 0x00	; 0
     874:	90 e0       	ldi	r25, 0x00	; 0
     876:	0e 94 77 02 	call	0x4ee	; 0x4ee <LCD_Erase>
     87a:	80 e0       	ldi	r24, 0x00	; 0
     87c:	60 e0       	ldi	r22, 0x00	; 0
     87e:	0e 94 ba 01 	call	0x374	; 0x374 <LCD_GoTo>
     882:	80 91 92 00 	lds	r24, 0x0092
     886:	90 e0       	ldi	r25, 0x00	; 0
     888:	0e 94 e2 02 	call	0x5c4	; 0x5c4 <LCD_Int>
     88c:	86 e0       	ldi	r24, 0x06	; 6
     88e:	60 e0       	ldi	r22, 0x00	; 0
     890:	0e 94 ba 01 	call	0x374	; 0x374 <LCD_GoTo>
     894:	80 91 91 00 	lds	r24, 0x0091
     898:	90 e0       	ldi	r25, 0x00	; 0
     89a:	0e 94 e2 02 	call	0x5c4	; 0x5c4 <LCD_Int>
     89e:	80 e0       	ldi	r24, 0x00	; 0
     8a0:	61 e0       	ldi	r22, 0x01	; 1
     8a2:	0e 94 ba 01 	call	0x374	; 0x374 <LCD_GoTo>
     8a6:	80 91 90 00 	lds	r24, 0x0090
     8aa:	90 e0       	ldi	r25, 0x00	; 0
     8ac:	0e 94 e2 02 	call	0x5c4	; 0x5c4 <LCD_Int>
     8b0:	80 91 92 00 	lds	r24, 0x0092
     8b4:	83 32       	cpi	r24, 0x23	; 35
     8b6:	09 f4       	brne	.+2      	; 0x8ba <main+0xd4>
     8b8:	d0 c1       	rjmp	.+928    	; 0xc5a <main+0x474>
     8ba:	84 32       	cpi	r24, 0x24	; 36
     8bc:	a0 f4       	brcc	.+40     	; 0x8e6 <main+0x100>
     8be:	80 31       	cpi	r24, 0x10	; 16
     8c0:	d1 f1       	breq	.+116    	; 0x936 <main+0x150>
     8c2:	81 31       	cpi	r24, 0x11	; 17
     8c4:	38 f4       	brcc	.+14     	; 0x8d4 <main+0xee>
     8c6:	8c 30       	cpi	r24, 0x0C	; 12
     8c8:	09 f4       	brne	.+2      	; 0x8cc <main+0xe6>
     8ca:	51 c0       	rjmp	.+162    	; 0x96e <main+0x188>
     8cc:	8e 30       	cpi	r24, 0x0E	; 14
     8ce:	09 f0       	breq	.+2      	; 0x8d2 <main+0xec>
     8d0:	c7 c1       	rjmp	.+910    	; 0xc60 <main+0x47a>
     8d2:	89 c1       	rjmp	.+786    	; 0xbe6 <main+0x400>
     8d4:	80 32       	cpi	r24, 0x20	; 32
     8d6:	c9 f1       	breq	.+114    	; 0x94a <main+0x164>
     8d8:	81 32       	cpi	r24, 0x21	; 33
     8da:	09 f4       	brne	.+2      	; 0x8de <main+0xf8>
     8dc:	3f c0       	rjmp	.+126    	; 0x95c <main+0x176>
     8de:	81 31       	cpi	r24, 0x11	; 17
     8e0:	09 f0       	breq	.+2      	; 0x8e4 <main+0xfe>
     8e2:	be c1       	rjmp	.+892    	; 0xc60 <main+0x47a>
     8e4:	2d c0       	rjmp	.+90     	; 0x940 <main+0x15a>
     8e6:	84 33       	cpi	r24, 0x34	; 52
     8e8:	09 f4       	brne	.+2      	; 0x8ec <main+0x106>
     8ea:	b2 c1       	rjmp	.+868    	; 0xc50 <main+0x46a>
     8ec:	85 33       	cpi	r24, 0x35	; 53
     8ee:	38 f4       	brcc	.+14     	; 0x8fe <main+0x118>
     8f0:	84 32       	cpi	r24, 0x24	; 36
     8f2:	09 f4       	brne	.+2      	; 0x8f6 <main+0x110>
     8f4:	af c1       	rjmp	.+862    	; 0xc54 <main+0x46e>
     8f6:	82 33       	cpi	r24, 0x32	; 50
     8f8:	09 f0       	breq	.+2      	; 0x8fc <main+0x116>
     8fa:	b2 c1       	rjmp	.+868    	; 0xc60 <main+0x47a>
     8fc:	a7 c1       	rjmp	.+846    	; 0xc4c <main+0x466>
     8fe:	87 33       	cpi	r24, 0x37	; 55
     900:	09 f4       	brne	.+2      	; 0x904 <main+0x11e>
     902:	a0 c1       	rjmp	.+832    	; 0xc44 <main+0x45e>
     904:	8b 33       	cpi	r24, 0x3B	; 59
     906:	21 f0       	breq	.+8      	; 0x910 <main+0x12a>
     908:	86 33       	cpi	r24, 0x36	; 54
     90a:	09 f0       	breq	.+2      	; 0x90e <main+0x128>
     90c:	a9 c1       	rjmp	.+850    	; 0xc60 <main+0x47a>
     90e:	9c c1       	rjmp	.+824    	; 0xc48 <main+0x462>
     910:	84 e1       	ldi	r24, 0x14	; 20
     912:	90 e0       	ldi	r25, 0x00	; 0
     914:	6f e0       	ldi	r22, 0x0F	; 15
     916:	70 e0       	ldi	r23, 0x00	; 0
     918:	41 e0       	ldi	r20, 0x01	; 1
     91a:	50 e0       	ldi	r21, 0x00	; 0
     91c:	0e 94 0f 02 	call	0x41e	; 0x41e <LCD_MoveRight>
     920:	84 e1       	ldi	r24, 0x14	; 20
     922:	90 e0       	ldi	r25, 0x00	; 0
     924:	6f e0       	ldi	r22, 0x0F	; 15
     926:	70 e0       	ldi	r23, 0x00	; 0
     928:	41 e0       	ldi	r20, 0x01	; 1
     92a:	50 e0       	ldi	r21, 0x00	; 0
     92c:	0e 94 43 02 	call	0x486	; 0x486 <LCD_MoveLeft>
     930:	0e 94 c4 01 	call	0x388	; 0x388 <LCD_Clear>
     934:	95 c1       	rjmp	.+810    	; 0xc60 <main+0x47a>
     936:	80 e0       	ldi	r24, 0x00	; 0
     938:	90 e0       	ldi	r25, 0x00	; 0
     93a:	61 e0       	ldi	r22, 0x01	; 1
     93c:	70 e0       	ldi	r23, 0x00	; 0
     93e:	09 c0       	rjmp	.+18     	; 0x952 <main+0x16c>
     940:	80 e0       	ldi	r24, 0x00	; 0
     942:	90 e0       	ldi	r25, 0x00	; 0
     944:	61 e0       	ldi	r22, 0x01	; 1
     946:	70 e0       	ldi	r23, 0x00	; 0
     948:	0d c0       	rjmp	.+26     	; 0x964 <main+0x17e>
     94a:	84 e1       	ldi	r24, 0x14	; 20
     94c:	90 e0       	ldi	r25, 0x00	; 0
     94e:	6f e0       	ldi	r22, 0x0F	; 15
     950:	70 e0       	ldi	r23, 0x00	; 0
     952:	41 e0       	ldi	r20, 0x01	; 1
     954:	50 e0       	ldi	r21, 0x00	; 0
     956:	0e 94 0f 02 	call	0x41e	; 0x41e <LCD_MoveRight>
     95a:	82 c1       	rjmp	.+772    	; 0xc60 <main+0x47a>
     95c:	84 e1       	ldi	r24, 0x14	; 20
     95e:	90 e0       	ldi	r25, 0x00	; 0
     960:	6f e0       	ldi	r22, 0x0F	; 15
     962:	70 e0       	ldi	r23, 0x00	; 0
     964:	41 e0       	ldi	r20, 0x01	; 1
     966:	50 e0       	ldi	r21, 0x00	; 0
     968:	0e 94 43 02 	call	0x486	; 0x486 <LCD_MoveLeft>
     96c:	79 c1       	rjmp	.+754    	; 0xc60 <main+0x47a>
     96e:	0e 94 c4 01 	call	0x388	; 0x388 <LCD_Clear>
     972:	89 e0       	ldi	r24, 0x09	; 9
     974:	61 e0       	ldi	r22, 0x01	; 1
     976:	0e 94 ba 01 	call	0x374	; 0x374 <LCD_GoTo>
     97a:	85 e6       	ldi	r24, 0x65	; 101
     97c:	90 e0       	ldi	r25, 0x00	; 0
     97e:	0e 94 ad 01 	call	0x35a	; 0x35a <LCD_WriteText>
     982:	60 e0       	ldi	r22, 0x00	; 0
     984:	70 e0       	ldi	r23, 0x00	; 0
     986:	8a ef       	ldi	r24, 0xFA	; 250
     988:	93 e4       	ldi	r25, 0x43	; 67
     98a:	0e 94 c0 00 	call	0x180	; 0x180 <delay_ms_var_double>
     98e:	0e 94 cc 01 	call	0x398	; 0x398 <LCD_Home>
     992:	8c e6       	ldi	r24, 0x6C	; 108
     994:	90 e0       	ldi	r25, 0x00	; 0
     996:	0e 94 ad 01 	call	0x35a	; 0x35a <LCD_WriteText>
     99a:	60 e0       	ldi	r22, 0x00	; 0
     99c:	70 e0       	ldi	r23, 0x00	; 0
     99e:	8a ef       	ldi	r24, 0xFA	; 250
     9a0:	93 e4       	ldi	r25, 0x43	; 67
     9a2:	0e 94 c0 00 	call	0x180	; 0x180 <delay_ms_var_double>
     9a6:	80 e0       	ldi	r24, 0x00	; 0
     9a8:	90 e0       	ldi	r25, 0x00	; 0
     9aa:	61 e0       	ldi	r22, 0x01	; 1
     9ac:	70 e0       	ldi	r23, 0x00	; 0
     9ae:	41 e0       	ldi	r20, 0x01	; 1
     9b0:	50 e0       	ldi	r21, 0x00	; 0
     9b2:	0e 94 0f 02 	call	0x41e	; 0x41e <LCD_MoveRight>
     9b6:	60 e0       	ldi	r22, 0x00	; 0
     9b8:	70 e0       	ldi	r23, 0x00	; 0
     9ba:	8f e2       	ldi	r24, 0x2F	; 47
     9bc:	94 e4       	ldi	r25, 0x44	; 68
     9be:	0e 94 c0 00 	call	0x180	; 0x180 <delay_ms_var_double>
     9c2:	82 e0       	ldi	r24, 0x02	; 2
     9c4:	90 e0       	ldi	r25, 0x00	; 0
     9c6:	0e 94 a6 02 	call	0x54c	; 0x54c <LCD_Displaying>
     9ca:	60 e0       	ldi	r22, 0x00	; 0
     9cc:	70 e0       	ldi	r23, 0x00	; 0
     9ce:	8f e2       	ldi	r24, 0x2F	; 47
     9d0:	94 e4       	ldi	r25, 0x44	; 68
     9d2:	0e 94 c0 00 	call	0x180	; 0x180 <delay_ms_var_double>
     9d6:	81 e0       	ldi	r24, 0x01	; 1
     9d8:	90 e0       	ldi	r25, 0x00	; 0
     9da:	0e 94 a6 02 	call	0x54c	; 0x54c <LCD_Displaying>
     9de:	60 e0       	ldi	r22, 0x00	; 0
     9e0:	70 e0       	ldi	r23, 0x00	; 0
     9e2:	8f e2       	ldi	r24, 0x2F	; 47
     9e4:	94 e4       	ldi	r25, 0x44	; 68
     9e6:	0e 94 c0 00 	call	0x180	; 0x180 <delay_ms_var_double>
     9ea:	82 e0       	ldi	r24, 0x02	; 2
     9ec:	90 e0       	ldi	r25, 0x00	; 0
     9ee:	0e 94 a6 02 	call	0x54c	; 0x54c <LCD_Displaying>
     9f2:	60 e0       	ldi	r22, 0x00	; 0
     9f4:	70 e0       	ldi	r23, 0x00	; 0
     9f6:	8f e2       	ldi	r24, 0x2F	; 47
     9f8:	94 e4       	ldi	r25, 0x44	; 68
     9fa:	0e 94 c0 00 	call	0x180	; 0x180 <delay_ms_var_double>
     9fe:	85 e0       	ldi	r24, 0x05	; 5
     a00:	90 e0       	ldi	r25, 0x00	; 0
     a02:	0e 94 a6 02 	call	0x54c	; 0x54c <LCD_Displaying>
     a06:	60 e0       	ldi	r22, 0x00	; 0
     a08:	70 e0       	ldi	r23, 0x00	; 0
     a0a:	8a e7       	ldi	r24, 0x7A	; 122
     a0c:	94 e4       	ldi	r25, 0x44	; 68
     a0e:	0e 94 c0 00 	call	0x180	; 0x180 <delay_ms_var_double>
     a12:	84 e0       	ldi	r24, 0x04	; 4
     a14:	90 e0       	ldi	r25, 0x00	; 0
     a16:	0e 94 a6 02 	call	0x54c	; 0x54c <LCD_Displaying>
     a1a:	80 e0       	ldi	r24, 0x00	; 0
     a1c:	90 e0       	ldi	r25, 0x00	; 0
     a1e:	61 e0       	ldi	r22, 0x01	; 1
     a20:	70 e0       	ldi	r23, 0x00	; 0
     a22:	40 e0       	ldi	r20, 0x00	; 0
     a24:	50 e0       	ldi	r21, 0x00	; 0
     a26:	0e 94 0f 02 	call	0x41e	; 0x41e <LCD_MoveRight>
     a2a:	60 e0       	ldi	r22, 0x00	; 0
     a2c:	70 e0       	ldi	r23, 0x00	; 0
     a2e:	8a e7       	ldi	r24, 0x7A	; 122
     a30:	94 e4       	ldi	r25, 0x44	; 68
     a32:	0e 94 c0 00 	call	0x180	; 0x180 <delay_ms_var_double>
     a36:	80 e0       	ldi	r24, 0x00	; 0
     a38:	90 e0       	ldi	r25, 0x00	; 0
     a3a:	61 e0       	ldi	r22, 0x01	; 1
     a3c:	70 e0       	ldi	r23, 0x00	; 0
     a3e:	40 e0       	ldi	r20, 0x00	; 0
     a40:	50 e0       	ldi	r21, 0x00	; 0
     a42:	0e 94 43 02 	call	0x486	; 0x486 <LCD_MoveLeft>
     a46:	83 e0       	ldi	r24, 0x03	; 3
     a48:	90 e0       	ldi	r25, 0x00	; 0
     a4a:	0e 94 a6 02 	call	0x54c	; 0x54c <LCD_Displaying>
     a4e:	60 e0       	ldi	r22, 0x00	; 0
     a50:	70 e0       	ldi	r23, 0x00	; 0
     a52:	8a e7       	ldi	r24, 0x7A	; 122
     a54:	94 e4       	ldi	r25, 0x44	; 68
     a56:	0e 94 c0 00 	call	0x180	; 0x180 <delay_ms_var_double>
     a5a:	85 e0       	ldi	r24, 0x05	; 5
     a5c:	90 e0       	ldi	r25, 0x00	; 0
     a5e:	0e 94 a6 02 	call	0x54c	; 0x54c <LCD_Displaying>
     a62:	80 e0       	ldi	r24, 0x00	; 0
     a64:	61 e0       	ldi	r22, 0x01	; 1
     a66:	0e 94 ba 01 	call	0x374	; 0x374 <LCD_GoTo>
     a6a:	84 e7       	ldi	r24, 0x74	; 116
     a6c:	90 e0       	ldi	r25, 0x00	; 0
     a6e:	0e 94 ad 01 	call	0x35a	; 0x35a <LCD_WriteText>
     a72:	60 e0       	ldi	r22, 0x00	; 0
     a74:	70 e8       	ldi	r23, 0x80	; 128
     a76:	8b eb       	ldi	r24, 0xBB	; 187
     a78:	94 e4       	ldi	r25, 0x44	; 68
     a7a:	0e 94 c0 00 	call	0x180	; 0x180 <delay_ms_var_double>
     a7e:	89 e0       	ldi	r24, 0x09	; 9
     a80:	61 e0       	ldi	r22, 0x01	; 1
     a82:	0e 94 ba 01 	call	0x374	; 0x374 <LCD_GoTo>
     a86:	10 92 96 00 	sts	0x0096, r1
     a8a:	10 92 95 00 	sts	0x0095, r1
     a8e:	16 c0       	rjmp	.+44     	; 0xabc <main+0x2d6>
     a90:	0e 94 a9 01 	call	0x352	; 0x352 <LCD_ReadData>
     a94:	e9 81       	ldd	r30, Y+1	; 0x01
     a96:	fa 81       	ldd	r31, Y+2	; 0x02
     a98:	e2 0d       	add	r30, r2
     a9a:	f3 1d       	adc	r31, r3
     a9c:	80 83       	st	Z, r24
     a9e:	60 e0       	ldi	r22, 0x00	; 0
     aa0:	70 e0       	ldi	r23, 0x00	; 0
     aa2:	88 ec       	ldi	r24, 0xC8	; 200
     aa4:	92 e4       	ldi	r25, 0x42	; 66
     aa6:	0e 94 c0 00 	call	0x180	; 0x180 <delay_ms_var_double>
     aaa:	80 91 95 00 	lds	r24, 0x0095
     aae:	90 91 96 00 	lds	r25, 0x0096
     ab2:	01 96       	adiw	r24, 0x01	; 1
     ab4:	90 93 96 00 	sts	0x0096, r25
     ab8:	80 93 95 00 	sts	0x0095, r24
     abc:	20 90 95 00 	lds	r2, 0x0095
     ac0:	30 90 96 00 	lds	r3, 0x0096
     ac4:	80 91 7c 00 	lds	r24, 0x007C
     ac8:	90 91 7d 00 	lds	r25, 0x007D
     acc:	28 16       	cp	r2, r24
     ace:	39 06       	cpc	r3, r25
     ad0:	fc f2       	brlt	.-66     	; 0xa90 <main+0x2aa>
     ad2:	80 e0       	ldi	r24, 0x00	; 0
     ad4:	90 e0       	ldi	r25, 0x00	; 0
     ad6:	61 e0       	ldi	r22, 0x01	; 1
     ad8:	70 e0       	ldi	r23, 0x00	; 0
     ada:	41 e0       	ldi	r20, 0x01	; 1
     adc:	50 e0       	ldi	r21, 0x00	; 0
     ade:	0e 94 43 02 	call	0x486	; 0x486 <LCD_MoveLeft>
     ae2:	60 e0       	ldi	r22, 0x00	; 0
     ae4:	70 e8       	ldi	r23, 0x80	; 128
     ae6:	8b eb       	ldi	r24, 0xBB	; 187
     ae8:	94 e4       	ldi	r25, 0x44	; 68
     aea:	0e 94 c0 00 	call	0x180	; 0x180 <delay_ms_var_double>
     aee:	83 e0       	ldi	r24, 0x03	; 3
     af0:	90 e0       	ldi	r25, 0x00	; 0
     af2:	0e 94 a6 02 	call	0x54c	; 0x54c <LCD_Displaying>
     af6:	80 e0       	ldi	r24, 0x00	; 0
     af8:	90 e0       	ldi	r25, 0x00	; 0
     afa:	0e 94 77 02 	call	0x4ee	; 0x4ee <LCD_Erase>
     afe:	60 e0       	ldi	r22, 0x00	; 0
     b00:	70 e8       	ldi	r23, 0x80	; 128
     b02:	8b eb       	ldi	r24, 0xBB	; 187
     b04:	94 e4       	ldi	r25, 0x44	; 68
     b06:	0e 94 c0 00 	call	0x180	; 0x180 <delay_ms_var_double>
     b0a:	80 e0       	ldi	r24, 0x00	; 0
     b0c:	61 e0       	ldi	r22, 0x01	; 1
     b0e:	0e 94 ba 01 	call	0x374	; 0x374 <LCD_GoTo>
     b12:	18 01       	movw	r2, r16
     b14:	0e 94 c3 03 	call	0x786	; 0x786 <pisz.1309>
     b18:	84 e0       	ldi	r24, 0x04	; 4
     b1a:	90 e0       	ldi	r25, 0x00	; 0
     b1c:	0e 94 a6 02 	call	0x54c	; 0x54c <LCD_Displaying>
     b20:	89 e0       	ldi	r24, 0x09	; 9
     b22:	60 e0       	ldi	r22, 0x00	; 0
     b24:	0e 94 ba 01 	call	0x374	; 0x374 <LCD_GoTo>
     b28:	0e 94 c3 03 	call	0x786	; 0x786 <pisz.1309>
     b2c:	88 e0       	ldi	r24, 0x08	; 8
     b2e:	61 e0       	ldi	r22, 0x01	; 1
     b30:	0e 94 ba 01 	call	0x374	; 0x374 <LCD_GoTo>
     b34:	85 e0       	ldi	r24, 0x05	; 5
     b36:	90 e0       	ldi	r25, 0x00	; 0
     b38:	0e 94 a6 02 	call	0x54c	; 0x54c <LCD_Displaying>
     b3c:	0e 94 c3 03 	call	0x786	; 0x786 <pisz.1309>
     b40:	81 e0       	ldi	r24, 0x01	; 1
     b42:	60 e0       	ldi	r22, 0x00	; 0
     b44:	0e 94 ba 01 	call	0x374	; 0x374 <LCD_GoTo>
     b48:	0e 94 c3 03 	call	0x786	; 0x786 <pisz.1309>
     b4c:	83 e0       	ldi	r24, 0x03	; 3
     b4e:	90 e0       	ldi	r25, 0x00	; 0
     b50:	0e 94 a6 02 	call	0x54c	; 0x54c <LCD_Displaying>
     b54:	60 e0       	ldi	r22, 0x00	; 0
     b56:	70 e8       	ldi	r23, 0x80	; 128
     b58:	8b eb       	ldi	r24, 0xBB	; 187
     b5a:	94 e4       	ldi	r25, 0x44	; 68
     b5c:	0e 94 c0 00 	call	0x180	; 0x180 <delay_ms_var_double>
     b60:	84 e1       	ldi	r24, 0x14	; 20
     b62:	90 e0       	ldi	r25, 0x00	; 0
     b64:	6f e0       	ldi	r22, 0x0F	; 15
     b66:	70 e0       	ldi	r23, 0x00	; 0
     b68:	41 e0       	ldi	r20, 0x01	; 1
     b6a:	50 e0       	ldi	r21, 0x00	; 0
     b6c:	0e 94 0f 02 	call	0x41e	; 0x41e <LCD_MoveRight>
     b70:	84 e1       	ldi	r24, 0x14	; 20
     b72:	90 e0       	ldi	r25, 0x00	; 0
     b74:	6f e0       	ldi	r22, 0x0F	; 15
     b76:	70 e0       	ldi	r23, 0x00	; 0
     b78:	41 e0       	ldi	r20, 0x01	; 1
     b7a:	50 e0       	ldi	r21, 0x00	; 0
     b7c:	0e 94 43 02 	call	0x486	; 0x486 <LCD_MoveLeft>
     b80:	81 e0       	ldi	r24, 0x01	; 1
     b82:	90 e0       	ldi	r25, 0x00	; 0
     b84:	0e 94 77 02 	call	0x4ee	; 0x4ee <LCD_Erase>
     b88:	84 e0       	ldi	r24, 0x04	; 4
     b8a:	90 e0       	ldi	r25, 0x00	; 0
     b8c:	0e 94 a6 02 	call	0x54c	; 0x54c <LCD_Displaying>
     b90:	60 e0       	ldi	r22, 0x00	; 0
     b92:	70 e0       	ldi	r23, 0x00	; 0
     b94:	8a e7       	ldi	r24, 0x7A	; 122
     b96:	94 e4       	ldi	r25, 0x44	; 68
     b98:	0e 94 c0 00 	call	0x180	; 0x180 <delay_ms_var_double>
     b9c:	84 e1       	ldi	r24, 0x14	; 20
     b9e:	90 e0       	ldi	r25, 0x00	; 0
     ba0:	6f e0       	ldi	r22, 0x0F	; 15
     ba2:	70 e0       	ldi	r23, 0x00	; 0
     ba4:	41 e0       	ldi	r20, 0x01	; 1
     ba6:	50 e0       	ldi	r21, 0x00	; 0
     ba8:	0e 94 43 02 	call	0x486	; 0x486 <LCD_MoveLeft>
     bac:	84 e1       	ldi	r24, 0x14	; 20
     bae:	90 e0       	ldi	r25, 0x00	; 0
     bb0:	6f e0       	ldi	r22, 0x0F	; 15
     bb2:	70 e0       	ldi	r23, 0x00	; 0
     bb4:	41 e0       	ldi	r20, 0x01	; 1
     bb6:	50 e0       	ldi	r21, 0x00	; 0
     bb8:	0e 94 0f 02 	call	0x41e	; 0x41e <LCD_MoveRight>
     bbc:	83 e0       	ldi	r24, 0x03	; 3
     bbe:	90 e0       	ldi	r25, 0x00	; 0
     bc0:	0e 94 a6 02 	call	0x54c	; 0x54c <LCD_Displaying>
     bc4:	82 e0       	ldi	r24, 0x02	; 2
     bc6:	90 e0       	ldi	r25, 0x00	; 0
     bc8:	0e 94 77 02 	call	0x4ee	; 0x4ee <LCD_Erase>
     bcc:	60 e0       	ldi	r22, 0x00	; 0
     bce:	70 e0       	ldi	r23, 0x00	; 0
     bd0:	8a ef       	ldi	r24, 0xFA	; 250
     bd2:	93 e4       	ldi	r25, 0x43	; 67
     bd4:	0e 94 c0 00 	call	0x180	; 0x180 <delay_ms_var_double>
     bd8:	0e 94 c4 01 	call	0x388	; 0x388 <LCD_Clear>
     bdc:	81 e0       	ldi	r24, 0x01	; 1
     bde:	90 e0       	ldi	r25, 0x00	; 0
     be0:	0e 94 a6 02 	call	0x54c	; 0x54c <LCD_Displaying>
     be4:	3d c0       	rjmp	.+122    	; 0xc60 <main+0x47a>
     be6:	89 e0       	ldi	r24, 0x09	; 9
     be8:	80 93 8d 00 	sts	0x008D, r24
     bec:	10 92 8e 00 	sts	0x008E, r1
     bf0:	10 92 8f 00 	sts	0x008F, r1
     bf4:	10 92 8c 00 	sts	0x008C, r1
     bf8:	60 e0       	ldi	r22, 0x00	; 0
     bfa:	70 e0       	ldi	r23, 0x00	; 0
     bfc:	8a e7       	ldi	r24, 0x7A	; 122
     bfe:	94 e4       	ldi	r25, 0x44	; 68
     c00:	0e 94 c0 00 	call	0x180	; 0x180 <delay_ms_var_double>
     c04:	e0 92 8d 00 	sts	0x008D, r14
     c08:	86 e0       	ldi	r24, 0x06	; 6
     c0a:	80 93 8e 00 	sts	0x008E, r24
     c0e:	d0 92 8f 00 	sts	0x008F, r13
     c12:	88 e0       	ldi	r24, 0x08	; 8
     c14:	80 93 8c 00 	sts	0x008C, r24
     c18:	60 e0       	ldi	r22, 0x00	; 0
     c1a:	70 e0       	ldi	r23, 0x00	; 0
     c1c:	8a e7       	ldi	r24, 0x7A	; 122
     c1e:	94 e4       	ldi	r25, 0x44	; 68
     c20:	0e 94 c0 00 	call	0x180	; 0x180 <delay_ms_var_double>
     c24:	81 e0       	ldi	r24, 0x01	; 1
     c26:	80 93 8d 00 	sts	0x008D, r24
     c2a:	c0 92 8e 00 	sts	0x008E, r12
     c2e:	b0 92 8f 00 	sts	0x008F, r11
     c32:	a0 92 8c 00 	sts	0x008C, r10
     c36:	60 e0       	ldi	r22, 0x00	; 0
     c38:	70 e0       	ldi	r23, 0x00	; 0
     c3a:	8a e7       	ldi	r24, 0x7A	; 122
     c3c:	94 e4       	ldi	r25, 0x44	; 68
     c3e:	0e 94 c0 00 	call	0x180	; 0x180 <delay_ms_var_double>
     c42:	0e c0       	rjmp	.+28     	; 0xc60 <main+0x47a>
     c44:	9c be       	out	0x3c, r9	; 60
     c46:	0c c0       	rjmp	.+24     	; 0xc60 <main+0x47a>
     c48:	fc be       	out	0x3c, r15	; 60
     c4a:	0a c0       	rjmp	.+20     	; 0xc60 <main+0x47a>
     c4c:	8c be       	out	0x3c, r8	; 60
     c4e:	08 c0       	rjmp	.+16     	; 0xc60 <main+0x47a>
     c50:	1c be       	out	0x3c, r1	; 60
     c52:	06 c0       	rjmp	.+12     	; 0xc60 <main+0x47a>
     c54:	83 b7       	in	r24, 0x33	; 51
     c56:	85 60       	ori	r24, 0x05	; 5
     c58:	02 c0       	rjmp	.+4      	; 0xc5e <main+0x478>
     c5a:	83 b7       	in	r24, 0x33	; 51
     c5c:	8a 7f       	andi	r24, 0xFA	; 250
     c5e:	83 bf       	out	0x33, r24	; 51
     c60:	10 92 94 00 	sts	0x0094, r1
     c64:	f0 92 92 00 	sts	0x0092, r15
     c68:	f0 92 91 00 	sts	0x0091, r15
     c6c:	f9 cd       	rjmp	.-1038   	; 0x860 <main+0x7a>

00000c6e <__fixunssfsi>:
     c6e:	ef 92       	push	r14
     c70:	ff 92       	push	r15
     c72:	0f 93       	push	r16
     c74:	1f 93       	push	r17
     c76:	7b 01       	movw	r14, r22
     c78:	8c 01       	movw	r16, r24
     c7a:	20 e0       	ldi	r18, 0x00	; 0
     c7c:	30 e0       	ldi	r19, 0x00	; 0
     c7e:	40 e0       	ldi	r20, 0x00	; 0
     c80:	5f e4       	ldi	r21, 0x4F	; 79
     c82:	0e 94 e3 09 	call	0x13c6	; 0x13c6 <__gesf2>
     c86:	88 23       	and	r24, r24
     c88:	8c f0       	brlt	.+34     	; 0xcac <__fixunssfsi+0x3e>
     c8a:	c8 01       	movw	r24, r16
     c8c:	b7 01       	movw	r22, r14
     c8e:	20 e0       	ldi	r18, 0x00	; 0
     c90:	30 e0       	ldi	r19, 0x00	; 0
     c92:	40 e0       	ldi	r20, 0x00	; 0
     c94:	5f e4       	ldi	r21, 0x4F	; 79
     c96:	0e 94 af 07 	call	0xf5e	; 0xf5e <__subsf3>
     c9a:	0e 94 43 0a 	call	0x1486	; 0x1486 <__fixsfsi>
     c9e:	9b 01       	movw	r18, r22
     ca0:	ac 01       	movw	r20, r24
     ca2:	20 50       	subi	r18, 0x00	; 0
     ca4:	30 40       	sbci	r19, 0x00	; 0
     ca6:	40 40       	sbci	r20, 0x00	; 0
     ca8:	50 48       	sbci	r21, 0x80	; 128
     caa:	06 c0       	rjmp	.+12     	; 0xcb8 <__fixunssfsi+0x4a>
     cac:	c8 01       	movw	r24, r16
     cae:	b7 01       	movw	r22, r14
     cb0:	0e 94 43 0a 	call	0x1486	; 0x1486 <__fixsfsi>
     cb4:	9b 01       	movw	r18, r22
     cb6:	ac 01       	movw	r20, r24
     cb8:	b9 01       	movw	r22, r18
     cba:	ca 01       	movw	r24, r20
     cbc:	1f 91       	pop	r17
     cbe:	0f 91       	pop	r16
     cc0:	ff 90       	pop	r15
     cc2:	ef 90       	pop	r14
     cc4:	08 95       	ret

00000cc6 <_fpadd_parts>:
     cc6:	a0 e0       	ldi	r26, 0x00	; 0
     cc8:	b0 e0       	ldi	r27, 0x00	; 0
     cca:	e9 e6       	ldi	r30, 0x69	; 105
     ccc:	f6 e0       	ldi	r31, 0x06	; 6
     cce:	0c 94 3d 0c 	jmp	0x187a	; 0x187a <__prologue_saves__>
     cd2:	dc 01       	movw	r26, r24
     cd4:	2b 01       	movw	r4, r22
     cd6:	fa 01       	movw	r30, r20
     cd8:	9c 91       	ld	r25, X
     cda:	92 30       	cpi	r25, 0x02	; 2
     cdc:	08 f4       	brcc	.+2      	; 0xce0 <_fpadd_parts+0x1a>
     cde:	39 c1       	rjmp	.+626    	; 0xf52 <_fpadd_parts+0x28c>
     ce0:	eb 01       	movw	r28, r22
     ce2:	88 81       	ld	r24, Y
     ce4:	82 30       	cpi	r24, 0x02	; 2
     ce6:	08 f4       	brcc	.+2      	; 0xcea <_fpadd_parts+0x24>
     ce8:	33 c1       	rjmp	.+614    	; 0xf50 <_fpadd_parts+0x28a>
     cea:	94 30       	cpi	r25, 0x04	; 4
     cec:	69 f4       	brne	.+26     	; 0xd08 <_fpadd_parts+0x42>
     cee:	84 30       	cpi	r24, 0x04	; 4
     cf0:	09 f0       	breq	.+2      	; 0xcf4 <_fpadd_parts+0x2e>
     cf2:	2f c1       	rjmp	.+606    	; 0xf52 <_fpadd_parts+0x28c>
     cf4:	11 96       	adiw	r26, 0x01	; 1
     cf6:	9c 91       	ld	r25, X
     cf8:	11 97       	sbiw	r26, 0x01	; 1
     cfa:	89 81       	ldd	r24, Y+1	; 0x01
     cfc:	98 17       	cp	r25, r24
     cfe:	09 f4       	brne	.+2      	; 0xd02 <_fpadd_parts+0x3c>
     d00:	28 c1       	rjmp	.+592    	; 0xf52 <_fpadd_parts+0x28c>
     d02:	ae e7       	ldi	r26, 0x7E	; 126
     d04:	b0 e0       	ldi	r27, 0x00	; 0
     d06:	25 c1       	rjmp	.+586    	; 0xf52 <_fpadd_parts+0x28c>
     d08:	84 30       	cpi	r24, 0x04	; 4
     d0a:	09 f4       	brne	.+2      	; 0xd0e <_fpadd_parts+0x48>
     d0c:	21 c1       	rjmp	.+578    	; 0xf50 <_fpadd_parts+0x28a>
     d0e:	82 30       	cpi	r24, 0x02	; 2
     d10:	a9 f4       	brne	.+42     	; 0xd3c <_fpadd_parts+0x76>
     d12:	92 30       	cpi	r25, 0x02	; 2
     d14:	09 f0       	breq	.+2      	; 0xd18 <_fpadd_parts+0x52>
     d16:	1d c1       	rjmp	.+570    	; 0xf52 <_fpadd_parts+0x28c>
     d18:	9a 01       	movw	r18, r20
     d1a:	ad 01       	movw	r20, r26
     d1c:	88 e0       	ldi	r24, 0x08	; 8
     d1e:	ea 01       	movw	r28, r20
     d20:	09 90       	ld	r0, Y+
     d22:	ae 01       	movw	r20, r28
     d24:	e9 01       	movw	r28, r18
     d26:	09 92       	st	Y+, r0
     d28:	9e 01       	movw	r18, r28
     d2a:	81 50       	subi	r24, 0x01	; 1
     d2c:	c1 f7       	brne	.-16     	; 0xd1e <_fpadd_parts+0x58>
     d2e:	e2 01       	movw	r28, r4
     d30:	89 81       	ldd	r24, Y+1	; 0x01
     d32:	11 96       	adiw	r26, 0x01	; 1
     d34:	9c 91       	ld	r25, X
     d36:	89 23       	and	r24, r25
     d38:	81 83       	std	Z+1, r24	; 0x01
     d3a:	08 c1       	rjmp	.+528    	; 0xf4c <_fpadd_parts+0x286>
     d3c:	92 30       	cpi	r25, 0x02	; 2
     d3e:	09 f4       	brne	.+2      	; 0xd42 <_fpadd_parts+0x7c>
     d40:	07 c1       	rjmp	.+526    	; 0xf50 <_fpadd_parts+0x28a>
     d42:	12 96       	adiw	r26, 0x02	; 2
     d44:	2d 90       	ld	r2, X+
     d46:	3c 90       	ld	r3, X
     d48:	13 97       	sbiw	r26, 0x03	; 3
     d4a:	eb 01       	movw	r28, r22
     d4c:	8a 81       	ldd	r24, Y+2	; 0x02
     d4e:	9b 81       	ldd	r25, Y+3	; 0x03
     d50:	14 96       	adiw	r26, 0x04	; 4
     d52:	ad 90       	ld	r10, X+
     d54:	bd 90       	ld	r11, X+
     d56:	cd 90       	ld	r12, X+
     d58:	dc 90       	ld	r13, X
     d5a:	17 97       	sbiw	r26, 0x07	; 7
     d5c:	ec 80       	ldd	r14, Y+4	; 0x04
     d5e:	fd 80       	ldd	r15, Y+5	; 0x05
     d60:	0e 81       	ldd	r16, Y+6	; 0x06
     d62:	1f 81       	ldd	r17, Y+7	; 0x07
     d64:	91 01       	movw	r18, r2
     d66:	28 1b       	sub	r18, r24
     d68:	39 0b       	sbc	r19, r25
     d6a:	b9 01       	movw	r22, r18
     d6c:	37 ff       	sbrs	r19, 7
     d6e:	04 c0       	rjmp	.+8      	; 0xd78 <_fpadd_parts+0xb2>
     d70:	66 27       	eor	r22, r22
     d72:	77 27       	eor	r23, r23
     d74:	62 1b       	sub	r22, r18
     d76:	73 0b       	sbc	r23, r19
     d78:	60 32       	cpi	r22, 0x20	; 32
     d7a:	71 05       	cpc	r23, r1
     d7c:	0c f0       	brlt	.+2      	; 0xd80 <_fpadd_parts+0xba>
     d7e:	61 c0       	rjmp	.+194    	; 0xe42 <_fpadd_parts+0x17c>
     d80:	12 16       	cp	r1, r18
     d82:	13 06       	cpc	r1, r19
     d84:	6c f5       	brge	.+90     	; 0xde0 <_fpadd_parts+0x11a>
     d86:	37 01       	movw	r6, r14
     d88:	48 01       	movw	r8, r16
     d8a:	06 2e       	mov	r0, r22
     d8c:	04 c0       	rjmp	.+8      	; 0xd96 <_fpadd_parts+0xd0>
     d8e:	96 94       	lsr	r9
     d90:	87 94       	ror	r8
     d92:	77 94       	ror	r7
     d94:	67 94       	ror	r6
     d96:	0a 94       	dec	r0
     d98:	d2 f7       	brpl	.-12     	; 0xd8e <_fpadd_parts+0xc8>
     d9a:	21 e0       	ldi	r18, 0x01	; 1
     d9c:	30 e0       	ldi	r19, 0x00	; 0
     d9e:	40 e0       	ldi	r20, 0x00	; 0
     da0:	50 e0       	ldi	r21, 0x00	; 0
     da2:	04 c0       	rjmp	.+8      	; 0xdac <_fpadd_parts+0xe6>
     da4:	22 0f       	add	r18, r18
     da6:	33 1f       	adc	r19, r19
     da8:	44 1f       	adc	r20, r20
     daa:	55 1f       	adc	r21, r21
     dac:	6a 95       	dec	r22
     dae:	d2 f7       	brpl	.-12     	; 0xda4 <_fpadd_parts+0xde>
     db0:	21 50       	subi	r18, 0x01	; 1
     db2:	30 40       	sbci	r19, 0x00	; 0
     db4:	40 40       	sbci	r20, 0x00	; 0
     db6:	50 40       	sbci	r21, 0x00	; 0
     db8:	2e 21       	and	r18, r14
     dba:	3f 21       	and	r19, r15
     dbc:	40 23       	and	r20, r16
     dbe:	51 23       	and	r21, r17
     dc0:	21 15       	cp	r18, r1
     dc2:	31 05       	cpc	r19, r1
     dc4:	41 05       	cpc	r20, r1
     dc6:	51 05       	cpc	r21, r1
     dc8:	21 f0       	breq	.+8      	; 0xdd2 <_fpadd_parts+0x10c>
     dca:	21 e0       	ldi	r18, 0x01	; 1
     dcc:	30 e0       	ldi	r19, 0x00	; 0
     dce:	40 e0       	ldi	r20, 0x00	; 0
     dd0:	50 e0       	ldi	r21, 0x00	; 0
     dd2:	79 01       	movw	r14, r18
     dd4:	8a 01       	movw	r16, r20
     dd6:	e6 28       	or	r14, r6
     dd8:	f7 28       	or	r15, r7
     dda:	08 29       	or	r16, r8
     ddc:	19 29       	or	r17, r9
     dde:	3c c0       	rjmp	.+120    	; 0xe58 <_fpadd_parts+0x192>
     de0:	23 2b       	or	r18, r19
     de2:	d1 f1       	breq	.+116    	; 0xe58 <_fpadd_parts+0x192>
     de4:	26 0e       	add	r2, r22
     de6:	37 1e       	adc	r3, r23
     de8:	35 01       	movw	r6, r10
     dea:	46 01       	movw	r8, r12
     dec:	06 2e       	mov	r0, r22
     dee:	04 c0       	rjmp	.+8      	; 0xdf8 <_fpadd_parts+0x132>
     df0:	96 94       	lsr	r9
     df2:	87 94       	ror	r8
     df4:	77 94       	ror	r7
     df6:	67 94       	ror	r6
     df8:	0a 94       	dec	r0
     dfa:	d2 f7       	brpl	.-12     	; 0xdf0 <_fpadd_parts+0x12a>
     dfc:	21 e0       	ldi	r18, 0x01	; 1
     dfe:	30 e0       	ldi	r19, 0x00	; 0
     e00:	40 e0       	ldi	r20, 0x00	; 0
     e02:	50 e0       	ldi	r21, 0x00	; 0
     e04:	04 c0       	rjmp	.+8      	; 0xe0e <_fpadd_parts+0x148>
     e06:	22 0f       	add	r18, r18
     e08:	33 1f       	adc	r19, r19
     e0a:	44 1f       	adc	r20, r20
     e0c:	55 1f       	adc	r21, r21
     e0e:	6a 95       	dec	r22
     e10:	d2 f7       	brpl	.-12     	; 0xe06 <_fpadd_parts+0x140>
     e12:	21 50       	subi	r18, 0x01	; 1
     e14:	30 40       	sbci	r19, 0x00	; 0
     e16:	40 40       	sbci	r20, 0x00	; 0
     e18:	50 40       	sbci	r21, 0x00	; 0
     e1a:	2a 21       	and	r18, r10
     e1c:	3b 21       	and	r19, r11
     e1e:	4c 21       	and	r20, r12
     e20:	5d 21       	and	r21, r13
     e22:	21 15       	cp	r18, r1
     e24:	31 05       	cpc	r19, r1
     e26:	41 05       	cpc	r20, r1
     e28:	51 05       	cpc	r21, r1
     e2a:	21 f0       	breq	.+8      	; 0xe34 <_fpadd_parts+0x16e>
     e2c:	21 e0       	ldi	r18, 0x01	; 1
     e2e:	30 e0       	ldi	r19, 0x00	; 0
     e30:	40 e0       	ldi	r20, 0x00	; 0
     e32:	50 e0       	ldi	r21, 0x00	; 0
     e34:	59 01       	movw	r10, r18
     e36:	6a 01       	movw	r12, r20
     e38:	a6 28       	or	r10, r6
     e3a:	b7 28       	or	r11, r7
     e3c:	c8 28       	or	r12, r8
     e3e:	d9 28       	or	r13, r9
     e40:	0b c0       	rjmp	.+22     	; 0xe58 <_fpadd_parts+0x192>
     e42:	82 15       	cp	r24, r2
     e44:	93 05       	cpc	r25, r3
     e46:	2c f0       	brlt	.+10     	; 0xe52 <_fpadd_parts+0x18c>
     e48:	1c 01       	movw	r2, r24
     e4a:	aa 24       	eor	r10, r10
     e4c:	bb 24       	eor	r11, r11
     e4e:	65 01       	movw	r12, r10
     e50:	03 c0       	rjmp	.+6      	; 0xe58 <_fpadd_parts+0x192>
     e52:	ee 24       	eor	r14, r14
     e54:	ff 24       	eor	r15, r15
     e56:	87 01       	movw	r16, r14
     e58:	11 96       	adiw	r26, 0x01	; 1
     e5a:	9c 91       	ld	r25, X
     e5c:	d2 01       	movw	r26, r4
     e5e:	11 96       	adiw	r26, 0x01	; 1
     e60:	8c 91       	ld	r24, X
     e62:	98 17       	cp	r25, r24
     e64:	09 f4       	brne	.+2      	; 0xe68 <_fpadd_parts+0x1a2>
     e66:	45 c0       	rjmp	.+138    	; 0xef2 <_fpadd_parts+0x22c>
     e68:	99 23       	and	r25, r25
     e6a:	39 f0       	breq	.+14     	; 0xe7a <_fpadd_parts+0x1b4>
     e6c:	a8 01       	movw	r20, r16
     e6e:	97 01       	movw	r18, r14
     e70:	2a 19       	sub	r18, r10
     e72:	3b 09       	sbc	r19, r11
     e74:	4c 09       	sbc	r20, r12
     e76:	5d 09       	sbc	r21, r13
     e78:	06 c0       	rjmp	.+12     	; 0xe86 <_fpadd_parts+0x1c0>
     e7a:	a6 01       	movw	r20, r12
     e7c:	95 01       	movw	r18, r10
     e7e:	2e 19       	sub	r18, r14
     e80:	3f 09       	sbc	r19, r15
     e82:	40 0b       	sbc	r20, r16
     e84:	51 0b       	sbc	r21, r17
     e86:	57 fd       	sbrc	r21, 7
     e88:	08 c0       	rjmp	.+16     	; 0xe9a <_fpadd_parts+0x1d4>
     e8a:	11 82       	std	Z+1, r1	; 0x01
     e8c:	33 82       	std	Z+3, r3	; 0x03
     e8e:	22 82       	std	Z+2, r2	; 0x02
     e90:	24 83       	std	Z+4, r18	; 0x04
     e92:	35 83       	std	Z+5, r19	; 0x05
     e94:	46 83       	std	Z+6, r20	; 0x06
     e96:	57 83       	std	Z+7, r21	; 0x07
     e98:	1d c0       	rjmp	.+58     	; 0xed4 <_fpadd_parts+0x20e>
     e9a:	81 e0       	ldi	r24, 0x01	; 1
     e9c:	81 83       	std	Z+1, r24	; 0x01
     e9e:	33 82       	std	Z+3, r3	; 0x03
     ea0:	22 82       	std	Z+2, r2	; 0x02
     ea2:	88 27       	eor	r24, r24
     ea4:	99 27       	eor	r25, r25
     ea6:	dc 01       	movw	r26, r24
     ea8:	82 1b       	sub	r24, r18
     eaa:	93 0b       	sbc	r25, r19
     eac:	a4 0b       	sbc	r26, r20
     eae:	b5 0b       	sbc	r27, r21
     eb0:	84 83       	std	Z+4, r24	; 0x04
     eb2:	95 83       	std	Z+5, r25	; 0x05
     eb4:	a6 83       	std	Z+6, r26	; 0x06
     eb6:	b7 83       	std	Z+7, r27	; 0x07
     eb8:	0d c0       	rjmp	.+26     	; 0xed4 <_fpadd_parts+0x20e>
     eba:	22 0f       	add	r18, r18
     ebc:	33 1f       	adc	r19, r19
     ebe:	44 1f       	adc	r20, r20
     ec0:	55 1f       	adc	r21, r21
     ec2:	24 83       	std	Z+4, r18	; 0x04
     ec4:	35 83       	std	Z+5, r19	; 0x05
     ec6:	46 83       	std	Z+6, r20	; 0x06
     ec8:	57 83       	std	Z+7, r21	; 0x07
     eca:	82 81       	ldd	r24, Z+2	; 0x02
     ecc:	93 81       	ldd	r25, Z+3	; 0x03
     ece:	01 97       	sbiw	r24, 0x01	; 1
     ed0:	93 83       	std	Z+3, r25	; 0x03
     ed2:	82 83       	std	Z+2, r24	; 0x02
     ed4:	24 81       	ldd	r18, Z+4	; 0x04
     ed6:	35 81       	ldd	r19, Z+5	; 0x05
     ed8:	46 81       	ldd	r20, Z+6	; 0x06
     eda:	57 81       	ldd	r21, Z+7	; 0x07
     edc:	da 01       	movw	r26, r20
     ede:	c9 01       	movw	r24, r18
     ee0:	01 97       	sbiw	r24, 0x01	; 1
     ee2:	a1 09       	sbc	r26, r1
     ee4:	b1 09       	sbc	r27, r1
     ee6:	8f 5f       	subi	r24, 0xFF	; 255
     ee8:	9f 4f       	sbci	r25, 0xFF	; 255
     eea:	af 4f       	sbci	r26, 0xFF	; 255
     eec:	bf 43       	sbci	r27, 0x3F	; 63
     eee:	28 f3       	brcs	.-54     	; 0xeba <_fpadd_parts+0x1f4>
     ef0:	0b c0       	rjmp	.+22     	; 0xf08 <_fpadd_parts+0x242>
     ef2:	91 83       	std	Z+1, r25	; 0x01
     ef4:	33 82       	std	Z+3, r3	; 0x03
     ef6:	22 82       	std	Z+2, r2	; 0x02
     ef8:	ea 0c       	add	r14, r10
     efa:	fb 1c       	adc	r15, r11
     efc:	0c 1d       	adc	r16, r12
     efe:	1d 1d       	adc	r17, r13
     f00:	e4 82       	std	Z+4, r14	; 0x04
     f02:	f5 82       	std	Z+5, r15	; 0x05
     f04:	06 83       	std	Z+6, r16	; 0x06
     f06:	17 83       	std	Z+7, r17	; 0x07
     f08:	83 e0       	ldi	r24, 0x03	; 3
     f0a:	80 83       	st	Z, r24
     f0c:	24 81       	ldd	r18, Z+4	; 0x04
     f0e:	35 81       	ldd	r19, Z+5	; 0x05
     f10:	46 81       	ldd	r20, Z+6	; 0x06
     f12:	57 81       	ldd	r21, Z+7	; 0x07
     f14:	57 ff       	sbrs	r21, 7
     f16:	1a c0       	rjmp	.+52     	; 0xf4c <_fpadd_parts+0x286>
     f18:	c9 01       	movw	r24, r18
     f1a:	aa 27       	eor	r26, r26
     f1c:	97 fd       	sbrc	r25, 7
     f1e:	a0 95       	com	r26
     f20:	ba 2f       	mov	r27, r26
     f22:	81 70       	andi	r24, 0x01	; 1
     f24:	90 70       	andi	r25, 0x00	; 0
     f26:	a0 70       	andi	r26, 0x00	; 0
     f28:	b0 70       	andi	r27, 0x00	; 0
     f2a:	56 95       	lsr	r21
     f2c:	47 95       	ror	r20
     f2e:	37 95       	ror	r19
     f30:	27 95       	ror	r18
     f32:	82 2b       	or	r24, r18
     f34:	93 2b       	or	r25, r19
     f36:	a4 2b       	or	r26, r20
     f38:	b5 2b       	or	r27, r21
     f3a:	84 83       	std	Z+4, r24	; 0x04
     f3c:	95 83       	std	Z+5, r25	; 0x05
     f3e:	a6 83       	std	Z+6, r26	; 0x06
     f40:	b7 83       	std	Z+7, r27	; 0x07
     f42:	82 81       	ldd	r24, Z+2	; 0x02
     f44:	93 81       	ldd	r25, Z+3	; 0x03
     f46:	01 96       	adiw	r24, 0x01	; 1
     f48:	93 83       	std	Z+3, r25	; 0x03
     f4a:	82 83       	std	Z+2, r24	; 0x02
     f4c:	df 01       	movw	r26, r30
     f4e:	01 c0       	rjmp	.+2      	; 0xf52 <_fpadd_parts+0x28c>
     f50:	d2 01       	movw	r26, r4
     f52:	cd 01       	movw	r24, r26
     f54:	cd b7       	in	r28, 0x3d	; 61
     f56:	de b7       	in	r29, 0x3e	; 62
     f58:	e2 e1       	ldi	r30, 0x12	; 18
     f5a:	0c 94 59 0c 	jmp	0x18b2	; 0x18b2 <__epilogue_restores__>

00000f5e <__subsf3>:
     f5e:	a0 e2       	ldi	r26, 0x20	; 32
     f60:	b0 e0       	ldi	r27, 0x00	; 0
     f62:	e5 eb       	ldi	r30, 0xB5	; 181
     f64:	f7 e0       	ldi	r31, 0x07	; 7
     f66:	0c 94 49 0c 	jmp	0x1892	; 0x1892 <__prologue_saves__+0x18>
     f6a:	69 83       	std	Y+1, r22	; 0x01
     f6c:	7a 83       	std	Y+2, r23	; 0x02
     f6e:	8b 83       	std	Y+3, r24	; 0x03
     f70:	9c 83       	std	Y+4, r25	; 0x04
     f72:	2d 83       	std	Y+5, r18	; 0x05
     f74:	3e 83       	std	Y+6, r19	; 0x06
     f76:	4f 83       	std	Y+7, r20	; 0x07
     f78:	58 87       	std	Y+8, r21	; 0x08
     f7a:	e9 e0       	ldi	r30, 0x09	; 9
     f7c:	ee 2e       	mov	r14, r30
     f7e:	f1 2c       	mov	r15, r1
     f80:	ec 0e       	add	r14, r28
     f82:	fd 1e       	adc	r15, r29
     f84:	ce 01       	movw	r24, r28
     f86:	01 96       	adiw	r24, 0x01	; 1
     f88:	b7 01       	movw	r22, r14
     f8a:	0e 94 6c 0b 	call	0x16d8	; 0x16d8 <__unpack_f>
     f8e:	8e 01       	movw	r16, r28
     f90:	0f 5e       	subi	r16, 0xEF	; 239
     f92:	1f 4f       	sbci	r17, 0xFF	; 255
     f94:	ce 01       	movw	r24, r28
     f96:	05 96       	adiw	r24, 0x05	; 5
     f98:	b8 01       	movw	r22, r16
     f9a:	0e 94 6c 0b 	call	0x16d8	; 0x16d8 <__unpack_f>
     f9e:	8a 89       	ldd	r24, Y+18	; 0x12
     fa0:	91 e0       	ldi	r25, 0x01	; 1
     fa2:	89 27       	eor	r24, r25
     fa4:	8a 8b       	std	Y+18, r24	; 0x12
     fa6:	c7 01       	movw	r24, r14
     fa8:	b8 01       	movw	r22, r16
     faa:	ae 01       	movw	r20, r28
     fac:	47 5e       	subi	r20, 0xE7	; 231
     fae:	5f 4f       	sbci	r21, 0xFF	; 255
     fb0:	0e 94 63 06 	call	0xcc6	; 0xcc6 <_fpadd_parts>
     fb4:	0e 94 97 0a 	call	0x152e	; 0x152e <__pack_f>
     fb8:	a0 96       	adiw	r28, 0x20	; 32
     fba:	e6 e0       	ldi	r30, 0x06	; 6
     fbc:	0c 94 65 0c 	jmp	0x18ca	; 0x18ca <__epilogue_restores__+0x18>

00000fc0 <__addsf3>:
     fc0:	a0 e2       	ldi	r26, 0x20	; 32
     fc2:	b0 e0       	ldi	r27, 0x00	; 0
     fc4:	e6 ee       	ldi	r30, 0xE6	; 230
     fc6:	f7 e0       	ldi	r31, 0x07	; 7
     fc8:	0c 94 49 0c 	jmp	0x1892	; 0x1892 <__prologue_saves__+0x18>
     fcc:	69 83       	std	Y+1, r22	; 0x01
     fce:	7a 83       	std	Y+2, r23	; 0x02
     fd0:	8b 83       	std	Y+3, r24	; 0x03
     fd2:	9c 83       	std	Y+4, r25	; 0x04
     fd4:	2d 83       	std	Y+5, r18	; 0x05
     fd6:	3e 83       	std	Y+6, r19	; 0x06
     fd8:	4f 83       	std	Y+7, r20	; 0x07
     fda:	58 87       	std	Y+8, r21	; 0x08
     fdc:	f9 e0       	ldi	r31, 0x09	; 9
     fde:	ef 2e       	mov	r14, r31
     fe0:	f1 2c       	mov	r15, r1
     fe2:	ec 0e       	add	r14, r28
     fe4:	fd 1e       	adc	r15, r29
     fe6:	ce 01       	movw	r24, r28
     fe8:	01 96       	adiw	r24, 0x01	; 1
     fea:	b7 01       	movw	r22, r14
     fec:	0e 94 6c 0b 	call	0x16d8	; 0x16d8 <__unpack_f>
     ff0:	8e 01       	movw	r16, r28
     ff2:	0f 5e       	subi	r16, 0xEF	; 239
     ff4:	1f 4f       	sbci	r17, 0xFF	; 255
     ff6:	ce 01       	movw	r24, r28
     ff8:	05 96       	adiw	r24, 0x05	; 5
     ffa:	b8 01       	movw	r22, r16
     ffc:	0e 94 6c 0b 	call	0x16d8	; 0x16d8 <__unpack_f>
    1000:	c7 01       	movw	r24, r14
    1002:	b8 01       	movw	r22, r16
    1004:	ae 01       	movw	r20, r28
    1006:	47 5e       	subi	r20, 0xE7	; 231
    1008:	5f 4f       	sbci	r21, 0xFF	; 255
    100a:	0e 94 63 06 	call	0xcc6	; 0xcc6 <_fpadd_parts>
    100e:	0e 94 97 0a 	call	0x152e	; 0x152e <__pack_f>
    1012:	a0 96       	adiw	r28, 0x20	; 32
    1014:	e6 e0       	ldi	r30, 0x06	; 6
    1016:	0c 94 65 0c 	jmp	0x18ca	; 0x18ca <__epilogue_restores__+0x18>

0000101a <__mulsf3>:
    101a:	a0 e2       	ldi	r26, 0x20	; 32
    101c:	b0 e0       	ldi	r27, 0x00	; 0
    101e:	e3 e1       	ldi	r30, 0x13	; 19
    1020:	f8 e0       	ldi	r31, 0x08	; 8
    1022:	0c 94 3d 0c 	jmp	0x187a	; 0x187a <__prologue_saves__>
    1026:	69 83       	std	Y+1, r22	; 0x01
    1028:	7a 83       	std	Y+2, r23	; 0x02
    102a:	8b 83       	std	Y+3, r24	; 0x03
    102c:	9c 83       	std	Y+4, r25	; 0x04
    102e:	2d 83       	std	Y+5, r18	; 0x05
    1030:	3e 83       	std	Y+6, r19	; 0x06
    1032:	4f 83       	std	Y+7, r20	; 0x07
    1034:	58 87       	std	Y+8, r21	; 0x08
    1036:	ce 01       	movw	r24, r28
    1038:	01 96       	adiw	r24, 0x01	; 1
    103a:	be 01       	movw	r22, r28
    103c:	67 5f       	subi	r22, 0xF7	; 247
    103e:	7f 4f       	sbci	r23, 0xFF	; 255
    1040:	0e 94 6c 0b 	call	0x16d8	; 0x16d8 <__unpack_f>
    1044:	ce 01       	movw	r24, r28
    1046:	05 96       	adiw	r24, 0x05	; 5
    1048:	be 01       	movw	r22, r28
    104a:	6f 5e       	subi	r22, 0xEF	; 239
    104c:	7f 4f       	sbci	r23, 0xFF	; 255
    104e:	0e 94 6c 0b 	call	0x16d8	; 0x16d8 <__unpack_f>
    1052:	99 85       	ldd	r25, Y+9	; 0x09
    1054:	92 30       	cpi	r25, 0x02	; 2
    1056:	88 f0       	brcs	.+34     	; 0x107a <__mulsf3+0x60>
    1058:	89 89       	ldd	r24, Y+17	; 0x11
    105a:	82 30       	cpi	r24, 0x02	; 2
    105c:	c8 f0       	brcs	.+50     	; 0x1090 <__mulsf3+0x76>
    105e:	94 30       	cpi	r25, 0x04	; 4
    1060:	19 f4       	brne	.+6      	; 0x1068 <__mulsf3+0x4e>
    1062:	82 30       	cpi	r24, 0x02	; 2
    1064:	51 f4       	brne	.+20     	; 0x107a <__mulsf3+0x60>
    1066:	04 c0       	rjmp	.+8      	; 0x1070 <__mulsf3+0x56>
    1068:	84 30       	cpi	r24, 0x04	; 4
    106a:	29 f4       	brne	.+10     	; 0x1076 <__mulsf3+0x5c>
    106c:	92 30       	cpi	r25, 0x02	; 2
    106e:	81 f4       	brne	.+32     	; 0x1090 <__mulsf3+0x76>
    1070:	8e e7       	ldi	r24, 0x7E	; 126
    1072:	90 e0       	ldi	r25, 0x00	; 0
    1074:	c6 c0       	rjmp	.+396    	; 0x1202 <__mulsf3+0x1e8>
    1076:	92 30       	cpi	r25, 0x02	; 2
    1078:	49 f4       	brne	.+18     	; 0x108c <__mulsf3+0x72>
    107a:	20 e0       	ldi	r18, 0x00	; 0
    107c:	9a 85       	ldd	r25, Y+10	; 0x0a
    107e:	8a 89       	ldd	r24, Y+18	; 0x12
    1080:	98 13       	cpse	r25, r24
    1082:	21 e0       	ldi	r18, 0x01	; 1
    1084:	2a 87       	std	Y+10, r18	; 0x0a
    1086:	ce 01       	movw	r24, r28
    1088:	09 96       	adiw	r24, 0x09	; 9
    108a:	bb c0       	rjmp	.+374    	; 0x1202 <__mulsf3+0x1e8>
    108c:	82 30       	cpi	r24, 0x02	; 2
    108e:	49 f4       	brne	.+18     	; 0x10a2 <__mulsf3+0x88>
    1090:	20 e0       	ldi	r18, 0x00	; 0
    1092:	9a 85       	ldd	r25, Y+10	; 0x0a
    1094:	8a 89       	ldd	r24, Y+18	; 0x12
    1096:	98 13       	cpse	r25, r24
    1098:	21 e0       	ldi	r18, 0x01	; 1
    109a:	2a 8b       	std	Y+18, r18	; 0x12
    109c:	ce 01       	movw	r24, r28
    109e:	41 96       	adiw	r24, 0x11	; 17
    10a0:	b0 c0       	rjmp	.+352    	; 0x1202 <__mulsf3+0x1e8>
    10a2:	2d 84       	ldd	r2, Y+13	; 0x0d
    10a4:	3e 84       	ldd	r3, Y+14	; 0x0e
    10a6:	4f 84       	ldd	r4, Y+15	; 0x0f
    10a8:	58 88       	ldd	r5, Y+16	; 0x10
    10aa:	6d 88       	ldd	r6, Y+21	; 0x15
    10ac:	7e 88       	ldd	r7, Y+22	; 0x16
    10ae:	8f 88       	ldd	r8, Y+23	; 0x17
    10b0:	98 8c       	ldd	r9, Y+24	; 0x18
    10b2:	ee 24       	eor	r14, r14
    10b4:	ff 24       	eor	r15, r15
    10b6:	87 01       	movw	r16, r14
    10b8:	aa 24       	eor	r10, r10
    10ba:	bb 24       	eor	r11, r11
    10bc:	65 01       	movw	r12, r10
    10be:	40 e0       	ldi	r20, 0x00	; 0
    10c0:	50 e0       	ldi	r21, 0x00	; 0
    10c2:	60 e0       	ldi	r22, 0x00	; 0
    10c4:	70 e0       	ldi	r23, 0x00	; 0
    10c6:	e0 e0       	ldi	r30, 0x00	; 0
    10c8:	f0 e0       	ldi	r31, 0x00	; 0
    10ca:	c1 01       	movw	r24, r2
    10cc:	81 70       	andi	r24, 0x01	; 1
    10ce:	90 70       	andi	r25, 0x00	; 0
    10d0:	89 2b       	or	r24, r25
    10d2:	e9 f0       	breq	.+58     	; 0x110e <__mulsf3+0xf4>
    10d4:	e6 0c       	add	r14, r6
    10d6:	f7 1c       	adc	r15, r7
    10d8:	08 1d       	adc	r16, r8
    10da:	19 1d       	adc	r17, r9
    10dc:	9a 01       	movw	r18, r20
    10de:	ab 01       	movw	r20, r22
    10e0:	2a 0d       	add	r18, r10
    10e2:	3b 1d       	adc	r19, r11
    10e4:	4c 1d       	adc	r20, r12
    10e6:	5d 1d       	adc	r21, r13
    10e8:	80 e0       	ldi	r24, 0x00	; 0
    10ea:	90 e0       	ldi	r25, 0x00	; 0
    10ec:	a0 e0       	ldi	r26, 0x00	; 0
    10ee:	b0 e0       	ldi	r27, 0x00	; 0
    10f0:	e6 14       	cp	r14, r6
    10f2:	f7 04       	cpc	r15, r7
    10f4:	08 05       	cpc	r16, r8
    10f6:	19 05       	cpc	r17, r9
    10f8:	20 f4       	brcc	.+8      	; 0x1102 <__mulsf3+0xe8>
    10fa:	81 e0       	ldi	r24, 0x01	; 1
    10fc:	90 e0       	ldi	r25, 0x00	; 0
    10fe:	a0 e0       	ldi	r26, 0x00	; 0
    1100:	b0 e0       	ldi	r27, 0x00	; 0
    1102:	ba 01       	movw	r22, r20
    1104:	a9 01       	movw	r20, r18
    1106:	48 0f       	add	r20, r24
    1108:	59 1f       	adc	r21, r25
    110a:	6a 1f       	adc	r22, r26
    110c:	7b 1f       	adc	r23, r27
    110e:	aa 0c       	add	r10, r10
    1110:	bb 1c       	adc	r11, r11
    1112:	cc 1c       	adc	r12, r12
    1114:	dd 1c       	adc	r13, r13
    1116:	97 fe       	sbrs	r9, 7
    1118:	08 c0       	rjmp	.+16     	; 0x112a <__mulsf3+0x110>
    111a:	81 e0       	ldi	r24, 0x01	; 1
    111c:	90 e0       	ldi	r25, 0x00	; 0
    111e:	a0 e0       	ldi	r26, 0x00	; 0
    1120:	b0 e0       	ldi	r27, 0x00	; 0
    1122:	a8 2a       	or	r10, r24
    1124:	b9 2a       	or	r11, r25
    1126:	ca 2a       	or	r12, r26
    1128:	db 2a       	or	r13, r27
    112a:	31 96       	adiw	r30, 0x01	; 1
    112c:	e0 32       	cpi	r30, 0x20	; 32
    112e:	f1 05       	cpc	r31, r1
    1130:	49 f0       	breq	.+18     	; 0x1144 <__mulsf3+0x12a>
    1132:	66 0c       	add	r6, r6
    1134:	77 1c       	adc	r7, r7
    1136:	88 1c       	adc	r8, r8
    1138:	99 1c       	adc	r9, r9
    113a:	56 94       	lsr	r5
    113c:	47 94       	ror	r4
    113e:	37 94       	ror	r3
    1140:	27 94       	ror	r2
    1142:	c3 cf       	rjmp	.-122    	; 0x10ca <__mulsf3+0xb0>
    1144:	fa 85       	ldd	r31, Y+10	; 0x0a
    1146:	ea 89       	ldd	r30, Y+18	; 0x12
    1148:	2b 89       	ldd	r18, Y+19	; 0x13
    114a:	3c 89       	ldd	r19, Y+20	; 0x14
    114c:	8b 85       	ldd	r24, Y+11	; 0x0b
    114e:	9c 85       	ldd	r25, Y+12	; 0x0c
    1150:	28 0f       	add	r18, r24
    1152:	39 1f       	adc	r19, r25
    1154:	2e 5f       	subi	r18, 0xFE	; 254
    1156:	3f 4f       	sbci	r19, 0xFF	; 255
    1158:	17 c0       	rjmp	.+46     	; 0x1188 <__mulsf3+0x16e>
    115a:	ca 01       	movw	r24, r20
    115c:	81 70       	andi	r24, 0x01	; 1
    115e:	90 70       	andi	r25, 0x00	; 0
    1160:	89 2b       	or	r24, r25
    1162:	61 f0       	breq	.+24     	; 0x117c <__mulsf3+0x162>
    1164:	16 95       	lsr	r17
    1166:	07 95       	ror	r16
    1168:	f7 94       	ror	r15
    116a:	e7 94       	ror	r14
    116c:	80 e0       	ldi	r24, 0x00	; 0
    116e:	90 e0       	ldi	r25, 0x00	; 0
    1170:	a0 e0       	ldi	r26, 0x00	; 0
    1172:	b0 e8       	ldi	r27, 0x80	; 128
    1174:	e8 2a       	or	r14, r24
    1176:	f9 2a       	or	r15, r25
    1178:	0a 2b       	or	r16, r26
    117a:	1b 2b       	or	r17, r27
    117c:	76 95       	lsr	r23
    117e:	67 95       	ror	r22
    1180:	57 95       	ror	r21
    1182:	47 95       	ror	r20
    1184:	2f 5f       	subi	r18, 0xFF	; 255
    1186:	3f 4f       	sbci	r19, 0xFF	; 255
    1188:	77 fd       	sbrc	r23, 7
    118a:	e7 cf       	rjmp	.-50     	; 0x115a <__mulsf3+0x140>
    118c:	0c c0       	rjmp	.+24     	; 0x11a6 <__mulsf3+0x18c>
    118e:	44 0f       	add	r20, r20
    1190:	55 1f       	adc	r21, r21
    1192:	66 1f       	adc	r22, r22
    1194:	77 1f       	adc	r23, r23
    1196:	17 fd       	sbrc	r17, 7
    1198:	41 60       	ori	r20, 0x01	; 1
    119a:	ee 0c       	add	r14, r14
    119c:	ff 1c       	adc	r15, r15
    119e:	00 1f       	adc	r16, r16
    11a0:	11 1f       	adc	r17, r17
    11a2:	21 50       	subi	r18, 0x01	; 1
    11a4:	30 40       	sbci	r19, 0x00	; 0
    11a6:	40 30       	cpi	r20, 0x00	; 0
    11a8:	90 e0       	ldi	r25, 0x00	; 0
    11aa:	59 07       	cpc	r21, r25
    11ac:	90 e0       	ldi	r25, 0x00	; 0
    11ae:	69 07       	cpc	r22, r25
    11b0:	90 e4       	ldi	r25, 0x40	; 64
    11b2:	79 07       	cpc	r23, r25
    11b4:	60 f3       	brcs	.-40     	; 0x118e <__mulsf3+0x174>
    11b6:	2b 8f       	std	Y+27, r18	; 0x1b
    11b8:	3c 8f       	std	Y+28, r19	; 0x1c
    11ba:	db 01       	movw	r26, r22
    11bc:	ca 01       	movw	r24, r20
    11be:	8f 77       	andi	r24, 0x7F	; 127
    11c0:	90 70       	andi	r25, 0x00	; 0
    11c2:	a0 70       	andi	r26, 0x00	; 0
    11c4:	b0 70       	andi	r27, 0x00	; 0
    11c6:	80 34       	cpi	r24, 0x40	; 64
    11c8:	91 05       	cpc	r25, r1
    11ca:	a1 05       	cpc	r26, r1
    11cc:	b1 05       	cpc	r27, r1
    11ce:	61 f4       	brne	.+24     	; 0x11e8 <__mulsf3+0x1ce>
    11d0:	47 fd       	sbrc	r20, 7
    11d2:	0a c0       	rjmp	.+20     	; 0x11e8 <__mulsf3+0x1ce>
    11d4:	e1 14       	cp	r14, r1
    11d6:	f1 04       	cpc	r15, r1
    11d8:	01 05       	cpc	r16, r1
    11da:	11 05       	cpc	r17, r1
    11dc:	29 f0       	breq	.+10     	; 0x11e8 <__mulsf3+0x1ce>
    11de:	40 5c       	subi	r20, 0xC0	; 192
    11e0:	5f 4f       	sbci	r21, 0xFF	; 255
    11e2:	6f 4f       	sbci	r22, 0xFF	; 255
    11e4:	7f 4f       	sbci	r23, 0xFF	; 255
    11e6:	40 78       	andi	r20, 0x80	; 128
    11e8:	1a 8e       	std	Y+26, r1	; 0x1a
    11ea:	fe 17       	cp	r31, r30
    11ec:	11 f0       	breq	.+4      	; 0x11f2 <__mulsf3+0x1d8>
    11ee:	81 e0       	ldi	r24, 0x01	; 1
    11f0:	8a 8f       	std	Y+26, r24	; 0x1a
    11f2:	4d 8f       	std	Y+29, r20	; 0x1d
    11f4:	5e 8f       	std	Y+30, r21	; 0x1e
    11f6:	6f 8f       	std	Y+31, r22	; 0x1f
    11f8:	78 a3       	std	Y+32, r23	; 0x20
    11fa:	83 e0       	ldi	r24, 0x03	; 3
    11fc:	89 8f       	std	Y+25, r24	; 0x19
    11fe:	ce 01       	movw	r24, r28
    1200:	49 96       	adiw	r24, 0x19	; 25
    1202:	0e 94 97 0a 	call	0x152e	; 0x152e <__pack_f>
    1206:	a0 96       	adiw	r28, 0x20	; 32
    1208:	e2 e1       	ldi	r30, 0x12	; 18
    120a:	0c 94 59 0c 	jmp	0x18b2	; 0x18b2 <__epilogue_restores__>

0000120e <__divsf3>:
    120e:	a8 e1       	ldi	r26, 0x18	; 24
    1210:	b0 e0       	ldi	r27, 0x00	; 0
    1212:	ed e0       	ldi	r30, 0x0D	; 13
    1214:	f9 e0       	ldi	r31, 0x09	; 9
    1216:	0c 94 45 0c 	jmp	0x188a	; 0x188a <__prologue_saves__+0x10>
    121a:	69 83       	std	Y+1, r22	; 0x01
    121c:	7a 83       	std	Y+2, r23	; 0x02
    121e:	8b 83       	std	Y+3, r24	; 0x03
    1220:	9c 83       	std	Y+4, r25	; 0x04
    1222:	2d 83       	std	Y+5, r18	; 0x05
    1224:	3e 83       	std	Y+6, r19	; 0x06
    1226:	4f 83       	std	Y+7, r20	; 0x07
    1228:	58 87       	std	Y+8, r21	; 0x08
    122a:	b9 e0       	ldi	r27, 0x09	; 9
    122c:	eb 2e       	mov	r14, r27
    122e:	f1 2c       	mov	r15, r1
    1230:	ec 0e       	add	r14, r28
    1232:	fd 1e       	adc	r15, r29
    1234:	ce 01       	movw	r24, r28
    1236:	01 96       	adiw	r24, 0x01	; 1
    1238:	b7 01       	movw	r22, r14
    123a:	0e 94 6c 0b 	call	0x16d8	; 0x16d8 <__unpack_f>
    123e:	8e 01       	movw	r16, r28
    1240:	0f 5e       	subi	r16, 0xEF	; 239
    1242:	1f 4f       	sbci	r17, 0xFF	; 255
    1244:	ce 01       	movw	r24, r28
    1246:	05 96       	adiw	r24, 0x05	; 5
    1248:	b8 01       	movw	r22, r16
    124a:	0e 94 6c 0b 	call	0x16d8	; 0x16d8 <__unpack_f>
    124e:	29 85       	ldd	r18, Y+9	; 0x09
    1250:	22 30       	cpi	r18, 0x02	; 2
    1252:	08 f4       	brcc	.+2      	; 0x1256 <__divsf3+0x48>
    1254:	7e c0       	rjmp	.+252    	; 0x1352 <__divsf3+0x144>
    1256:	39 89       	ldd	r19, Y+17	; 0x11
    1258:	32 30       	cpi	r19, 0x02	; 2
    125a:	10 f4       	brcc	.+4      	; 0x1260 <__divsf3+0x52>
    125c:	b8 01       	movw	r22, r16
    125e:	7c c0       	rjmp	.+248    	; 0x1358 <__divsf3+0x14a>
    1260:	8a 85       	ldd	r24, Y+10	; 0x0a
    1262:	9a 89       	ldd	r25, Y+18	; 0x12
    1264:	89 27       	eor	r24, r25
    1266:	8a 87       	std	Y+10, r24	; 0x0a
    1268:	24 30       	cpi	r18, 0x04	; 4
    126a:	11 f0       	breq	.+4      	; 0x1270 <__divsf3+0x62>
    126c:	22 30       	cpi	r18, 0x02	; 2
    126e:	31 f4       	brne	.+12     	; 0x127c <__divsf3+0x6e>
    1270:	23 17       	cp	r18, r19
    1272:	09 f0       	breq	.+2      	; 0x1276 <__divsf3+0x68>
    1274:	6e c0       	rjmp	.+220    	; 0x1352 <__divsf3+0x144>
    1276:	6e e7       	ldi	r22, 0x7E	; 126
    1278:	70 e0       	ldi	r23, 0x00	; 0
    127a:	6e c0       	rjmp	.+220    	; 0x1358 <__divsf3+0x14a>
    127c:	34 30       	cpi	r19, 0x04	; 4
    127e:	39 f4       	brne	.+14     	; 0x128e <__divsf3+0x80>
    1280:	1d 86       	std	Y+13, r1	; 0x0d
    1282:	1e 86       	std	Y+14, r1	; 0x0e
    1284:	1f 86       	std	Y+15, r1	; 0x0f
    1286:	18 8a       	std	Y+16, r1	; 0x10
    1288:	1c 86       	std	Y+12, r1	; 0x0c
    128a:	1b 86       	std	Y+11, r1	; 0x0b
    128c:	04 c0       	rjmp	.+8      	; 0x1296 <__divsf3+0x88>
    128e:	32 30       	cpi	r19, 0x02	; 2
    1290:	21 f4       	brne	.+8      	; 0x129a <__divsf3+0x8c>
    1292:	84 e0       	ldi	r24, 0x04	; 4
    1294:	89 87       	std	Y+9, r24	; 0x09
    1296:	b7 01       	movw	r22, r14
    1298:	5f c0       	rjmp	.+190    	; 0x1358 <__divsf3+0x14a>
    129a:	2b 85       	ldd	r18, Y+11	; 0x0b
    129c:	3c 85       	ldd	r19, Y+12	; 0x0c
    129e:	8b 89       	ldd	r24, Y+19	; 0x13
    12a0:	9c 89       	ldd	r25, Y+20	; 0x14
    12a2:	28 1b       	sub	r18, r24
    12a4:	39 0b       	sbc	r19, r25
    12a6:	3c 87       	std	Y+12, r19	; 0x0c
    12a8:	2b 87       	std	Y+11, r18	; 0x0b
    12aa:	ed 84       	ldd	r14, Y+13	; 0x0d
    12ac:	fe 84       	ldd	r15, Y+14	; 0x0e
    12ae:	0f 85       	ldd	r16, Y+15	; 0x0f
    12b0:	18 89       	ldd	r17, Y+16	; 0x10
    12b2:	ad 88       	ldd	r10, Y+21	; 0x15
    12b4:	be 88       	ldd	r11, Y+22	; 0x16
    12b6:	cf 88       	ldd	r12, Y+23	; 0x17
    12b8:	d8 8c       	ldd	r13, Y+24	; 0x18
    12ba:	ea 14       	cp	r14, r10
    12bc:	fb 04       	cpc	r15, r11
    12be:	0c 05       	cpc	r16, r12
    12c0:	1d 05       	cpc	r17, r13
    12c2:	40 f4       	brcc	.+16     	; 0x12d4 <__divsf3+0xc6>
    12c4:	ee 0c       	add	r14, r14
    12c6:	ff 1c       	adc	r15, r15
    12c8:	00 1f       	adc	r16, r16
    12ca:	11 1f       	adc	r17, r17
    12cc:	21 50       	subi	r18, 0x01	; 1
    12ce:	30 40       	sbci	r19, 0x00	; 0
    12d0:	3c 87       	std	Y+12, r19	; 0x0c
    12d2:	2b 87       	std	Y+11, r18	; 0x0b
    12d4:	20 e0       	ldi	r18, 0x00	; 0
    12d6:	30 e0       	ldi	r19, 0x00	; 0
    12d8:	40 e0       	ldi	r20, 0x00	; 0
    12da:	50 e0       	ldi	r21, 0x00	; 0
    12dc:	80 e0       	ldi	r24, 0x00	; 0
    12de:	90 e0       	ldi	r25, 0x00	; 0
    12e0:	a0 e0       	ldi	r26, 0x00	; 0
    12e2:	b0 e4       	ldi	r27, 0x40	; 64
    12e4:	60 e0       	ldi	r22, 0x00	; 0
    12e6:	70 e0       	ldi	r23, 0x00	; 0
    12e8:	ea 14       	cp	r14, r10
    12ea:	fb 04       	cpc	r15, r11
    12ec:	0c 05       	cpc	r16, r12
    12ee:	1d 05       	cpc	r17, r13
    12f0:	40 f0       	brcs	.+16     	; 0x1302 <__divsf3+0xf4>
    12f2:	28 2b       	or	r18, r24
    12f4:	39 2b       	or	r19, r25
    12f6:	4a 2b       	or	r20, r26
    12f8:	5b 2b       	or	r21, r27
    12fa:	ea 18       	sub	r14, r10
    12fc:	fb 08       	sbc	r15, r11
    12fe:	0c 09       	sbc	r16, r12
    1300:	1d 09       	sbc	r17, r13
    1302:	b6 95       	lsr	r27
    1304:	a7 95       	ror	r26
    1306:	97 95       	ror	r25
    1308:	87 95       	ror	r24
    130a:	ee 0c       	add	r14, r14
    130c:	ff 1c       	adc	r15, r15
    130e:	00 1f       	adc	r16, r16
    1310:	11 1f       	adc	r17, r17
    1312:	6f 5f       	subi	r22, 0xFF	; 255
    1314:	7f 4f       	sbci	r23, 0xFF	; 255
    1316:	6f 31       	cpi	r22, 0x1F	; 31
    1318:	71 05       	cpc	r23, r1
    131a:	31 f7       	brne	.-52     	; 0x12e8 <__divsf3+0xda>
    131c:	da 01       	movw	r26, r20
    131e:	c9 01       	movw	r24, r18
    1320:	8f 77       	andi	r24, 0x7F	; 127
    1322:	90 70       	andi	r25, 0x00	; 0
    1324:	a0 70       	andi	r26, 0x00	; 0
    1326:	b0 70       	andi	r27, 0x00	; 0
    1328:	80 34       	cpi	r24, 0x40	; 64
    132a:	91 05       	cpc	r25, r1
    132c:	a1 05       	cpc	r26, r1
    132e:	b1 05       	cpc	r27, r1
    1330:	61 f4       	brne	.+24     	; 0x134a <__divsf3+0x13c>
    1332:	27 fd       	sbrc	r18, 7
    1334:	0a c0       	rjmp	.+20     	; 0x134a <__divsf3+0x13c>
    1336:	e1 14       	cp	r14, r1
    1338:	f1 04       	cpc	r15, r1
    133a:	01 05       	cpc	r16, r1
    133c:	11 05       	cpc	r17, r1
    133e:	29 f0       	breq	.+10     	; 0x134a <__divsf3+0x13c>
    1340:	20 5c       	subi	r18, 0xC0	; 192
    1342:	3f 4f       	sbci	r19, 0xFF	; 255
    1344:	4f 4f       	sbci	r20, 0xFF	; 255
    1346:	5f 4f       	sbci	r21, 0xFF	; 255
    1348:	20 78       	andi	r18, 0x80	; 128
    134a:	2d 87       	std	Y+13, r18	; 0x0d
    134c:	3e 87       	std	Y+14, r19	; 0x0e
    134e:	4f 87       	std	Y+15, r20	; 0x0f
    1350:	58 8b       	std	Y+16, r21	; 0x10
    1352:	be 01       	movw	r22, r28
    1354:	67 5f       	subi	r22, 0xF7	; 247
    1356:	7f 4f       	sbci	r23, 0xFF	; 255
    1358:	cb 01       	movw	r24, r22
    135a:	0e 94 97 0a 	call	0x152e	; 0x152e <__pack_f>
    135e:	68 96       	adiw	r28, 0x18	; 24
    1360:	ea e0       	ldi	r30, 0x0A	; 10
    1362:	0c 94 61 0c 	jmp	0x18c2	; 0x18c2 <__epilogue_restores__+0x10>

00001366 <__gtsf2>:
    1366:	a8 e1       	ldi	r26, 0x18	; 24
    1368:	b0 e0       	ldi	r27, 0x00	; 0
    136a:	e9 eb       	ldi	r30, 0xB9	; 185
    136c:	f9 e0       	ldi	r31, 0x09	; 9
    136e:	0c 94 49 0c 	jmp	0x1892	; 0x1892 <__prologue_saves__+0x18>
    1372:	69 83       	std	Y+1, r22	; 0x01
    1374:	7a 83       	std	Y+2, r23	; 0x02
    1376:	8b 83       	std	Y+3, r24	; 0x03
    1378:	9c 83       	std	Y+4, r25	; 0x04
    137a:	2d 83       	std	Y+5, r18	; 0x05
    137c:	3e 83       	std	Y+6, r19	; 0x06
    137e:	4f 83       	std	Y+7, r20	; 0x07
    1380:	58 87       	std	Y+8, r21	; 0x08
    1382:	89 e0       	ldi	r24, 0x09	; 9
    1384:	e8 2e       	mov	r14, r24
    1386:	f1 2c       	mov	r15, r1
    1388:	ec 0e       	add	r14, r28
    138a:	fd 1e       	adc	r15, r29
    138c:	ce 01       	movw	r24, r28
    138e:	01 96       	adiw	r24, 0x01	; 1
    1390:	b7 01       	movw	r22, r14
    1392:	0e 94 6c 0b 	call	0x16d8	; 0x16d8 <__unpack_f>
    1396:	8e 01       	movw	r16, r28
    1398:	0f 5e       	subi	r16, 0xEF	; 239
    139a:	1f 4f       	sbci	r17, 0xFF	; 255
    139c:	ce 01       	movw	r24, r28
    139e:	05 96       	adiw	r24, 0x05	; 5
    13a0:	b8 01       	movw	r22, r16
    13a2:	0e 94 6c 0b 	call	0x16d8	; 0x16d8 <__unpack_f>
    13a6:	89 85       	ldd	r24, Y+9	; 0x09
    13a8:	82 30       	cpi	r24, 0x02	; 2
    13aa:	40 f0       	brcs	.+16     	; 0x13bc <__gtsf2+0x56>
    13ac:	89 89       	ldd	r24, Y+17	; 0x11
    13ae:	82 30       	cpi	r24, 0x02	; 2
    13b0:	28 f0       	brcs	.+10     	; 0x13bc <__gtsf2+0x56>
    13b2:	c7 01       	movw	r24, r14
    13b4:	b8 01       	movw	r22, r16
    13b6:	0e 94 e4 0b 	call	0x17c8	; 0x17c8 <__fpcmp_parts_f>
    13ba:	01 c0       	rjmp	.+2      	; 0x13be <__gtsf2+0x58>
    13bc:	8f ef       	ldi	r24, 0xFF	; 255
    13be:	68 96       	adiw	r28, 0x18	; 24
    13c0:	e6 e0       	ldi	r30, 0x06	; 6
    13c2:	0c 94 65 0c 	jmp	0x18ca	; 0x18ca <__epilogue_restores__+0x18>

000013c6 <__gesf2>:
    13c6:	a8 e1       	ldi	r26, 0x18	; 24
    13c8:	b0 e0       	ldi	r27, 0x00	; 0
    13ca:	e9 ee       	ldi	r30, 0xE9	; 233
    13cc:	f9 e0       	ldi	r31, 0x09	; 9
    13ce:	0c 94 49 0c 	jmp	0x1892	; 0x1892 <__prologue_saves__+0x18>
    13d2:	69 83       	std	Y+1, r22	; 0x01
    13d4:	7a 83       	std	Y+2, r23	; 0x02
    13d6:	8b 83       	std	Y+3, r24	; 0x03
    13d8:	9c 83       	std	Y+4, r25	; 0x04
    13da:	2d 83       	std	Y+5, r18	; 0x05
    13dc:	3e 83       	std	Y+6, r19	; 0x06
    13de:	4f 83       	std	Y+7, r20	; 0x07
    13e0:	58 87       	std	Y+8, r21	; 0x08
    13e2:	89 e0       	ldi	r24, 0x09	; 9
    13e4:	e8 2e       	mov	r14, r24
    13e6:	f1 2c       	mov	r15, r1
    13e8:	ec 0e       	add	r14, r28
    13ea:	fd 1e       	adc	r15, r29
    13ec:	ce 01       	movw	r24, r28
    13ee:	01 96       	adiw	r24, 0x01	; 1
    13f0:	b7 01       	movw	r22, r14
    13f2:	0e 94 6c 0b 	call	0x16d8	; 0x16d8 <__unpack_f>
    13f6:	8e 01       	movw	r16, r28
    13f8:	0f 5e       	subi	r16, 0xEF	; 239
    13fa:	1f 4f       	sbci	r17, 0xFF	; 255
    13fc:	ce 01       	movw	r24, r28
    13fe:	05 96       	adiw	r24, 0x05	; 5
    1400:	b8 01       	movw	r22, r16
    1402:	0e 94 6c 0b 	call	0x16d8	; 0x16d8 <__unpack_f>
    1406:	89 85       	ldd	r24, Y+9	; 0x09
    1408:	82 30       	cpi	r24, 0x02	; 2
    140a:	40 f0       	brcs	.+16     	; 0x141c <__gesf2+0x56>
    140c:	89 89       	ldd	r24, Y+17	; 0x11
    140e:	82 30       	cpi	r24, 0x02	; 2
    1410:	28 f0       	brcs	.+10     	; 0x141c <__gesf2+0x56>
    1412:	c7 01       	movw	r24, r14
    1414:	b8 01       	movw	r22, r16
    1416:	0e 94 e4 0b 	call	0x17c8	; 0x17c8 <__fpcmp_parts_f>
    141a:	01 c0       	rjmp	.+2      	; 0x141e <__gesf2+0x58>
    141c:	8f ef       	ldi	r24, 0xFF	; 255
    141e:	68 96       	adiw	r28, 0x18	; 24
    1420:	e6 e0       	ldi	r30, 0x06	; 6
    1422:	0c 94 65 0c 	jmp	0x18ca	; 0x18ca <__epilogue_restores__+0x18>

00001426 <__ltsf2>:
    1426:	a8 e1       	ldi	r26, 0x18	; 24
    1428:	b0 e0       	ldi	r27, 0x00	; 0
    142a:	e9 e1       	ldi	r30, 0x19	; 25
    142c:	fa e0       	ldi	r31, 0x0A	; 10
    142e:	0c 94 49 0c 	jmp	0x1892	; 0x1892 <__prologue_saves__+0x18>
    1432:	69 83       	std	Y+1, r22	; 0x01
    1434:	7a 83       	std	Y+2, r23	; 0x02
    1436:	8b 83       	std	Y+3, r24	; 0x03
    1438:	9c 83       	std	Y+4, r25	; 0x04
    143a:	2d 83       	std	Y+5, r18	; 0x05
    143c:	3e 83       	std	Y+6, r19	; 0x06
    143e:	4f 83       	std	Y+7, r20	; 0x07
    1440:	58 87       	std	Y+8, r21	; 0x08
    1442:	89 e0       	ldi	r24, 0x09	; 9
    1444:	e8 2e       	mov	r14, r24
    1446:	f1 2c       	mov	r15, r1
    1448:	ec 0e       	add	r14, r28
    144a:	fd 1e       	adc	r15, r29
    144c:	ce 01       	movw	r24, r28
    144e:	01 96       	adiw	r24, 0x01	; 1
    1450:	b7 01       	movw	r22, r14
    1452:	0e 94 6c 0b 	call	0x16d8	; 0x16d8 <__unpack_f>
    1456:	8e 01       	movw	r16, r28
    1458:	0f 5e       	subi	r16, 0xEF	; 239
    145a:	1f 4f       	sbci	r17, 0xFF	; 255
    145c:	ce 01       	movw	r24, r28
    145e:	05 96       	adiw	r24, 0x05	; 5
    1460:	b8 01       	movw	r22, r16
    1462:	0e 94 6c 0b 	call	0x16d8	; 0x16d8 <__unpack_f>
    1466:	89 85       	ldd	r24, Y+9	; 0x09
    1468:	82 30       	cpi	r24, 0x02	; 2
    146a:	40 f0       	brcs	.+16     	; 0x147c <__ltsf2+0x56>
    146c:	89 89       	ldd	r24, Y+17	; 0x11
    146e:	82 30       	cpi	r24, 0x02	; 2
    1470:	28 f0       	brcs	.+10     	; 0x147c <__ltsf2+0x56>
    1472:	c7 01       	movw	r24, r14
    1474:	b8 01       	movw	r22, r16
    1476:	0e 94 e4 0b 	call	0x17c8	; 0x17c8 <__fpcmp_parts_f>
    147a:	01 c0       	rjmp	.+2      	; 0x147e <__ltsf2+0x58>
    147c:	81 e0       	ldi	r24, 0x01	; 1
    147e:	68 96       	adiw	r28, 0x18	; 24
    1480:	e6 e0       	ldi	r30, 0x06	; 6
    1482:	0c 94 65 0c 	jmp	0x18ca	; 0x18ca <__epilogue_restores__+0x18>

00001486 <__fixsfsi>:
    1486:	ac e0       	ldi	r26, 0x0C	; 12
    1488:	b0 e0       	ldi	r27, 0x00	; 0
    148a:	e9 e4       	ldi	r30, 0x49	; 73
    148c:	fa e0       	ldi	r31, 0x0A	; 10
    148e:	0c 94 4d 0c 	jmp	0x189a	; 0x189a <__prologue_saves__+0x20>
    1492:	69 83       	std	Y+1, r22	; 0x01
    1494:	7a 83       	std	Y+2, r23	; 0x02
    1496:	8b 83       	std	Y+3, r24	; 0x03
    1498:	9c 83       	std	Y+4, r25	; 0x04
    149a:	ce 01       	movw	r24, r28
    149c:	01 96       	adiw	r24, 0x01	; 1
    149e:	be 01       	movw	r22, r28
    14a0:	6b 5f       	subi	r22, 0xFB	; 251
    14a2:	7f 4f       	sbci	r23, 0xFF	; 255
    14a4:	0e 94 6c 0b 	call	0x16d8	; 0x16d8 <__unpack_f>
    14a8:	8d 81       	ldd	r24, Y+5	; 0x05
    14aa:	82 30       	cpi	r24, 0x02	; 2
    14ac:	61 f1       	breq	.+88     	; 0x1506 <__fixsfsi+0x80>
    14ae:	82 30       	cpi	r24, 0x02	; 2
    14b0:	50 f1       	brcs	.+84     	; 0x1506 <__fixsfsi+0x80>
    14b2:	84 30       	cpi	r24, 0x04	; 4
    14b4:	21 f4       	brne	.+8      	; 0x14be <__fixsfsi+0x38>
    14b6:	8e 81       	ldd	r24, Y+6	; 0x06
    14b8:	88 23       	and	r24, r24
    14ba:	51 f1       	breq	.+84     	; 0x1510 <__fixsfsi+0x8a>
    14bc:	2e c0       	rjmp	.+92     	; 0x151a <__fixsfsi+0x94>
    14be:	2f 81       	ldd	r18, Y+7	; 0x07
    14c0:	38 85       	ldd	r19, Y+8	; 0x08
    14c2:	37 fd       	sbrc	r19, 7
    14c4:	20 c0       	rjmp	.+64     	; 0x1506 <__fixsfsi+0x80>
    14c6:	6e 81       	ldd	r22, Y+6	; 0x06
    14c8:	2f 31       	cpi	r18, 0x1F	; 31
    14ca:	31 05       	cpc	r19, r1
    14cc:	1c f0       	brlt	.+6      	; 0x14d4 <__fixsfsi+0x4e>
    14ce:	66 23       	and	r22, r22
    14d0:	f9 f0       	breq	.+62     	; 0x1510 <__fixsfsi+0x8a>
    14d2:	23 c0       	rjmp	.+70     	; 0x151a <__fixsfsi+0x94>
    14d4:	8e e1       	ldi	r24, 0x1E	; 30
    14d6:	90 e0       	ldi	r25, 0x00	; 0
    14d8:	82 1b       	sub	r24, r18
    14da:	93 0b       	sbc	r25, r19
    14dc:	29 85       	ldd	r18, Y+9	; 0x09
    14de:	3a 85       	ldd	r19, Y+10	; 0x0a
    14e0:	4b 85       	ldd	r20, Y+11	; 0x0b
    14e2:	5c 85       	ldd	r21, Y+12	; 0x0c
    14e4:	04 c0       	rjmp	.+8      	; 0x14ee <__fixsfsi+0x68>
    14e6:	56 95       	lsr	r21
    14e8:	47 95       	ror	r20
    14ea:	37 95       	ror	r19
    14ec:	27 95       	ror	r18
    14ee:	8a 95       	dec	r24
    14f0:	d2 f7       	brpl	.-12     	; 0x14e6 <__fixsfsi+0x60>
    14f2:	66 23       	and	r22, r22
    14f4:	b1 f0       	breq	.+44     	; 0x1522 <__fixsfsi+0x9c>
    14f6:	50 95       	com	r21
    14f8:	40 95       	com	r20
    14fa:	30 95       	com	r19
    14fc:	21 95       	neg	r18
    14fe:	3f 4f       	sbci	r19, 0xFF	; 255
    1500:	4f 4f       	sbci	r20, 0xFF	; 255
    1502:	5f 4f       	sbci	r21, 0xFF	; 255
    1504:	0e c0       	rjmp	.+28     	; 0x1522 <__fixsfsi+0x9c>
    1506:	20 e0       	ldi	r18, 0x00	; 0
    1508:	30 e0       	ldi	r19, 0x00	; 0
    150a:	40 e0       	ldi	r20, 0x00	; 0
    150c:	50 e0       	ldi	r21, 0x00	; 0
    150e:	09 c0       	rjmp	.+18     	; 0x1522 <__fixsfsi+0x9c>
    1510:	2f ef       	ldi	r18, 0xFF	; 255
    1512:	3f ef       	ldi	r19, 0xFF	; 255
    1514:	4f ef       	ldi	r20, 0xFF	; 255
    1516:	5f e7       	ldi	r21, 0x7F	; 127
    1518:	04 c0       	rjmp	.+8      	; 0x1522 <__fixsfsi+0x9c>
    151a:	20 e0       	ldi	r18, 0x00	; 0
    151c:	30 e0       	ldi	r19, 0x00	; 0
    151e:	40 e0       	ldi	r20, 0x00	; 0
    1520:	50 e8       	ldi	r21, 0x80	; 128
    1522:	b9 01       	movw	r22, r18
    1524:	ca 01       	movw	r24, r20
    1526:	2c 96       	adiw	r28, 0x0c	; 12
    1528:	e2 e0       	ldi	r30, 0x02	; 2
    152a:	0c 94 69 0c 	jmp	0x18d2	; 0x18d2 <__epilogue_restores__+0x20>

0000152e <__pack_f>:
    152e:	df 92       	push	r13
    1530:	ef 92       	push	r14
    1532:	ff 92       	push	r15
    1534:	0f 93       	push	r16
    1536:	1f 93       	push	r17
    1538:	fc 01       	movw	r30, r24
    153a:	e4 80       	ldd	r14, Z+4	; 0x04
    153c:	f5 80       	ldd	r15, Z+5	; 0x05
    153e:	06 81       	ldd	r16, Z+6	; 0x06
    1540:	17 81       	ldd	r17, Z+7	; 0x07
    1542:	d1 80       	ldd	r13, Z+1	; 0x01
    1544:	80 81       	ld	r24, Z
    1546:	82 30       	cpi	r24, 0x02	; 2
    1548:	48 f4       	brcc	.+18     	; 0x155c <__pack_f+0x2e>
    154a:	80 e0       	ldi	r24, 0x00	; 0
    154c:	90 e0       	ldi	r25, 0x00	; 0
    154e:	a0 e1       	ldi	r26, 0x10	; 16
    1550:	b0 e0       	ldi	r27, 0x00	; 0
    1552:	e8 2a       	or	r14, r24
    1554:	f9 2a       	or	r15, r25
    1556:	0a 2b       	or	r16, r26
    1558:	1b 2b       	or	r17, r27
    155a:	a5 c0       	rjmp	.+330    	; 0x16a6 <__pack_f+0x178>
    155c:	84 30       	cpi	r24, 0x04	; 4
    155e:	09 f4       	brne	.+2      	; 0x1562 <__pack_f+0x34>
    1560:	9f c0       	rjmp	.+318    	; 0x16a0 <__pack_f+0x172>
    1562:	82 30       	cpi	r24, 0x02	; 2
    1564:	21 f4       	brne	.+8      	; 0x156e <__pack_f+0x40>
    1566:	ee 24       	eor	r14, r14
    1568:	ff 24       	eor	r15, r15
    156a:	87 01       	movw	r16, r14
    156c:	05 c0       	rjmp	.+10     	; 0x1578 <__pack_f+0x4a>
    156e:	e1 14       	cp	r14, r1
    1570:	f1 04       	cpc	r15, r1
    1572:	01 05       	cpc	r16, r1
    1574:	11 05       	cpc	r17, r1
    1576:	19 f4       	brne	.+6      	; 0x157e <__pack_f+0x50>
    1578:	e0 e0       	ldi	r30, 0x00	; 0
    157a:	f0 e0       	ldi	r31, 0x00	; 0
    157c:	96 c0       	rjmp	.+300    	; 0x16aa <__pack_f+0x17c>
    157e:	62 81       	ldd	r22, Z+2	; 0x02
    1580:	73 81       	ldd	r23, Z+3	; 0x03
    1582:	9f ef       	ldi	r25, 0xFF	; 255
    1584:	62 38       	cpi	r22, 0x82	; 130
    1586:	79 07       	cpc	r23, r25
    1588:	0c f0       	brlt	.+2      	; 0x158c <__pack_f+0x5e>
    158a:	5b c0       	rjmp	.+182    	; 0x1642 <__pack_f+0x114>
    158c:	22 e8       	ldi	r18, 0x82	; 130
    158e:	3f ef       	ldi	r19, 0xFF	; 255
    1590:	26 1b       	sub	r18, r22
    1592:	37 0b       	sbc	r19, r23
    1594:	2a 31       	cpi	r18, 0x1A	; 26
    1596:	31 05       	cpc	r19, r1
    1598:	2c f0       	brlt	.+10     	; 0x15a4 <__pack_f+0x76>
    159a:	20 e0       	ldi	r18, 0x00	; 0
    159c:	30 e0       	ldi	r19, 0x00	; 0
    159e:	40 e0       	ldi	r20, 0x00	; 0
    15a0:	50 e0       	ldi	r21, 0x00	; 0
    15a2:	2a c0       	rjmp	.+84     	; 0x15f8 <__pack_f+0xca>
    15a4:	b8 01       	movw	r22, r16
    15a6:	a7 01       	movw	r20, r14
    15a8:	02 2e       	mov	r0, r18
    15aa:	04 c0       	rjmp	.+8      	; 0x15b4 <__pack_f+0x86>
    15ac:	76 95       	lsr	r23
    15ae:	67 95       	ror	r22
    15b0:	57 95       	ror	r21
    15b2:	47 95       	ror	r20
    15b4:	0a 94       	dec	r0
    15b6:	d2 f7       	brpl	.-12     	; 0x15ac <__pack_f+0x7e>
    15b8:	81 e0       	ldi	r24, 0x01	; 1
    15ba:	90 e0       	ldi	r25, 0x00	; 0
    15bc:	a0 e0       	ldi	r26, 0x00	; 0
    15be:	b0 e0       	ldi	r27, 0x00	; 0
    15c0:	04 c0       	rjmp	.+8      	; 0x15ca <__pack_f+0x9c>
    15c2:	88 0f       	add	r24, r24
    15c4:	99 1f       	adc	r25, r25
    15c6:	aa 1f       	adc	r26, r26
    15c8:	bb 1f       	adc	r27, r27
    15ca:	2a 95       	dec	r18
    15cc:	d2 f7       	brpl	.-12     	; 0x15c2 <__pack_f+0x94>
    15ce:	01 97       	sbiw	r24, 0x01	; 1
    15d0:	a1 09       	sbc	r26, r1
    15d2:	b1 09       	sbc	r27, r1
    15d4:	8e 21       	and	r24, r14
    15d6:	9f 21       	and	r25, r15
    15d8:	a0 23       	and	r26, r16
    15da:	b1 23       	and	r27, r17
    15dc:	00 97       	sbiw	r24, 0x00	; 0
    15de:	a1 05       	cpc	r26, r1
    15e0:	b1 05       	cpc	r27, r1
    15e2:	21 f0       	breq	.+8      	; 0x15ec <__pack_f+0xbe>
    15e4:	81 e0       	ldi	r24, 0x01	; 1
    15e6:	90 e0       	ldi	r25, 0x00	; 0
    15e8:	a0 e0       	ldi	r26, 0x00	; 0
    15ea:	b0 e0       	ldi	r27, 0x00	; 0
    15ec:	9a 01       	movw	r18, r20
    15ee:	ab 01       	movw	r20, r22
    15f0:	28 2b       	or	r18, r24
    15f2:	39 2b       	or	r19, r25
    15f4:	4a 2b       	or	r20, r26
    15f6:	5b 2b       	or	r21, r27
    15f8:	da 01       	movw	r26, r20
    15fa:	c9 01       	movw	r24, r18
    15fc:	8f 77       	andi	r24, 0x7F	; 127
    15fe:	90 70       	andi	r25, 0x00	; 0
    1600:	a0 70       	andi	r26, 0x00	; 0
    1602:	b0 70       	andi	r27, 0x00	; 0
    1604:	80 34       	cpi	r24, 0x40	; 64
    1606:	91 05       	cpc	r25, r1
    1608:	a1 05       	cpc	r26, r1
    160a:	b1 05       	cpc	r27, r1
    160c:	39 f4       	brne	.+14     	; 0x161c <__pack_f+0xee>
    160e:	27 ff       	sbrs	r18, 7
    1610:	09 c0       	rjmp	.+18     	; 0x1624 <__pack_f+0xf6>
    1612:	20 5c       	subi	r18, 0xC0	; 192
    1614:	3f 4f       	sbci	r19, 0xFF	; 255
    1616:	4f 4f       	sbci	r20, 0xFF	; 255
    1618:	5f 4f       	sbci	r21, 0xFF	; 255
    161a:	04 c0       	rjmp	.+8      	; 0x1624 <__pack_f+0xf6>
    161c:	21 5c       	subi	r18, 0xC1	; 193
    161e:	3f 4f       	sbci	r19, 0xFF	; 255
    1620:	4f 4f       	sbci	r20, 0xFF	; 255
    1622:	5f 4f       	sbci	r21, 0xFF	; 255
    1624:	e0 e0       	ldi	r30, 0x00	; 0
    1626:	f0 e0       	ldi	r31, 0x00	; 0
    1628:	20 30       	cpi	r18, 0x00	; 0
    162a:	a0 e0       	ldi	r26, 0x00	; 0
    162c:	3a 07       	cpc	r19, r26
    162e:	a0 e0       	ldi	r26, 0x00	; 0
    1630:	4a 07       	cpc	r20, r26
    1632:	a0 e4       	ldi	r26, 0x40	; 64
    1634:	5a 07       	cpc	r21, r26
    1636:	10 f0       	brcs	.+4      	; 0x163c <__pack_f+0x10e>
    1638:	e1 e0       	ldi	r30, 0x01	; 1
    163a:	f0 e0       	ldi	r31, 0x00	; 0
    163c:	79 01       	movw	r14, r18
    163e:	8a 01       	movw	r16, r20
    1640:	27 c0       	rjmp	.+78     	; 0x1690 <__pack_f+0x162>
    1642:	60 38       	cpi	r22, 0x80	; 128
    1644:	71 05       	cpc	r23, r1
    1646:	64 f5       	brge	.+88     	; 0x16a0 <__pack_f+0x172>
    1648:	fb 01       	movw	r30, r22
    164a:	e1 58       	subi	r30, 0x81	; 129
    164c:	ff 4f       	sbci	r31, 0xFF	; 255
    164e:	d8 01       	movw	r26, r16
    1650:	c7 01       	movw	r24, r14
    1652:	8f 77       	andi	r24, 0x7F	; 127
    1654:	90 70       	andi	r25, 0x00	; 0
    1656:	a0 70       	andi	r26, 0x00	; 0
    1658:	b0 70       	andi	r27, 0x00	; 0
    165a:	80 34       	cpi	r24, 0x40	; 64
    165c:	91 05       	cpc	r25, r1
    165e:	a1 05       	cpc	r26, r1
    1660:	b1 05       	cpc	r27, r1
    1662:	39 f4       	brne	.+14     	; 0x1672 <__pack_f+0x144>
    1664:	e7 fe       	sbrs	r14, 7
    1666:	0d c0       	rjmp	.+26     	; 0x1682 <__pack_f+0x154>
    1668:	80 e4       	ldi	r24, 0x40	; 64
    166a:	90 e0       	ldi	r25, 0x00	; 0
    166c:	a0 e0       	ldi	r26, 0x00	; 0
    166e:	b0 e0       	ldi	r27, 0x00	; 0
    1670:	04 c0       	rjmp	.+8      	; 0x167a <__pack_f+0x14c>
    1672:	8f e3       	ldi	r24, 0x3F	; 63
    1674:	90 e0       	ldi	r25, 0x00	; 0
    1676:	a0 e0       	ldi	r26, 0x00	; 0
    1678:	b0 e0       	ldi	r27, 0x00	; 0
    167a:	e8 0e       	add	r14, r24
    167c:	f9 1e       	adc	r15, r25
    167e:	0a 1f       	adc	r16, r26
    1680:	1b 1f       	adc	r17, r27
    1682:	17 ff       	sbrs	r17, 7
    1684:	05 c0       	rjmp	.+10     	; 0x1690 <__pack_f+0x162>
    1686:	16 95       	lsr	r17
    1688:	07 95       	ror	r16
    168a:	f7 94       	ror	r15
    168c:	e7 94       	ror	r14
    168e:	31 96       	adiw	r30, 0x01	; 1
    1690:	87 e0       	ldi	r24, 0x07	; 7
    1692:	16 95       	lsr	r17
    1694:	07 95       	ror	r16
    1696:	f7 94       	ror	r15
    1698:	e7 94       	ror	r14
    169a:	8a 95       	dec	r24
    169c:	d1 f7       	brne	.-12     	; 0x1692 <__pack_f+0x164>
    169e:	05 c0       	rjmp	.+10     	; 0x16aa <__pack_f+0x17c>
    16a0:	ee 24       	eor	r14, r14
    16a2:	ff 24       	eor	r15, r15
    16a4:	87 01       	movw	r16, r14
    16a6:	ef ef       	ldi	r30, 0xFF	; 255
    16a8:	f0 e0       	ldi	r31, 0x00	; 0
    16aa:	6e 2f       	mov	r22, r30
    16ac:	67 95       	ror	r22
    16ae:	66 27       	eor	r22, r22
    16b0:	67 95       	ror	r22
    16b2:	90 2f       	mov	r25, r16
    16b4:	9f 77       	andi	r25, 0x7F	; 127
    16b6:	d7 94       	ror	r13
    16b8:	dd 24       	eor	r13, r13
    16ba:	d7 94       	ror	r13
    16bc:	8e 2f       	mov	r24, r30
    16be:	86 95       	lsr	r24
    16c0:	49 2f       	mov	r20, r25
    16c2:	46 2b       	or	r20, r22
    16c4:	58 2f       	mov	r21, r24
    16c6:	5d 29       	or	r21, r13
    16c8:	b7 01       	movw	r22, r14
    16ca:	ca 01       	movw	r24, r20
    16cc:	1f 91       	pop	r17
    16ce:	0f 91       	pop	r16
    16d0:	ff 90       	pop	r15
    16d2:	ef 90       	pop	r14
    16d4:	df 90       	pop	r13
    16d6:	08 95       	ret

000016d8 <__unpack_f>:
    16d8:	fc 01       	movw	r30, r24
    16da:	db 01       	movw	r26, r22
    16dc:	40 81       	ld	r20, Z
    16de:	51 81       	ldd	r21, Z+1	; 0x01
    16e0:	22 81       	ldd	r18, Z+2	; 0x02
    16e2:	62 2f       	mov	r22, r18
    16e4:	6f 77       	andi	r22, 0x7F	; 127
    16e6:	70 e0       	ldi	r23, 0x00	; 0
    16e8:	22 1f       	adc	r18, r18
    16ea:	22 27       	eor	r18, r18
    16ec:	22 1f       	adc	r18, r18
    16ee:	93 81       	ldd	r25, Z+3	; 0x03
    16f0:	89 2f       	mov	r24, r25
    16f2:	88 0f       	add	r24, r24
    16f4:	82 2b       	or	r24, r18
    16f6:	28 2f       	mov	r18, r24
    16f8:	30 e0       	ldi	r19, 0x00	; 0
    16fa:	99 1f       	adc	r25, r25
    16fc:	99 27       	eor	r25, r25
    16fe:	99 1f       	adc	r25, r25
    1700:	11 96       	adiw	r26, 0x01	; 1
    1702:	9c 93       	st	X, r25
    1704:	11 97       	sbiw	r26, 0x01	; 1
    1706:	21 15       	cp	r18, r1
    1708:	31 05       	cpc	r19, r1
    170a:	a9 f5       	brne	.+106    	; 0x1776 <__unpack_f+0x9e>
    170c:	41 15       	cp	r20, r1
    170e:	51 05       	cpc	r21, r1
    1710:	61 05       	cpc	r22, r1
    1712:	71 05       	cpc	r23, r1
    1714:	11 f4       	brne	.+4      	; 0x171a <__unpack_f+0x42>
    1716:	82 e0       	ldi	r24, 0x02	; 2
    1718:	37 c0       	rjmp	.+110    	; 0x1788 <__unpack_f+0xb0>
    171a:	82 e8       	ldi	r24, 0x82	; 130
    171c:	9f ef       	ldi	r25, 0xFF	; 255
    171e:	13 96       	adiw	r26, 0x03	; 3
    1720:	9c 93       	st	X, r25
    1722:	8e 93       	st	-X, r24
    1724:	12 97       	sbiw	r26, 0x02	; 2
    1726:	9a 01       	movw	r18, r20
    1728:	ab 01       	movw	r20, r22
    172a:	67 e0       	ldi	r22, 0x07	; 7
    172c:	22 0f       	add	r18, r18
    172e:	33 1f       	adc	r19, r19
    1730:	44 1f       	adc	r20, r20
    1732:	55 1f       	adc	r21, r21
    1734:	6a 95       	dec	r22
    1736:	d1 f7       	brne	.-12     	; 0x172c <__unpack_f+0x54>
    1738:	83 e0       	ldi	r24, 0x03	; 3
    173a:	8c 93       	st	X, r24
    173c:	0d c0       	rjmp	.+26     	; 0x1758 <__unpack_f+0x80>
    173e:	22 0f       	add	r18, r18
    1740:	33 1f       	adc	r19, r19
    1742:	44 1f       	adc	r20, r20
    1744:	55 1f       	adc	r21, r21
    1746:	12 96       	adiw	r26, 0x02	; 2
    1748:	8d 91       	ld	r24, X+
    174a:	9c 91       	ld	r25, X
    174c:	13 97       	sbiw	r26, 0x03	; 3
    174e:	01 97       	sbiw	r24, 0x01	; 1
    1750:	13 96       	adiw	r26, 0x03	; 3
    1752:	9c 93       	st	X, r25
    1754:	8e 93       	st	-X, r24
    1756:	12 97       	sbiw	r26, 0x02	; 2
    1758:	20 30       	cpi	r18, 0x00	; 0
    175a:	80 e0       	ldi	r24, 0x00	; 0
    175c:	38 07       	cpc	r19, r24
    175e:	80 e0       	ldi	r24, 0x00	; 0
    1760:	48 07       	cpc	r20, r24
    1762:	80 e4       	ldi	r24, 0x40	; 64
    1764:	58 07       	cpc	r21, r24
    1766:	58 f3       	brcs	.-42     	; 0x173e <__unpack_f+0x66>
    1768:	14 96       	adiw	r26, 0x04	; 4
    176a:	2d 93       	st	X+, r18
    176c:	3d 93       	st	X+, r19
    176e:	4d 93       	st	X+, r20
    1770:	5c 93       	st	X, r21
    1772:	17 97       	sbiw	r26, 0x07	; 7
    1774:	08 95       	ret
    1776:	2f 3f       	cpi	r18, 0xFF	; 255
    1778:	31 05       	cpc	r19, r1
    177a:	79 f4       	brne	.+30     	; 0x179a <__unpack_f+0xc2>
    177c:	41 15       	cp	r20, r1
    177e:	51 05       	cpc	r21, r1
    1780:	61 05       	cpc	r22, r1
    1782:	71 05       	cpc	r23, r1
    1784:	19 f4       	brne	.+6      	; 0x178c <__unpack_f+0xb4>
    1786:	84 e0       	ldi	r24, 0x04	; 4
    1788:	8c 93       	st	X, r24
    178a:	08 95       	ret
    178c:	64 ff       	sbrs	r22, 4
    178e:	03 c0       	rjmp	.+6      	; 0x1796 <__unpack_f+0xbe>
    1790:	81 e0       	ldi	r24, 0x01	; 1
    1792:	8c 93       	st	X, r24
    1794:	12 c0       	rjmp	.+36     	; 0x17ba <__unpack_f+0xe2>
    1796:	1c 92       	st	X, r1
    1798:	10 c0       	rjmp	.+32     	; 0x17ba <__unpack_f+0xe2>
    179a:	2f 57       	subi	r18, 0x7F	; 127
    179c:	30 40       	sbci	r19, 0x00	; 0
    179e:	13 96       	adiw	r26, 0x03	; 3
    17a0:	3c 93       	st	X, r19
    17a2:	2e 93       	st	-X, r18
    17a4:	12 97       	sbiw	r26, 0x02	; 2
    17a6:	83 e0       	ldi	r24, 0x03	; 3
    17a8:	8c 93       	st	X, r24
    17aa:	87 e0       	ldi	r24, 0x07	; 7
    17ac:	44 0f       	add	r20, r20
    17ae:	55 1f       	adc	r21, r21
    17b0:	66 1f       	adc	r22, r22
    17b2:	77 1f       	adc	r23, r23
    17b4:	8a 95       	dec	r24
    17b6:	d1 f7       	brne	.-12     	; 0x17ac <__unpack_f+0xd4>
    17b8:	70 64       	ori	r23, 0x40	; 64
    17ba:	14 96       	adiw	r26, 0x04	; 4
    17bc:	4d 93       	st	X+, r20
    17be:	5d 93       	st	X+, r21
    17c0:	6d 93       	st	X+, r22
    17c2:	7c 93       	st	X, r23
    17c4:	17 97       	sbiw	r26, 0x07	; 7
    17c6:	08 95       	ret

000017c8 <__fpcmp_parts_f>:
    17c8:	1f 93       	push	r17
    17ca:	dc 01       	movw	r26, r24
    17cc:	fb 01       	movw	r30, r22
    17ce:	9c 91       	ld	r25, X
    17d0:	92 30       	cpi	r25, 0x02	; 2
    17d2:	08 f4       	brcc	.+2      	; 0x17d6 <__fpcmp_parts_f+0xe>
    17d4:	47 c0       	rjmp	.+142    	; 0x1864 <__fpcmp_parts_f+0x9c>
    17d6:	80 81       	ld	r24, Z
    17d8:	82 30       	cpi	r24, 0x02	; 2
    17da:	08 f4       	brcc	.+2      	; 0x17de <__fpcmp_parts_f+0x16>
    17dc:	43 c0       	rjmp	.+134    	; 0x1864 <__fpcmp_parts_f+0x9c>
    17de:	94 30       	cpi	r25, 0x04	; 4
    17e0:	51 f4       	brne	.+20     	; 0x17f6 <__fpcmp_parts_f+0x2e>
    17e2:	11 96       	adiw	r26, 0x01	; 1
    17e4:	1c 91       	ld	r17, X
    17e6:	84 30       	cpi	r24, 0x04	; 4
    17e8:	99 f5       	brne	.+102    	; 0x1850 <__fpcmp_parts_f+0x88>
    17ea:	81 81       	ldd	r24, Z+1	; 0x01
    17ec:	68 2f       	mov	r22, r24
    17ee:	70 e0       	ldi	r23, 0x00	; 0
    17f0:	61 1b       	sub	r22, r17
    17f2:	71 09       	sbc	r23, r1
    17f4:	3f c0       	rjmp	.+126    	; 0x1874 <__fpcmp_parts_f+0xac>
    17f6:	84 30       	cpi	r24, 0x04	; 4
    17f8:	21 f0       	breq	.+8      	; 0x1802 <__fpcmp_parts_f+0x3a>
    17fa:	92 30       	cpi	r25, 0x02	; 2
    17fc:	31 f4       	brne	.+12     	; 0x180a <__fpcmp_parts_f+0x42>
    17fe:	82 30       	cpi	r24, 0x02	; 2
    1800:	b9 f1       	breq	.+110    	; 0x1870 <__fpcmp_parts_f+0xa8>
    1802:	81 81       	ldd	r24, Z+1	; 0x01
    1804:	88 23       	and	r24, r24
    1806:	89 f1       	breq	.+98     	; 0x186a <__fpcmp_parts_f+0xa2>
    1808:	2d c0       	rjmp	.+90     	; 0x1864 <__fpcmp_parts_f+0x9c>
    180a:	11 96       	adiw	r26, 0x01	; 1
    180c:	1c 91       	ld	r17, X
    180e:	11 97       	sbiw	r26, 0x01	; 1
    1810:	82 30       	cpi	r24, 0x02	; 2
    1812:	f1 f0       	breq	.+60     	; 0x1850 <__fpcmp_parts_f+0x88>
    1814:	81 81       	ldd	r24, Z+1	; 0x01
    1816:	18 17       	cp	r17, r24
    1818:	d9 f4       	brne	.+54     	; 0x1850 <__fpcmp_parts_f+0x88>
    181a:	12 96       	adiw	r26, 0x02	; 2
    181c:	2d 91       	ld	r18, X+
    181e:	3c 91       	ld	r19, X
    1820:	13 97       	sbiw	r26, 0x03	; 3
    1822:	82 81       	ldd	r24, Z+2	; 0x02
    1824:	93 81       	ldd	r25, Z+3	; 0x03
    1826:	82 17       	cp	r24, r18
    1828:	93 07       	cpc	r25, r19
    182a:	94 f0       	brlt	.+36     	; 0x1850 <__fpcmp_parts_f+0x88>
    182c:	28 17       	cp	r18, r24
    182e:	39 07       	cpc	r19, r25
    1830:	bc f0       	brlt	.+46     	; 0x1860 <__fpcmp_parts_f+0x98>
    1832:	14 96       	adiw	r26, 0x04	; 4
    1834:	8d 91       	ld	r24, X+
    1836:	9d 91       	ld	r25, X+
    1838:	0d 90       	ld	r0, X+
    183a:	bc 91       	ld	r27, X
    183c:	a0 2d       	mov	r26, r0
    183e:	24 81       	ldd	r18, Z+4	; 0x04
    1840:	35 81       	ldd	r19, Z+5	; 0x05
    1842:	46 81       	ldd	r20, Z+6	; 0x06
    1844:	57 81       	ldd	r21, Z+7	; 0x07
    1846:	28 17       	cp	r18, r24
    1848:	39 07       	cpc	r19, r25
    184a:	4a 07       	cpc	r20, r26
    184c:	5b 07       	cpc	r21, r27
    184e:	18 f4       	brcc	.+6      	; 0x1856 <__fpcmp_parts_f+0x8e>
    1850:	11 23       	and	r17, r17
    1852:	41 f0       	breq	.+16     	; 0x1864 <__fpcmp_parts_f+0x9c>
    1854:	0a c0       	rjmp	.+20     	; 0x186a <__fpcmp_parts_f+0xa2>
    1856:	82 17       	cp	r24, r18
    1858:	93 07       	cpc	r25, r19
    185a:	a4 07       	cpc	r26, r20
    185c:	b5 07       	cpc	r27, r21
    185e:	40 f4       	brcc	.+16     	; 0x1870 <__fpcmp_parts_f+0xa8>
    1860:	11 23       	and	r17, r17
    1862:	19 f0       	breq	.+6      	; 0x186a <__fpcmp_parts_f+0xa2>
    1864:	61 e0       	ldi	r22, 0x01	; 1
    1866:	70 e0       	ldi	r23, 0x00	; 0
    1868:	05 c0       	rjmp	.+10     	; 0x1874 <__fpcmp_parts_f+0xac>
    186a:	6f ef       	ldi	r22, 0xFF	; 255
    186c:	7f ef       	ldi	r23, 0xFF	; 255
    186e:	02 c0       	rjmp	.+4      	; 0x1874 <__fpcmp_parts_f+0xac>
    1870:	60 e0       	ldi	r22, 0x00	; 0
    1872:	70 e0       	ldi	r23, 0x00	; 0
    1874:	cb 01       	movw	r24, r22
    1876:	1f 91       	pop	r17
    1878:	08 95       	ret

0000187a <__prologue_saves__>:
    187a:	2f 92       	push	r2
    187c:	3f 92       	push	r3
    187e:	4f 92       	push	r4
    1880:	5f 92       	push	r5
    1882:	6f 92       	push	r6
    1884:	7f 92       	push	r7
    1886:	8f 92       	push	r8
    1888:	9f 92       	push	r9
    188a:	af 92       	push	r10
    188c:	bf 92       	push	r11
    188e:	cf 92       	push	r12
    1890:	df 92       	push	r13
    1892:	ef 92       	push	r14
    1894:	ff 92       	push	r15
    1896:	0f 93       	push	r16
    1898:	1f 93       	push	r17
    189a:	cf 93       	push	r28
    189c:	df 93       	push	r29
    189e:	cd b7       	in	r28, 0x3d	; 61
    18a0:	de b7       	in	r29, 0x3e	; 62
    18a2:	ca 1b       	sub	r28, r26
    18a4:	db 0b       	sbc	r29, r27
    18a6:	0f b6       	in	r0, 0x3f	; 63
    18a8:	f8 94       	cli
    18aa:	de bf       	out	0x3e, r29	; 62
    18ac:	0f be       	out	0x3f, r0	; 63
    18ae:	cd bf       	out	0x3d, r28	; 61
    18b0:	09 94       	ijmp

000018b2 <__epilogue_restores__>:
    18b2:	2a 88       	ldd	r2, Y+18	; 0x12
    18b4:	39 88       	ldd	r3, Y+17	; 0x11
    18b6:	48 88       	ldd	r4, Y+16	; 0x10
    18b8:	5f 84       	ldd	r5, Y+15	; 0x0f
    18ba:	6e 84       	ldd	r6, Y+14	; 0x0e
    18bc:	7d 84       	ldd	r7, Y+13	; 0x0d
    18be:	8c 84       	ldd	r8, Y+12	; 0x0c
    18c0:	9b 84       	ldd	r9, Y+11	; 0x0b
    18c2:	aa 84       	ldd	r10, Y+10	; 0x0a
    18c4:	b9 84       	ldd	r11, Y+9	; 0x09
    18c6:	c8 84       	ldd	r12, Y+8	; 0x08
    18c8:	df 80       	ldd	r13, Y+7	; 0x07
    18ca:	ee 80       	ldd	r14, Y+6	; 0x06
    18cc:	fd 80       	ldd	r15, Y+5	; 0x05
    18ce:	0c 81       	ldd	r16, Y+4	; 0x04
    18d0:	1b 81       	ldd	r17, Y+3	; 0x03
    18d2:	aa 81       	ldd	r26, Y+2	; 0x02
    18d4:	b9 81       	ldd	r27, Y+1	; 0x01
    18d6:	ce 0f       	add	r28, r30
    18d8:	d1 1d       	adc	r29, r1
    18da:	0f b6       	in	r0, 0x3f	; 63
    18dc:	f8 94       	cli
    18de:	de bf       	out	0x3e, r29	; 62
    18e0:	0f be       	out	0x3f, r0	; 63
    18e2:	cd bf       	out	0x3d, r28	; 61
    18e4:	ed 01       	movw	r28, r26
    18e6:	08 95       	ret

000018e8 <itoa>:
    18e8:	e6 2f       	mov	r30, r22
    18ea:	f7 2f       	mov	r31, r23
    18ec:	2e 2f       	mov	r18, r30
    18ee:	3f 2f       	mov	r19, r31
    18f0:	e8 94       	clt
    18f2:	42 30       	cpi	r20, 0x02	; 2
    18f4:	c4 f0       	brlt	.+48     	; 0x1926 <itoa+0x3e>
    18f6:	45 32       	cpi	r20, 0x25	; 37
    18f8:	b4 f4       	brge	.+44     	; 0x1926 <itoa+0x3e>
    18fa:	4a 30       	cpi	r20, 0x0A	; 10
    18fc:	29 f4       	brne	.+10     	; 0x1908 <itoa+0x20>
    18fe:	97 fb       	bst	r25, 7
    1900:	1e f4       	brtc	.+6      	; 0x1908 <itoa+0x20>
    1902:	90 95       	com	r25
    1904:	81 95       	neg	r24
    1906:	9f 4f       	sbci	r25, 0xFF	; 255
    1908:	64 2f       	mov	r22, r20
    190a:	77 27       	eor	r23, r23
    190c:	22 d0       	rcall	.+68     	; 0x1952 <__udivmodhi4>
    190e:	80 5d       	subi	r24, 0xD0	; 208
    1910:	8a 33       	cpi	r24, 0x3A	; 58
    1912:	0c f0       	brlt	.+2      	; 0x1916 <itoa+0x2e>
    1914:	89 5d       	subi	r24, 0xD9	; 217
    1916:	81 93       	st	Z+, r24
    1918:	86 2f       	mov	r24, r22
    191a:	97 2f       	mov	r25, r23
    191c:	00 97       	sbiw	r24, 0x00	; 0
    191e:	a1 f7       	brne	.-24     	; 0x1908 <itoa+0x20>
    1920:	16 f4       	brtc	.+4      	; 0x1926 <itoa+0x3e>
    1922:	5d e2       	ldi	r21, 0x2D	; 45
    1924:	51 93       	st	Z+, r21
    1926:	10 82       	st	Z, r1
    1928:	82 2f       	mov	r24, r18
    192a:	93 2f       	mov	r25, r19
    192c:	00 c0       	rjmp	.+0      	; 0x192e <strrev>

0000192e <strrev>:
    192e:	a8 2f       	mov	r26, r24
    1930:	b9 2f       	mov	r27, r25
    1932:	e8 2f       	mov	r30, r24
    1934:	f9 2f       	mov	r31, r25
    1936:	67 2f       	mov	r22, r23
    1938:	71 91       	ld	r23, Z+
    193a:	77 23       	and	r23, r23
    193c:	e1 f7       	brne	.-8      	; 0x1936 <strrev+0x8>
    193e:	32 97       	sbiw	r30, 0x02	; 2
    1940:	04 c0       	rjmp	.+8      	; 0x194a <strrev+0x1c>
    1942:	7c 91       	ld	r23, X
    1944:	6d 93       	st	X+, r22
    1946:	70 83       	st	Z, r23
    1948:	62 91       	ld	r22, -Z
    194a:	ae 17       	cp	r26, r30
    194c:	bf 07       	cpc	r27, r31
    194e:	c8 f3       	brcs	.-14     	; 0x1942 <strrev+0x14>
    1950:	08 95       	ret

00001952 <__udivmodhi4>:
    1952:	aa 1b       	sub	r26, r26
    1954:	bb 1b       	sub	r27, r27
    1956:	51 e1       	ldi	r21, 0x11	; 17
    1958:	07 c0       	rjmp	.+14     	; 0x1968 <__udivmodhi4_ep>

0000195a <__udivmodhi4_loop>:
    195a:	aa 1f       	adc	r26, r26
    195c:	bb 1f       	adc	r27, r27
    195e:	a6 17       	cp	r26, r22
    1960:	b7 07       	cpc	r27, r23
    1962:	10 f0       	brcs	.+4      	; 0x1968 <__udivmodhi4_ep>
    1964:	a6 1b       	sub	r26, r22
    1966:	b7 0b       	sbc	r27, r23

00001968 <__udivmodhi4_ep>:
    1968:	88 1f       	adc	r24, r24
    196a:	99 1f       	adc	r25, r25
    196c:	5a 95       	dec	r21
    196e:	a9 f7       	brne	.-22     	; 0x195a <__udivmodhi4_loop>
    1970:	80 95       	com	r24
    1972:	90 95       	com	r25
    1974:	bc 01       	movw	r22, r24
    1976:	cd 01       	movw	r24, r26
    1978:	08 95       	ret

0000197a <_exit>:
    197a:	f8 94       	cli

0000197c <__stop_program>:
    197c:	ff cf       	rjmp	.-2      	; 0x197c <__stop_program>
