
bin/Debug/ATmega32.elf:     file format elf32-avr

Sections:
Idx Name          Size      VMA       LMA       File off  Algn
  0 .text         00007546  00000000  00000000  00000094  2**1
                  CONTENTS, ALLOC, LOAD, READONLY, CODE
  1 .data         000002b0  00800060  00007546  000075da  2**0
                  CONTENTS, ALLOC, LOAD, DATA
  2 .bss          00000047  00800310  00800310  0000788a  2**0
                  ALLOC
  3 .stab         0000b52c  00000000  00000000  0000788c  2**2
                  CONTENTS, READONLY, DEBUGGING
  4 .stabstr      00002b77  00000000  00000000  00012db8  2**0
                  CONTENTS, READONLY, DEBUGGING
  5 .comment      00000011  00000000  00000000  0001592f  2**0
                  CONTENTS, READONLY

Disassembly of section .text:

00000000 <__vectors>:
       0:	0c 94 30 00 	jmp	0x60	; 0x60 <__ctors_end>
       4:	0c 94 4d 00 	jmp	0x9a	; 0x9a <__bad_interrupt>
       8:	0c 94 4d 00 	jmp	0x9a	; 0x9a <__bad_interrupt>
       c:	0c 94 4d 00 	jmp	0x9a	; 0x9a <__bad_interrupt>
      10:	0c 94 66 31 	jmp	0x62cc	; 0x62cc <__vector_4>
      14:	0c 94 4d 00 	jmp	0x9a	; 0x9a <__bad_interrupt>
      18:	0c 94 a6 10 	jmp	0x214c	; 0x214c <__vector_6>
      1c:	0c 94 4d 00 	jmp	0x9a	; 0x9a <__bad_interrupt>
      20:	0c 94 4d 00 	jmp	0x9a	; 0x9a <__bad_interrupt>
      24:	0c 94 4d 00 	jmp	0x9a	; 0x9a <__bad_interrupt>
      28:	0c 94 4e 01 	jmp	0x29c	; 0x29c <__vector_10>
      2c:	0c 94 4d 00 	jmp	0x9a	; 0x9a <__bad_interrupt>
      30:	0c 94 4d 00 	jmp	0x9a	; 0x9a <__bad_interrupt>
      34:	0c 94 4d 00 	jmp	0x9a	; 0x9a <__bad_interrupt>
      38:	0c 94 4d 00 	jmp	0x9a	; 0x9a <__bad_interrupt>
      3c:	0c 94 4d 00 	jmp	0x9a	; 0x9a <__bad_interrupt>
      40:	0c 94 4d 00 	jmp	0x9a	; 0x9a <__bad_interrupt>
      44:	0c 94 4d 00 	jmp	0x9a	; 0x9a <__bad_interrupt>
      48:	0c 94 4d 00 	jmp	0x9a	; 0x9a <__bad_interrupt>
      4c:	0c 94 4d 00 	jmp	0x9a	; 0x9a <__bad_interrupt>
      50:	0c 94 4d 00 	jmp	0x9a	; 0x9a <__bad_interrupt>

00000054 <__trampolines_end>:
      54:	c0 f9       	bld	r28, 0
      56:	a4 b0       	in	r10, 0x04	; 4
      58:	99 92       	st	Y+, r9
      5a:	82 d8       	rcall	.-3836   	; 0xfffff160 <__eeprom_end+0xff7ef160>
      5c:	80 90 ff bf 	lds	r8, 0xBFFF

00000060 <__ctors_end>:
      60:	11 24       	eor	r1, r1
      62:	1f be       	out	0x3f, r1	; 63
      64:	cf e5       	ldi	r28, 0x5F	; 95
      66:	d8 e0       	ldi	r29, 0x08	; 8
      68:	de bf       	out	0x3e, r29	; 62
      6a:	cd bf       	out	0x3d, r28	; 61

0000006c <__do_copy_data>:
      6c:	13 e0       	ldi	r17, 0x03	; 3
      6e:	a0 e6       	ldi	r26, 0x60	; 96
      70:	b0 e0       	ldi	r27, 0x00	; 0
      72:	e6 e4       	ldi	r30, 0x46	; 70
      74:	f5 e7       	ldi	r31, 0x75	; 117
      76:	02 c0       	rjmp	.+4      	; 0x7c <__do_copy_data+0x10>
      78:	05 90       	lpm	r0, Z+
      7a:	0d 92       	st	X+, r0
      7c:	a0 31       	cpi	r26, 0x10	; 16
      7e:	b1 07       	cpc	r27, r17
      80:	d9 f7       	brne	.-10     	; 0x78 <__do_copy_data+0xc>

00000082 <__do_clear_bss>:
      82:	23 e0       	ldi	r18, 0x03	; 3
      84:	a0 e1       	ldi	r26, 0x10	; 16
      86:	b3 e0       	ldi	r27, 0x03	; 3
      88:	01 c0       	rjmp	.+2      	; 0x8c <.do_clear_bss_start>

0000008a <.do_clear_bss_loop>:
      8a:	1d 92       	st	X+, r1

0000008c <.do_clear_bss_start>:
      8c:	a7 35       	cpi	r26, 0x57	; 87
      8e:	b2 07       	cpc	r27, r18
      90:	e1 f7       	brne	.-8      	; 0x8a <.do_clear_bss_loop>
      92:	0e 94 ab 2c 	call	0x5956	; 0x5956 <main>
      96:	0c 94 a1 3a 	jmp	0x7542	; 0x7542 <_exit>

0000009a <__bad_interrupt>:
      9a:	0c 94 00 00 	jmp	0	; 0x0 <__vectors>

0000009e <d_led_init>:
    ( (1<<0) | (1<<1) | (1<<2) | (1<<3) | (1<<4) | (1<<5) | (1<<6) | (1<<7) ),//puste pole
    ~( (1<<6) )
};

void d_led_init( void )
{
      9e:	cf 93       	push	r28
      a0:	df 93       	push	r29
      a2:	cd b7       	in	r28, 0x3d	; 61
      a4:	de b7       	in	r29, 0x3e	; 62
    LED_DATA_SEG_A_DIR |= SEG_A;
      a6:	81 e3       	ldi	r24, 0x31	; 49
      a8:	90 e0       	ldi	r25, 0x00	; 0
      aa:	21 e3       	ldi	r18, 0x31	; 49
      ac:	30 e0       	ldi	r19, 0x00	; 0
      ae:	f9 01       	movw	r30, r18
      b0:	20 81       	ld	r18, Z
      b2:	20 62       	ori	r18, 0x20	; 32
      b4:	fc 01       	movw	r30, r24
      b6:	20 83       	st	Z, r18
    LED_DATA_SEG_A_PORT |= SEG_A;
      b8:	82 e3       	ldi	r24, 0x32	; 50
      ba:	90 e0       	ldi	r25, 0x00	; 0
      bc:	22 e3       	ldi	r18, 0x32	; 50
      be:	30 e0       	ldi	r19, 0x00	; 0
      c0:	f9 01       	movw	r30, r18
      c2:	20 81       	ld	r18, Z
      c4:	20 62       	ori	r18, 0x20	; 32
      c6:	fc 01       	movw	r30, r24
      c8:	20 83       	st	Z, r18

    LED_DATA_SEG_B_DIR |= SEG_B;
      ca:	81 e3       	ldi	r24, 0x31	; 49
      cc:	90 e0       	ldi	r25, 0x00	; 0
      ce:	21 e3       	ldi	r18, 0x31	; 49
      d0:	30 e0       	ldi	r19, 0x00	; 0
      d2:	f9 01       	movw	r30, r18
      d4:	20 81       	ld	r18, Z
      d6:	20 61       	ori	r18, 0x10	; 16
      d8:	fc 01       	movw	r30, r24
      da:	20 83       	st	Z, r18
    LED_DATA_SEG_B_PORT |= SEG_B;
      dc:	82 e3       	ldi	r24, 0x32	; 50
      de:	90 e0       	ldi	r25, 0x00	; 0
      e0:	22 e3       	ldi	r18, 0x32	; 50
      e2:	30 e0       	ldi	r19, 0x00	; 0
      e4:	f9 01       	movw	r30, r18
      e6:	20 81       	ld	r18, Z
      e8:	20 61       	ori	r18, 0x10	; 16
      ea:	fc 01       	movw	r30, r24
      ec:	20 83       	st	Z, r18

    LED_DATA_SEG_C_DIR |= SEG_C;
      ee:	84 e3       	ldi	r24, 0x34	; 52
      f0:	90 e0       	ldi	r25, 0x00	; 0
      f2:	24 e3       	ldi	r18, 0x34	; 52
      f4:	30 e0       	ldi	r19, 0x00	; 0
      f6:	f9 01       	movw	r30, r18
      f8:	20 81       	ld	r18, Z
      fa:	24 60       	ori	r18, 0x04	; 4
      fc:	fc 01       	movw	r30, r24
      fe:	20 83       	st	Z, r18
    LED_DATA_SEG_C_PORT |= SEG_C;
     100:	85 e3       	ldi	r24, 0x35	; 53
     102:	90 e0       	ldi	r25, 0x00	; 0
     104:	25 e3       	ldi	r18, 0x35	; 53
     106:	30 e0       	ldi	r19, 0x00	; 0
     108:	f9 01       	movw	r30, r18
     10a:	20 81       	ld	r18, Z
     10c:	24 60       	ori	r18, 0x04	; 4
     10e:	fc 01       	movw	r30, r24
     110:	20 83       	st	Z, r18

    LED_DATA_SEG_D_DIR |= SEG_D;
     112:	84 e3       	ldi	r24, 0x34	; 52
     114:	90 e0       	ldi	r25, 0x00	; 0
     116:	24 e3       	ldi	r18, 0x34	; 52
     118:	30 e0       	ldi	r19, 0x00	; 0
     11a:	f9 01       	movw	r30, r18
     11c:	20 81       	ld	r18, Z
     11e:	28 60       	ori	r18, 0x08	; 8
     120:	fc 01       	movw	r30, r24
     122:	20 83       	st	Z, r18
    LED_DATA_SEG_D_PORT |= SEG_D;
     124:	85 e3       	ldi	r24, 0x35	; 53
     126:	90 e0       	ldi	r25, 0x00	; 0
     128:	25 e3       	ldi	r18, 0x35	; 53
     12a:	30 e0       	ldi	r19, 0x00	; 0
     12c:	f9 01       	movw	r30, r18
     12e:	20 81       	ld	r18, Z
     130:	28 60       	ori	r18, 0x08	; 8
     132:	fc 01       	movw	r30, r24
     134:	20 83       	st	Z, r18

    LED_DATA_SEG_E_DIR |= SEG_E;
     136:	84 e3       	ldi	r24, 0x34	; 52
     138:	90 e0       	ldi	r25, 0x00	; 0
     13a:	24 e3       	ldi	r18, 0x34	; 52
     13c:	30 e0       	ldi	r19, 0x00	; 0
     13e:	f9 01       	movw	r30, r18
     140:	20 81       	ld	r18, Z
     142:	20 61       	ori	r18, 0x10	; 16
     144:	fc 01       	movw	r30, r24
     146:	20 83       	st	Z, r18
    LED_DATA_SEG_E_PORT |= SEG_E;
     148:	85 e3       	ldi	r24, 0x35	; 53
     14a:	90 e0       	ldi	r25, 0x00	; 0
     14c:	25 e3       	ldi	r18, 0x35	; 53
     14e:	30 e0       	ldi	r19, 0x00	; 0
     150:	f9 01       	movw	r30, r18
     152:	20 81       	ld	r18, Z
     154:	20 61       	ori	r18, 0x10	; 16
     156:	fc 01       	movw	r30, r24
     158:	20 83       	st	Z, r18

    LED_DATA_SEG_F_DIR |= SEG_F;
     15a:	84 e3       	ldi	r24, 0x34	; 52
     15c:	90 e0       	ldi	r25, 0x00	; 0
     15e:	24 e3       	ldi	r18, 0x34	; 52
     160:	30 e0       	ldi	r19, 0x00	; 0
     162:	f9 01       	movw	r30, r18
     164:	20 81       	ld	r18, Z
     166:	20 62       	ori	r18, 0x20	; 32
     168:	fc 01       	movw	r30, r24
     16a:	20 83       	st	Z, r18
    LED_DATA_SEG_F_PORT |= SEG_F;
     16c:	85 e3       	ldi	r24, 0x35	; 53
     16e:	90 e0       	ldi	r25, 0x00	; 0
     170:	25 e3       	ldi	r18, 0x35	; 53
     172:	30 e0       	ldi	r19, 0x00	; 0
     174:	f9 01       	movw	r30, r18
     176:	20 81       	ld	r18, Z
     178:	20 62       	ori	r18, 0x20	; 32
     17a:	fc 01       	movw	r30, r24
     17c:	20 83       	st	Z, r18

    LED_DATA_SEG_G_DIR |= SEG_G;
     17e:	84 e3       	ldi	r24, 0x34	; 52
     180:	90 e0       	ldi	r25, 0x00	; 0
     182:	24 e3       	ldi	r18, 0x34	; 52
     184:	30 e0       	ldi	r19, 0x00	; 0
     186:	f9 01       	movw	r30, r18
     188:	20 81       	ld	r18, Z
     18a:	20 64       	ori	r18, 0x40	; 64
     18c:	fc 01       	movw	r30, r24
     18e:	20 83       	st	Z, r18
    LED_DATA_SEG_G_PORT |= SEG_G;
     190:	85 e3       	ldi	r24, 0x35	; 53
     192:	90 e0       	ldi	r25, 0x00	; 0
     194:	25 e3       	ldi	r18, 0x35	; 53
     196:	30 e0       	ldi	r19, 0x00	; 0
     198:	f9 01       	movw	r30, r18
     19a:	20 81       	ld	r18, Z
     19c:	20 64       	ori	r18, 0x40	; 64
     19e:	fc 01       	movw	r30, r24
     1a0:	20 83       	st	Z, r18

    LED_DATA_SEG_DP_DIR |= SEG_DP;
     1a2:	84 e3       	ldi	r24, 0x34	; 52
     1a4:	90 e0       	ldi	r25, 0x00	; 0
     1a6:	24 e3       	ldi	r18, 0x34	; 52
     1a8:	30 e0       	ldi	r19, 0x00	; 0
     1aa:	f9 01       	movw	r30, r18
     1ac:	20 81       	ld	r18, Z
     1ae:	20 68       	ori	r18, 0x80	; 128
     1b0:	fc 01       	movw	r30, r24
     1b2:	20 83       	st	Z, r18
    LED_DATA_SEG_DP_PORT |= SEG_DP;
     1b4:	85 e3       	ldi	r24, 0x35	; 53
     1b6:	90 e0       	ldi	r25, 0x00	; 0
     1b8:	25 e3       	ldi	r18, 0x35	; 53
     1ba:	30 e0       	ldi	r19, 0x00	; 0
     1bc:	f9 01       	movw	r30, r18
     1be:	20 81       	ld	r18, Z
     1c0:	20 68       	ori	r18, 0x80	; 128
     1c2:	fc 01       	movw	r30, r24
     1c4:	20 83       	st	Z, r18

    LED_ANODY_CA1_DIR |= CA1;
     1c6:	87 e3       	ldi	r24, 0x37	; 55
     1c8:	90 e0       	ldi	r25, 0x00	; 0
     1ca:	27 e3       	ldi	r18, 0x37	; 55
     1cc:	30 e0       	ldi	r19, 0x00	; 0
     1ce:	f9 01       	movw	r30, r18
     1d0:	20 81       	ld	r18, Z
     1d2:	21 60       	ori	r18, 0x01	; 1
     1d4:	fc 01       	movw	r30, r24
     1d6:	20 83       	st	Z, r18
    LED_ANODY_CA1_PORT |= CA1;
     1d8:	88 e3       	ldi	r24, 0x38	; 56
     1da:	90 e0       	ldi	r25, 0x00	; 0
     1dc:	28 e3       	ldi	r18, 0x38	; 56
     1de:	30 e0       	ldi	r19, 0x00	; 0
     1e0:	f9 01       	movw	r30, r18
     1e2:	20 81       	ld	r18, Z
     1e4:	21 60       	ori	r18, 0x01	; 1
     1e6:	fc 01       	movw	r30, r24
     1e8:	20 83       	st	Z, r18

    LED_ANODY_CA2_DIR |= CA2;
     1ea:	87 e3       	ldi	r24, 0x37	; 55
     1ec:	90 e0       	ldi	r25, 0x00	; 0
     1ee:	27 e3       	ldi	r18, 0x37	; 55
     1f0:	30 e0       	ldi	r19, 0x00	; 0
     1f2:	f9 01       	movw	r30, r18
     1f4:	20 81       	ld	r18, Z
     1f6:	22 60       	ori	r18, 0x02	; 2
     1f8:	fc 01       	movw	r30, r24
     1fa:	20 83       	st	Z, r18
    LED_ANODY_CA2_PORT |= CA2;
     1fc:	88 e3       	ldi	r24, 0x38	; 56
     1fe:	90 e0       	ldi	r25, 0x00	; 0
     200:	28 e3       	ldi	r18, 0x38	; 56
     202:	30 e0       	ldi	r19, 0x00	; 0
     204:	f9 01       	movw	r30, r18
     206:	20 81       	ld	r18, Z
     208:	22 60       	ori	r18, 0x02	; 2
     20a:	fc 01       	movw	r30, r24
     20c:	20 83       	st	Z, r18

    LED_ANODY_CA3_DIR |= CA3;
     20e:	87 e3       	ldi	r24, 0x37	; 55
     210:	90 e0       	ldi	r25, 0x00	; 0
     212:	27 e3       	ldi	r18, 0x37	; 55
     214:	30 e0       	ldi	r19, 0x00	; 0
     216:	f9 01       	movw	r30, r18
     218:	20 81       	ld	r18, Z
     21a:	24 60       	ori	r18, 0x04	; 4
     21c:	fc 01       	movw	r30, r24
     21e:	20 83       	st	Z, r18
    LED_ANODY_CA3_PORT |= CA3;
     220:	88 e3       	ldi	r24, 0x38	; 56
     222:	90 e0       	ldi	r25, 0x00	; 0
     224:	28 e3       	ldi	r18, 0x38	; 56
     226:	30 e0       	ldi	r19, 0x00	; 0
     228:	f9 01       	movw	r30, r18
     22a:	20 81       	ld	r18, Z
     22c:	24 60       	ori	r18, 0x04	; 4
     22e:	fc 01       	movw	r30, r24
     230:	20 83       	st	Z, r18

    LED_ANODY_CA4_DIR |= CA4;
     232:	87 e3       	ldi	r24, 0x37	; 55
     234:	90 e0       	ldi	r25, 0x00	; 0
     236:	27 e3       	ldi	r18, 0x37	; 55
     238:	30 e0       	ldi	r19, 0x00	; 0
     23a:	f9 01       	movw	r30, r18
     23c:	20 81       	ld	r18, Z
     23e:	28 60       	ori	r18, 0x08	; 8
     240:	fc 01       	movw	r30, r24
     242:	20 83       	st	Z, r18
    LED_ANODY_CA4_PORT |= CA4;
     244:	88 e3       	ldi	r24, 0x38	; 56
     246:	90 e0       	ldi	r25, 0x00	; 0
     248:	28 e3       	ldi	r18, 0x38	; 56
     24a:	30 e0       	ldi	r19, 0x00	; 0
     24c:	f9 01       	movw	r30, r18
     24e:	20 81       	ld	r18, Z
     250:	28 60       	ori	r18, 0x08	; 8
     252:	fc 01       	movw	r30, r24
     254:	20 83       	st	Z, r18



    TCCR0 |= ( 1 << WGM01 ); // tryb CTC timera 0
     256:	83 e5       	ldi	r24, 0x53	; 83
     258:	90 e0       	ldi	r25, 0x00	; 0
     25a:	23 e5       	ldi	r18, 0x53	; 83
     25c:	30 e0       	ldi	r19, 0x00	; 0
     25e:	f9 01       	movw	r30, r18
     260:	20 81       	ld	r18, Z
     262:	28 60       	ori	r18, 0x08	; 8
     264:	fc 01       	movw	r30, r24
     266:	20 83       	st	Z, r18
    TCCR0 |= ( 1 << CS02 ) | ( 1 << CS00 ); // preskaler 1024
     268:	83 e5       	ldi	r24, 0x53	; 83
     26a:	90 e0       	ldi	r25, 0x00	; 0
     26c:	23 e5       	ldi	r18, 0x53	; 83
     26e:	30 e0       	ldi	r19, 0x00	; 0
     270:	f9 01       	movw	r30, r18
     272:	20 81       	ld	r18, Z
     274:	25 60       	ori	r18, 0x05	; 5
     276:	fc 01       	movw	r30, r24
     278:	20 83       	st	Z, r18
    OCR0 = 78; //78 specjalna zmienna - rejestr przepe³nienia (maksymalna wartoœæ = 255)
     27a:	8c e5       	ldi	r24, 0x5C	; 92
     27c:	90 e0       	ldi	r25, 0x00	; 0
     27e:	2e e4       	ldi	r18, 0x4E	; 78
     280:	fc 01       	movw	r30, r24
     282:	20 83       	st	Z, r18
    TIMSK |= ( 1 << OCIE0 ); // zezwolenie na przerwania COMPARE MATCH
     284:	89 e5       	ldi	r24, 0x59	; 89
     286:	90 e0       	ldi	r25, 0x00	; 0
     288:	29 e5       	ldi	r18, 0x59	; 89
     28a:	30 e0       	ldi	r19, 0x00	; 0
     28c:	f9 01       	movw	r30, r18
     28e:	20 81       	ld	r18, Z
     290:	22 60       	ori	r18, 0x02	; 2
     292:	fc 01       	movw	r30, r24
     294:	20 83       	st	Z, r18
}
     296:	df 91       	pop	r29
     298:	cf 91       	pop	r28
     29a:	08 95       	ret

0000029c <__vector_10>:

ISR( TIMER0_COMP_vect )
{
     29c:	1f 92       	push	r1
     29e:	0f 92       	push	r0
     2a0:	00 90 5f 00 	lds	r0, 0x005F
     2a4:	0f 92       	push	r0
     2a6:	11 24       	eor	r1, r1
     2a8:	2f 93       	push	r18
     2aa:	3f 93       	push	r19
     2ac:	8f 93       	push	r24
     2ae:	9f 93       	push	r25
     2b0:	ef 93       	push	r30
     2b2:	ff 93       	push	r31
     2b4:	cf 93       	push	r28
     2b6:	df 93       	push	r29
     2b8:	cd b7       	in	r28, 0x3d	; 61
     2ba:	de b7       	in	r29, 0x3e	; 62
     2bc:	25 97       	sbiw	r28, 0x05	; 5
     2be:	de bf       	out	0x3e, r29	; 62
     2c0:	cd bf       	out	0x3d, r28	; 61
    static uint8_t licznik = 1;

    LED_ANODY_CA1_PORT |= CA1;//wygaszenie wszystkich elementów
     2c2:	88 e3       	ldi	r24, 0x38	; 56
     2c4:	90 e0       	ldi	r25, 0x00	; 0
     2c6:	28 e3       	ldi	r18, 0x38	; 56
     2c8:	30 e0       	ldi	r19, 0x00	; 0
     2ca:	f9 01       	movw	r30, r18
     2cc:	20 81       	ld	r18, Z
     2ce:	21 60       	ori	r18, 0x01	; 1
     2d0:	fc 01       	movw	r30, r24
     2d2:	20 83       	st	Z, r18
    LED_ANODY_CA2_PORT |= CA2;
     2d4:	88 e3       	ldi	r24, 0x38	; 56
     2d6:	90 e0       	ldi	r25, 0x00	; 0
     2d8:	28 e3       	ldi	r18, 0x38	; 56
     2da:	30 e0       	ldi	r19, 0x00	; 0
     2dc:	f9 01       	movw	r30, r18
     2de:	20 81       	ld	r18, Z
     2e0:	22 60       	ori	r18, 0x02	; 2
     2e2:	fc 01       	movw	r30, r24
     2e4:	20 83       	st	Z, r18
    LED_ANODY_CA3_PORT |= CA3;
     2e6:	88 e3       	ldi	r24, 0x38	; 56
     2e8:	90 e0       	ldi	r25, 0x00	; 0
     2ea:	28 e3       	ldi	r18, 0x38	; 56
     2ec:	30 e0       	ldi	r19, 0x00	; 0
     2ee:	f9 01       	movw	r30, r18
     2f0:	20 81       	ld	r18, Z
     2f2:	24 60       	ori	r18, 0x04	; 4
     2f4:	fc 01       	movw	r30, r24
     2f6:	20 83       	st	Z, r18
    LED_ANODY_CA4_PORT |= CA4;
     2f8:	88 e3       	ldi	r24, 0x38	; 56
     2fa:	90 e0       	ldi	r25, 0x00	; 0
     2fc:	28 e3       	ldi	r18, 0x38	; 56
     2fe:	30 e0       	ldi	r19, 0x00	; 0
     300:	f9 01       	movw	r30, r18
     302:	20 81       	ld	r18, Z
     304:	28 60       	ori	r18, 0x08	; 8
     306:	fc 01       	movw	r30, r24
     308:	20 83       	st	Z, r18

    uint8_t temp = 0;
     30a:	19 82       	std	Y+1, r1	; 0x01

    if( licznik == 1 ) temp = cy1;
     30c:	80 91 60 00 	lds	r24, 0x0060
     310:	81 30       	cpi	r24, 0x01	; 1
     312:	21 f4       	brne	.+8      	; 0x31c <__vector_10+0x80>
     314:	80 91 1e 03 	lds	r24, 0x031E
     318:	89 83       	std	Y+1, r24	; 0x01
     31a:	17 c0       	rjmp	.+46     	; 0x34a <__vector_10+0xae>
    else if( licznik == 2 ) temp = cy2;
     31c:	80 91 60 00 	lds	r24, 0x0060
     320:	82 30       	cpi	r24, 0x02	; 2
     322:	21 f4       	brne	.+8      	; 0x32c <__vector_10+0x90>
     324:	80 91 1f 03 	lds	r24, 0x031F
     328:	89 83       	std	Y+1, r24	; 0x01
     32a:	0f c0       	rjmp	.+30     	; 0x34a <__vector_10+0xae>
    else if( licznik == 4 ) temp = cy3;
     32c:	80 91 60 00 	lds	r24, 0x0060
     330:	84 30       	cpi	r24, 0x04	; 4
     332:	21 f4       	brne	.+8      	; 0x33c <__vector_10+0xa0>
     334:	80 91 20 03 	lds	r24, 0x0320
     338:	89 83       	std	Y+1, r24	; 0x01
     33a:	07 c0       	rjmp	.+14     	; 0x34a <__vector_10+0xae>
    else if( licznik == 8 ) temp = cy4;
     33c:	80 91 60 00 	lds	r24, 0x0060
     340:	88 30       	cpi	r24, 0x08	; 8
     342:	19 f4       	brne	.+6      	; 0x34a <__vector_10+0xae>
     344:	80 91 1d 03 	lds	r24, 0x031D
     348:	89 83       	std	Y+1, r24	; 0x01

    uint8_t led_sign = pgm_read_byte ( &cyfry[temp] );
     34a:	89 81       	ldd	r24, Y+1	; 0x01
     34c:	88 2f       	mov	r24, r24
     34e:	90 e0       	ldi	r25, 0x00	; 0
     350:	8c 5a       	subi	r24, 0xAC	; 172
     352:	9f 4f       	sbci	r25, 0xFF	; 255
     354:	9b 83       	std	Y+3, r25	; 0x03
     356:	8a 83       	std	Y+2, r24	; 0x02
     358:	8a 81       	ldd	r24, Y+2	; 0x02
     35a:	9b 81       	ldd	r25, Y+3	; 0x03
     35c:	fc 01       	movw	r30, r24
     35e:	84 91       	lpm	r24, Z
     360:	8c 83       	std	Y+4, r24	; 0x04
     362:	8c 81       	ldd	r24, Y+4	; 0x04
     364:	8d 83       	std	Y+5, r24	; 0x05

    if ( led_sign & ( 1 << 0 ) )
     366:	8d 81       	ldd	r24, Y+5	; 0x05
     368:	88 2f       	mov	r24, r24
     36a:	90 e0       	ldi	r25, 0x00	; 0
     36c:	81 70       	andi	r24, 0x01	; 1
     36e:	99 27       	eor	r25, r25
     370:	00 97       	sbiw	r24, 0x00	; 0
     372:	51 f0       	breq	.+20     	; 0x388 <__vector_10+0xec>
    {
        LED_DATA_SEG_A_PORT |= SEG_A;
     374:	82 e3       	ldi	r24, 0x32	; 50
     376:	90 e0       	ldi	r25, 0x00	; 0
     378:	22 e3       	ldi	r18, 0x32	; 50
     37a:	30 e0       	ldi	r19, 0x00	; 0
     37c:	f9 01       	movw	r30, r18
     37e:	20 81       	ld	r18, Z
     380:	20 62       	ori	r18, 0x20	; 32
     382:	fc 01       	movw	r30, r24
     384:	20 83       	st	Z, r18
     386:	09 c0       	rjmp	.+18     	; 0x39a <__vector_10+0xfe>
    }
    else
    {
        LED_DATA_SEG_A_PORT &= ~SEG_A;
     388:	82 e3       	ldi	r24, 0x32	; 50
     38a:	90 e0       	ldi	r25, 0x00	; 0
     38c:	22 e3       	ldi	r18, 0x32	; 50
     38e:	30 e0       	ldi	r19, 0x00	; 0
     390:	f9 01       	movw	r30, r18
     392:	20 81       	ld	r18, Z
     394:	2f 7d       	andi	r18, 0xDF	; 223
     396:	fc 01       	movw	r30, r24
     398:	20 83       	st	Z, r18
    }

    if ( led_sign & ( 1 << 1 ) )
     39a:	8d 81       	ldd	r24, Y+5	; 0x05
     39c:	88 2f       	mov	r24, r24
     39e:	90 e0       	ldi	r25, 0x00	; 0
     3a0:	82 70       	andi	r24, 0x02	; 2
     3a2:	99 27       	eor	r25, r25
     3a4:	00 97       	sbiw	r24, 0x00	; 0
     3a6:	51 f0       	breq	.+20     	; 0x3bc <__vector_10+0x120>
    {
        LED_DATA_SEG_B_PORT |= SEG_B;
     3a8:	82 e3       	ldi	r24, 0x32	; 50
     3aa:	90 e0       	ldi	r25, 0x00	; 0
     3ac:	22 e3       	ldi	r18, 0x32	; 50
     3ae:	30 e0       	ldi	r19, 0x00	; 0
     3b0:	f9 01       	movw	r30, r18
     3b2:	20 81       	ld	r18, Z
     3b4:	20 61       	ori	r18, 0x10	; 16
     3b6:	fc 01       	movw	r30, r24
     3b8:	20 83       	st	Z, r18
     3ba:	09 c0       	rjmp	.+18     	; 0x3ce <__vector_10+0x132>
    }
    else
    {
        LED_DATA_SEG_B_PORT &= ~SEG_B;
     3bc:	82 e3       	ldi	r24, 0x32	; 50
     3be:	90 e0       	ldi	r25, 0x00	; 0
     3c0:	22 e3       	ldi	r18, 0x32	; 50
     3c2:	30 e0       	ldi	r19, 0x00	; 0
     3c4:	f9 01       	movw	r30, r18
     3c6:	20 81       	ld	r18, Z
     3c8:	2f 7e       	andi	r18, 0xEF	; 239
     3ca:	fc 01       	movw	r30, r24
     3cc:	20 83       	st	Z, r18
    }

    if ( led_sign & ( 1 << 2 ) )
     3ce:	8d 81       	ldd	r24, Y+5	; 0x05
     3d0:	88 2f       	mov	r24, r24
     3d2:	90 e0       	ldi	r25, 0x00	; 0
     3d4:	84 70       	andi	r24, 0x04	; 4
     3d6:	99 27       	eor	r25, r25
     3d8:	00 97       	sbiw	r24, 0x00	; 0
     3da:	51 f0       	breq	.+20     	; 0x3f0 <__vector_10+0x154>
    {
        LED_DATA_SEG_C_PORT |= SEG_C;
     3dc:	85 e3       	ldi	r24, 0x35	; 53
     3de:	90 e0       	ldi	r25, 0x00	; 0
     3e0:	25 e3       	ldi	r18, 0x35	; 53
     3e2:	30 e0       	ldi	r19, 0x00	; 0
     3e4:	f9 01       	movw	r30, r18
     3e6:	20 81       	ld	r18, Z
     3e8:	24 60       	ori	r18, 0x04	; 4
     3ea:	fc 01       	movw	r30, r24
     3ec:	20 83       	st	Z, r18
     3ee:	09 c0       	rjmp	.+18     	; 0x402 <__vector_10+0x166>
    }
    else
    {
        LED_DATA_SEG_C_PORT &= ~SEG_C;
     3f0:	85 e3       	ldi	r24, 0x35	; 53
     3f2:	90 e0       	ldi	r25, 0x00	; 0
     3f4:	25 e3       	ldi	r18, 0x35	; 53
     3f6:	30 e0       	ldi	r19, 0x00	; 0
     3f8:	f9 01       	movw	r30, r18
     3fa:	20 81       	ld	r18, Z
     3fc:	2b 7f       	andi	r18, 0xFB	; 251
     3fe:	fc 01       	movw	r30, r24
     400:	20 83       	st	Z, r18
    }

    if ( led_sign & ( 1 << 3 ) )
     402:	8d 81       	ldd	r24, Y+5	; 0x05
     404:	88 2f       	mov	r24, r24
     406:	90 e0       	ldi	r25, 0x00	; 0
     408:	88 70       	andi	r24, 0x08	; 8
     40a:	99 27       	eor	r25, r25
     40c:	00 97       	sbiw	r24, 0x00	; 0
     40e:	51 f0       	breq	.+20     	; 0x424 <__vector_10+0x188>
    {
        LED_DATA_SEG_D_PORT |= SEG_D;
     410:	85 e3       	ldi	r24, 0x35	; 53
     412:	90 e0       	ldi	r25, 0x00	; 0
     414:	25 e3       	ldi	r18, 0x35	; 53
     416:	30 e0       	ldi	r19, 0x00	; 0
     418:	f9 01       	movw	r30, r18
     41a:	20 81       	ld	r18, Z
     41c:	28 60       	ori	r18, 0x08	; 8
     41e:	fc 01       	movw	r30, r24
     420:	20 83       	st	Z, r18
     422:	09 c0       	rjmp	.+18     	; 0x436 <__vector_10+0x19a>
    }
    else
    {
        LED_DATA_SEG_D_PORT &= ~SEG_D;
     424:	85 e3       	ldi	r24, 0x35	; 53
     426:	90 e0       	ldi	r25, 0x00	; 0
     428:	25 e3       	ldi	r18, 0x35	; 53
     42a:	30 e0       	ldi	r19, 0x00	; 0
     42c:	f9 01       	movw	r30, r18
     42e:	20 81       	ld	r18, Z
     430:	27 7f       	andi	r18, 0xF7	; 247
     432:	fc 01       	movw	r30, r24
     434:	20 83       	st	Z, r18
    }

    if ( led_sign & ( 1 << 4 ) )
     436:	8d 81       	ldd	r24, Y+5	; 0x05
     438:	88 2f       	mov	r24, r24
     43a:	90 e0       	ldi	r25, 0x00	; 0
     43c:	80 71       	andi	r24, 0x10	; 16
     43e:	99 27       	eor	r25, r25
     440:	00 97       	sbiw	r24, 0x00	; 0
     442:	51 f0       	breq	.+20     	; 0x458 <__vector_10+0x1bc>
    {
        LED_DATA_SEG_E_PORT |= SEG_E;
     444:	85 e3       	ldi	r24, 0x35	; 53
     446:	90 e0       	ldi	r25, 0x00	; 0
     448:	25 e3       	ldi	r18, 0x35	; 53
     44a:	30 e0       	ldi	r19, 0x00	; 0
     44c:	f9 01       	movw	r30, r18
     44e:	20 81       	ld	r18, Z
     450:	20 61       	ori	r18, 0x10	; 16
     452:	fc 01       	movw	r30, r24
     454:	20 83       	st	Z, r18
     456:	09 c0       	rjmp	.+18     	; 0x46a <__vector_10+0x1ce>
    }
    else
    {
        LED_DATA_SEG_E_PORT &= ~SEG_E;
     458:	85 e3       	ldi	r24, 0x35	; 53
     45a:	90 e0       	ldi	r25, 0x00	; 0
     45c:	25 e3       	ldi	r18, 0x35	; 53
     45e:	30 e0       	ldi	r19, 0x00	; 0
     460:	f9 01       	movw	r30, r18
     462:	20 81       	ld	r18, Z
     464:	2f 7e       	andi	r18, 0xEF	; 239
     466:	fc 01       	movw	r30, r24
     468:	20 83       	st	Z, r18
    }

    if ( led_sign & ( 1 << 5 ) )
     46a:	8d 81       	ldd	r24, Y+5	; 0x05
     46c:	88 2f       	mov	r24, r24
     46e:	90 e0       	ldi	r25, 0x00	; 0
     470:	80 72       	andi	r24, 0x20	; 32
     472:	99 27       	eor	r25, r25
     474:	00 97       	sbiw	r24, 0x00	; 0
     476:	51 f0       	breq	.+20     	; 0x48c <__vector_10+0x1f0>
    {
        LED_DATA_SEG_F_PORT |= SEG_F;
     478:	85 e3       	ldi	r24, 0x35	; 53
     47a:	90 e0       	ldi	r25, 0x00	; 0
     47c:	25 e3       	ldi	r18, 0x35	; 53
     47e:	30 e0       	ldi	r19, 0x00	; 0
     480:	f9 01       	movw	r30, r18
     482:	20 81       	ld	r18, Z
     484:	20 62       	ori	r18, 0x20	; 32
     486:	fc 01       	movw	r30, r24
     488:	20 83       	st	Z, r18
     48a:	09 c0       	rjmp	.+18     	; 0x49e <__vector_10+0x202>
    }
    else
    {
        LED_DATA_SEG_F_PORT &= ~SEG_F;
     48c:	85 e3       	ldi	r24, 0x35	; 53
     48e:	90 e0       	ldi	r25, 0x00	; 0
     490:	25 e3       	ldi	r18, 0x35	; 53
     492:	30 e0       	ldi	r19, 0x00	; 0
     494:	f9 01       	movw	r30, r18
     496:	20 81       	ld	r18, Z
     498:	2f 7d       	andi	r18, 0xDF	; 223
     49a:	fc 01       	movw	r30, r24
     49c:	20 83       	st	Z, r18
    }

    if ( led_sign & ( 1 << 6 ) )
     49e:	8d 81       	ldd	r24, Y+5	; 0x05
     4a0:	88 2f       	mov	r24, r24
     4a2:	90 e0       	ldi	r25, 0x00	; 0
     4a4:	80 74       	andi	r24, 0x40	; 64
     4a6:	99 27       	eor	r25, r25
     4a8:	00 97       	sbiw	r24, 0x00	; 0
     4aa:	51 f0       	breq	.+20     	; 0x4c0 <__vector_10+0x224>
    {
        LED_DATA_SEG_G_PORT |= SEG_G;
     4ac:	85 e3       	ldi	r24, 0x35	; 53
     4ae:	90 e0       	ldi	r25, 0x00	; 0
     4b0:	25 e3       	ldi	r18, 0x35	; 53
     4b2:	30 e0       	ldi	r19, 0x00	; 0
     4b4:	f9 01       	movw	r30, r18
     4b6:	20 81       	ld	r18, Z
     4b8:	20 64       	ori	r18, 0x40	; 64
     4ba:	fc 01       	movw	r30, r24
     4bc:	20 83       	st	Z, r18
     4be:	09 c0       	rjmp	.+18     	; 0x4d2 <__vector_10+0x236>
    }
    else
    {
        LED_DATA_SEG_G_PORT &= ~SEG_G;
     4c0:	85 e3       	ldi	r24, 0x35	; 53
     4c2:	90 e0       	ldi	r25, 0x00	; 0
     4c4:	25 e3       	ldi	r18, 0x35	; 53
     4c6:	30 e0       	ldi	r19, 0x00	; 0
     4c8:	f9 01       	movw	r30, r18
     4ca:	20 81       	ld	r18, Z
     4cc:	2f 7b       	andi	r18, 0xBF	; 191
     4ce:	fc 01       	movw	r30, r24
     4d0:	20 83       	st	Z, r18
    }

    if ( led_sign & ( 1 << 7 ) )
     4d2:	8d 81       	ldd	r24, Y+5	; 0x05
     4d4:	88 23       	and	r24, r24
     4d6:	54 f4       	brge	.+20     	; 0x4ec <__vector_10+0x250>
    {
        LED_DATA_SEG_DP_PORT |= SEG_DP;
     4d8:	85 e3       	ldi	r24, 0x35	; 53
     4da:	90 e0       	ldi	r25, 0x00	; 0
     4dc:	25 e3       	ldi	r18, 0x35	; 53
     4de:	30 e0       	ldi	r19, 0x00	; 0
     4e0:	f9 01       	movw	r30, r18
     4e2:	20 81       	ld	r18, Z
     4e4:	20 68       	ori	r18, 0x80	; 128
     4e6:	fc 01       	movw	r30, r24
     4e8:	20 83       	st	Z, r18
     4ea:	09 c0       	rjmp	.+18     	; 0x4fe <__vector_10+0x262>
    }
    else
    {
        LED_DATA_SEG_DP_PORT &= ~SEG_DP;
     4ec:	85 e3       	ldi	r24, 0x35	; 53
     4ee:	90 e0       	ldi	r25, 0x00	; 0
     4f0:	25 e3       	ldi	r18, 0x35	; 53
     4f2:	30 e0       	ldi	r19, 0x00	; 0
     4f4:	f9 01       	movw	r30, r18
     4f6:	20 81       	ld	r18, Z
     4f8:	2f 77       	andi	r18, 0x7F	; 127
     4fa:	fc 01       	movw	r30, r24
     4fc:	20 83       	st	Z, r18
    }

    if(licznik == 1) LED_ANODY_CA1_PORT &= ~CA1;
     4fe:	80 91 60 00 	lds	r24, 0x0060
     502:	81 30       	cpi	r24, 0x01	; 1
     504:	51 f4       	brne	.+20     	; 0x51a <__vector_10+0x27e>
     506:	88 e3       	ldi	r24, 0x38	; 56
     508:	90 e0       	ldi	r25, 0x00	; 0
     50a:	28 e3       	ldi	r18, 0x38	; 56
     50c:	30 e0       	ldi	r19, 0x00	; 0
     50e:	f9 01       	movw	r30, r18
     510:	20 81       	ld	r18, Z
     512:	2e 7f       	andi	r18, 0xFE	; 254
     514:	fc 01       	movw	r30, r24
     516:	20 83       	st	Z, r18
     518:	29 c0       	rjmp	.+82     	; 0x56c <__vector_10+0x2d0>
    else if(licznik == 2) LED_ANODY_CA2_PORT &= ~CA2;
     51a:	80 91 60 00 	lds	r24, 0x0060
     51e:	82 30       	cpi	r24, 0x02	; 2
     520:	51 f4       	brne	.+20     	; 0x536 <__vector_10+0x29a>
     522:	88 e3       	ldi	r24, 0x38	; 56
     524:	90 e0       	ldi	r25, 0x00	; 0
     526:	28 e3       	ldi	r18, 0x38	; 56
     528:	30 e0       	ldi	r19, 0x00	; 0
     52a:	f9 01       	movw	r30, r18
     52c:	20 81       	ld	r18, Z
     52e:	2d 7f       	andi	r18, 0xFD	; 253
     530:	fc 01       	movw	r30, r24
     532:	20 83       	st	Z, r18
     534:	1b c0       	rjmp	.+54     	; 0x56c <__vector_10+0x2d0>
    else if(licznik == 4) LED_ANODY_CA3_PORT &= ~CA3;
     536:	80 91 60 00 	lds	r24, 0x0060
     53a:	84 30       	cpi	r24, 0x04	; 4
     53c:	51 f4       	brne	.+20     	; 0x552 <__vector_10+0x2b6>
     53e:	88 e3       	ldi	r24, 0x38	; 56
     540:	90 e0       	ldi	r25, 0x00	; 0
     542:	28 e3       	ldi	r18, 0x38	; 56
     544:	30 e0       	ldi	r19, 0x00	; 0
     546:	f9 01       	movw	r30, r18
     548:	20 81       	ld	r18, Z
     54a:	2b 7f       	andi	r18, 0xFB	; 251
     54c:	fc 01       	movw	r30, r24
     54e:	20 83       	st	Z, r18
     550:	0d c0       	rjmp	.+26     	; 0x56c <__vector_10+0x2d0>
    else if(licznik == 8) LED_ANODY_CA3_PORT &= ~CA4;
     552:	80 91 60 00 	lds	r24, 0x0060
     556:	88 30       	cpi	r24, 0x08	; 8
     558:	49 f4       	brne	.+18     	; 0x56c <__vector_10+0x2d0>
     55a:	88 e3       	ldi	r24, 0x38	; 56
     55c:	90 e0       	ldi	r25, 0x00	; 0
     55e:	28 e3       	ldi	r18, 0x38	; 56
     560:	30 e0       	ldi	r19, 0x00	; 0
     562:	f9 01       	movw	r30, r18
     564:	20 81       	ld	r18, Z
     566:	27 7f       	andi	r18, 0xF7	; 247
     568:	fc 01       	movw	r30, r24
     56a:	20 83       	st	Z, r18

    licznik <<= 1;
     56c:	80 91 60 00 	lds	r24, 0x0060
     570:	88 0f       	add	r24, r24
     572:	80 93 60 00 	sts	0x0060, r24
    if( licznik > 8 ) licznik = 1;
     576:	80 91 60 00 	lds	r24, 0x0060
     57a:	89 30       	cpi	r24, 0x09	; 9
     57c:	18 f0       	brcs	.+6      	; 0x584 <__vector_10+0x2e8>
     57e:	81 e0       	ldi	r24, 0x01	; 1
     580:	80 93 60 00 	sts	0x0060, r24
}
     584:	0f 90       	pop	r0
     586:	0f 90       	pop	r0
     588:	0f 90       	pop	r0
     58a:	0f 90       	pop	r0
     58c:	0f 90       	pop	r0
     58e:	df 91       	pop	r29
     590:	cf 91       	pop	r28
     592:	ff 91       	pop	r31
     594:	ef 91       	pop	r30
     596:	9f 91       	pop	r25
     598:	8f 91       	pop	r24
     59a:	3f 91       	pop	r19
     59c:	2f 91       	pop	r18
     59e:	0f 90       	pop	r0
     5a0:	00 92 5f 00 	sts	0x005F, r0
     5a4:	0f 90       	pop	r0
     5a6:	1f 90       	pop	r1
     5a8:	18 95       	reti

000005aa <d_led_Int>:

void d_led_Int ( int dana )
{
     5aa:	cf 93       	push	r28
     5ac:	df 93       	push	r29
     5ae:	cd b7       	in	r28, 0x3d	; 61
     5b0:	de b7       	in	r29, 0x3e	; 62
     5b2:	62 97       	sbiw	r28, 0x12	; 18
     5b4:	0f b6       	in	r0, 0x3f	; 63
     5b6:	f8 94       	cli
     5b8:	de bf       	out	0x3e, r29	; 62
     5ba:	0f be       	out	0x3f, r0	; 63
     5bc:	cd bf       	out	0x3d, r28	; 61
     5be:	9c 87       	std	Y+12, r25	; 0x0c
     5c0:	8b 87       	std	Y+11, r24	; 0x0b
    if ( dana >= 10000 || dana <= -1000 )//zakres zMiennych do wyświetlania
     5c2:	8b 85       	ldd	r24, Y+11	; 0x0b
     5c4:	9c 85       	ldd	r25, Y+12	; 0x0c
     5c6:	80 31       	cpi	r24, 0x10	; 16
     5c8:	27 e2       	ldi	r18, 0x27	; 39
     5ca:	92 07       	cpc	r25, r18
     5cc:	34 f4       	brge	.+12     	; 0x5da <d_led_Int+0x30>
     5ce:	8b 85       	ldd	r24, Y+11	; 0x0b
     5d0:	9c 85       	ldd	r25, Y+12	; 0x0c
     5d2:	89 31       	cpi	r24, 0x19	; 25
     5d4:	4c ef       	ldi	r20, 0xFC	; 252
     5d6:	94 07       	cpc	r25, r20
     5d8:	6c f4       	brge	.+26     	; 0x5f4 <d_led_Int+0x4a>
    {
        cy1 = 11;
     5da:	8b e0       	ldi	r24, 0x0B	; 11
     5dc:	80 93 1e 03 	sts	0x031E, r24
        cy2 = 11;
     5e0:	8b e0       	ldi	r24, 0x0B	; 11
     5e2:	80 93 1f 03 	sts	0x031F, r24
        cy3 = 11;
     5e6:	8b e0       	ldi	r24, 0x0B	; 11
     5e8:	80 93 20 03 	sts	0x0320, r24
        cy4 = 11;
     5ec:	8b e0       	ldi	r24, 0x0B	; 11
     5ee:	80 93 1d 03 	sts	0x031D, r24
        return;
     5f2:	0d c1       	rjmp	.+538    	; 0x80e <d_led_Int+0x264>
    }

    int dana_temp = abs( dana );
     5f4:	8b 85       	ldd	r24, Y+11	; 0x0b
     5f6:	9c 85       	ldd	r25, Y+12	; 0x0c
     5f8:	99 23       	and	r25, r25
     5fa:	1c f4       	brge	.+6      	; 0x602 <d_led_Int+0x58>
     5fc:	91 95       	neg	r25
     5fe:	81 95       	neg	r24
     600:	91 09       	sbc	r25, r1
     602:	9a 87       	std	Y+10, r25	; 0x0a
     604:	89 87       	std	Y+9, r24	; 0x09

    int d = 1;
     606:	81 e0       	ldi	r24, 0x01	; 1
     608:	90 e0       	ldi	r25, 0x00	; 0
     60a:	9a 83       	std	Y+2, r25	; 0x02
     60c:	89 83       	std	Y+1, r24	; 0x01
    int g = 10;
     60e:	8a e0       	ldi	r24, 0x0A	; 10
     610:	90 e0       	ldi	r25, 0x00	; 0
     612:	9c 83       	std	Y+4, r25	; 0x04
     614:	8b 83       	std	Y+3, r24	; 0x03
    while ( dana_temp >= g )
     616:	12 c0       	rjmp	.+36     	; 0x63c <d_led_Int+0x92>
    {
        d += 1;
     618:	89 81       	ldd	r24, Y+1	; 0x01
     61a:	9a 81       	ldd	r25, Y+2	; 0x02
     61c:	01 96       	adiw	r24, 0x01	; 1
     61e:	9a 83       	std	Y+2, r25	; 0x02
     620:	89 83       	std	Y+1, r24	; 0x01
        g *= 10;
     622:	8b 81       	ldd	r24, Y+3	; 0x03
     624:	9c 81       	ldd	r25, Y+4	; 0x04
     626:	88 0f       	add	r24, r24
     628:	99 1f       	adc	r25, r25
     62a:	9c 01       	movw	r18, r24
     62c:	22 0f       	add	r18, r18
     62e:	33 1f       	adc	r19, r19
     630:	22 0f       	add	r18, r18
     632:	33 1f       	adc	r19, r19
     634:	82 0f       	add	r24, r18
     636:	93 1f       	adc	r25, r19
     638:	9c 83       	std	Y+4, r25	; 0x04
     63a:	8b 83       	std	Y+3, r24	; 0x03

    int dana_temp = abs( dana );

    int d = 1;
    int g = 10;
    while ( dana_temp >= g )
     63c:	29 85       	ldd	r18, Y+9	; 0x09
     63e:	3a 85       	ldd	r19, Y+10	; 0x0a
     640:	8b 81       	ldd	r24, Y+3	; 0x03
     642:	9c 81       	ldd	r25, Y+4	; 0x04
     644:	28 17       	cp	r18, r24
     646:	39 07       	cpc	r19, r25
     648:	3c f7       	brge	.-50     	; 0x618 <d_led_Int+0x6e>

    //w zmiennej g jest wielkość danej liczby

    int f;
    int h;
    g = 10;
     64a:	8a e0       	ldi	r24, 0x0A	; 10
     64c:	90 e0       	ldi	r25, 0x00	; 0
     64e:	9c 83       	std	Y+4, r25	; 0x04
     650:	8b 83       	std	Y+3, r24	; 0x03

    for( f = 0; f < d; ++f)//wyłuskiwanie poszczególnych cyfr od najmniej znaczącej
     652:	1e 82       	std	Y+6, r1	; 0x06
     654:	1d 82       	std	Y+5, r1	; 0x05
     656:	90 c0       	rjmp	.+288    	; 0x778 <d_led_Int+0x1ce>
    {
        h = dana_temp % g;
     658:	89 85       	ldd	r24, Y+9	; 0x09
     65a:	9a 85       	ldd	r25, Y+10	; 0x0a
     65c:	2b 81       	ldd	r18, Y+3	; 0x03
     65e:	3c 81       	ldd	r19, Y+4	; 0x04
     660:	b9 01       	movw	r22, r18
     662:	0e 94 57 33 	call	0x66ae	; 0x66ae <__divmodhi4>
     666:	98 87       	std	Y+8, r25	; 0x08
     668:	8f 83       	std	Y+7, r24	; 0x07
        if( f == 1 ) h -= cy4;
     66a:	8d 81       	ldd	r24, Y+5	; 0x05
     66c:	9e 81       	ldd	r25, Y+6	; 0x06
     66e:	81 30       	cpi	r24, 0x01	; 1
     670:	91 05       	cpc	r25, r1
     672:	61 f4       	brne	.+24     	; 0x68c <d_led_Int+0xe2>
     674:	80 91 1d 03 	lds	r24, 0x031D
     678:	88 2f       	mov	r24, r24
     67a:	90 e0       	ldi	r25, 0x00	; 0
     67c:	2f 81       	ldd	r18, Y+7	; 0x07
     67e:	38 85       	ldd	r19, Y+8	; 0x08
     680:	a9 01       	movw	r20, r18
     682:	48 1b       	sub	r20, r24
     684:	59 0b       	sbc	r21, r25
     686:	ca 01       	movw	r24, r20
     688:	98 87       	std	Y+8, r25	; 0x08
     68a:	8f 83       	std	Y+7, r24	; 0x07
        if( f == 2 ) h -= cy3 + cy4;
     68c:	8d 81       	ldd	r24, Y+5	; 0x05
     68e:	9e 81       	ldd	r25, Y+6	; 0x06
     690:	82 30       	cpi	r24, 0x02	; 2
     692:	91 05       	cpc	r25, r1
     694:	91 f4       	brne	.+36     	; 0x6ba <d_led_Int+0x110>
     696:	80 91 20 03 	lds	r24, 0x0320
     69a:	28 2f       	mov	r18, r24
     69c:	30 e0       	ldi	r19, 0x00	; 0
     69e:	80 91 1d 03 	lds	r24, 0x031D
     6a2:	88 2f       	mov	r24, r24
     6a4:	90 e0       	ldi	r25, 0x00	; 0
     6a6:	82 0f       	add	r24, r18
     6a8:	93 1f       	adc	r25, r19
     6aa:	2f 81       	ldd	r18, Y+7	; 0x07
     6ac:	38 85       	ldd	r19, Y+8	; 0x08
     6ae:	a9 01       	movw	r20, r18
     6b0:	48 1b       	sub	r20, r24
     6b2:	59 0b       	sbc	r21, r25
     6b4:	ca 01       	movw	r24, r20
     6b6:	98 87       	std	Y+8, r25	; 0x08
     6b8:	8f 83       	std	Y+7, r24	; 0x07
        if( f == 3 ) h -= cy2 + cy3 + cy4;
     6ba:	8d 81       	ldd	r24, Y+5	; 0x05
     6bc:	9e 81       	ldd	r25, Y+6	; 0x06
     6be:	83 30       	cpi	r24, 0x03	; 3
     6c0:	91 05       	cpc	r25, r1
     6c2:	c1 f4       	brne	.+48     	; 0x6f4 <d_led_Int+0x14a>
     6c4:	80 91 1f 03 	lds	r24, 0x031F
     6c8:	28 2f       	mov	r18, r24
     6ca:	30 e0       	ldi	r19, 0x00	; 0
     6cc:	80 91 20 03 	lds	r24, 0x0320
     6d0:	88 2f       	mov	r24, r24
     6d2:	90 e0       	ldi	r25, 0x00	; 0
     6d4:	28 0f       	add	r18, r24
     6d6:	39 1f       	adc	r19, r25
     6d8:	80 91 1d 03 	lds	r24, 0x031D
     6dc:	88 2f       	mov	r24, r24
     6de:	90 e0       	ldi	r25, 0x00	; 0
     6e0:	82 0f       	add	r24, r18
     6e2:	93 1f       	adc	r25, r19
     6e4:	2f 81       	ldd	r18, Y+7	; 0x07
     6e6:	38 85       	ldd	r19, Y+8	; 0x08
     6e8:	a9 01       	movw	r20, r18
     6ea:	48 1b       	sub	r20, r24
     6ec:	59 0b       	sbc	r21, r25
     6ee:	ca 01       	movw	r24, r20
     6f0:	98 87       	std	Y+8, r25	; 0x08
     6f2:	8f 83       	std	Y+7, r24	; 0x07
        h /= g / 10;
     6f4:	8b 81       	ldd	r24, Y+3	; 0x03
     6f6:	9c 81       	ldd	r25, Y+4	; 0x04
     6f8:	2a e0       	ldi	r18, 0x0A	; 10
     6fa:	30 e0       	ldi	r19, 0x00	; 0
     6fc:	b9 01       	movw	r22, r18
     6fe:	0e 94 57 33 	call	0x66ae	; 0x66ae <__divmodhi4>
     702:	cb 01       	movw	r24, r22
     704:	9c 01       	movw	r18, r24
     706:	8f 81       	ldd	r24, Y+7	; 0x07
     708:	98 85       	ldd	r25, Y+8	; 0x08
     70a:	b9 01       	movw	r22, r18
     70c:	0e 94 57 33 	call	0x66ae	; 0x66ae <__divmodhi4>
     710:	cb 01       	movw	r24, r22
     712:	98 87       	std	Y+8, r25	; 0x08
     714:	8f 83       	std	Y+7, r24	; 0x07

        if ( f == 0 ) cy4 = h;
     716:	8d 81       	ldd	r24, Y+5	; 0x05
     718:	9e 81       	ldd	r25, Y+6	; 0x06
     71a:	00 97       	sbiw	r24, 0x00	; 0
     71c:	19 f4       	brne	.+6      	; 0x724 <d_led_Int+0x17a>
     71e:	8f 81       	ldd	r24, Y+7	; 0x07
     720:	80 93 1d 03 	sts	0x031D, r24
        if ( f == 1 ) cy3 = h;
     724:	8d 81       	ldd	r24, Y+5	; 0x05
     726:	9e 81       	ldd	r25, Y+6	; 0x06
     728:	81 30       	cpi	r24, 0x01	; 1
     72a:	91 05       	cpc	r25, r1
     72c:	19 f4       	brne	.+6      	; 0x734 <d_led_Int+0x18a>
     72e:	8f 81       	ldd	r24, Y+7	; 0x07
     730:	80 93 20 03 	sts	0x0320, r24
        if ( f == 2 ) cy2 = h;
     734:	8d 81       	ldd	r24, Y+5	; 0x05
     736:	9e 81       	ldd	r25, Y+6	; 0x06
     738:	82 30       	cpi	r24, 0x02	; 2
     73a:	91 05       	cpc	r25, r1
     73c:	19 f4       	brne	.+6      	; 0x744 <d_led_Int+0x19a>
     73e:	8f 81       	ldd	r24, Y+7	; 0x07
     740:	80 93 1f 03 	sts	0x031F, r24
        if ( f == 3 ) cy1 = h;
     744:	8d 81       	ldd	r24, Y+5	; 0x05
     746:	9e 81       	ldd	r25, Y+6	; 0x06
     748:	83 30       	cpi	r24, 0x03	; 3
     74a:	91 05       	cpc	r25, r1
     74c:	19 f4       	brne	.+6      	; 0x754 <d_led_Int+0x1aa>
     74e:	8f 81       	ldd	r24, Y+7	; 0x07
     750:	80 93 1e 03 	sts	0x031E, r24

        g *= 10;
     754:	8b 81       	ldd	r24, Y+3	; 0x03
     756:	9c 81       	ldd	r25, Y+4	; 0x04
     758:	88 0f       	add	r24, r24
     75a:	99 1f       	adc	r25, r25
     75c:	9c 01       	movw	r18, r24
     75e:	22 0f       	add	r18, r18
     760:	33 1f       	adc	r19, r19
     762:	22 0f       	add	r18, r18
     764:	33 1f       	adc	r19, r19
     766:	82 0f       	add	r24, r18
     768:	93 1f       	adc	r25, r19
     76a:	9c 83       	std	Y+4, r25	; 0x04
     76c:	8b 83       	std	Y+3, r24	; 0x03

    int f;
    int h;
    g = 10;

    for( f = 0; f < d; ++f)//wyłuskiwanie poszczególnych cyfr od najmniej znaczącej
     76e:	8d 81       	ldd	r24, Y+5	; 0x05
     770:	9e 81       	ldd	r25, Y+6	; 0x06
     772:	01 96       	adiw	r24, 0x01	; 1
     774:	9e 83       	std	Y+6, r25	; 0x06
     776:	8d 83       	std	Y+5, r24	; 0x05
     778:	2d 81       	ldd	r18, Y+5	; 0x05
     77a:	3e 81       	ldd	r19, Y+6	; 0x06
     77c:	89 81       	ldd	r24, Y+1	; 0x01
     77e:	9a 81       	ldd	r25, Y+2	; 0x02
     780:	28 17       	cp	r18, r24
     782:	39 07       	cpc	r19, r25
     784:	0c f4       	brge	.+2      	; 0x788 <d_led_Int+0x1de>
     786:	68 cf       	rjmp	.-304    	; 0x658 <d_led_Int+0xae>
        if ( f == 3 ) cy1 = h;

        g *= 10;
    }

    for ( f = d; f < 5; ++f)//uzupełnianie o puste pola, gdzie już nie ma cyfr liczby
     788:	89 81       	ldd	r24, Y+1	; 0x01
     78a:	9a 81       	ldd	r25, Y+2	; 0x02
     78c:	9e 83       	std	Y+6, r25	; 0x06
     78e:	8d 83       	std	Y+5, r24	; 0x05
     790:	1d c0       	rjmp	.+58     	; 0x7cc <d_led_Int+0x222>
    {
        if(f == 1 )
     792:	8d 81       	ldd	r24, Y+5	; 0x05
     794:	9e 81       	ldd	r25, Y+6	; 0x06
     796:	81 30       	cpi	r24, 0x01	; 1
     798:	91 05       	cpc	r25, r1
     79a:	19 f4       	brne	.+6      	; 0x7a2 <d_led_Int+0x1f8>
        {
            cy3 = 10;
     79c:	8a e0       	ldi	r24, 0x0A	; 10
     79e:	80 93 20 03 	sts	0x0320, r24
            //if ( dana_temp == 0 ) cy4 = 10;
        }

        if(f == 2 ) cy2 = 10;
     7a2:	8d 81       	ldd	r24, Y+5	; 0x05
     7a4:	9e 81       	ldd	r25, Y+6	; 0x06
     7a6:	82 30       	cpi	r24, 0x02	; 2
     7a8:	91 05       	cpc	r25, r1
     7aa:	19 f4       	brne	.+6      	; 0x7b2 <d_led_Int+0x208>
     7ac:	8a e0       	ldi	r24, 0x0A	; 10
     7ae:	80 93 1f 03 	sts	0x031F, r24
        if(f == 3 ) cy1 = 10;
     7b2:	8d 81       	ldd	r24, Y+5	; 0x05
     7b4:	9e 81       	ldd	r25, Y+6	; 0x06
     7b6:	83 30       	cpi	r24, 0x03	; 3
     7b8:	91 05       	cpc	r25, r1
     7ba:	19 f4       	brne	.+6      	; 0x7c2 <d_led_Int+0x218>
     7bc:	8a e0       	ldi	r24, 0x0A	; 10
     7be:	80 93 1e 03 	sts	0x031E, r24
        if ( f == 3 ) cy1 = h;

        g *= 10;
    }

    for ( f = d; f < 5; ++f)//uzupełnianie o puste pola, gdzie już nie ma cyfr liczby
     7c2:	8d 81       	ldd	r24, Y+5	; 0x05
     7c4:	9e 81       	ldd	r25, Y+6	; 0x06
     7c6:	01 96       	adiw	r24, 0x01	; 1
     7c8:	9e 83       	std	Y+6, r25	; 0x06
     7ca:	8d 83       	std	Y+5, r24	; 0x05
     7cc:	8d 81       	ldd	r24, Y+5	; 0x05
     7ce:	9e 81       	ldd	r25, Y+6	; 0x06
     7d0:	85 30       	cpi	r24, 0x05	; 5
     7d2:	91 05       	cpc	r25, r1
     7d4:	f4 f2       	brlt	.-68     	; 0x792 <d_led_Int+0x1e8>

        if(f == 2 ) cy2 = 10;
        if(f == 3 ) cy1 = 10;
    }

    if(dana < 0)//dopisnie znaku "minus"
     7d6:	8b 85       	ldd	r24, Y+11	; 0x0b
     7d8:	9c 85       	ldd	r25, Y+12	; 0x0c
     7da:	99 23       	and	r25, r25
     7dc:	c4 f4       	brge	.+48     	; 0x80e <d_led_Int+0x264>
    {
        if ( d == 1 ) cy3 = 11;
     7de:	89 81       	ldd	r24, Y+1	; 0x01
     7e0:	9a 81       	ldd	r25, Y+2	; 0x02
     7e2:	81 30       	cpi	r24, 0x01	; 1
     7e4:	91 05       	cpc	r25, r1
     7e6:	19 f4       	brne	.+6      	; 0x7ee <d_led_Int+0x244>
     7e8:	8b e0       	ldi	r24, 0x0B	; 11
     7ea:	80 93 20 03 	sts	0x0320, r24
        if ( d == 2 ) cy2 = 11;
     7ee:	89 81       	ldd	r24, Y+1	; 0x01
     7f0:	9a 81       	ldd	r25, Y+2	; 0x02
     7f2:	82 30       	cpi	r24, 0x02	; 2
     7f4:	91 05       	cpc	r25, r1
     7f6:	19 f4       	brne	.+6      	; 0x7fe <d_led_Int+0x254>
     7f8:	8b e0       	ldi	r24, 0x0B	; 11
     7fa:	80 93 1f 03 	sts	0x031F, r24
        if ( d == 3 ) cy1 = 11;
     7fe:	89 81       	ldd	r24, Y+1	; 0x01
     800:	9a 81       	ldd	r25, Y+2	; 0x02
     802:	83 30       	cpi	r24, 0x03	; 3
     804:	91 05       	cpc	r25, r1
     806:	19 f4       	brne	.+6      	; 0x80e <d_led_Int+0x264>
     808:	8b e0       	ldi	r24, 0x0B	; 11
     80a:	80 93 1e 03 	sts	0x031E, r24
    }
}
     80e:	62 96       	adiw	r28, 0x12	; 18
     810:	0f b6       	in	r0, 0x3f	; 63
     812:	f8 94       	cli
     814:	de bf       	out	0x3e, r29	; 62
     816:	0f be       	out	0x3f, r0	; 63
     818:	cd bf       	out	0x3d, r28	; 61
     81a:	df 91       	pop	r29
     81c:	cf 91       	pop	r28
     81e:	08 95       	ret

00000820 <delay_ms_var>:
#include "delay_lib.h"

void delay_ms_var( uint16_t count )
{
     820:	cf 93       	push	r28
     822:	df 93       	push	r29
     824:	cd b7       	in	r28, 0x3d	; 61
     826:	de b7       	in	r29, 0x3e	; 62
     828:	60 97       	sbiw	r28, 0x10	; 16
     82a:	0f b6       	in	r0, 0x3f	; 63
     82c:	f8 94       	cli
     82e:	de bf       	out	0x3e, r29	; 62
     830:	0f be       	out	0x3f, r0	; 63
     832:	cd bf       	out	0x3d, r28	; 61
     834:	98 8b       	std	Y+16, r25	; 0x10
     836:	8f 87       	std	Y+15, r24	; 0x0f
    while( count-- )
     838:	72 c0       	rjmp	.+228    	; 0x91e <__stack+0xbf>
     83a:	80 e0       	ldi	r24, 0x00	; 0
     83c:	90 e0       	ldi	r25, 0x00	; 0
     83e:	a0 e8       	ldi	r26, 0x80	; 128
     840:	bf e3       	ldi	r27, 0x3F	; 63
     842:	89 83       	std	Y+1, r24	; 0x01
     844:	9a 83       	std	Y+2, r25	; 0x02
     846:	ab 83       	std	Y+3, r26	; 0x03
     848:	bc 83       	std	Y+4, r27	; 0x04

	__builtin_avr_delay_cycles(__ticks_dc);

#else
	uint16_t __ticks;
	__tmp = ((F_CPU) / 4e3) * __ms;
     84a:	20 e0       	ldi	r18, 0x00	; 0
     84c:	30 e0       	ldi	r19, 0x00	; 0
     84e:	4a e7       	ldi	r20, 0x7A	; 122
     850:	55 e4       	ldi	r21, 0x45	; 69
     852:	69 81       	ldd	r22, Y+1	; 0x01
     854:	7a 81       	ldd	r23, Y+2	; 0x02
     856:	8b 81       	ldd	r24, Y+3	; 0x03
     858:	9c 81       	ldd	r25, Y+4	; 0x04
     85a:	0e 94 3d 35 	call	0x6a7a	; 0x6a7a <__mulsf3>
     85e:	dc 01       	movw	r26, r24
     860:	cb 01       	movw	r24, r22
     862:	8d 83       	std	Y+5, r24	; 0x05
     864:	9e 83       	std	Y+6, r25	; 0x06
     866:	af 83       	std	Y+7, r26	; 0x07
     868:	b8 87       	std	Y+8, r27	; 0x08
	if (__tmp < 1.0)
     86a:	20 e0       	ldi	r18, 0x00	; 0
     86c:	30 e0       	ldi	r19, 0x00	; 0
     86e:	40 e8       	ldi	r20, 0x80	; 128
     870:	5f e3       	ldi	r21, 0x3F	; 63
     872:	6d 81       	ldd	r22, Y+5	; 0x05
     874:	7e 81       	ldd	r23, Y+6	; 0x06
     876:	8f 81       	ldd	r24, Y+7	; 0x07
     878:	98 85       	ldd	r25, Y+8	; 0x08
     87a:	0e 94 ea 33 	call	0x67d4	; 0x67d4 <__cmpsf2>
     87e:	88 23       	and	r24, r24
     880:	2c f4       	brge	.+10     	; 0x88c <__stack+0x2d>
		__ticks = 1;
     882:	81 e0       	ldi	r24, 0x01	; 1
     884:	90 e0       	ldi	r25, 0x00	; 0
     886:	9a 87       	std	Y+10, r25	; 0x0a
     888:	89 87       	std	Y+9, r24	; 0x09
     88a:	3f c0       	rjmp	.+126    	; 0x90a <__stack+0xab>
	else if (__tmp > 65535)
     88c:	20 e0       	ldi	r18, 0x00	; 0
     88e:	3f ef       	ldi	r19, 0xFF	; 255
     890:	4f e7       	ldi	r20, 0x7F	; 127
     892:	57 e4       	ldi	r21, 0x47	; 71
     894:	6d 81       	ldd	r22, Y+5	; 0x05
     896:	7e 81       	ldd	r23, Y+6	; 0x06
     898:	8f 81       	ldd	r24, Y+7	; 0x07
     89a:	98 85       	ldd	r25, Y+8	; 0x08
     89c:	0e 94 39 35 	call	0x6a72	; 0x6a72 <__gesf2>
     8a0:	18 16       	cp	r1, r24
     8a2:	4c f5       	brge	.+82     	; 0x8f6 <__stack+0x97>
	{
		//	__ticks = requested delay in 1/10 ms
		__ticks = (uint16_t) (__ms * 10.0);
     8a4:	20 e0       	ldi	r18, 0x00	; 0
     8a6:	30 e0       	ldi	r19, 0x00	; 0
     8a8:	40 e2       	ldi	r20, 0x20	; 32
     8aa:	51 e4       	ldi	r21, 0x41	; 65
     8ac:	69 81       	ldd	r22, Y+1	; 0x01
     8ae:	7a 81       	ldd	r23, Y+2	; 0x02
     8b0:	8b 81       	ldd	r24, Y+3	; 0x03
     8b2:	9c 81       	ldd	r25, Y+4	; 0x04
     8b4:	0e 94 3d 35 	call	0x6a7a	; 0x6a7a <__mulsf3>
     8b8:	dc 01       	movw	r26, r24
     8ba:	cb 01       	movw	r24, r22
     8bc:	bc 01       	movw	r22, r24
     8be:	cd 01       	movw	r24, r26
     8c0:	0e 94 5b 34 	call	0x68b6	; 0x68b6 <__fixunssfsi>
     8c4:	dc 01       	movw	r26, r24
     8c6:	cb 01       	movw	r24, r22
     8c8:	9a 87       	std	Y+10, r25	; 0x0a
     8ca:	89 87       	std	Y+9, r24	; 0x09
     8cc:	0f c0       	rjmp	.+30     	; 0x8ec <__stack+0x8d>
     8ce:	80 e9       	ldi	r24, 0x90	; 144
     8d0:	91 e0       	ldi	r25, 0x01	; 1
     8d2:	9c 87       	std	Y+12, r25	; 0x0c
     8d4:	8b 87       	std	Y+11, r24	; 0x0b
    milliseconds can be achieved.
 */
void
_delay_loop_2(uint16_t __count)
{
	__asm__ volatile (
     8d6:	8b 85       	ldd	r24, Y+11	; 0x0b
     8d8:	9c 85       	ldd	r25, Y+12	; 0x0c
     8da:	01 97       	sbiw	r24, 0x01	; 1
     8dc:	f1 f7       	brne	.-4      	; 0x8da <__stack+0x7b>
     8de:	9c 87       	std	Y+12, r25	; 0x0c
     8e0:	8b 87       	std	Y+11, r24	; 0x0b
		while(__ticks)
		{
			// wait 1/10 ms
			_delay_loop_2(((F_CPU) / 4e3) / 10);
			__ticks --;
     8e2:	89 85       	ldd	r24, Y+9	; 0x09
     8e4:	9a 85       	ldd	r25, Y+10	; 0x0a
     8e6:	01 97       	sbiw	r24, 0x01	; 1
     8e8:	9a 87       	std	Y+10, r25	; 0x0a
     8ea:	89 87       	std	Y+9, r24	; 0x09
		__ticks = 1;
	else if (__tmp > 65535)
	{
		//	__ticks = requested delay in 1/10 ms
		__ticks = (uint16_t) (__ms * 10.0);
		while(__ticks)
     8ec:	89 85       	ldd	r24, Y+9	; 0x09
     8ee:	9a 85       	ldd	r25, Y+10	; 0x0a
     8f0:	00 97       	sbiw	r24, 0x00	; 0
     8f2:	69 f7       	brne	.-38     	; 0x8ce <__stack+0x6f>
     8f4:	14 c0       	rjmp	.+40     	; 0x91e <__stack+0xbf>
			__ticks --;
		}
		return;
	}
	else
		__ticks = (uint16_t)__tmp;
     8f6:	6d 81       	ldd	r22, Y+5	; 0x05
     8f8:	7e 81       	ldd	r23, Y+6	; 0x06
     8fa:	8f 81       	ldd	r24, Y+7	; 0x07
     8fc:	98 85       	ldd	r25, Y+8	; 0x08
     8fe:	0e 94 5b 34 	call	0x68b6	; 0x68b6 <__fixunssfsi>
     902:	dc 01       	movw	r26, r24
     904:	cb 01       	movw	r24, r22
     906:	9a 87       	std	Y+10, r25	; 0x0a
     908:	89 87       	std	Y+9, r24	; 0x09
     90a:	89 85       	ldd	r24, Y+9	; 0x09
     90c:	9a 85       	ldd	r25, Y+10	; 0x0a
     90e:	9e 87       	std	Y+14, r25	; 0x0e
     910:	8d 87       	std	Y+13, r24	; 0x0d
     912:	8d 85       	ldd	r24, Y+13	; 0x0d
     914:	9e 85       	ldd	r25, Y+14	; 0x0e
     916:	01 97       	sbiw	r24, 0x01	; 1
     918:	f1 f7       	brne	.-4      	; 0x916 <__stack+0xb7>
     91a:	9e 87       	std	Y+14, r25	; 0x0e
     91c:	8d 87       	std	Y+13, r24	; 0x0d
     91e:	8f 85       	ldd	r24, Y+15	; 0x0f
     920:	98 89       	ldd	r25, Y+16	; 0x10
     922:	9c 01       	movw	r18, r24
     924:	21 50       	subi	r18, 0x01	; 1
     926:	31 09       	sbc	r19, r1
     928:	38 8b       	std	Y+16, r19	; 0x10
     92a:	2f 87       	std	Y+15, r18	; 0x0f
     92c:	00 97       	sbiw	r24, 0x00	; 0
     92e:	09 f0       	breq	.+2      	; 0x932 <__stack+0xd3>
     930:	84 cf       	rjmp	.-248    	; 0x83a <delay_ms_var+0x1a>
    {
        _delay_ms( 1 );
    }
}
     932:	60 96       	adiw	r28, 0x10	; 16
     934:	0f b6       	in	r0, 0x3f	; 63
     936:	f8 94       	cli
     938:	de bf       	out	0x3e, r29	; 62
     93a:	0f be       	out	0x3f, r0	; 63
     93c:	cd bf       	out	0x3d, r28	; 61
     93e:	df 91       	pop	r29
     940:	cf 91       	pop	r28
     942:	08 95       	ret

00000944 <delay_us_var>:

void delay_us_var( uint16_t count )
{
     944:	cf 93       	push	r28
     946:	df 93       	push	r29
     948:	cd b7       	in	r28, 0x3d	; 61
     94a:	de b7       	in	r29, 0x3e	; 62
     94c:	a3 97       	sbiw	r28, 0x23	; 35
     94e:	0f b6       	in	r0, 0x3f	; 63
     950:	f8 94       	cli
     952:	de bf       	out	0x3e, r29	; 62
     954:	0f be       	out	0x3f, r0	; 63
     956:	cd bf       	out	0x3d, r28	; 61
     958:	9b a3       	std	Y+35, r25	; 0x23
     95a:	8a a3       	std	Y+34, r24	; 0x22
    while( count-- )
     95c:	f3 c0       	rjmp	.+486    	; 0xb44 <delay_us_var+0x200>
     95e:	80 e0       	ldi	r24, 0x00	; 0
     960:	90 e0       	ldi	r25, 0x00	; 0
     962:	a0 e8       	ldi	r26, 0x80	; 128
     964:	bf e3       	ldi	r27, 0x3F	; 63
     966:	89 83       	std	Y+1, r24	; 0x01
     968:	9a 83       	std	Y+2, r25	; 0x02
     96a:	ab 83       	std	Y+3, r26	; 0x03
     96c:	bc 83       	std	Y+4, r27	; 0x04
	__builtin_avr_delay_cycles(__ticks_dc);

#else
	uint8_t __ticks;
	double __tmp2 ; 
	__tmp = ((F_CPU) / 3e6) * __us;
     96e:	2b ea       	ldi	r18, 0xAB	; 171
     970:	3a ea       	ldi	r19, 0xAA	; 170
     972:	4a ea       	ldi	r20, 0xAA	; 170
     974:	50 e4       	ldi	r21, 0x40	; 64
     976:	69 81       	ldd	r22, Y+1	; 0x01
     978:	7a 81       	ldd	r23, Y+2	; 0x02
     97a:	8b 81       	ldd	r24, Y+3	; 0x03
     97c:	9c 81       	ldd	r25, Y+4	; 0x04
     97e:	0e 94 3d 35 	call	0x6a7a	; 0x6a7a <__mulsf3>
     982:	dc 01       	movw	r26, r24
     984:	cb 01       	movw	r24, r22
     986:	8d 83       	std	Y+5, r24	; 0x05
     988:	9e 83       	std	Y+6, r25	; 0x06
     98a:	af 83       	std	Y+7, r26	; 0x07
     98c:	b8 87       	std	Y+8, r27	; 0x08
	__tmp2 = ((F_CPU) / 4e6) * __us;
     98e:	20 e0       	ldi	r18, 0x00	; 0
     990:	30 e0       	ldi	r19, 0x00	; 0
     992:	40 e8       	ldi	r20, 0x80	; 128
     994:	50 e4       	ldi	r21, 0x40	; 64
     996:	69 81       	ldd	r22, Y+1	; 0x01
     998:	7a 81       	ldd	r23, Y+2	; 0x02
     99a:	8b 81       	ldd	r24, Y+3	; 0x03
     99c:	9c 81       	ldd	r25, Y+4	; 0x04
     99e:	0e 94 3d 35 	call	0x6a7a	; 0x6a7a <__mulsf3>
     9a2:	dc 01       	movw	r26, r24
     9a4:	cb 01       	movw	r24, r22
     9a6:	89 87       	std	Y+9, r24	; 0x09
     9a8:	9a 87       	std	Y+10, r25	; 0x0a
     9aa:	ab 87       	std	Y+11, r26	; 0x0b
     9ac:	bc 87       	std	Y+12, r27	; 0x0c
	if (__tmp < 1.0)
     9ae:	20 e0       	ldi	r18, 0x00	; 0
     9b0:	30 e0       	ldi	r19, 0x00	; 0
     9b2:	40 e8       	ldi	r20, 0x80	; 128
     9b4:	5f e3       	ldi	r21, 0x3F	; 63
     9b6:	6d 81       	ldd	r22, Y+5	; 0x05
     9b8:	7e 81       	ldd	r23, Y+6	; 0x06
     9ba:	8f 81       	ldd	r24, Y+7	; 0x07
     9bc:	98 85       	ldd	r25, Y+8	; 0x08
     9be:	0e 94 ea 33 	call	0x67d4	; 0x67d4 <__cmpsf2>
     9c2:	88 23       	and	r24, r24
     9c4:	1c f4       	brge	.+6      	; 0x9cc <delay_us_var+0x88>
		__ticks = 1;
     9c6:	81 e0       	ldi	r24, 0x01	; 1
     9c8:	8d 87       	std	Y+13, r24	; 0x0d
     9ca:	b6 c0       	rjmp	.+364    	; 0xb38 <delay_us_var+0x1f4>
	else if (__tmp2 > 65535)
     9cc:	20 e0       	ldi	r18, 0x00	; 0
     9ce:	3f ef       	ldi	r19, 0xFF	; 255
     9d0:	4f e7       	ldi	r20, 0x7F	; 127
     9d2:	57 e4       	ldi	r21, 0x47	; 71
     9d4:	69 85       	ldd	r22, Y+9	; 0x09
     9d6:	7a 85       	ldd	r23, Y+10	; 0x0a
     9d8:	8b 85       	ldd	r24, Y+11	; 0x0b
     9da:	9c 85       	ldd	r25, Y+12	; 0x0c
     9dc:	0e 94 39 35 	call	0x6a72	; 0x6a72 <__gesf2>
     9e0:	18 16       	cp	r1, r24
     9e2:	0c f0       	brlt	.+2      	; 0x9e6 <delay_us_var+0xa2>
     9e4:	7f c0       	rjmp	.+254    	; 0xae4 <delay_us_var+0x1a0>
	{
		_delay_ms(__us / 1000.0);
     9e6:	20 e0       	ldi	r18, 0x00	; 0
     9e8:	30 e0       	ldi	r19, 0x00	; 0
     9ea:	4a e7       	ldi	r20, 0x7A	; 122
     9ec:	54 e4       	ldi	r21, 0x44	; 68
     9ee:	69 81       	ldd	r22, Y+1	; 0x01
     9f0:	7a 81       	ldd	r23, Y+2	; 0x02
     9f2:	8b 81       	ldd	r24, Y+3	; 0x03
     9f4:	9c 81       	ldd	r25, Y+4	; 0x04
     9f6:	0e 94 ee 33 	call	0x67dc	; 0x67dc <__divsf3>
     9fa:	dc 01       	movw	r26, r24
     9fc:	cb 01       	movw	r24, r22
     9fe:	8e 87       	std	Y+14, r24	; 0x0e
     a00:	9f 87       	std	Y+15, r25	; 0x0f
     a02:	a8 8b       	std	Y+16, r26	; 0x10
     a04:	b9 8b       	std	Y+17, r27	; 0x11

	__builtin_avr_delay_cycles(__ticks_dc);

#else
	uint16_t __ticks;
	__tmp = ((F_CPU) / 4e3) * __ms;
     a06:	20 e0       	ldi	r18, 0x00	; 0
     a08:	30 e0       	ldi	r19, 0x00	; 0
     a0a:	4a e7       	ldi	r20, 0x7A	; 122
     a0c:	55 e4       	ldi	r21, 0x45	; 69
     a0e:	6e 85       	ldd	r22, Y+14	; 0x0e
     a10:	7f 85       	ldd	r23, Y+15	; 0x0f
     a12:	88 89       	ldd	r24, Y+16	; 0x10
     a14:	99 89       	ldd	r25, Y+17	; 0x11
     a16:	0e 94 3d 35 	call	0x6a7a	; 0x6a7a <__mulsf3>
     a1a:	dc 01       	movw	r26, r24
     a1c:	cb 01       	movw	r24, r22
     a1e:	8a 8b       	std	Y+18, r24	; 0x12
     a20:	9b 8b       	std	Y+19, r25	; 0x13
     a22:	ac 8b       	std	Y+20, r26	; 0x14
     a24:	bd 8b       	std	Y+21, r27	; 0x15
	if (__tmp < 1.0)
     a26:	20 e0       	ldi	r18, 0x00	; 0
     a28:	30 e0       	ldi	r19, 0x00	; 0
     a2a:	40 e8       	ldi	r20, 0x80	; 128
     a2c:	5f e3       	ldi	r21, 0x3F	; 63
     a2e:	6a 89       	ldd	r22, Y+18	; 0x12
     a30:	7b 89       	ldd	r23, Y+19	; 0x13
     a32:	8c 89       	ldd	r24, Y+20	; 0x14
     a34:	9d 89       	ldd	r25, Y+21	; 0x15
     a36:	0e 94 ea 33 	call	0x67d4	; 0x67d4 <__cmpsf2>
     a3a:	88 23       	and	r24, r24
     a3c:	2c f4       	brge	.+10     	; 0xa48 <delay_us_var+0x104>
		__ticks = 1;
     a3e:	81 e0       	ldi	r24, 0x01	; 1
     a40:	90 e0       	ldi	r25, 0x00	; 0
     a42:	9f 8b       	std	Y+23, r25	; 0x17
     a44:	8e 8b       	std	Y+22, r24	; 0x16
     a46:	41 c0       	rjmp	.+130    	; 0xaca <delay_us_var+0x186>
	else if (__tmp > 65535)
     a48:	20 e0       	ldi	r18, 0x00	; 0
     a4a:	3f ef       	ldi	r19, 0xFF	; 255
     a4c:	4f e7       	ldi	r20, 0x7F	; 127
     a4e:	57 e4       	ldi	r21, 0x47	; 71
     a50:	6a 89       	ldd	r22, Y+18	; 0x12
     a52:	7b 89       	ldd	r23, Y+19	; 0x13
     a54:	8c 89       	ldd	r24, Y+20	; 0x14
     a56:	9d 89       	ldd	r25, Y+21	; 0x15
     a58:	0e 94 39 35 	call	0x6a72	; 0x6a72 <__gesf2>
     a5c:	18 16       	cp	r1, r24
     a5e:	5c f5       	brge	.+86     	; 0xab6 <delay_us_var+0x172>
	{
		//	__ticks = requested delay in 1/10 ms
		__ticks = (uint16_t) (__ms * 10.0);
     a60:	20 e0       	ldi	r18, 0x00	; 0
     a62:	30 e0       	ldi	r19, 0x00	; 0
     a64:	40 e2       	ldi	r20, 0x20	; 32
     a66:	51 e4       	ldi	r21, 0x41	; 65
     a68:	6e 85       	ldd	r22, Y+14	; 0x0e
     a6a:	7f 85       	ldd	r23, Y+15	; 0x0f
     a6c:	88 89       	ldd	r24, Y+16	; 0x10
     a6e:	99 89       	ldd	r25, Y+17	; 0x11
     a70:	0e 94 3d 35 	call	0x6a7a	; 0x6a7a <__mulsf3>
     a74:	dc 01       	movw	r26, r24
     a76:	cb 01       	movw	r24, r22
     a78:	bc 01       	movw	r22, r24
     a7a:	cd 01       	movw	r24, r26
     a7c:	0e 94 5b 34 	call	0x68b6	; 0x68b6 <__fixunssfsi>
     a80:	dc 01       	movw	r26, r24
     a82:	cb 01       	movw	r24, r22
     a84:	9f 8b       	std	Y+23, r25	; 0x17
     a86:	8e 8b       	std	Y+22, r24	; 0x16
     a88:	0f c0       	rjmp	.+30     	; 0xaa8 <delay_us_var+0x164>
     a8a:	80 e9       	ldi	r24, 0x90	; 144
     a8c:	91 e0       	ldi	r25, 0x01	; 1
     a8e:	99 8f       	std	Y+25, r25	; 0x19
     a90:	88 8f       	std	Y+24, r24	; 0x18
     a92:	88 8d       	ldd	r24, Y+24	; 0x18
     a94:	99 8d       	ldd	r25, Y+25	; 0x19
     a96:	01 97       	sbiw	r24, 0x01	; 1
     a98:	f1 f7       	brne	.-4      	; 0xa96 <delay_us_var+0x152>
     a9a:	99 8f       	std	Y+25, r25	; 0x19
     a9c:	88 8f       	std	Y+24, r24	; 0x18
		while(__ticks)
		{
			// wait 1/10 ms
			_delay_loop_2(((F_CPU) / 4e3) / 10);
			__ticks --;
     a9e:	8e 89       	ldd	r24, Y+22	; 0x16
     aa0:	9f 89       	ldd	r25, Y+23	; 0x17
     aa2:	01 97       	sbiw	r24, 0x01	; 1
     aa4:	9f 8b       	std	Y+23, r25	; 0x17
     aa6:	8e 8b       	std	Y+22, r24	; 0x16
		__ticks = 1;
	else if (__tmp > 65535)
	{
		//	__ticks = requested delay in 1/10 ms
		__ticks = (uint16_t) (__ms * 10.0);
		while(__ticks)
     aa8:	8e 89       	ldd	r24, Y+22	; 0x16
     aaa:	9f 89       	ldd	r25, Y+23	; 0x17
     aac:	00 97       	sbiw	r24, 0x00	; 0
     aae:	69 f7       	brne	.-38     	; 0xa8a <delay_us_var+0x146>
     ab0:	89 a1       	ldd	r24, Y+33	; 0x21
     ab2:	8d 87       	std	Y+13, r24	; 0x0d
     ab4:	41 c0       	rjmp	.+130    	; 0xb38 <delay_us_var+0x1f4>
			__ticks --;
		}
		return;
	}
	else
		__ticks = (uint16_t)__tmp;
     ab6:	6a 89       	ldd	r22, Y+18	; 0x12
     ab8:	7b 89       	ldd	r23, Y+19	; 0x13
     aba:	8c 89       	ldd	r24, Y+20	; 0x14
     abc:	9d 89       	ldd	r25, Y+21	; 0x15
     abe:	0e 94 5b 34 	call	0x68b6	; 0x68b6 <__fixunssfsi>
     ac2:	dc 01       	movw	r26, r24
     ac4:	cb 01       	movw	r24, r22
     ac6:	9f 8b       	std	Y+23, r25	; 0x17
     ac8:	8e 8b       	std	Y+22, r24	; 0x16
     aca:	8e 89       	ldd	r24, Y+22	; 0x16
     acc:	9f 89       	ldd	r25, Y+23	; 0x17
     ace:	9b 8f       	std	Y+27, r25	; 0x1b
     ad0:	8a 8f       	std	Y+26, r24	; 0x1a
     ad2:	8a 8d       	ldd	r24, Y+26	; 0x1a
     ad4:	9b 8d       	ldd	r25, Y+27	; 0x1b
     ad6:	01 97       	sbiw	r24, 0x01	; 1
     ad8:	f1 f7       	brne	.-4      	; 0xad6 <delay_us_var+0x192>
     ada:	9b 8f       	std	Y+27, r25	; 0x1b
     adc:	8a 8f       	std	Y+26, r24	; 0x1a
     ade:	89 a1       	ldd	r24, Y+33	; 0x21
     ae0:	8d 87       	std	Y+13, r24	; 0x0d
     ae2:	2a c0       	rjmp	.+84     	; 0xb38 <delay_us_var+0x1f4>
		__ticks = 1;
	else if (__tmp2 > 65535)
	{
		_delay_ms(__us / 1000.0);
	}
	else if (__tmp > 255)
     ae4:	20 e0       	ldi	r18, 0x00	; 0
     ae6:	30 e0       	ldi	r19, 0x00	; 0
     ae8:	4f e7       	ldi	r20, 0x7F	; 127
     aea:	53 e4       	ldi	r21, 0x43	; 67
     aec:	6d 81       	ldd	r22, Y+5	; 0x05
     aee:	7e 81       	ldd	r23, Y+6	; 0x06
     af0:	8f 81       	ldd	r24, Y+7	; 0x07
     af2:	98 85       	ldd	r25, Y+8	; 0x08
     af4:	0e 94 39 35 	call	0x6a72	; 0x6a72 <__gesf2>
     af8:	18 16       	cp	r1, r24
     afa:	ac f4       	brge	.+42     	; 0xb26 <delay_us_var+0x1e2>
	{
		uint16_t __ticks=(uint16_t)__tmp2;
     afc:	69 85       	ldd	r22, Y+9	; 0x09
     afe:	7a 85       	ldd	r23, Y+10	; 0x0a
     b00:	8b 85       	ldd	r24, Y+11	; 0x0b
     b02:	9c 85       	ldd	r25, Y+12	; 0x0c
     b04:	0e 94 5b 34 	call	0x68b6	; 0x68b6 <__fixunssfsi>
     b08:	dc 01       	movw	r26, r24
     b0a:	cb 01       	movw	r24, r22
     b0c:	9d 8f       	std	Y+29, r25	; 0x1d
     b0e:	8c 8f       	std	Y+28, r24	; 0x1c
     b10:	8c 8d       	ldd	r24, Y+28	; 0x1c
     b12:	9d 8d       	ldd	r25, Y+29	; 0x1d
     b14:	9f 8f       	std	Y+31, r25	; 0x1f
     b16:	8e 8f       	std	Y+30, r24	; 0x1e
     b18:	8e 8d       	ldd	r24, Y+30	; 0x1e
     b1a:	9f 8d       	ldd	r25, Y+31	; 0x1f
     b1c:	01 97       	sbiw	r24, 0x01	; 1
     b1e:	f1 f7       	brne	.-4      	; 0xb1c <delay_us_var+0x1d8>
     b20:	9f 8f       	std	Y+31, r25	; 0x1f
     b22:	8e 8f       	std	Y+30, r24	; 0x1e
     b24:	0f c0       	rjmp	.+30     	; 0xb44 <delay_us_var+0x200>
		_delay_loop_2(__ticks);
		return;
	}
	else
		__ticks = (uint8_t)__tmp;
     b26:	6d 81       	ldd	r22, Y+5	; 0x05
     b28:	7e 81       	ldd	r23, Y+6	; 0x06
     b2a:	8f 81       	ldd	r24, Y+7	; 0x07
     b2c:	98 85       	ldd	r25, Y+8	; 0x08
     b2e:	0e 94 5b 34 	call	0x68b6	; 0x68b6 <__fixunssfsi>
     b32:	dc 01       	movw	r26, r24
     b34:	cb 01       	movw	r24, r22
     b36:	8d 87       	std	Y+13, r24	; 0x0d
     b38:	8d 85       	ldd	r24, Y+13	; 0x0d
     b3a:	88 a3       	std	Y+32, r24	; 0x20
    can be achieved.
*/
void
_delay_loop_1(uint8_t __count)
{
	__asm__ volatile (
     b3c:	88 a1       	ldd	r24, Y+32	; 0x20
     b3e:	8a 95       	dec	r24
     b40:	f1 f7       	brne	.-4      	; 0xb3e <delay_us_var+0x1fa>
     b42:	88 a3       	std	Y+32, r24	; 0x20
     b44:	8a a1       	ldd	r24, Y+34	; 0x22
     b46:	9b a1       	ldd	r25, Y+35	; 0x23
     b48:	9c 01       	movw	r18, r24
     b4a:	21 50       	subi	r18, 0x01	; 1
     b4c:	31 09       	sbc	r19, r1
     b4e:	3b a3       	std	Y+35, r19	; 0x23
     b50:	2a a3       	std	Y+34, r18	; 0x22
     b52:	00 97       	sbiw	r24, 0x00	; 0
     b54:	09 f0       	breq	.+2      	; 0xb58 <delay_us_var+0x214>
     b56:	03 cf       	rjmp	.-506    	; 0x95e <delay_us_var+0x1a>
    {
        _delay_us( 1 );
    }
}
     b58:	a3 96       	adiw	r28, 0x23	; 35
     b5a:	0f b6       	in	r0, 0x3f	; 63
     b5c:	f8 94       	cli
     b5e:	de bf       	out	0x3e, r29	; 62
     b60:	0f be       	out	0x3f, r0	; 63
     b62:	cd bf       	out	0x3d, r28	; 61
     b64:	df 91       	pop	r29
     b66:	cf 91       	pop	r28
     b68:	08 95       	ret

00000b6a <delay_ms_var_double>:

void delay_ms_var_double( double __ms )
{
     b6a:	cf 93       	push	r28
     b6c:	df 93       	push	r29
     b6e:	cd b7       	in	r28, 0x3d	; 61
     b70:	de b7       	in	r29, 0x3e	; 62
     b72:	2e 97       	sbiw	r28, 0x0e	; 14
     b74:	0f b6       	in	r0, 0x3f	; 63
     b76:	f8 94       	cli
     b78:	de bf       	out	0x3e, r29	; 62
     b7a:	0f be       	out	0x3f, r0	; 63
     b7c:	cd bf       	out	0x3d, r28	; 61
     b7e:	6b 87       	std	Y+11, r22	; 0x0b
     b80:	7c 87       	std	Y+12, r23	; 0x0c
     b82:	8d 87       	std	Y+13, r24	; 0x0d
     b84:	9e 87       	std	Y+14, r25	; 0x0e
    uint16_t __ticks;
    double __tmp = ( ( F_CPU ) / 4e3 ) * __ms;
     b86:	20 e0       	ldi	r18, 0x00	; 0
     b88:	30 e0       	ldi	r19, 0x00	; 0
     b8a:	4a e7       	ldi	r20, 0x7A	; 122
     b8c:	55 e4       	ldi	r21, 0x45	; 69
     b8e:	6b 85       	ldd	r22, Y+11	; 0x0b
     b90:	7c 85       	ldd	r23, Y+12	; 0x0c
     b92:	8d 85       	ldd	r24, Y+13	; 0x0d
     b94:	9e 85       	ldd	r25, Y+14	; 0x0e
     b96:	0e 94 3d 35 	call	0x6a7a	; 0x6a7a <__mulsf3>
     b9a:	dc 01       	movw	r26, r24
     b9c:	cb 01       	movw	r24, r22
     b9e:	8b 83       	std	Y+3, r24	; 0x03
     ba0:	9c 83       	std	Y+4, r25	; 0x04
     ba2:	ad 83       	std	Y+5, r26	; 0x05
     ba4:	be 83       	std	Y+6, r27	; 0x06
    if ( __tmp < 1.0 )
     ba6:	20 e0       	ldi	r18, 0x00	; 0
     ba8:	30 e0       	ldi	r19, 0x00	; 0
     baa:	40 e8       	ldi	r20, 0x80	; 128
     bac:	5f e3       	ldi	r21, 0x3F	; 63
     bae:	6b 81       	ldd	r22, Y+3	; 0x03
     bb0:	7c 81       	ldd	r23, Y+4	; 0x04
     bb2:	8d 81       	ldd	r24, Y+5	; 0x05
     bb4:	9e 81       	ldd	r25, Y+6	; 0x06
     bb6:	0e 94 ea 33 	call	0x67d4	; 0x67d4 <__cmpsf2>
     bba:	88 23       	and	r24, r24
     bbc:	2c f4       	brge	.+10     	; 0xbc8 <delay_ms_var_double+0x5e>
        __ticks = 1;
     bbe:	81 e0       	ldi	r24, 0x01	; 1
     bc0:	90 e0       	ldi	r25, 0x00	; 0
     bc2:	9a 83       	std	Y+2, r25	; 0x02
     bc4:	89 83       	std	Y+1, r24	; 0x01
     bc6:	3f c0       	rjmp	.+126    	; 0xc46 <delay_ms_var_double+0xdc>
    else if ( __tmp > 65535 )
     bc8:	20 e0       	ldi	r18, 0x00	; 0
     bca:	3f ef       	ldi	r19, 0xFF	; 255
     bcc:	4f e7       	ldi	r20, 0x7F	; 127
     bce:	57 e4       	ldi	r21, 0x47	; 71
     bd0:	6b 81       	ldd	r22, Y+3	; 0x03
     bd2:	7c 81       	ldd	r23, Y+4	; 0x04
     bd4:	8d 81       	ldd	r24, Y+5	; 0x05
     bd6:	9e 81       	ldd	r25, Y+6	; 0x06
     bd8:	0e 94 39 35 	call	0x6a72	; 0x6a72 <__gesf2>
     bdc:	18 16       	cp	r1, r24
     bde:	4c f5       	brge	.+82     	; 0xc32 <delay_ms_var_double+0xc8>
    {
        //	__ticks = requested delay in 1/10 ms
        __ticks = ( uint16_t ) ( __ms * 10.0 );
     be0:	20 e0       	ldi	r18, 0x00	; 0
     be2:	30 e0       	ldi	r19, 0x00	; 0
     be4:	40 e2       	ldi	r20, 0x20	; 32
     be6:	51 e4       	ldi	r21, 0x41	; 65
     be8:	6b 85       	ldd	r22, Y+11	; 0x0b
     bea:	7c 85       	ldd	r23, Y+12	; 0x0c
     bec:	8d 85       	ldd	r24, Y+13	; 0x0d
     bee:	9e 85       	ldd	r25, Y+14	; 0x0e
     bf0:	0e 94 3d 35 	call	0x6a7a	; 0x6a7a <__mulsf3>
     bf4:	dc 01       	movw	r26, r24
     bf6:	cb 01       	movw	r24, r22
     bf8:	bc 01       	movw	r22, r24
     bfa:	cd 01       	movw	r24, r26
     bfc:	0e 94 5b 34 	call	0x68b6	; 0x68b6 <__fixunssfsi>
     c00:	dc 01       	movw	r26, r24
     c02:	cb 01       	movw	r24, r22
     c04:	9a 83       	std	Y+2, r25	; 0x02
     c06:	89 83       	std	Y+1, r24	; 0x01
        while( __ticks )
     c08:	0f c0       	rjmp	.+30     	; 0xc28 <delay_ms_var_double+0xbe>
     c0a:	80 e9       	ldi	r24, 0x90	; 144
     c0c:	91 e0       	ldi	r25, 0x01	; 1
     c0e:	98 87       	std	Y+8, r25	; 0x08
     c10:	8f 83       	std	Y+7, r24	; 0x07
    milliseconds can be achieved.
 */
void
_delay_loop_2(uint16_t __count)
{
	__asm__ volatile (
     c12:	8f 81       	ldd	r24, Y+7	; 0x07
     c14:	98 85       	ldd	r25, Y+8	; 0x08
     c16:	01 97       	sbiw	r24, 0x01	; 1
     c18:	f1 f7       	brne	.-4      	; 0xc16 <delay_ms_var_double+0xac>
     c1a:	98 87       	std	Y+8, r25	; 0x08
     c1c:	8f 83       	std	Y+7, r24	; 0x07
        {
            // wait 1/10 ms
            _delay_loop_2( ( ( F_CPU ) / 4e3 ) / 10 );
            __ticks --;
     c1e:	89 81       	ldd	r24, Y+1	; 0x01
     c20:	9a 81       	ldd	r25, Y+2	; 0x02
     c22:	01 97       	sbiw	r24, 0x01	; 1
     c24:	9a 83       	std	Y+2, r25	; 0x02
     c26:	89 83       	std	Y+1, r24	; 0x01
        __ticks = 1;
    else if ( __tmp > 65535 )
    {
        //	__ticks = requested delay in 1/10 ms
        __ticks = ( uint16_t ) ( __ms * 10.0 );
        while( __ticks )
     c28:	89 81       	ldd	r24, Y+1	; 0x01
     c2a:	9a 81       	ldd	r25, Y+2	; 0x02
     c2c:	00 97       	sbiw	r24, 0x00	; 0
     c2e:	69 f7       	brne	.-38     	; 0xc0a <delay_ms_var_double+0xa0>
        {
            // wait 1/10 ms
            _delay_loop_2( ( ( F_CPU ) / 4e3 ) / 10 );
            __ticks --;
        }
        return;
     c30:	14 c0       	rjmp	.+40     	; 0xc5a <delay_ms_var_double+0xf0>
    }
    else
        __ticks = ( uint16_t )__tmp;
     c32:	6b 81       	ldd	r22, Y+3	; 0x03
     c34:	7c 81       	ldd	r23, Y+4	; 0x04
     c36:	8d 81       	ldd	r24, Y+5	; 0x05
     c38:	9e 81       	ldd	r25, Y+6	; 0x06
     c3a:	0e 94 5b 34 	call	0x68b6	; 0x68b6 <__fixunssfsi>
     c3e:	dc 01       	movw	r26, r24
     c40:	cb 01       	movw	r24, r22
     c42:	9a 83       	std	Y+2, r25	; 0x02
     c44:	89 83       	std	Y+1, r24	; 0x01
     c46:	89 81       	ldd	r24, Y+1	; 0x01
     c48:	9a 81       	ldd	r25, Y+2	; 0x02
     c4a:	9a 87       	std	Y+10, r25	; 0x0a
     c4c:	89 87       	std	Y+9, r24	; 0x09
     c4e:	89 85       	ldd	r24, Y+9	; 0x09
     c50:	9a 85       	ldd	r25, Y+10	; 0x0a
     c52:	01 97       	sbiw	r24, 0x01	; 1
     c54:	f1 f7       	brne	.-4      	; 0xc52 <delay_ms_var_double+0xe8>
     c56:	9a 87       	std	Y+10, r25	; 0x0a
     c58:	89 87       	std	Y+9, r24	; 0x09
    _delay_loop_2( __ticks );
}
     c5a:	2e 96       	adiw	r28, 0x0e	; 14
     c5c:	0f b6       	in	r0, 0x3f	; 63
     c5e:	f8 94       	cli
     c60:	de bf       	out	0x3e, r29	; 62
     c62:	0f be       	out	0x3f, r0	; 63
     c64:	cd bf       	out	0x3d, r28	; 61
     c66:	df 91       	pop	r29
     c68:	cf 91       	pop	r28
     c6a:	08 95       	ret

00000c6c <delay_us_var_double>:

void delay_us_var_double( double __us )
{
     c6c:	cf 93       	push	r28
     c6e:	df 93       	push	r29
     c70:	cd b7       	in	r28, 0x3d	; 61
     c72:	de b7       	in	r29, 0x3e	; 62
     c74:	2a 97       	sbiw	r28, 0x0a	; 10
     c76:	0f b6       	in	r0, 0x3f	; 63
     c78:	f8 94       	cli
     c7a:	de bf       	out	0x3e, r29	; 62
     c7c:	0f be       	out	0x3f, r0	; 63
     c7e:	cd bf       	out	0x3d, r28	; 61
     c80:	6f 83       	std	Y+7, r22	; 0x07
     c82:	78 87       	std	Y+8, r23	; 0x08
     c84:	89 87       	std	Y+9, r24	; 0x09
     c86:	9a 87       	std	Y+10, r25	; 0x0a
    uint8_t __ticks;
    double __tmp = ( ( F_CPU ) / 3e6 ) * __us;
     c88:	2b ea       	ldi	r18, 0xAB	; 171
     c8a:	3a ea       	ldi	r19, 0xAA	; 170
     c8c:	4a ea       	ldi	r20, 0xAA	; 170
     c8e:	50 e4       	ldi	r21, 0x40	; 64
     c90:	6f 81       	ldd	r22, Y+7	; 0x07
     c92:	78 85       	ldd	r23, Y+8	; 0x08
     c94:	89 85       	ldd	r24, Y+9	; 0x09
     c96:	9a 85       	ldd	r25, Y+10	; 0x0a
     c98:	0e 94 3d 35 	call	0x6a7a	; 0x6a7a <__mulsf3>
     c9c:	dc 01       	movw	r26, r24
     c9e:	cb 01       	movw	r24, r22
     ca0:	8a 83       	std	Y+2, r24	; 0x02
     ca2:	9b 83       	std	Y+3, r25	; 0x03
     ca4:	ac 83       	std	Y+4, r26	; 0x04
     ca6:	bd 83       	std	Y+5, r27	; 0x05
    if ( __tmp < 1.0 )
     ca8:	20 e0       	ldi	r18, 0x00	; 0
     caa:	30 e0       	ldi	r19, 0x00	; 0
     cac:	40 e8       	ldi	r20, 0x80	; 128
     cae:	5f e3       	ldi	r21, 0x3F	; 63
     cb0:	6a 81       	ldd	r22, Y+2	; 0x02
     cb2:	7b 81       	ldd	r23, Y+3	; 0x03
     cb4:	8c 81       	ldd	r24, Y+4	; 0x04
     cb6:	9d 81       	ldd	r25, Y+5	; 0x05
     cb8:	0e 94 ea 33 	call	0x67d4	; 0x67d4 <__cmpsf2>
     cbc:	88 23       	and	r24, r24
     cbe:	1c f4       	brge	.+6      	; 0xcc6 <delay_us_var_double+0x5a>
        __ticks = 1;
     cc0:	81 e0       	ldi	r24, 0x01	; 1
     cc2:	89 83       	std	Y+1, r24	; 0x01
     cc4:	26 c0       	rjmp	.+76     	; 0xd12 <delay_us_var_double+0xa6>
    else if ( __tmp > 255 )
     cc6:	20 e0       	ldi	r18, 0x00	; 0
     cc8:	30 e0       	ldi	r19, 0x00	; 0
     cca:	4f e7       	ldi	r20, 0x7F	; 127
     ccc:	53 e4       	ldi	r21, 0x43	; 67
     cce:	6a 81       	ldd	r22, Y+2	; 0x02
     cd0:	7b 81       	ldd	r23, Y+3	; 0x03
     cd2:	8c 81       	ldd	r24, Y+4	; 0x04
     cd4:	9d 81       	ldd	r25, Y+5	; 0x05
     cd6:	0e 94 39 35 	call	0x6a72	; 0x6a72 <__gesf2>
     cda:	18 16       	cp	r1, r24
     cdc:	8c f4       	brge	.+34     	; 0xd00 <delay_us_var_double+0x94>
    {
        delay_ms_var_double( __us / 1000.0 );
     cde:	20 e0       	ldi	r18, 0x00	; 0
     ce0:	30 e0       	ldi	r19, 0x00	; 0
     ce2:	4a e7       	ldi	r20, 0x7A	; 122
     ce4:	54 e4       	ldi	r21, 0x44	; 68
     ce6:	6f 81       	ldd	r22, Y+7	; 0x07
     ce8:	78 85       	ldd	r23, Y+8	; 0x08
     cea:	89 85       	ldd	r24, Y+9	; 0x09
     cec:	9a 85       	ldd	r25, Y+10	; 0x0a
     cee:	0e 94 ee 33 	call	0x67dc	; 0x67dc <__divsf3>
     cf2:	dc 01       	movw	r26, r24
     cf4:	cb 01       	movw	r24, r22
     cf6:	bc 01       	movw	r22, r24
     cf8:	cd 01       	movw	r24, r26
     cfa:	0e 94 b5 05 	call	0xb6a	; 0xb6a <delay_ms_var_double>
        return;
     cfe:	0f c0       	rjmp	.+30     	; 0xd1e <delay_us_var_double+0xb2>
    }
    else
        __ticks = ( uint8_t )__tmp;
     d00:	6a 81       	ldd	r22, Y+2	; 0x02
     d02:	7b 81       	ldd	r23, Y+3	; 0x03
     d04:	8c 81       	ldd	r24, Y+4	; 0x04
     d06:	9d 81       	ldd	r25, Y+5	; 0x05
     d08:	0e 94 5b 34 	call	0x68b6	; 0x68b6 <__fixunssfsi>
     d0c:	dc 01       	movw	r26, r24
     d0e:	cb 01       	movw	r24, r22
     d10:	89 83       	std	Y+1, r24	; 0x01
     d12:	89 81       	ldd	r24, Y+1	; 0x01
     d14:	8e 83       	std	Y+6, r24	; 0x06
    can be achieved.
*/
void
_delay_loop_1(uint8_t __count)
{
	__asm__ volatile (
     d16:	8e 81       	ldd	r24, Y+6	; 0x06
     d18:	8a 95       	dec	r24
     d1a:	f1 f7       	brne	.-4      	; 0xd18 <delay_us_var_double+0xac>
     d1c:	8e 83       	std	Y+6, r24	; 0x06
    _delay_loop_1( __ticks );
}
     d1e:	2a 96       	adiw	r28, 0x0a	; 10
     d20:	0f b6       	in	r0, 0x3f	; 63
     d22:	f8 94       	cli
     d24:	de bf       	out	0x3e, r29	; 62
     d26:	0f be       	out	0x3f, r0	; 63
     d28:	cd bf       	out	0x3d, r28	; 61
     d2a:	df 91       	pop	r29
     d2c:	cf 91       	pop	r28
     d2e:	08 95       	ret

00000d30 <EEPROM_read>:
 Czyta bajt z układu
 \param address adres komórki w układzie
 \return odczytany bajt
*/
uint8_t EEPROM_read(uint8_t address)
{
     d30:	cf 93       	push	r28
     d32:	df 93       	push	r29
     d34:	00 d0       	rcall	.+0      	; 0xd36 <EEPROM_read+0x6>
     d36:	cd b7       	in	r28, 0x3d	; 61
     d38:	de b7       	in	r29, 0x3e	; 62
     d3a:	8a 83       	std	Y+2, r24	; 0x02
    uint8_t a;
    a = EEPROM_ADDRESS;
     d3c:	8c ea       	ldi	r24, 0xAC	; 172
     d3e:	89 83       	std	Y+1, r24	; 0x01
    i2cStart();
     d40:	0e 94 da 0f 	call	0x1fb4	; 0x1fb4 <i2cStart>
    i2cWrite(a);
     d44:	89 81       	ldd	r24, Y+1	; 0x01
     d46:	0e 94 04 10 	call	0x2008	; 0x2008 <i2cWrite>
    i2cWrite(address);
     d4a:	8a 81       	ldd	r24, Y+2	; 0x02
     d4c:	0e 94 04 10 	call	0x2008	; 0x2008 <i2cWrite>
    i2cStart();
     d50:	0e 94 da 0f 	call	0x1fb4	; 0x1fb4 <i2cStart>
    i2cWrite(a | 1);
     d54:	89 81       	ldd	r24, Y+1	; 0x01
     d56:	81 60       	ori	r24, 0x01	; 1
     d58:	0e 94 04 10 	call	0x2008	; 0x2008 <i2cWrite>
    a = i2cRead(NOACK);
     d5c:	80 e0       	ldi	r24, 0x00	; 0
     d5e:	0e 94 1f 10 	call	0x203e	; 0x203e <i2cRead>
     d62:	89 83       	std	Y+1, r24	; 0x01
    i2cStop();
     d64:	0e 94 ed 0f 	call	0x1fda	; 0x1fda <i2cStop>
    return a;
     d68:	89 81       	ldd	r24, Y+1	; 0x01
}
     d6a:	0f 90       	pop	r0
     d6c:	0f 90       	pop	r0
     d6e:	df 91       	pop	r29
     d70:	cf 91       	pop	r28
     d72:	08 95       	ret

00000d74 <EEPROM_write>:
 Zapisuje bajt do układu
 \param address adres komórki w układzie
 \param data bajt do wpisania
*/
void EEPROM_write(uint8_t address,uint8_t data)
{
     d74:	cf 93       	push	r28
     d76:	df 93       	push	r29
     d78:	00 d0       	rcall	.+0      	; 0xd7a <EEPROM_write+0x6>
     d7a:	cd b7       	in	r28, 0x3d	; 61
     d7c:	de b7       	in	r29, 0x3e	; 62
     d7e:	89 83       	std	Y+1, r24	; 0x01
     d80:	6a 83       	std	Y+2, r22	; 0x02
    i2cStart();
     d82:	0e 94 da 0f 	call	0x1fb4	; 0x1fb4 <i2cStart>
    i2cWrite(EEPROM_ADDRESS);
     d86:	8c ea       	ldi	r24, 0xAC	; 172
     d88:	0e 94 04 10 	call	0x2008	; 0x2008 <i2cWrite>
    i2cWrite(address);
     d8c:	89 81       	ldd	r24, Y+1	; 0x01
     d8e:	0e 94 04 10 	call	0x2008	; 0x2008 <i2cWrite>
    i2cWrite(data);
     d92:	8a 81       	ldd	r24, Y+2	; 0x02
     d94:	0e 94 04 10 	call	0x2008	; 0x2008 <i2cWrite>
    i2cStop();
     d98:	0e 94 ed 0f 	call	0x1fda	; 0x1fda <i2cStop>
    delay_ms_var(5);
     d9c:	85 e0       	ldi	r24, 0x05	; 5
     d9e:	90 e0       	ldi	r25, 0x00	; 0
     da0:	0e 94 10 04 	call	0x820	; 0x820 <delay_ms_var>
}
     da4:	0f 90       	pop	r0
     da6:	0f 90       	pop	r0
     da8:	df 91       	pop	r29
     daa:	cf 91       	pop	r28
     dac:	08 95       	ret

00000dae <EEPROM_write_word>:
 Zapisuje słowo do układu
 \param address adres komórki w układzie
 \param data słowo do wpisania
*/
void EEPROM_write_word(uint8_t address,uint16_t data)
{
     dae:	cf 93       	push	r28
     db0:	df 93       	push	r29
     db2:	00 d0       	rcall	.+0      	; 0xdb4 <EEPROM_write_word+0x6>
     db4:	1f 92       	push	r1
     db6:	cd b7       	in	r28, 0x3d	; 61
     db8:	de b7       	in	r29, 0x3e	; 62
     dba:	89 83       	std	Y+1, r24	; 0x01
     dbc:	7b 83       	std	Y+3, r23	; 0x03
     dbe:	6a 83       	std	Y+2, r22	; 0x02
    EEPROM_write(address, (uint8_t)(data & 0xFF));
     dc0:	8a 81       	ldd	r24, Y+2	; 0x02
     dc2:	68 2f       	mov	r22, r24
     dc4:	89 81       	ldd	r24, Y+1	; 0x01
     dc6:	0e 94 ba 06 	call	0xd74	; 0xd74 <EEPROM_write>
    EEPROM_write(++address, (uint8_t)(data >> 8));
     dca:	8a 81       	ldd	r24, Y+2	; 0x02
     dcc:	9b 81       	ldd	r25, Y+3	; 0x03
     dce:	89 2f       	mov	r24, r25
     dd0:	99 27       	eor	r25, r25
     dd2:	99 81       	ldd	r25, Y+1	; 0x01
     dd4:	9f 5f       	subi	r25, 0xFF	; 255
     dd6:	99 83       	std	Y+1, r25	; 0x01
     dd8:	68 2f       	mov	r22, r24
     dda:	89 81       	ldd	r24, Y+1	; 0x01
     ddc:	0e 94 ba 06 	call	0xd74	; 0xd74 <EEPROM_write>
}
     de0:	0f 90       	pop	r0
     de2:	0f 90       	pop	r0
     de4:	0f 90       	pop	r0
     de6:	df 91       	pop	r29
     de8:	cf 91       	pop	r28
     dea:	08 95       	ret

00000dec <EEPROM_read_word>:
/**
 Wczytuje słowo z układu
 \param address adres komórki w układzie
*/
uint16_t EEPROM_read_word(uint8_t address)
{
     dec:	cf 93       	push	r28
     dee:	df 93       	push	r29
     df0:	00 d0       	rcall	.+0      	; 0xdf2 <EEPROM_read_word+0x6>
     df2:	1f 92       	push	r1
     df4:	cd b7       	in	r28, 0x3d	; 61
     df6:	de b7       	in	r29, 0x3e	; 62
     df8:	8b 83       	std	Y+3, r24	; 0x03
    uint16_t temp;
    temp = EEPROM_read(address) & 0xFF;
     dfa:	8b 81       	ldd	r24, Y+3	; 0x03
     dfc:	0e 94 98 06 	call	0xd30	; 0xd30 <EEPROM_read>
     e00:	88 2f       	mov	r24, r24
     e02:	90 e0       	ldi	r25, 0x00	; 0
     e04:	99 27       	eor	r25, r25
     e06:	9a 83       	std	Y+2, r25	; 0x02
     e08:	89 83       	std	Y+1, r24	; 0x01
    temp |= EEPROM_read(++address) << 8;
     e0a:	8b 81       	ldd	r24, Y+3	; 0x03
     e0c:	8f 5f       	subi	r24, 0xFF	; 255
     e0e:	8b 83       	std	Y+3, r24	; 0x03
     e10:	8b 81       	ldd	r24, Y+3	; 0x03
     e12:	0e 94 98 06 	call	0xd30	; 0xd30 <EEPROM_read>
     e16:	88 2f       	mov	r24, r24
     e18:	90 e0       	ldi	r25, 0x00	; 0
     e1a:	98 2f       	mov	r25, r24
     e1c:	88 27       	eor	r24, r24
     e1e:	29 81       	ldd	r18, Y+1	; 0x01
     e20:	3a 81       	ldd	r19, Y+2	; 0x02
     e22:	82 2b       	or	r24, r18
     e24:	93 2b       	or	r25, r19
     e26:	9a 83       	std	Y+2, r25	; 0x02
     e28:	89 83       	std	Y+1, r24	; 0x01
    return temp;
     e2a:	89 81       	ldd	r24, Y+1	; 0x01
     e2c:	9a 81       	ldd	r25, Y+2	; 0x02
}
     e2e:	0f 90       	pop	r0
     e30:	0f 90       	pop	r0
     e32:	0f 90       	pop	r0
     e34:	df 91       	pop	r29
     e36:	cf 91       	pop	r28
     e38:	08 95       	ret

00000e3a <_LCD_OutNibble>:
//
// Funkcja wystawiaj¹ca półbajt na magistralę danych
//
//-------------------------------------------------------------------------------------------------
void _LCD_OutNibble( unsigned char nibbleToWrite )
{
     e3a:	cf 93       	push	r28
     e3c:	df 93       	push	r29
     e3e:	1f 92       	push	r1
     e40:	cd b7       	in	r28, 0x3d	; 61
     e42:	de b7       	in	r29, 0x3e	; 62
     e44:	89 83       	std	Y+1, r24	; 0x01

    if( nibbleToWrite & 0x01 )
     e46:	89 81       	ldd	r24, Y+1	; 0x01
     e48:	88 2f       	mov	r24, r24
     e4a:	90 e0       	ldi	r25, 0x00	; 0
     e4c:	81 70       	andi	r24, 0x01	; 1
     e4e:	99 27       	eor	r25, r25
     e50:	00 97       	sbiw	r24, 0x00	; 0
     e52:	51 f0       	breq	.+20     	; 0xe68 <_LCD_OutNibble+0x2e>
        LCD_DB4_PORT |= LCD_DB4;
     e54:	8b e3       	ldi	r24, 0x3B	; 59
     e56:	90 e0       	ldi	r25, 0x00	; 0
     e58:	2b e3       	ldi	r18, 0x3B	; 59
     e5a:	30 e0       	ldi	r19, 0x00	; 0
     e5c:	f9 01       	movw	r30, r18
     e5e:	20 81       	ld	r18, Z
     e60:	20 61       	ori	r18, 0x10	; 16
     e62:	fc 01       	movw	r30, r24
     e64:	20 83       	st	Z, r18
     e66:	09 c0       	rjmp	.+18     	; 0xe7a <_LCD_OutNibble+0x40>
    else
        LCD_DB4_PORT  &= ~LCD_DB4;
     e68:	8b e3       	ldi	r24, 0x3B	; 59
     e6a:	90 e0       	ldi	r25, 0x00	; 0
     e6c:	2b e3       	ldi	r18, 0x3B	; 59
     e6e:	30 e0       	ldi	r19, 0x00	; 0
     e70:	f9 01       	movw	r30, r18
     e72:	20 81       	ld	r18, Z
     e74:	2f 7e       	andi	r18, 0xEF	; 239
     e76:	fc 01       	movw	r30, r24
     e78:	20 83       	st	Z, r18

    if( nibbleToWrite & 0x02 )
     e7a:	89 81       	ldd	r24, Y+1	; 0x01
     e7c:	88 2f       	mov	r24, r24
     e7e:	90 e0       	ldi	r25, 0x00	; 0
     e80:	82 70       	andi	r24, 0x02	; 2
     e82:	99 27       	eor	r25, r25
     e84:	00 97       	sbiw	r24, 0x00	; 0
     e86:	51 f0       	breq	.+20     	; 0xe9c <_LCD_OutNibble+0x62>
        LCD_DB5_PORT |= LCD_DB5;
     e88:	8b e3       	ldi	r24, 0x3B	; 59
     e8a:	90 e0       	ldi	r25, 0x00	; 0
     e8c:	2b e3       	ldi	r18, 0x3B	; 59
     e8e:	30 e0       	ldi	r19, 0x00	; 0
     e90:	f9 01       	movw	r30, r18
     e92:	20 81       	ld	r18, Z
     e94:	20 62       	ori	r18, 0x20	; 32
     e96:	fc 01       	movw	r30, r24
     e98:	20 83       	st	Z, r18
     e9a:	09 c0       	rjmp	.+18     	; 0xeae <_LCD_OutNibble+0x74>
    else
        LCD_DB5_PORT  &= ~LCD_DB5;
     e9c:	8b e3       	ldi	r24, 0x3B	; 59
     e9e:	90 e0       	ldi	r25, 0x00	; 0
     ea0:	2b e3       	ldi	r18, 0x3B	; 59
     ea2:	30 e0       	ldi	r19, 0x00	; 0
     ea4:	f9 01       	movw	r30, r18
     ea6:	20 81       	ld	r18, Z
     ea8:	2f 7d       	andi	r18, 0xDF	; 223
     eaa:	fc 01       	movw	r30, r24
     eac:	20 83       	st	Z, r18

    if( nibbleToWrite & 0x04 )
     eae:	89 81       	ldd	r24, Y+1	; 0x01
     eb0:	88 2f       	mov	r24, r24
     eb2:	90 e0       	ldi	r25, 0x00	; 0
     eb4:	84 70       	andi	r24, 0x04	; 4
     eb6:	99 27       	eor	r25, r25
     eb8:	00 97       	sbiw	r24, 0x00	; 0
     eba:	51 f0       	breq	.+20     	; 0xed0 <_LCD_OutNibble+0x96>
        LCD_DB6_PORT |= LCD_DB6;
     ebc:	8b e3       	ldi	r24, 0x3B	; 59
     ebe:	90 e0       	ldi	r25, 0x00	; 0
     ec0:	2b e3       	ldi	r18, 0x3B	; 59
     ec2:	30 e0       	ldi	r19, 0x00	; 0
     ec4:	f9 01       	movw	r30, r18
     ec6:	20 81       	ld	r18, Z
     ec8:	20 64       	ori	r18, 0x40	; 64
     eca:	fc 01       	movw	r30, r24
     ecc:	20 83       	st	Z, r18
     ece:	09 c0       	rjmp	.+18     	; 0xee2 <_LCD_OutNibble+0xa8>
    else
        LCD_DB6_PORT  &= ~LCD_DB6;
     ed0:	8b e3       	ldi	r24, 0x3B	; 59
     ed2:	90 e0       	ldi	r25, 0x00	; 0
     ed4:	2b e3       	ldi	r18, 0x3B	; 59
     ed6:	30 e0       	ldi	r19, 0x00	; 0
     ed8:	f9 01       	movw	r30, r18
     eda:	20 81       	ld	r18, Z
     edc:	2f 7b       	andi	r18, 0xBF	; 191
     ede:	fc 01       	movw	r30, r24
     ee0:	20 83       	st	Z, r18

    if( nibbleToWrite & 0x08 )
     ee2:	89 81       	ldd	r24, Y+1	; 0x01
     ee4:	88 2f       	mov	r24, r24
     ee6:	90 e0       	ldi	r25, 0x00	; 0
     ee8:	88 70       	andi	r24, 0x08	; 8
     eea:	99 27       	eor	r25, r25
     eec:	00 97       	sbiw	r24, 0x00	; 0
     eee:	51 f0       	breq	.+20     	; 0xf04 <_LCD_OutNibble+0xca>
        LCD_DB7_PORT |= LCD_DB7;
     ef0:	8b e3       	ldi	r24, 0x3B	; 59
     ef2:	90 e0       	ldi	r25, 0x00	; 0
     ef4:	2b e3       	ldi	r18, 0x3B	; 59
     ef6:	30 e0       	ldi	r19, 0x00	; 0
     ef8:	f9 01       	movw	r30, r18
     efa:	20 81       	ld	r18, Z
     efc:	20 68       	ori	r18, 0x80	; 128
     efe:	fc 01       	movw	r30, r24
     f00:	20 83       	st	Z, r18
     f02:	09 c0       	rjmp	.+18     	; 0xf16 <_LCD_OutNibble+0xdc>
    else
        LCD_DB7_PORT  &= ~LCD_DB7;
     f04:	8b e3       	ldi	r24, 0x3B	; 59
     f06:	90 e0       	ldi	r25, 0x00	; 0
     f08:	2b e3       	ldi	r18, 0x3B	; 59
     f0a:	30 e0       	ldi	r19, 0x00	; 0
     f0c:	f9 01       	movw	r30, r18
     f0e:	20 81       	ld	r18, Z
     f10:	2f 77       	andi	r18, 0x7F	; 127
     f12:	fc 01       	movw	r30, r24
     f14:	20 83       	st	Z, r18
}
     f16:	0f 90       	pop	r0
     f18:	df 91       	pop	r29
     f1a:	cf 91       	pop	r28
     f1c:	08 95       	ret

00000f1e <_LCD_InNibble>:
// Funkcja wystawiaj¹ca półbajt na magistralę danych
//
//-------------------------------------------------------------------------------------------------
#if USE_RW == 1
unsigned char _LCD_InNibble( void )
{
     f1e:	cf 93       	push	r28
     f20:	df 93       	push	r29
     f22:	1f 92       	push	r1
     f24:	cd b7       	in	r28, 0x3d	; 61
     f26:	de b7       	in	r29, 0x3e	; 62
    unsigned char tmp = 0;
     f28:	19 82       	std	Y+1, r1	; 0x01

    if( LCD_DB4_PIN & LCD_DB4 )
     f2a:	89 e3       	ldi	r24, 0x39	; 57
     f2c:	90 e0       	ldi	r25, 0x00	; 0
     f2e:	fc 01       	movw	r30, r24
     f30:	80 81       	ld	r24, Z
     f32:	88 2f       	mov	r24, r24
     f34:	90 e0       	ldi	r25, 0x00	; 0
     f36:	80 71       	andi	r24, 0x10	; 16
     f38:	99 27       	eor	r25, r25
     f3a:	00 97       	sbiw	r24, 0x00	; 0
     f3c:	19 f0       	breq	.+6      	; 0xf44 <_LCD_InNibble+0x26>
        tmp |= ( 1 << 0 );
     f3e:	89 81       	ldd	r24, Y+1	; 0x01
     f40:	81 60       	ori	r24, 0x01	; 1
     f42:	89 83       	std	Y+1, r24	; 0x01
    if( LCD_DB5_PIN & LCD_DB5 )
     f44:	89 e3       	ldi	r24, 0x39	; 57
     f46:	90 e0       	ldi	r25, 0x00	; 0
     f48:	fc 01       	movw	r30, r24
     f4a:	80 81       	ld	r24, Z
     f4c:	88 2f       	mov	r24, r24
     f4e:	90 e0       	ldi	r25, 0x00	; 0
     f50:	80 72       	andi	r24, 0x20	; 32
     f52:	99 27       	eor	r25, r25
     f54:	00 97       	sbiw	r24, 0x00	; 0
     f56:	19 f0       	breq	.+6      	; 0xf5e <_LCD_InNibble+0x40>
        tmp |= ( 1 << 1 );
     f58:	89 81       	ldd	r24, Y+1	; 0x01
     f5a:	82 60       	ori	r24, 0x02	; 2
     f5c:	89 83       	std	Y+1, r24	; 0x01
    if( LCD_DB6_PIN & LCD_DB6 )
     f5e:	89 e3       	ldi	r24, 0x39	; 57
     f60:	90 e0       	ldi	r25, 0x00	; 0
     f62:	fc 01       	movw	r30, r24
     f64:	80 81       	ld	r24, Z
     f66:	88 2f       	mov	r24, r24
     f68:	90 e0       	ldi	r25, 0x00	; 0
     f6a:	80 74       	andi	r24, 0x40	; 64
     f6c:	99 27       	eor	r25, r25
     f6e:	00 97       	sbiw	r24, 0x00	; 0
     f70:	19 f0       	breq	.+6      	; 0xf78 <_LCD_InNibble+0x5a>
        tmp |= ( 1 << 2 );
     f72:	89 81       	ldd	r24, Y+1	; 0x01
     f74:	84 60       	ori	r24, 0x04	; 4
     f76:	89 83       	std	Y+1, r24	; 0x01
    if( LCD_DB7_PIN & LCD_DB7 )
     f78:	89 e3       	ldi	r24, 0x39	; 57
     f7a:	90 e0       	ldi	r25, 0x00	; 0
     f7c:	fc 01       	movw	r30, r24
     f7e:	80 81       	ld	r24, Z
     f80:	88 23       	and	r24, r24
     f82:	1c f4       	brge	.+6      	; 0xf8a <_LCD_InNibble+0x6c>
        tmp |= ( 1 << 3 );
     f84:	89 81       	ldd	r24, Y+1	; 0x01
     f86:	88 60       	ori	r24, 0x08	; 8
     f88:	89 83       	std	Y+1, r24	; 0x01
    return tmp;
     f8a:	89 81       	ldd	r24, Y+1	; 0x01
}
     f8c:	0f 90       	pop	r0
     f8e:	df 91       	pop	r29
     f90:	cf 91       	pop	r28
     f92:	08 95       	ret

00000f94 <_LCD_Write>:
//
// Funkcja zapisu bajtu do wyświetacza (bez rozróżnienia instrukcja/dane).
//
//-------------------------------------------------------------------------------------------------
void _LCD_Write( unsigned char dataToWrite )
{
     f94:	cf 93       	push	r28
     f96:	df 93       	push	r29
     f98:	1f 92       	push	r1
     f9a:	cd b7       	in	r28, 0x3d	; 61
     f9c:	de b7       	in	r29, 0x3e	; 62
     f9e:	89 83       	std	Y+1, r24	; 0x01
#if USE_RW == 1
    LCD_DB4_DIR |= LCD_DB4;
     fa0:	8a e3       	ldi	r24, 0x3A	; 58
     fa2:	90 e0       	ldi	r25, 0x00	; 0
     fa4:	2a e3       	ldi	r18, 0x3A	; 58
     fa6:	30 e0       	ldi	r19, 0x00	; 0
     fa8:	f9 01       	movw	r30, r18
     faa:	20 81       	ld	r18, Z
     fac:	20 61       	ori	r18, 0x10	; 16
     fae:	fc 01       	movw	r30, r24
     fb0:	20 83       	st	Z, r18
    LCD_DB5_DIR |= LCD_DB5;
     fb2:	8a e3       	ldi	r24, 0x3A	; 58
     fb4:	90 e0       	ldi	r25, 0x00	; 0
     fb6:	2a e3       	ldi	r18, 0x3A	; 58
     fb8:	30 e0       	ldi	r19, 0x00	; 0
     fba:	f9 01       	movw	r30, r18
     fbc:	20 81       	ld	r18, Z
     fbe:	20 62       	ori	r18, 0x20	; 32
     fc0:	fc 01       	movw	r30, r24
     fc2:	20 83       	st	Z, r18
    LCD_DB6_DIR |= LCD_DB6;
     fc4:	8a e3       	ldi	r24, 0x3A	; 58
     fc6:	90 e0       	ldi	r25, 0x00	; 0
     fc8:	2a e3       	ldi	r18, 0x3A	; 58
     fca:	30 e0       	ldi	r19, 0x00	; 0
     fcc:	f9 01       	movw	r30, r18
     fce:	20 81       	ld	r18, Z
     fd0:	20 64       	ori	r18, 0x40	; 64
     fd2:	fc 01       	movw	r30, r24
     fd4:	20 83       	st	Z, r18
    LCD_DB7_DIR |= LCD_DB7;
     fd6:	8a e3       	ldi	r24, 0x3A	; 58
     fd8:	90 e0       	ldi	r25, 0x00	; 0
     fda:	2a e3       	ldi	r18, 0x3A	; 58
     fdc:	30 e0       	ldi	r19, 0x00	; 0
     fde:	f9 01       	movw	r30, r18
     fe0:	20 81       	ld	r18, Z
     fe2:	20 68       	ori	r18, 0x80	; 128
     fe4:	fc 01       	movw	r30, r24
     fe6:	20 83       	st	Z, r18
    LCD_RW_PORT &= ~LCD_RW;
     fe8:	8b e3       	ldi	r24, 0x3B	; 59
     fea:	90 e0       	ldi	r25, 0x00	; 0
     fec:	2b e3       	ldi	r18, 0x3B	; 59
     fee:	30 e0       	ldi	r19, 0x00	; 0
     ff0:	f9 01       	movw	r30, r18
     ff2:	20 81       	ld	r18, Z
     ff4:	2b 7f       	andi	r18, 0xFB	; 251
     ff6:	fc 01       	movw	r30, r24
     ff8:	20 83       	st	Z, r18
#endif // USE_RW
    LCD_E_PORT |= LCD_E;
     ffa:	8b e3       	ldi	r24, 0x3B	; 59
     ffc:	90 e0       	ldi	r25, 0x00	; 0
     ffe:	2b e3       	ldi	r18, 0x3B	; 59
    1000:	30 e0       	ldi	r19, 0x00	; 0
    1002:	f9 01       	movw	r30, r18
    1004:	20 81       	ld	r18, Z
    1006:	28 60       	ori	r18, 0x08	; 8
    1008:	fc 01       	movw	r30, r24
    100a:	20 83       	st	Z, r18
    _LCD_OutNibble( dataToWrite >> 4 );
    100c:	89 81       	ldd	r24, Y+1	; 0x01
    100e:	82 95       	swap	r24
    1010:	8f 70       	andi	r24, 0x0F	; 15
    1012:	0e 94 1d 07 	call	0xe3a	; 0xe3a <_LCD_OutNibble>
    LCD_E_PORT &= ~LCD_E;
    1016:	8b e3       	ldi	r24, 0x3B	; 59
    1018:	90 e0       	ldi	r25, 0x00	; 0
    101a:	2b e3       	ldi	r18, 0x3B	; 59
    101c:	30 e0       	ldi	r19, 0x00	; 0
    101e:	f9 01       	movw	r30, r18
    1020:	20 81       	ld	r18, Z
    1022:	27 7f       	andi	r18, 0xF7	; 247
    1024:	fc 01       	movw	r30, r24
    1026:	20 83       	st	Z, r18
    LCD_E_PORT |= LCD_E;
    1028:	8b e3       	ldi	r24, 0x3B	; 59
    102a:	90 e0       	ldi	r25, 0x00	; 0
    102c:	2b e3       	ldi	r18, 0x3B	; 59
    102e:	30 e0       	ldi	r19, 0x00	; 0
    1030:	f9 01       	movw	r30, r18
    1032:	20 81       	ld	r18, Z
    1034:	28 60       	ori	r18, 0x08	; 8
    1036:	fc 01       	movw	r30, r24
    1038:	20 83       	st	Z, r18
    _LCD_OutNibble( dataToWrite );
    103a:	89 81       	ldd	r24, Y+1	; 0x01
    103c:	0e 94 1d 07 	call	0xe3a	; 0xe3a <_LCD_OutNibble>
    LCD_E_PORT &= ~LCD_E;
    1040:	8b e3       	ldi	r24, 0x3B	; 59
    1042:	90 e0       	ldi	r25, 0x00	; 0
    1044:	2b e3       	ldi	r18, 0x3B	; 59
    1046:	30 e0       	ldi	r19, 0x00	; 0
    1048:	f9 01       	movw	r30, r18
    104a:	20 81       	ld	r18, Z
    104c:	27 7f       	andi	r18, 0xF7	; 247
    104e:	fc 01       	movw	r30, r24
    1050:	20 83       	st	Z, r18
#if USE_RW == 1
    while( LCD_ReadStatus() & HD44780_DDRAM_SET );
    1052:	00 00       	nop
    1054:	0e 94 b0 09 	call	0x1360	; 0x1360 <LCD_ReadStatus>
    1058:	88 23       	and	r24, r24
    105a:	e4 f3       	brlt	.-8      	; 0x1054 <_LCD_Write+0xc0>
#else
    delay_us_var( 50 );
#endif // USE_RW
}
    105c:	0f 90       	pop	r0
    105e:	df 91       	pop	r29
    1060:	cf 91       	pop	r28
    1062:	08 95       	ret

00001064 <_LCD_Read>:
// Funkcja odczytu bajtu z wyœwietacza (bez rozró¿nienia instrukcja/dane).
//
//-------------------------------------------------------------------------------------------------
#if USE_RW == 1
unsigned char _LCD_Read( void )
{
    1064:	cf 93       	push	r28
    1066:	df 93       	push	r29
    1068:	cd b7       	in	r28, 0x3d	; 61
    106a:	de b7       	in	r29, 0x3e	; 62
    106c:	a1 97       	sbiw	r28, 0x21	; 33
    106e:	0f b6       	in	r0, 0x3f	; 63
    1070:	f8 94       	cli
    1072:	de bf       	out	0x3e, r29	; 62
    1074:	0f be       	out	0x3f, r0	; 63
    1076:	cd bf       	out	0x3d, r28	; 61
    unsigned char tmp = 0;
    1078:	19 82       	std	Y+1, r1	; 0x01
    LCD_DB4_DIR &= ~LCD_DB4;
    107a:	8a e3       	ldi	r24, 0x3A	; 58
    107c:	90 e0       	ldi	r25, 0x00	; 0
    107e:	2a e3       	ldi	r18, 0x3A	; 58
    1080:	30 e0       	ldi	r19, 0x00	; 0
    1082:	f9 01       	movw	r30, r18
    1084:	20 81       	ld	r18, Z
    1086:	2f 7e       	andi	r18, 0xEF	; 239
    1088:	fc 01       	movw	r30, r24
    108a:	20 83       	st	Z, r18
    LCD_DB5_DIR &= ~LCD_DB5;
    108c:	8a e3       	ldi	r24, 0x3A	; 58
    108e:	90 e0       	ldi	r25, 0x00	; 0
    1090:	2a e3       	ldi	r18, 0x3A	; 58
    1092:	30 e0       	ldi	r19, 0x00	; 0
    1094:	f9 01       	movw	r30, r18
    1096:	20 81       	ld	r18, Z
    1098:	2f 7d       	andi	r18, 0xDF	; 223
    109a:	fc 01       	movw	r30, r24
    109c:	20 83       	st	Z, r18
    LCD_DB6_DIR &= ~LCD_DB6;
    109e:	8a e3       	ldi	r24, 0x3A	; 58
    10a0:	90 e0       	ldi	r25, 0x00	; 0
    10a2:	2a e3       	ldi	r18, 0x3A	; 58
    10a4:	30 e0       	ldi	r19, 0x00	; 0
    10a6:	f9 01       	movw	r30, r18
    10a8:	20 81       	ld	r18, Z
    10aa:	2f 7b       	andi	r18, 0xBF	; 191
    10ac:	fc 01       	movw	r30, r24
    10ae:	20 83       	st	Z, r18
    LCD_DB7_DIR &= ~LCD_DB7;
    10b0:	8a e3       	ldi	r24, 0x3A	; 58
    10b2:	90 e0       	ldi	r25, 0x00	; 0
    10b4:	2a e3       	ldi	r18, 0x3A	; 58
    10b6:	30 e0       	ldi	r19, 0x00	; 0
    10b8:	f9 01       	movw	r30, r18
    10ba:	20 81       	ld	r18, Z
    10bc:	2f 77       	andi	r18, 0x7F	; 127
    10be:	fc 01       	movw	r30, r24
    10c0:	20 83       	st	Z, r18

    LCD_RW_PORT |= LCD_RW;
    10c2:	8b e3       	ldi	r24, 0x3B	; 59
    10c4:	90 e0       	ldi	r25, 0x00	; 0
    10c6:	2b e3       	ldi	r18, 0x3B	; 59
    10c8:	30 e0       	ldi	r19, 0x00	; 0
    10ca:	f9 01       	movw	r30, r18
    10cc:	20 81       	ld	r18, Z
    10ce:	24 60       	ori	r18, 0x04	; 4
    10d0:	fc 01       	movw	r30, r24
    10d2:	20 83       	st	Z, r18
    LCD_E_PORT |= LCD_E;
    10d4:	8b e3       	ldi	r24, 0x3B	; 59
    10d6:	90 e0       	ldi	r25, 0x00	; 0
    10d8:	2b e3       	ldi	r18, 0x3B	; 59
    10da:	30 e0       	ldi	r19, 0x00	; 0
    10dc:	f9 01       	movw	r30, r18
    10de:	20 81       	ld	r18, Z
    10e0:	28 60       	ori	r18, 0x08	; 8
    10e2:	fc 01       	movw	r30, r24
    10e4:	20 83       	st	Z, r18
    tmp |= ( _LCD_InNibble() << 4 );
    10e6:	0e 94 8f 07 	call	0xf1e	; 0xf1e <_LCD_InNibble>
    10ea:	88 2f       	mov	r24, r24
    10ec:	90 e0       	ldi	r25, 0x00	; 0
    10ee:	82 95       	swap	r24
    10f0:	92 95       	swap	r25
    10f2:	90 7f       	andi	r25, 0xF0	; 240
    10f4:	98 27       	eor	r25, r24
    10f6:	80 7f       	andi	r24, 0xF0	; 240
    10f8:	98 27       	eor	r25, r24
    10fa:	98 2f       	mov	r25, r24
    10fc:	89 81       	ldd	r24, Y+1	; 0x01
    10fe:	89 2b       	or	r24, r25
    1100:	89 83       	std	Y+1, r24	; 0x01
    LCD_E_PORT &= ~LCD_E;
    1102:	8b e3       	ldi	r24, 0x3B	; 59
    1104:	90 e0       	ldi	r25, 0x00	; 0
    1106:	2b e3       	ldi	r18, 0x3B	; 59
    1108:	30 e0       	ldi	r19, 0x00	; 0
    110a:	f9 01       	movw	r30, r18
    110c:	20 81       	ld	r18, Z
    110e:	27 7f       	andi	r18, 0xF7	; 247
    1110:	fc 01       	movw	r30, r24
    1112:	20 83       	st	Z, r18
    LCD_E_PORT |= LCD_E;
    1114:	8b e3       	ldi	r24, 0x3B	; 59
    1116:	90 e0       	ldi	r25, 0x00	; 0
    1118:	2b e3       	ldi	r18, 0x3B	; 59
    111a:	30 e0       	ldi	r19, 0x00	; 0
    111c:	f9 01       	movw	r30, r18
    111e:	20 81       	ld	r18, Z
    1120:	28 60       	ori	r18, 0x08	; 8
    1122:	fc 01       	movw	r30, r24
    1124:	20 83       	st	Z, r18
    tmp |= _LCD_InNibble();
    1126:	0e 94 8f 07 	call	0xf1e	; 0xf1e <_LCD_InNibble>
    112a:	99 81       	ldd	r25, Y+1	; 0x01
    112c:	89 2b       	or	r24, r25
    112e:	89 83       	std	Y+1, r24	; 0x01
    LCD_E_PORT &= ~LCD_E;
    1130:	8b e3       	ldi	r24, 0x3B	; 59
    1132:	90 e0       	ldi	r25, 0x00	; 0
    1134:	2b e3       	ldi	r18, 0x3B	; 59
    1136:	30 e0       	ldi	r19, 0x00	; 0
    1138:	f9 01       	movw	r30, r18
    113a:	20 81       	ld	r18, Z
    113c:	27 7f       	andi	r18, 0xF7	; 247
    113e:	fc 01       	movw	r30, r24
    1140:	20 83       	st	Z, r18
    1142:	80 e0       	ldi	r24, 0x00	; 0
    1144:	90 e0       	ldi	r25, 0x00	; 0
    1146:	a8 e4       	ldi	r26, 0x48	; 72
    1148:	b2 e4       	ldi	r27, 0x42	; 66
    114a:	8a 83       	std	Y+2, r24	; 0x02
    114c:	9b 83       	std	Y+3, r25	; 0x03
    114e:	ac 83       	std	Y+4, r26	; 0x04
    1150:	bd 83       	std	Y+5, r27	; 0x05
	__builtin_avr_delay_cycles(__ticks_dc);

#else
	uint8_t __ticks;
	double __tmp2 ; 
	__tmp = ((F_CPU) / 3e6) * __us;
    1152:	2b ea       	ldi	r18, 0xAB	; 171
    1154:	3a ea       	ldi	r19, 0xAA	; 170
    1156:	4a ea       	ldi	r20, 0xAA	; 170
    1158:	50 e4       	ldi	r21, 0x40	; 64
    115a:	6a 81       	ldd	r22, Y+2	; 0x02
    115c:	7b 81       	ldd	r23, Y+3	; 0x03
    115e:	8c 81       	ldd	r24, Y+4	; 0x04
    1160:	9d 81       	ldd	r25, Y+5	; 0x05
    1162:	0e 94 3d 35 	call	0x6a7a	; 0x6a7a <__mulsf3>
    1166:	dc 01       	movw	r26, r24
    1168:	cb 01       	movw	r24, r22
    116a:	8e 83       	std	Y+6, r24	; 0x06
    116c:	9f 83       	std	Y+7, r25	; 0x07
    116e:	a8 87       	std	Y+8, r26	; 0x08
    1170:	b9 87       	std	Y+9, r27	; 0x09
	__tmp2 = ((F_CPU) / 4e6) * __us;
    1172:	20 e0       	ldi	r18, 0x00	; 0
    1174:	30 e0       	ldi	r19, 0x00	; 0
    1176:	40 e8       	ldi	r20, 0x80	; 128
    1178:	50 e4       	ldi	r21, 0x40	; 64
    117a:	6a 81       	ldd	r22, Y+2	; 0x02
    117c:	7b 81       	ldd	r23, Y+3	; 0x03
    117e:	8c 81       	ldd	r24, Y+4	; 0x04
    1180:	9d 81       	ldd	r25, Y+5	; 0x05
    1182:	0e 94 3d 35 	call	0x6a7a	; 0x6a7a <__mulsf3>
    1186:	dc 01       	movw	r26, r24
    1188:	cb 01       	movw	r24, r22
    118a:	8a 87       	std	Y+10, r24	; 0x0a
    118c:	9b 87       	std	Y+11, r25	; 0x0b
    118e:	ac 87       	std	Y+12, r26	; 0x0c
    1190:	bd 87       	std	Y+13, r27	; 0x0d
	if (__tmp < 1.0)
    1192:	20 e0       	ldi	r18, 0x00	; 0
    1194:	30 e0       	ldi	r19, 0x00	; 0
    1196:	40 e8       	ldi	r20, 0x80	; 128
    1198:	5f e3       	ldi	r21, 0x3F	; 63
    119a:	6e 81       	ldd	r22, Y+6	; 0x06
    119c:	7f 81       	ldd	r23, Y+7	; 0x07
    119e:	88 85       	ldd	r24, Y+8	; 0x08
    11a0:	99 85       	ldd	r25, Y+9	; 0x09
    11a2:	0e 94 ea 33 	call	0x67d4	; 0x67d4 <__cmpsf2>
    11a6:	88 23       	and	r24, r24
    11a8:	1c f4       	brge	.+6      	; 0x11b0 <_LCD_Read+0x14c>
		__ticks = 1;
    11aa:	81 e0       	ldi	r24, 0x01	; 1
    11ac:	8e 87       	std	Y+14, r24	; 0x0e
    11ae:	b2 c0       	rjmp	.+356    	; 0x1314 <_LCD_Read+0x2b0>
	else if (__tmp2 > 65535)
    11b0:	20 e0       	ldi	r18, 0x00	; 0
    11b2:	3f ef       	ldi	r19, 0xFF	; 255
    11b4:	4f e7       	ldi	r20, 0x7F	; 127
    11b6:	57 e4       	ldi	r21, 0x47	; 71
    11b8:	6a 85       	ldd	r22, Y+10	; 0x0a
    11ba:	7b 85       	ldd	r23, Y+11	; 0x0b
    11bc:	8c 85       	ldd	r24, Y+12	; 0x0c
    11be:	9d 85       	ldd	r25, Y+13	; 0x0d
    11c0:	0e 94 39 35 	call	0x6a72	; 0x6a72 <__gesf2>
    11c4:	18 16       	cp	r1, r24
    11c6:	0c f0       	brlt	.+2      	; 0x11ca <_LCD_Read+0x166>
    11c8:	7b c0       	rjmp	.+246    	; 0x12c0 <_LCD_Read+0x25c>
	{
		_delay_ms(__us / 1000.0);
    11ca:	20 e0       	ldi	r18, 0x00	; 0
    11cc:	30 e0       	ldi	r19, 0x00	; 0
    11ce:	4a e7       	ldi	r20, 0x7A	; 122
    11d0:	54 e4       	ldi	r21, 0x44	; 68
    11d2:	6a 81       	ldd	r22, Y+2	; 0x02
    11d4:	7b 81       	ldd	r23, Y+3	; 0x03
    11d6:	8c 81       	ldd	r24, Y+4	; 0x04
    11d8:	9d 81       	ldd	r25, Y+5	; 0x05
    11da:	0e 94 ee 33 	call	0x67dc	; 0x67dc <__divsf3>
    11de:	dc 01       	movw	r26, r24
    11e0:	cb 01       	movw	r24, r22
    11e2:	8f 87       	std	Y+15, r24	; 0x0f
    11e4:	98 8b       	std	Y+16, r25	; 0x10
    11e6:	a9 8b       	std	Y+17, r26	; 0x11
    11e8:	ba 8b       	std	Y+18, r27	; 0x12

	__builtin_avr_delay_cycles(__ticks_dc);

#else
	uint16_t __ticks;
	__tmp = ((F_CPU) / 4e3) * __ms;
    11ea:	20 e0       	ldi	r18, 0x00	; 0
    11ec:	30 e0       	ldi	r19, 0x00	; 0
    11ee:	4a e7       	ldi	r20, 0x7A	; 122
    11f0:	55 e4       	ldi	r21, 0x45	; 69
    11f2:	6f 85       	ldd	r22, Y+15	; 0x0f
    11f4:	78 89       	ldd	r23, Y+16	; 0x10
    11f6:	89 89       	ldd	r24, Y+17	; 0x11
    11f8:	9a 89       	ldd	r25, Y+18	; 0x12
    11fa:	0e 94 3d 35 	call	0x6a7a	; 0x6a7a <__mulsf3>
    11fe:	dc 01       	movw	r26, r24
    1200:	cb 01       	movw	r24, r22
    1202:	8b 8b       	std	Y+19, r24	; 0x13
    1204:	9c 8b       	std	Y+20, r25	; 0x14
    1206:	ad 8b       	std	Y+21, r26	; 0x15
    1208:	be 8b       	std	Y+22, r27	; 0x16
	if (__tmp < 1.0)
    120a:	20 e0       	ldi	r18, 0x00	; 0
    120c:	30 e0       	ldi	r19, 0x00	; 0
    120e:	40 e8       	ldi	r20, 0x80	; 128
    1210:	5f e3       	ldi	r21, 0x3F	; 63
    1212:	6b 89       	ldd	r22, Y+19	; 0x13
    1214:	7c 89       	ldd	r23, Y+20	; 0x14
    1216:	8d 89       	ldd	r24, Y+21	; 0x15
    1218:	9e 89       	ldd	r25, Y+22	; 0x16
    121a:	0e 94 ea 33 	call	0x67d4	; 0x67d4 <__cmpsf2>
    121e:	88 23       	and	r24, r24
    1220:	2c f4       	brge	.+10     	; 0x122c <_LCD_Read+0x1c8>
		__ticks = 1;
    1222:	81 e0       	ldi	r24, 0x01	; 1
    1224:	90 e0       	ldi	r25, 0x00	; 0
    1226:	98 8f       	std	Y+24, r25	; 0x18
    1228:	8f 8b       	std	Y+23, r24	; 0x17
    122a:	3f c0       	rjmp	.+126    	; 0x12aa <_LCD_Read+0x246>
	else if (__tmp > 65535)
    122c:	20 e0       	ldi	r18, 0x00	; 0
    122e:	3f ef       	ldi	r19, 0xFF	; 255
    1230:	4f e7       	ldi	r20, 0x7F	; 127
    1232:	57 e4       	ldi	r21, 0x47	; 71
    1234:	6b 89       	ldd	r22, Y+19	; 0x13
    1236:	7c 89       	ldd	r23, Y+20	; 0x14
    1238:	8d 89       	ldd	r24, Y+21	; 0x15
    123a:	9e 89       	ldd	r25, Y+22	; 0x16
    123c:	0e 94 39 35 	call	0x6a72	; 0x6a72 <__gesf2>
    1240:	18 16       	cp	r1, r24
    1242:	4c f5       	brge	.+82     	; 0x1296 <_LCD_Read+0x232>
	{
		//	__ticks = requested delay in 1/10 ms
		__ticks = (uint16_t) (__ms * 10.0);
    1244:	20 e0       	ldi	r18, 0x00	; 0
    1246:	30 e0       	ldi	r19, 0x00	; 0
    1248:	40 e2       	ldi	r20, 0x20	; 32
    124a:	51 e4       	ldi	r21, 0x41	; 65
    124c:	6f 85       	ldd	r22, Y+15	; 0x0f
    124e:	78 89       	ldd	r23, Y+16	; 0x10
    1250:	89 89       	ldd	r24, Y+17	; 0x11
    1252:	9a 89       	ldd	r25, Y+18	; 0x12
    1254:	0e 94 3d 35 	call	0x6a7a	; 0x6a7a <__mulsf3>
    1258:	dc 01       	movw	r26, r24
    125a:	cb 01       	movw	r24, r22
    125c:	bc 01       	movw	r22, r24
    125e:	cd 01       	movw	r24, r26
    1260:	0e 94 5b 34 	call	0x68b6	; 0x68b6 <__fixunssfsi>
    1264:	dc 01       	movw	r26, r24
    1266:	cb 01       	movw	r24, r22
    1268:	98 8f       	std	Y+24, r25	; 0x18
    126a:	8f 8b       	std	Y+23, r24	; 0x17
    126c:	0f c0       	rjmp	.+30     	; 0x128c <_LCD_Read+0x228>
    126e:	80 e9       	ldi	r24, 0x90	; 144
    1270:	91 e0       	ldi	r25, 0x01	; 1
    1272:	9a 8f       	std	Y+26, r25	; 0x1a
    1274:	89 8f       	std	Y+25, r24	; 0x19
    milliseconds can be achieved.
 */
void
_delay_loop_2(uint16_t __count)
{
	__asm__ volatile (
    1276:	89 8d       	ldd	r24, Y+25	; 0x19
    1278:	9a 8d       	ldd	r25, Y+26	; 0x1a
    127a:	01 97       	sbiw	r24, 0x01	; 1
    127c:	f1 f7       	brne	.-4      	; 0x127a <_LCD_Read+0x216>
    127e:	9a 8f       	std	Y+26, r25	; 0x1a
    1280:	89 8f       	std	Y+25, r24	; 0x19
		while(__ticks)
		{
			// wait 1/10 ms
			_delay_loop_2(((F_CPU) / 4e3) / 10);
			__ticks --;
    1282:	8f 89       	ldd	r24, Y+23	; 0x17
    1284:	98 8d       	ldd	r25, Y+24	; 0x18
    1286:	01 97       	sbiw	r24, 0x01	; 1
    1288:	98 8f       	std	Y+24, r25	; 0x18
    128a:	8f 8b       	std	Y+23, r24	; 0x17
		__ticks = 1;
	else if (__tmp > 65535)
	{
		//	__ticks = requested delay in 1/10 ms
		__ticks = (uint16_t) (__ms * 10.0);
		while(__ticks)
    128c:	8f 89       	ldd	r24, Y+23	; 0x17
    128e:	98 8d       	ldd	r25, Y+24	; 0x18
    1290:	00 97       	sbiw	r24, 0x00	; 0
    1292:	69 f7       	brne	.-38     	; 0x126e <_LCD_Read+0x20a>
    1294:	3f c0       	rjmp	.+126    	; 0x1314 <_LCD_Read+0x2b0>
			__ticks --;
		}
		return;
	}
	else
		__ticks = (uint16_t)__tmp;
    1296:	6b 89       	ldd	r22, Y+19	; 0x13
    1298:	7c 89       	ldd	r23, Y+20	; 0x14
    129a:	8d 89       	ldd	r24, Y+21	; 0x15
    129c:	9e 89       	ldd	r25, Y+22	; 0x16
    129e:	0e 94 5b 34 	call	0x68b6	; 0x68b6 <__fixunssfsi>
    12a2:	dc 01       	movw	r26, r24
    12a4:	cb 01       	movw	r24, r22
    12a6:	98 8f       	std	Y+24, r25	; 0x18
    12a8:	8f 8b       	std	Y+23, r24	; 0x17
    12aa:	8f 89       	ldd	r24, Y+23	; 0x17
    12ac:	98 8d       	ldd	r25, Y+24	; 0x18
    12ae:	9c 8f       	std	Y+28, r25	; 0x1c
    12b0:	8b 8f       	std	Y+27, r24	; 0x1b
    12b2:	8b 8d       	ldd	r24, Y+27	; 0x1b
    12b4:	9c 8d       	ldd	r25, Y+28	; 0x1c
    12b6:	01 97       	sbiw	r24, 0x01	; 1
    12b8:	f1 f7       	brne	.-4      	; 0x12b6 <_LCD_Read+0x252>
    12ba:	9c 8f       	std	Y+28, r25	; 0x1c
    12bc:	8b 8f       	std	Y+27, r24	; 0x1b
    12be:	2a c0       	rjmp	.+84     	; 0x1314 <_LCD_Read+0x2b0>
		__ticks = 1;
	else if (__tmp2 > 65535)
	{
		_delay_ms(__us / 1000.0);
	}
	else if (__tmp > 255)
    12c0:	20 e0       	ldi	r18, 0x00	; 0
    12c2:	30 e0       	ldi	r19, 0x00	; 0
    12c4:	4f e7       	ldi	r20, 0x7F	; 127
    12c6:	53 e4       	ldi	r21, 0x43	; 67
    12c8:	6e 81       	ldd	r22, Y+6	; 0x06
    12ca:	7f 81       	ldd	r23, Y+7	; 0x07
    12cc:	88 85       	ldd	r24, Y+8	; 0x08
    12ce:	99 85       	ldd	r25, Y+9	; 0x09
    12d0:	0e 94 39 35 	call	0x6a72	; 0x6a72 <__gesf2>
    12d4:	18 16       	cp	r1, r24
    12d6:	ac f4       	brge	.+42     	; 0x1302 <_LCD_Read+0x29e>
	{
		uint16_t __ticks=(uint16_t)__tmp2;
    12d8:	6a 85       	ldd	r22, Y+10	; 0x0a
    12da:	7b 85       	ldd	r23, Y+11	; 0x0b
    12dc:	8c 85       	ldd	r24, Y+12	; 0x0c
    12de:	9d 85       	ldd	r25, Y+13	; 0x0d
    12e0:	0e 94 5b 34 	call	0x68b6	; 0x68b6 <__fixunssfsi>
    12e4:	dc 01       	movw	r26, r24
    12e6:	cb 01       	movw	r24, r22
    12e8:	9e 8f       	std	Y+30, r25	; 0x1e
    12ea:	8d 8f       	std	Y+29, r24	; 0x1d
    12ec:	8d 8d       	ldd	r24, Y+29	; 0x1d
    12ee:	9e 8d       	ldd	r25, Y+30	; 0x1e
    12f0:	98 a3       	std	Y+32, r25	; 0x20
    12f2:	8f 8f       	std	Y+31, r24	; 0x1f
    12f4:	8f 8d       	ldd	r24, Y+31	; 0x1f
    12f6:	98 a1       	ldd	r25, Y+32	; 0x20
    12f8:	01 97       	sbiw	r24, 0x01	; 1
    12fa:	f1 f7       	brne	.-4      	; 0x12f8 <_LCD_Read+0x294>
    12fc:	98 a3       	std	Y+32, r25	; 0x20
    12fe:	8f 8f       	std	Y+31, r24	; 0x1f
    1300:	0f c0       	rjmp	.+30     	; 0x1320 <_LCD_Read+0x2bc>
		_delay_loop_2(__ticks);
		return;
	}
	else
		__ticks = (uint8_t)__tmp;
    1302:	6e 81       	ldd	r22, Y+6	; 0x06
    1304:	7f 81       	ldd	r23, Y+7	; 0x07
    1306:	88 85       	ldd	r24, Y+8	; 0x08
    1308:	99 85       	ldd	r25, Y+9	; 0x09
    130a:	0e 94 5b 34 	call	0x68b6	; 0x68b6 <__fixunssfsi>
    130e:	dc 01       	movw	r26, r24
    1310:	cb 01       	movw	r24, r22
    1312:	8e 87       	std	Y+14, r24	; 0x0e
    1314:	8e 85       	ldd	r24, Y+14	; 0x0e
    1316:	89 a3       	std	Y+33, r24	; 0x21
    can be achieved.
*/
void
_delay_loop_1(uint8_t __count)
{
	__asm__ volatile (
    1318:	89 a1       	ldd	r24, Y+33	; 0x21
    131a:	8a 95       	dec	r24
    131c:	f1 f7       	brne	.-4      	; 0x131a <_LCD_Read+0x2b6>
    131e:	89 a3       	std	Y+33, r24	; 0x21
    _delay_us( 50 );
    return tmp;
    1320:	89 81       	ldd	r24, Y+1	; 0x01
}
    1322:	a1 96       	adiw	r28, 0x21	; 33
    1324:	0f b6       	in	r0, 0x3f	; 63
    1326:	f8 94       	cli
    1328:	de bf       	out	0x3e, r29	; 62
    132a:	0f be       	out	0x3f, r0	; 63
    132c:	cd bf       	out	0x3d, r28	; 61
    132e:	df 91       	pop	r29
    1330:	cf 91       	pop	r28
    1332:	08 95       	ret

00001334 <LCD_WriteCommand>:
//
// Funkcja zapisu rozkazu do wyœwietlacza
//
//-------------------------------------------------------------------------------------------------
void LCD_WriteCommand( unsigned char commandToWrite )
{
    1334:	cf 93       	push	r28
    1336:	df 93       	push	r29
    1338:	1f 92       	push	r1
    133a:	cd b7       	in	r28, 0x3d	; 61
    133c:	de b7       	in	r29, 0x3e	; 62
    133e:	89 83       	std	Y+1, r24	; 0x01
    LCD_RS_PORT &= ~LCD_RS;
    1340:	8b e3       	ldi	r24, 0x3B	; 59
    1342:	90 e0       	ldi	r25, 0x00	; 0
    1344:	2b e3       	ldi	r18, 0x3B	; 59
    1346:	30 e0       	ldi	r19, 0x00	; 0
    1348:	f9 01       	movw	r30, r18
    134a:	20 81       	ld	r18, Z
    134c:	2d 7f       	andi	r18, 0xFD	; 253
    134e:	fc 01       	movw	r30, r24
    1350:	20 83       	st	Z, r18
    _LCD_Write( commandToWrite );
    1352:	89 81       	ldd	r24, Y+1	; 0x01
    1354:	0e 94 ca 07 	call	0xf94	; 0xf94 <_LCD_Write>
}
    1358:	0f 90       	pop	r0
    135a:	df 91       	pop	r29
    135c:	cf 91       	pop	r28
    135e:	08 95       	ret

00001360 <LCD_ReadStatus>:
// Funkcja odczytu bajtu statusowego
//
//-------------------------------------------------------------------------------------------------
#if USE_RW == 1
unsigned char LCD_ReadStatus( void )
{
    1360:	cf 93       	push	r28
    1362:	df 93       	push	r29
    1364:	cd b7       	in	r28, 0x3d	; 61
    1366:	de b7       	in	r29, 0x3e	; 62
    LCD_RS_PORT &= ~LCD_RS;
    1368:	8b e3       	ldi	r24, 0x3B	; 59
    136a:	90 e0       	ldi	r25, 0x00	; 0
    136c:	2b e3       	ldi	r18, 0x3B	; 59
    136e:	30 e0       	ldi	r19, 0x00	; 0
    1370:	f9 01       	movw	r30, r18
    1372:	20 81       	ld	r18, Z
    1374:	2d 7f       	andi	r18, 0xFD	; 253
    1376:	fc 01       	movw	r30, r24
    1378:	20 83       	st	Z, r18
    return _LCD_Read();
    137a:	0e 94 32 08 	call	0x1064	; 0x1064 <_LCD_Read>
}
    137e:	df 91       	pop	r29
    1380:	cf 91       	pop	r28
    1382:	08 95       	ret

00001384 <LCD_WriteData>:
//
// Funkcja zapisu danych do pamięci wyœwietlacza
//
//-------------------------------------------------------------------------------------------------
void LCD_WriteData( unsigned char dataToWrite )
{
    1384:	cf 93       	push	r28
    1386:	df 93       	push	r29
    1388:	1f 92       	push	r1
    138a:	cd b7       	in	r28, 0x3d	; 61
    138c:	de b7       	in	r29, 0x3e	; 62
    138e:	89 83       	std	Y+1, r24	; 0x01
    LCD_RS_PORT |= LCD_RS;
    1390:	8b e3       	ldi	r24, 0x3B	; 59
    1392:	90 e0       	ldi	r25, 0x00	; 0
    1394:	2b e3       	ldi	r18, 0x3B	; 59
    1396:	30 e0       	ldi	r19, 0x00	; 0
    1398:	f9 01       	movw	r30, r18
    139a:	20 81       	ld	r18, Z
    139c:	22 60       	ori	r18, 0x02	; 2
    139e:	fc 01       	movw	r30, r24
    13a0:	20 83       	st	Z, r18
    _LCD_Write( dataToWrite );
    13a2:	89 81       	ldd	r24, Y+1	; 0x01
    13a4:	0e 94 ca 07 	call	0xf94	; 0xf94 <_LCD_Write>
}
    13a8:	0f 90       	pop	r0
    13aa:	df 91       	pop	r29
    13ac:	cf 91       	pop	r28
    13ae:	08 95       	ret

000013b0 <LCD_ReadData>:
// Funkcja odczytu danych z pamięci wyświetlacza
//
//-------------------------------------------------------------------------------------------------
#if USE_RW == 1
unsigned char LCD_ReadData( void )
{
    13b0:	cf 93       	push	r28
    13b2:	df 93       	push	r29
    13b4:	cd b7       	in	r28, 0x3d	; 61
    13b6:	de b7       	in	r29, 0x3e	; 62
    LCD_RS_PORT |= LCD_RS;
    13b8:	8b e3       	ldi	r24, 0x3B	; 59
    13ba:	90 e0       	ldi	r25, 0x00	; 0
    13bc:	2b e3       	ldi	r18, 0x3B	; 59
    13be:	30 e0       	ldi	r19, 0x00	; 0
    13c0:	f9 01       	movw	r30, r18
    13c2:	20 81       	ld	r18, Z
    13c4:	22 60       	ori	r18, 0x02	; 2
    13c6:	fc 01       	movw	r30, r24
    13c8:	20 83       	st	Z, r18
    return _LCD_Read();
    13ca:	0e 94 32 08 	call	0x1064	; 0x1064 <_LCD_Read>
}
    13ce:	df 91       	pop	r29
    13d0:	cf 91       	pop	r28
    13d2:	08 95       	ret

000013d4 <LCD_WriteText>:
//
// Funkcja wyświetlenia napisu na wyswietlaczu
//
//-------------------------------------------------------------------------------------------------
void LCD_WriteText( char * text )
{
    13d4:	cf 93       	push	r28
    13d6:	df 93       	push	r29
    13d8:	00 d0       	rcall	.+0      	; 0x13da <LCD_WriteText+0x6>
    13da:	cd b7       	in	r28, 0x3d	; 61
    13dc:	de b7       	in	r29, 0x3e	; 62
    13de:	9a 83       	std	Y+2, r25	; 0x02
    13e0:	89 83       	std	Y+1, r24	; 0x01

    while( *text )
    13e2:	0b c0       	rjmp	.+22     	; 0x13fa <LCD_WriteText+0x26>
        LCD_WriteData( *text++ );
    13e4:	89 81       	ldd	r24, Y+1	; 0x01
    13e6:	9a 81       	ldd	r25, Y+2	; 0x02
    13e8:	9c 01       	movw	r18, r24
    13ea:	2f 5f       	subi	r18, 0xFF	; 255
    13ec:	3f 4f       	sbci	r19, 0xFF	; 255
    13ee:	3a 83       	std	Y+2, r19	; 0x02
    13f0:	29 83       	std	Y+1, r18	; 0x01
    13f2:	fc 01       	movw	r30, r24
    13f4:	80 81       	ld	r24, Z
    13f6:	0e 94 c2 09 	call	0x1384	; 0x1384 <LCD_WriteData>
//
//-------------------------------------------------------------------------------------------------
void LCD_WriteText( char * text )
{

    while( *text )
    13fa:	89 81       	ldd	r24, Y+1	; 0x01
    13fc:	9a 81       	ldd	r25, Y+2	; 0x02
    13fe:	fc 01       	movw	r30, r24
    1400:	80 81       	ld	r24, Z
    1402:	88 23       	and	r24, r24
    1404:	79 f7       	brne	.-34     	; 0x13e4 <LCD_WriteText+0x10>
        LCD_WriteData( *text++ );
}
    1406:	0f 90       	pop	r0
    1408:	0f 90       	pop	r0
    140a:	df 91       	pop	r29
    140c:	cf 91       	pop	r28
    140e:	08 95       	ret

00001410 <LCD_GoTo>:
//
// Funkcja ustawienia wspó³rzêdnych ekranowych
//
//-------------------------------------------------------------------------------------------------
void LCD_GoTo( unsigned char x, unsigned char y )
{
    1410:	cf 93       	push	r28
    1412:	df 93       	push	r29
    1414:	00 d0       	rcall	.+0      	; 0x1416 <LCD_GoTo+0x6>
    1416:	cd b7       	in	r28, 0x3d	; 61
    1418:	de b7       	in	r29, 0x3e	; 62
    141a:	89 83       	std	Y+1, r24	; 0x01
    141c:	6a 83       	std	Y+2, r22	; 0x02

    LCD_WriteCommand( HD44780_DDRAM_SET | ( x + ( HD44780_CGRAM_SET * y ) ) );
    141e:	8a 81       	ldd	r24, Y+2	; 0x02
    1420:	98 2f       	mov	r25, r24
    1422:	92 95       	swap	r25
    1424:	99 0f       	add	r25, r25
    1426:	99 0f       	add	r25, r25
    1428:	90 7c       	andi	r25, 0xC0	; 192
    142a:	89 81       	ldd	r24, Y+1	; 0x01
    142c:	89 0f       	add	r24, r25
    142e:	80 68       	ori	r24, 0x80	; 128
    1430:	0e 94 9a 09 	call	0x1334	; 0x1334 <LCD_WriteCommand>

}
    1434:	0f 90       	pop	r0
    1436:	0f 90       	pop	r0
    1438:	df 91       	pop	r29
    143a:	cf 91       	pop	r28
    143c:	08 95       	ret

0000143e <LCD_Clear>:
//
// Funkcja czyszczenia ekranu wyświetlacza.
//
//-------------------------------------------------------------------------------------------------
void LCD_Clear( void )
{
    143e:	cf 93       	push	r28
    1440:	df 93       	push	r29
    1442:	cd b7       	in	r28, 0x3d	; 61
    1444:	de b7       	in	r29, 0x3e	; 62
    1446:	2e 97       	sbiw	r28, 0x0e	; 14
    1448:	0f b6       	in	r0, 0x3f	; 63
    144a:	f8 94       	cli
    144c:	de bf       	out	0x3e, r29	; 62
    144e:	0f be       	out	0x3f, r0	; 63
    1450:	cd bf       	out	0x3d, r28	; 61
    LCD_WriteCommand( HD44780_CLEAR );
    1452:	81 e0       	ldi	r24, 0x01	; 1
    1454:	0e 94 9a 09 	call	0x1334	; 0x1334 <LCD_WriteCommand>
    1458:	80 e0       	ldi	r24, 0x00	; 0
    145a:	90 e0       	ldi	r25, 0x00	; 0
    145c:	a0 e0       	ldi	r26, 0x00	; 0
    145e:	b0 e4       	ldi	r27, 0x40	; 64
    1460:	89 83       	std	Y+1, r24	; 0x01
    1462:	9a 83       	std	Y+2, r25	; 0x02
    1464:	ab 83       	std	Y+3, r26	; 0x03
    1466:	bc 83       	std	Y+4, r27	; 0x04

	__builtin_avr_delay_cycles(__ticks_dc);

#else
	uint16_t __ticks;
	__tmp = ((F_CPU) / 4e3) * __ms;
    1468:	20 e0       	ldi	r18, 0x00	; 0
    146a:	30 e0       	ldi	r19, 0x00	; 0
    146c:	4a e7       	ldi	r20, 0x7A	; 122
    146e:	55 e4       	ldi	r21, 0x45	; 69
    1470:	69 81       	ldd	r22, Y+1	; 0x01
    1472:	7a 81       	ldd	r23, Y+2	; 0x02
    1474:	8b 81       	ldd	r24, Y+3	; 0x03
    1476:	9c 81       	ldd	r25, Y+4	; 0x04
    1478:	0e 94 3d 35 	call	0x6a7a	; 0x6a7a <__mulsf3>
    147c:	dc 01       	movw	r26, r24
    147e:	cb 01       	movw	r24, r22
    1480:	8d 83       	std	Y+5, r24	; 0x05
    1482:	9e 83       	std	Y+6, r25	; 0x06
    1484:	af 83       	std	Y+7, r26	; 0x07
    1486:	b8 87       	std	Y+8, r27	; 0x08
	if (__tmp < 1.0)
    1488:	20 e0       	ldi	r18, 0x00	; 0
    148a:	30 e0       	ldi	r19, 0x00	; 0
    148c:	40 e8       	ldi	r20, 0x80	; 128
    148e:	5f e3       	ldi	r21, 0x3F	; 63
    1490:	6d 81       	ldd	r22, Y+5	; 0x05
    1492:	7e 81       	ldd	r23, Y+6	; 0x06
    1494:	8f 81       	ldd	r24, Y+7	; 0x07
    1496:	98 85       	ldd	r25, Y+8	; 0x08
    1498:	0e 94 ea 33 	call	0x67d4	; 0x67d4 <__cmpsf2>
    149c:	88 23       	and	r24, r24
    149e:	2c f4       	brge	.+10     	; 0x14aa <LCD_Clear+0x6c>
		__ticks = 1;
    14a0:	81 e0       	ldi	r24, 0x01	; 1
    14a2:	90 e0       	ldi	r25, 0x00	; 0
    14a4:	9a 87       	std	Y+10, r25	; 0x0a
    14a6:	89 87       	std	Y+9, r24	; 0x09
    14a8:	3f c0       	rjmp	.+126    	; 0x1528 <LCD_Clear+0xea>
	else if (__tmp > 65535)
    14aa:	20 e0       	ldi	r18, 0x00	; 0
    14ac:	3f ef       	ldi	r19, 0xFF	; 255
    14ae:	4f e7       	ldi	r20, 0x7F	; 127
    14b0:	57 e4       	ldi	r21, 0x47	; 71
    14b2:	6d 81       	ldd	r22, Y+5	; 0x05
    14b4:	7e 81       	ldd	r23, Y+6	; 0x06
    14b6:	8f 81       	ldd	r24, Y+7	; 0x07
    14b8:	98 85       	ldd	r25, Y+8	; 0x08
    14ba:	0e 94 39 35 	call	0x6a72	; 0x6a72 <__gesf2>
    14be:	18 16       	cp	r1, r24
    14c0:	4c f5       	brge	.+82     	; 0x1514 <LCD_Clear+0xd6>
	{
		//	__ticks = requested delay in 1/10 ms
		__ticks = (uint16_t) (__ms * 10.0);
    14c2:	20 e0       	ldi	r18, 0x00	; 0
    14c4:	30 e0       	ldi	r19, 0x00	; 0
    14c6:	40 e2       	ldi	r20, 0x20	; 32
    14c8:	51 e4       	ldi	r21, 0x41	; 65
    14ca:	69 81       	ldd	r22, Y+1	; 0x01
    14cc:	7a 81       	ldd	r23, Y+2	; 0x02
    14ce:	8b 81       	ldd	r24, Y+3	; 0x03
    14d0:	9c 81       	ldd	r25, Y+4	; 0x04
    14d2:	0e 94 3d 35 	call	0x6a7a	; 0x6a7a <__mulsf3>
    14d6:	dc 01       	movw	r26, r24
    14d8:	cb 01       	movw	r24, r22
    14da:	bc 01       	movw	r22, r24
    14dc:	cd 01       	movw	r24, r26
    14de:	0e 94 5b 34 	call	0x68b6	; 0x68b6 <__fixunssfsi>
    14e2:	dc 01       	movw	r26, r24
    14e4:	cb 01       	movw	r24, r22
    14e6:	9a 87       	std	Y+10, r25	; 0x0a
    14e8:	89 87       	std	Y+9, r24	; 0x09
    14ea:	0f c0       	rjmp	.+30     	; 0x150a <LCD_Clear+0xcc>
    14ec:	80 e9       	ldi	r24, 0x90	; 144
    14ee:	91 e0       	ldi	r25, 0x01	; 1
    14f0:	9c 87       	std	Y+12, r25	; 0x0c
    14f2:	8b 87       	std	Y+11, r24	; 0x0b
    milliseconds can be achieved.
 */
void
_delay_loop_2(uint16_t __count)
{
	__asm__ volatile (
    14f4:	8b 85       	ldd	r24, Y+11	; 0x0b
    14f6:	9c 85       	ldd	r25, Y+12	; 0x0c
    14f8:	01 97       	sbiw	r24, 0x01	; 1
    14fa:	f1 f7       	brne	.-4      	; 0x14f8 <LCD_Clear+0xba>
    14fc:	9c 87       	std	Y+12, r25	; 0x0c
    14fe:	8b 87       	std	Y+11, r24	; 0x0b
		while(__ticks)
		{
			// wait 1/10 ms
			_delay_loop_2(((F_CPU) / 4e3) / 10);
			__ticks --;
    1500:	89 85       	ldd	r24, Y+9	; 0x09
    1502:	9a 85       	ldd	r25, Y+10	; 0x0a
    1504:	01 97       	sbiw	r24, 0x01	; 1
    1506:	9a 87       	std	Y+10, r25	; 0x0a
    1508:	89 87       	std	Y+9, r24	; 0x09
		__ticks = 1;
	else if (__tmp > 65535)
	{
		//	__ticks = requested delay in 1/10 ms
		__ticks = (uint16_t) (__ms * 10.0);
		while(__ticks)
    150a:	89 85       	ldd	r24, Y+9	; 0x09
    150c:	9a 85       	ldd	r25, Y+10	; 0x0a
    150e:	00 97       	sbiw	r24, 0x00	; 0
    1510:	69 f7       	brne	.-38     	; 0x14ec <LCD_Clear+0xae>
    1512:	14 c0       	rjmp	.+40     	; 0x153c <LCD_Clear+0xfe>
			__ticks --;
		}
		return;
	}
	else
		__ticks = (uint16_t)__tmp;
    1514:	6d 81       	ldd	r22, Y+5	; 0x05
    1516:	7e 81       	ldd	r23, Y+6	; 0x06
    1518:	8f 81       	ldd	r24, Y+7	; 0x07
    151a:	98 85       	ldd	r25, Y+8	; 0x08
    151c:	0e 94 5b 34 	call	0x68b6	; 0x68b6 <__fixunssfsi>
    1520:	dc 01       	movw	r26, r24
    1522:	cb 01       	movw	r24, r22
    1524:	9a 87       	std	Y+10, r25	; 0x0a
    1526:	89 87       	std	Y+9, r24	; 0x09
    1528:	89 85       	ldd	r24, Y+9	; 0x09
    152a:	9a 85       	ldd	r25, Y+10	; 0x0a
    152c:	9e 87       	std	Y+14, r25	; 0x0e
    152e:	8d 87       	std	Y+13, r24	; 0x0d
    1530:	8d 85       	ldd	r24, Y+13	; 0x0d
    1532:	9e 85       	ldd	r25, Y+14	; 0x0e
    1534:	01 97       	sbiw	r24, 0x01	; 1
    1536:	f1 f7       	brne	.-4      	; 0x1534 <LCD_Clear+0xf6>
    1538:	9e 87       	std	Y+14, r25	; 0x0e
    153a:	8d 87       	std	Y+13, r24	; 0x0d
    _delay_ms( 2 );
}
    153c:	2e 96       	adiw	r28, 0x0e	; 14
    153e:	0f b6       	in	r0, 0x3f	; 63
    1540:	f8 94       	cli
    1542:	de bf       	out	0x3e, r29	; 62
    1544:	0f be       	out	0x3f, r0	; 63
    1546:	cd bf       	out	0x3d, r28	; 61
    1548:	df 91       	pop	r29
    154a:	cf 91       	pop	r28
    154c:	08 95       	ret

0000154e <LCD_Home>:
//
// Funkcja przywrócenia pocz¹tkowych wspó³rzêdnych wyœwietlacza.
//
//-------------------------------------------------------------------------------------------------
void LCD_Home( void )
{
    154e:	cf 93       	push	r28
    1550:	df 93       	push	r29
    1552:	cd b7       	in	r28, 0x3d	; 61
    1554:	de b7       	in	r29, 0x3e	; 62
    1556:	2e 97       	sbiw	r28, 0x0e	; 14
    1558:	0f b6       	in	r0, 0x3f	; 63
    155a:	f8 94       	cli
    155c:	de bf       	out	0x3e, r29	; 62
    155e:	0f be       	out	0x3f, r0	; 63
    1560:	cd bf       	out	0x3d, r28	; 61
    LCD_WriteCommand( HD44780_HOME );
    1562:	82 e0       	ldi	r24, 0x02	; 2
    1564:	0e 94 9a 09 	call	0x1334	; 0x1334 <LCD_WriteCommand>
    1568:	80 e0       	ldi	r24, 0x00	; 0
    156a:	90 e0       	ldi	r25, 0x00	; 0
    156c:	a0 e0       	ldi	r26, 0x00	; 0
    156e:	b0 e4       	ldi	r27, 0x40	; 64
    1570:	89 83       	std	Y+1, r24	; 0x01
    1572:	9a 83       	std	Y+2, r25	; 0x02
    1574:	ab 83       	std	Y+3, r26	; 0x03
    1576:	bc 83       	std	Y+4, r27	; 0x04

	__builtin_avr_delay_cycles(__ticks_dc);

#else
	uint16_t __ticks;
	__tmp = ((F_CPU) / 4e3) * __ms;
    1578:	20 e0       	ldi	r18, 0x00	; 0
    157a:	30 e0       	ldi	r19, 0x00	; 0
    157c:	4a e7       	ldi	r20, 0x7A	; 122
    157e:	55 e4       	ldi	r21, 0x45	; 69
    1580:	69 81       	ldd	r22, Y+1	; 0x01
    1582:	7a 81       	ldd	r23, Y+2	; 0x02
    1584:	8b 81       	ldd	r24, Y+3	; 0x03
    1586:	9c 81       	ldd	r25, Y+4	; 0x04
    1588:	0e 94 3d 35 	call	0x6a7a	; 0x6a7a <__mulsf3>
    158c:	dc 01       	movw	r26, r24
    158e:	cb 01       	movw	r24, r22
    1590:	8d 83       	std	Y+5, r24	; 0x05
    1592:	9e 83       	std	Y+6, r25	; 0x06
    1594:	af 83       	std	Y+7, r26	; 0x07
    1596:	b8 87       	std	Y+8, r27	; 0x08
	if (__tmp < 1.0)
    1598:	20 e0       	ldi	r18, 0x00	; 0
    159a:	30 e0       	ldi	r19, 0x00	; 0
    159c:	40 e8       	ldi	r20, 0x80	; 128
    159e:	5f e3       	ldi	r21, 0x3F	; 63
    15a0:	6d 81       	ldd	r22, Y+5	; 0x05
    15a2:	7e 81       	ldd	r23, Y+6	; 0x06
    15a4:	8f 81       	ldd	r24, Y+7	; 0x07
    15a6:	98 85       	ldd	r25, Y+8	; 0x08
    15a8:	0e 94 ea 33 	call	0x67d4	; 0x67d4 <__cmpsf2>
    15ac:	88 23       	and	r24, r24
    15ae:	2c f4       	brge	.+10     	; 0x15ba <LCD_Home+0x6c>
		__ticks = 1;
    15b0:	81 e0       	ldi	r24, 0x01	; 1
    15b2:	90 e0       	ldi	r25, 0x00	; 0
    15b4:	9a 87       	std	Y+10, r25	; 0x0a
    15b6:	89 87       	std	Y+9, r24	; 0x09
    15b8:	3f c0       	rjmp	.+126    	; 0x1638 <LCD_Home+0xea>
	else if (__tmp > 65535)
    15ba:	20 e0       	ldi	r18, 0x00	; 0
    15bc:	3f ef       	ldi	r19, 0xFF	; 255
    15be:	4f e7       	ldi	r20, 0x7F	; 127
    15c0:	57 e4       	ldi	r21, 0x47	; 71
    15c2:	6d 81       	ldd	r22, Y+5	; 0x05
    15c4:	7e 81       	ldd	r23, Y+6	; 0x06
    15c6:	8f 81       	ldd	r24, Y+7	; 0x07
    15c8:	98 85       	ldd	r25, Y+8	; 0x08
    15ca:	0e 94 39 35 	call	0x6a72	; 0x6a72 <__gesf2>
    15ce:	18 16       	cp	r1, r24
    15d0:	4c f5       	brge	.+82     	; 0x1624 <LCD_Home+0xd6>
	{
		//	__ticks = requested delay in 1/10 ms
		__ticks = (uint16_t) (__ms * 10.0);
    15d2:	20 e0       	ldi	r18, 0x00	; 0
    15d4:	30 e0       	ldi	r19, 0x00	; 0
    15d6:	40 e2       	ldi	r20, 0x20	; 32
    15d8:	51 e4       	ldi	r21, 0x41	; 65
    15da:	69 81       	ldd	r22, Y+1	; 0x01
    15dc:	7a 81       	ldd	r23, Y+2	; 0x02
    15de:	8b 81       	ldd	r24, Y+3	; 0x03
    15e0:	9c 81       	ldd	r25, Y+4	; 0x04
    15e2:	0e 94 3d 35 	call	0x6a7a	; 0x6a7a <__mulsf3>
    15e6:	dc 01       	movw	r26, r24
    15e8:	cb 01       	movw	r24, r22
    15ea:	bc 01       	movw	r22, r24
    15ec:	cd 01       	movw	r24, r26
    15ee:	0e 94 5b 34 	call	0x68b6	; 0x68b6 <__fixunssfsi>
    15f2:	dc 01       	movw	r26, r24
    15f4:	cb 01       	movw	r24, r22
    15f6:	9a 87       	std	Y+10, r25	; 0x0a
    15f8:	89 87       	std	Y+9, r24	; 0x09
    15fa:	0f c0       	rjmp	.+30     	; 0x161a <LCD_Home+0xcc>
    15fc:	80 e9       	ldi	r24, 0x90	; 144
    15fe:	91 e0       	ldi	r25, 0x01	; 1
    1600:	9c 87       	std	Y+12, r25	; 0x0c
    1602:	8b 87       	std	Y+11, r24	; 0x0b
    1604:	8b 85       	ldd	r24, Y+11	; 0x0b
    1606:	9c 85       	ldd	r25, Y+12	; 0x0c
    1608:	01 97       	sbiw	r24, 0x01	; 1
    160a:	f1 f7       	brne	.-4      	; 0x1608 <LCD_Home+0xba>
    160c:	9c 87       	std	Y+12, r25	; 0x0c
    160e:	8b 87       	std	Y+11, r24	; 0x0b
		while(__ticks)
		{
			// wait 1/10 ms
			_delay_loop_2(((F_CPU) / 4e3) / 10);
			__ticks --;
    1610:	89 85       	ldd	r24, Y+9	; 0x09
    1612:	9a 85       	ldd	r25, Y+10	; 0x0a
    1614:	01 97       	sbiw	r24, 0x01	; 1
    1616:	9a 87       	std	Y+10, r25	; 0x0a
    1618:	89 87       	std	Y+9, r24	; 0x09
		__ticks = 1;
	else if (__tmp > 65535)
	{
		//	__ticks = requested delay in 1/10 ms
		__ticks = (uint16_t) (__ms * 10.0);
		while(__ticks)
    161a:	89 85       	ldd	r24, Y+9	; 0x09
    161c:	9a 85       	ldd	r25, Y+10	; 0x0a
    161e:	00 97       	sbiw	r24, 0x00	; 0
    1620:	69 f7       	brne	.-38     	; 0x15fc <LCD_Home+0xae>
    1622:	14 c0       	rjmp	.+40     	; 0x164c <LCD_Home+0xfe>
			__ticks --;
		}
		return;
	}
	else
		__ticks = (uint16_t)__tmp;
    1624:	6d 81       	ldd	r22, Y+5	; 0x05
    1626:	7e 81       	ldd	r23, Y+6	; 0x06
    1628:	8f 81       	ldd	r24, Y+7	; 0x07
    162a:	98 85       	ldd	r25, Y+8	; 0x08
    162c:	0e 94 5b 34 	call	0x68b6	; 0x68b6 <__fixunssfsi>
    1630:	dc 01       	movw	r26, r24
    1632:	cb 01       	movw	r24, r22
    1634:	9a 87       	std	Y+10, r25	; 0x0a
    1636:	89 87       	std	Y+9, r24	; 0x09
    1638:	89 85       	ldd	r24, Y+9	; 0x09
    163a:	9a 85       	ldd	r25, Y+10	; 0x0a
    163c:	9e 87       	std	Y+14, r25	; 0x0e
    163e:	8d 87       	std	Y+13, r24	; 0x0d
    1640:	8d 85       	ldd	r24, Y+13	; 0x0d
    1642:	9e 85       	ldd	r25, Y+14	; 0x0e
    1644:	01 97       	sbiw	r24, 0x01	; 1
    1646:	f1 f7       	brne	.-4      	; 0x1644 <LCD_Home+0xf6>
    1648:	9e 87       	std	Y+14, r25	; 0x0e
    164a:	8d 87       	std	Y+13, r24	; 0x0d
    _delay_ms( 2 );
}
    164c:	2e 96       	adiw	r28, 0x0e	; 14
    164e:	0f b6       	in	r0, 0x3f	; 63
    1650:	f8 94       	cli
    1652:	de bf       	out	0x3e, r29	; 62
    1654:	0f be       	out	0x3f, r0	; 63
    1656:	cd bf       	out	0x3d, r28	; 61
    1658:	df 91       	pop	r29
    165a:	cf 91       	pop	r28
    165c:	08 95       	ret

0000165e <LCD_Initalize>:
//
// Procedura inicjalizacji kontrolera HD44780.
//
//-------------------------------------------------------------------------------------------------
void LCD_Initalize( void )
{
    165e:	cf 93       	push	r28
    1660:	df 93       	push	r29
    1662:	cd b7       	in	r28, 0x3d	; 61
    1664:	de b7       	in	r29, 0x3e	; 62
    1666:	ab 97       	sbiw	r28, 0x2b	; 43
    1668:	0f b6       	in	r0, 0x3f	; 63
    166a:	f8 94       	cli
    166c:	de bf       	out	0x3e, r29	; 62
    166e:	0f be       	out	0x3f, r0	; 63
    1670:	cd bf       	out	0x3d, r28	; 61
    unsigned char i;
    LCD_DB4_DIR |= LCD_DB4; // Konfiguracja kierunku pracy wyprowadzeñ
    1672:	8a e3       	ldi	r24, 0x3A	; 58
    1674:	90 e0       	ldi	r25, 0x00	; 0
    1676:	2a e3       	ldi	r18, 0x3A	; 58
    1678:	30 e0       	ldi	r19, 0x00	; 0
    167a:	f9 01       	movw	r30, r18
    167c:	20 81       	ld	r18, Z
    167e:	20 61       	ori	r18, 0x10	; 16
    1680:	fc 01       	movw	r30, r24
    1682:	20 83       	st	Z, r18
    LCD_DB5_DIR |= LCD_DB5; //
    1684:	8a e3       	ldi	r24, 0x3A	; 58
    1686:	90 e0       	ldi	r25, 0x00	; 0
    1688:	2a e3       	ldi	r18, 0x3A	; 58
    168a:	30 e0       	ldi	r19, 0x00	; 0
    168c:	f9 01       	movw	r30, r18
    168e:	20 81       	ld	r18, Z
    1690:	20 62       	ori	r18, 0x20	; 32
    1692:	fc 01       	movw	r30, r24
    1694:	20 83       	st	Z, r18
    LCD_DB6_DIR |= LCD_DB6; //
    1696:	8a e3       	ldi	r24, 0x3A	; 58
    1698:	90 e0       	ldi	r25, 0x00	; 0
    169a:	2a e3       	ldi	r18, 0x3A	; 58
    169c:	30 e0       	ldi	r19, 0x00	; 0
    169e:	f9 01       	movw	r30, r18
    16a0:	20 81       	ld	r18, Z
    16a2:	20 64       	ori	r18, 0x40	; 64
    16a4:	fc 01       	movw	r30, r24
    16a6:	20 83       	st	Z, r18
    LCD_DB7_DIR |= LCD_DB7; //
    16a8:	8a e3       	ldi	r24, 0x3A	; 58
    16aa:	90 e0       	ldi	r25, 0x00	; 0
    16ac:	2a e3       	ldi	r18, 0x3A	; 58
    16ae:	30 e0       	ldi	r19, 0x00	; 0
    16b0:	f9 01       	movw	r30, r18
    16b2:	20 81       	ld	r18, Z
    16b4:	20 68       	ori	r18, 0x80	; 128
    16b6:	fc 01       	movw	r30, r24
    16b8:	20 83       	st	Z, r18
    LCD_E_DIR 	|= LCD_E;   //
    16ba:	8a e3       	ldi	r24, 0x3A	; 58
    16bc:	90 e0       	ldi	r25, 0x00	; 0
    16be:	2a e3       	ldi	r18, 0x3A	; 58
    16c0:	30 e0       	ldi	r19, 0x00	; 0
    16c2:	f9 01       	movw	r30, r18
    16c4:	20 81       	ld	r18, Z
    16c6:	28 60       	ori	r18, 0x08	; 8
    16c8:	fc 01       	movw	r30, r24
    16ca:	20 83       	st	Z, r18
    LCD_RS_DIR 	|= LCD_RS;  //
    16cc:	8a e3       	ldi	r24, 0x3A	; 58
    16ce:	90 e0       	ldi	r25, 0x00	; 0
    16d0:	2a e3       	ldi	r18, 0x3A	; 58
    16d2:	30 e0       	ldi	r19, 0x00	; 0
    16d4:	f9 01       	movw	r30, r18
    16d6:	20 81       	ld	r18, Z
    16d8:	22 60       	ori	r18, 0x02	; 2
    16da:	fc 01       	movw	r30, r24
    16dc:	20 83       	st	Z, r18
#if USE_RW == 1
    LCD_RW_DIR 	|= LCD_RW;  //
    16de:	8a e3       	ldi	r24, 0x3A	; 58
    16e0:	90 e0       	ldi	r25, 0x00	; 0
    16e2:	2a e3       	ldi	r18, 0x3A	; 58
    16e4:	30 e0       	ldi	r19, 0x00	; 0
    16e6:	f9 01       	movw	r30, r18
    16e8:	20 81       	ld	r18, Z
    16ea:	24 60       	ori	r18, 0x04	; 4
    16ec:	fc 01       	movw	r30, r24
    16ee:	20 83       	st	Z, r18
    16f0:	80 e0       	ldi	r24, 0x00	; 0
    16f2:	90 e0       	ldi	r25, 0x00	; 0
    16f4:	a0 e7       	ldi	r26, 0x70	; 112
    16f6:	b1 e4       	ldi	r27, 0x41	; 65
    16f8:	8a 83       	std	Y+2, r24	; 0x02
    16fa:	9b 83       	std	Y+3, r25	; 0x03
    16fc:	ac 83       	std	Y+4, r26	; 0x04
    16fe:	bd 83       	std	Y+5, r27	; 0x05

	__builtin_avr_delay_cycles(__ticks_dc);

#else
	uint16_t __ticks;
	__tmp = ((F_CPU) / 4e3) * __ms;
    1700:	20 e0       	ldi	r18, 0x00	; 0
    1702:	30 e0       	ldi	r19, 0x00	; 0
    1704:	4a e7       	ldi	r20, 0x7A	; 122
    1706:	55 e4       	ldi	r21, 0x45	; 69
    1708:	6a 81       	ldd	r22, Y+2	; 0x02
    170a:	7b 81       	ldd	r23, Y+3	; 0x03
    170c:	8c 81       	ldd	r24, Y+4	; 0x04
    170e:	9d 81       	ldd	r25, Y+5	; 0x05
    1710:	0e 94 3d 35 	call	0x6a7a	; 0x6a7a <__mulsf3>
    1714:	dc 01       	movw	r26, r24
    1716:	cb 01       	movw	r24, r22
    1718:	8e 83       	std	Y+6, r24	; 0x06
    171a:	9f 83       	std	Y+7, r25	; 0x07
    171c:	a8 87       	std	Y+8, r26	; 0x08
    171e:	b9 87       	std	Y+9, r27	; 0x09
	if (__tmp < 1.0)
    1720:	20 e0       	ldi	r18, 0x00	; 0
    1722:	30 e0       	ldi	r19, 0x00	; 0
    1724:	40 e8       	ldi	r20, 0x80	; 128
    1726:	5f e3       	ldi	r21, 0x3F	; 63
    1728:	6e 81       	ldd	r22, Y+6	; 0x06
    172a:	7f 81       	ldd	r23, Y+7	; 0x07
    172c:	88 85       	ldd	r24, Y+8	; 0x08
    172e:	99 85       	ldd	r25, Y+9	; 0x09
    1730:	0e 94 ea 33 	call	0x67d4	; 0x67d4 <__cmpsf2>
    1734:	88 23       	and	r24, r24
    1736:	2c f4       	brge	.+10     	; 0x1742 <LCD_Initalize+0xe4>
		__ticks = 1;
    1738:	81 e0       	ldi	r24, 0x01	; 1
    173a:	90 e0       	ldi	r25, 0x00	; 0
    173c:	9b 87       	std	Y+11, r25	; 0x0b
    173e:	8a 87       	std	Y+10, r24	; 0x0a
    1740:	3f c0       	rjmp	.+126    	; 0x17c0 <LCD_Initalize+0x162>
	else if (__tmp > 65535)
    1742:	20 e0       	ldi	r18, 0x00	; 0
    1744:	3f ef       	ldi	r19, 0xFF	; 255
    1746:	4f e7       	ldi	r20, 0x7F	; 127
    1748:	57 e4       	ldi	r21, 0x47	; 71
    174a:	6e 81       	ldd	r22, Y+6	; 0x06
    174c:	7f 81       	ldd	r23, Y+7	; 0x07
    174e:	88 85       	ldd	r24, Y+8	; 0x08
    1750:	99 85       	ldd	r25, Y+9	; 0x09
    1752:	0e 94 39 35 	call	0x6a72	; 0x6a72 <__gesf2>
    1756:	18 16       	cp	r1, r24
    1758:	4c f5       	brge	.+82     	; 0x17ac <LCD_Initalize+0x14e>
	{
		//	__ticks = requested delay in 1/10 ms
		__ticks = (uint16_t) (__ms * 10.0);
    175a:	20 e0       	ldi	r18, 0x00	; 0
    175c:	30 e0       	ldi	r19, 0x00	; 0
    175e:	40 e2       	ldi	r20, 0x20	; 32
    1760:	51 e4       	ldi	r21, 0x41	; 65
    1762:	6a 81       	ldd	r22, Y+2	; 0x02
    1764:	7b 81       	ldd	r23, Y+3	; 0x03
    1766:	8c 81       	ldd	r24, Y+4	; 0x04
    1768:	9d 81       	ldd	r25, Y+5	; 0x05
    176a:	0e 94 3d 35 	call	0x6a7a	; 0x6a7a <__mulsf3>
    176e:	dc 01       	movw	r26, r24
    1770:	cb 01       	movw	r24, r22
    1772:	bc 01       	movw	r22, r24
    1774:	cd 01       	movw	r24, r26
    1776:	0e 94 5b 34 	call	0x68b6	; 0x68b6 <__fixunssfsi>
    177a:	dc 01       	movw	r26, r24
    177c:	cb 01       	movw	r24, r22
    177e:	9b 87       	std	Y+11, r25	; 0x0b
    1780:	8a 87       	std	Y+10, r24	; 0x0a
    1782:	0f c0       	rjmp	.+30     	; 0x17a2 <LCD_Initalize+0x144>
    1784:	80 e9       	ldi	r24, 0x90	; 144
    1786:	91 e0       	ldi	r25, 0x01	; 1
    1788:	9d 87       	std	Y+13, r25	; 0x0d
    178a:	8c 87       	std	Y+12, r24	; 0x0c
    178c:	8c 85       	ldd	r24, Y+12	; 0x0c
    178e:	9d 85       	ldd	r25, Y+13	; 0x0d
    1790:	01 97       	sbiw	r24, 0x01	; 1
    1792:	f1 f7       	brne	.-4      	; 0x1790 <LCD_Initalize+0x132>
    1794:	9d 87       	std	Y+13, r25	; 0x0d
    1796:	8c 87       	std	Y+12, r24	; 0x0c
		while(__ticks)
		{
			// wait 1/10 ms
			_delay_loop_2(((F_CPU) / 4e3) / 10);
			__ticks --;
    1798:	8a 85       	ldd	r24, Y+10	; 0x0a
    179a:	9b 85       	ldd	r25, Y+11	; 0x0b
    179c:	01 97       	sbiw	r24, 0x01	; 1
    179e:	9b 87       	std	Y+11, r25	; 0x0b
    17a0:	8a 87       	std	Y+10, r24	; 0x0a
		__ticks = 1;
	else if (__tmp > 65535)
	{
		//	__ticks = requested delay in 1/10 ms
		__ticks = (uint16_t) (__ms * 10.0);
		while(__ticks)
    17a2:	8a 85       	ldd	r24, Y+10	; 0x0a
    17a4:	9b 85       	ldd	r25, Y+11	; 0x0b
    17a6:	00 97       	sbiw	r24, 0x00	; 0
    17a8:	69 f7       	brne	.-38     	; 0x1784 <LCD_Initalize+0x126>
    17aa:	14 c0       	rjmp	.+40     	; 0x17d4 <LCD_Initalize+0x176>
			__ticks --;
		}
		return;
	}
	else
		__ticks = (uint16_t)__tmp;
    17ac:	6e 81       	ldd	r22, Y+6	; 0x06
    17ae:	7f 81       	ldd	r23, Y+7	; 0x07
    17b0:	88 85       	ldd	r24, Y+8	; 0x08
    17b2:	99 85       	ldd	r25, Y+9	; 0x09
    17b4:	0e 94 5b 34 	call	0x68b6	; 0x68b6 <__fixunssfsi>
    17b8:	dc 01       	movw	r26, r24
    17ba:	cb 01       	movw	r24, r22
    17bc:	9b 87       	std	Y+11, r25	; 0x0b
    17be:	8a 87       	std	Y+10, r24	; 0x0a
    17c0:	8a 85       	ldd	r24, Y+10	; 0x0a
    17c2:	9b 85       	ldd	r25, Y+11	; 0x0b
    17c4:	9f 87       	std	Y+15, r25	; 0x0f
    17c6:	8e 87       	std	Y+14, r24	; 0x0e
    17c8:	8e 85       	ldd	r24, Y+14	; 0x0e
    17ca:	9f 85       	ldd	r25, Y+15	; 0x0f
    17cc:	01 97       	sbiw	r24, 0x01	; 1
    17ce:	f1 f7       	brne	.-4      	; 0x17cc <LCD_Initalize+0x16e>
    17d0:	9f 87       	std	Y+15, r25	; 0x0f
    17d2:	8e 87       	std	Y+14, r24	; 0x0e
#endif // USE_RW
    _delay_ms( 15 ); // oczekiwanie na ustalibizowanie się napiecia zasilajacego
    LCD_RS_PORT &= ~LCD_RS; // wyzerowanie linii RS
    17d4:	8b e3       	ldi	r24, 0x3B	; 59
    17d6:	90 e0       	ldi	r25, 0x00	; 0
    17d8:	2b e3       	ldi	r18, 0x3B	; 59
    17da:	30 e0       	ldi	r19, 0x00	; 0
    17dc:	f9 01       	movw	r30, r18
    17de:	20 81       	ld	r18, Z
    17e0:	2d 7f       	andi	r18, 0xFD	; 253
    17e2:	fc 01       	movw	r30, r24
    17e4:	20 83       	st	Z, r18
    LCD_E_PORT &= ~LCD_E;  // wyzerowanie linii E
    17e6:	8b e3       	ldi	r24, 0x3B	; 59
    17e8:	90 e0       	ldi	r25, 0x00	; 0
    17ea:	2b e3       	ldi	r18, 0x3B	; 59
    17ec:	30 e0       	ldi	r19, 0x00	; 0
    17ee:	f9 01       	movw	r30, r18
    17f0:	20 81       	ld	r18, Z
    17f2:	27 7f       	andi	r18, 0xF7	; 247
    17f4:	fc 01       	movw	r30, r24
    17f6:	20 83       	st	Z, r18
#if USE_RW == 1
    LCD_RW_PORT &= ~LCD_RW;
    17f8:	8b e3       	ldi	r24, 0x3B	; 59
    17fa:	90 e0       	ldi	r25, 0x00	; 0
    17fc:	2b e3       	ldi	r18, 0x3B	; 59
    17fe:	30 e0       	ldi	r19, 0x00	; 0
    1800:	f9 01       	movw	r30, r18
    1802:	20 81       	ld	r18, Z
    1804:	2b 7f       	andi	r18, 0xFB	; 251
    1806:	fc 01       	movw	r30, r24
    1808:	20 83       	st	Z, r18
#endif // USE_RW
    for( i = 0; i < 3; ++i ) // trzykrotne powtórzenie bloku instrukcji
    180a:	19 82       	std	Y+1, r1	; 0x01
    180c:	8a c0       	rjmp	.+276    	; 0x1922 <LCD_Initalize+0x2c4>
    {
        LCD_E_PORT |= LCD_E; //  E = 1
    180e:	8b e3       	ldi	r24, 0x3B	; 59
    1810:	90 e0       	ldi	r25, 0x00	; 0
    1812:	2b e3       	ldi	r18, 0x3B	; 59
    1814:	30 e0       	ldi	r19, 0x00	; 0
    1816:	f9 01       	movw	r30, r18
    1818:	20 81       	ld	r18, Z
    181a:	28 60       	ori	r18, 0x08	; 8
    181c:	fc 01       	movw	r30, r24
    181e:	20 83       	st	Z, r18
        _LCD_OutNibble( 0x03 ); // tryb 8-bitowy
    1820:	83 e0       	ldi	r24, 0x03	; 3
    1822:	0e 94 1d 07 	call	0xe3a	; 0xe3a <_LCD_OutNibble>
        LCD_E_PORT &= ~LCD_E; // E = 0
    1826:	8b e3       	ldi	r24, 0x3B	; 59
    1828:	90 e0       	ldi	r25, 0x00	; 0
    182a:	2b e3       	ldi	r18, 0x3B	; 59
    182c:	30 e0       	ldi	r19, 0x00	; 0
    182e:	f9 01       	movw	r30, r18
    1830:	20 81       	ld	r18, Z
    1832:	27 7f       	andi	r18, 0xF7	; 247
    1834:	fc 01       	movw	r30, r24
    1836:	20 83       	st	Z, r18
    1838:	80 e0       	ldi	r24, 0x00	; 0
    183a:	90 e0       	ldi	r25, 0x00	; 0
    183c:	a0 ea       	ldi	r26, 0xA0	; 160
    183e:	b0 e4       	ldi	r27, 0x40	; 64
    1840:	88 8b       	std	Y+16, r24	; 0x10
    1842:	99 8b       	std	Y+17, r25	; 0x11
    1844:	aa 8b       	std	Y+18, r26	; 0x12
    1846:	bb 8b       	std	Y+19, r27	; 0x13

	__builtin_avr_delay_cycles(__ticks_dc);

#else
	uint16_t __ticks;
	__tmp = ((F_CPU) / 4e3) * __ms;
    1848:	20 e0       	ldi	r18, 0x00	; 0
    184a:	30 e0       	ldi	r19, 0x00	; 0
    184c:	4a e7       	ldi	r20, 0x7A	; 122
    184e:	55 e4       	ldi	r21, 0x45	; 69
    1850:	68 89       	ldd	r22, Y+16	; 0x10
    1852:	79 89       	ldd	r23, Y+17	; 0x11
    1854:	8a 89       	ldd	r24, Y+18	; 0x12
    1856:	9b 89       	ldd	r25, Y+19	; 0x13
    1858:	0e 94 3d 35 	call	0x6a7a	; 0x6a7a <__mulsf3>
    185c:	dc 01       	movw	r26, r24
    185e:	cb 01       	movw	r24, r22
    1860:	8c 8b       	std	Y+20, r24	; 0x14
    1862:	9d 8b       	std	Y+21, r25	; 0x15
    1864:	ae 8b       	std	Y+22, r26	; 0x16
    1866:	bf 8b       	std	Y+23, r27	; 0x17
	if (__tmp < 1.0)
    1868:	20 e0       	ldi	r18, 0x00	; 0
    186a:	30 e0       	ldi	r19, 0x00	; 0
    186c:	40 e8       	ldi	r20, 0x80	; 128
    186e:	5f e3       	ldi	r21, 0x3F	; 63
    1870:	6c 89       	ldd	r22, Y+20	; 0x14
    1872:	7d 89       	ldd	r23, Y+21	; 0x15
    1874:	8e 89       	ldd	r24, Y+22	; 0x16
    1876:	9f 89       	ldd	r25, Y+23	; 0x17
    1878:	0e 94 ea 33 	call	0x67d4	; 0x67d4 <__cmpsf2>
    187c:	88 23       	and	r24, r24
    187e:	2c f4       	brge	.+10     	; 0x188a <LCD_Initalize+0x22c>
		__ticks = 1;
    1880:	81 e0       	ldi	r24, 0x01	; 1
    1882:	90 e0       	ldi	r25, 0x00	; 0
    1884:	99 8f       	std	Y+25, r25	; 0x19
    1886:	88 8f       	std	Y+24, r24	; 0x18
    1888:	3f c0       	rjmp	.+126    	; 0x1908 <LCD_Initalize+0x2aa>
	else if (__tmp > 65535)
    188a:	20 e0       	ldi	r18, 0x00	; 0
    188c:	3f ef       	ldi	r19, 0xFF	; 255
    188e:	4f e7       	ldi	r20, 0x7F	; 127
    1890:	57 e4       	ldi	r21, 0x47	; 71
    1892:	6c 89       	ldd	r22, Y+20	; 0x14
    1894:	7d 89       	ldd	r23, Y+21	; 0x15
    1896:	8e 89       	ldd	r24, Y+22	; 0x16
    1898:	9f 89       	ldd	r25, Y+23	; 0x17
    189a:	0e 94 39 35 	call	0x6a72	; 0x6a72 <__gesf2>
    189e:	18 16       	cp	r1, r24
    18a0:	4c f5       	brge	.+82     	; 0x18f4 <LCD_Initalize+0x296>
	{
		//	__ticks = requested delay in 1/10 ms
		__ticks = (uint16_t) (__ms * 10.0);
    18a2:	20 e0       	ldi	r18, 0x00	; 0
    18a4:	30 e0       	ldi	r19, 0x00	; 0
    18a6:	40 e2       	ldi	r20, 0x20	; 32
    18a8:	51 e4       	ldi	r21, 0x41	; 65
    18aa:	68 89       	ldd	r22, Y+16	; 0x10
    18ac:	79 89       	ldd	r23, Y+17	; 0x11
    18ae:	8a 89       	ldd	r24, Y+18	; 0x12
    18b0:	9b 89       	ldd	r25, Y+19	; 0x13
    18b2:	0e 94 3d 35 	call	0x6a7a	; 0x6a7a <__mulsf3>
    18b6:	dc 01       	movw	r26, r24
    18b8:	cb 01       	movw	r24, r22
    18ba:	bc 01       	movw	r22, r24
    18bc:	cd 01       	movw	r24, r26
    18be:	0e 94 5b 34 	call	0x68b6	; 0x68b6 <__fixunssfsi>
    18c2:	dc 01       	movw	r26, r24
    18c4:	cb 01       	movw	r24, r22
    18c6:	99 8f       	std	Y+25, r25	; 0x19
    18c8:	88 8f       	std	Y+24, r24	; 0x18
    18ca:	0f c0       	rjmp	.+30     	; 0x18ea <LCD_Initalize+0x28c>
    18cc:	80 e9       	ldi	r24, 0x90	; 144
    18ce:	91 e0       	ldi	r25, 0x01	; 1
    18d0:	9b 8f       	std	Y+27, r25	; 0x1b
    18d2:	8a 8f       	std	Y+26, r24	; 0x1a
    18d4:	8a 8d       	ldd	r24, Y+26	; 0x1a
    18d6:	9b 8d       	ldd	r25, Y+27	; 0x1b
    18d8:	01 97       	sbiw	r24, 0x01	; 1
    18da:	f1 f7       	brne	.-4      	; 0x18d8 <LCD_Initalize+0x27a>
    18dc:	9b 8f       	std	Y+27, r25	; 0x1b
    18de:	8a 8f       	std	Y+26, r24	; 0x1a
		while(__ticks)
		{
			// wait 1/10 ms
			_delay_loop_2(((F_CPU) / 4e3) / 10);
			__ticks --;
    18e0:	88 8d       	ldd	r24, Y+24	; 0x18
    18e2:	99 8d       	ldd	r25, Y+25	; 0x19
    18e4:	01 97       	sbiw	r24, 0x01	; 1
    18e6:	99 8f       	std	Y+25, r25	; 0x19
    18e8:	88 8f       	std	Y+24, r24	; 0x18
		__ticks = 1;
	else if (__tmp > 65535)
	{
		//	__ticks = requested delay in 1/10 ms
		__ticks = (uint16_t) (__ms * 10.0);
		while(__ticks)
    18ea:	88 8d       	ldd	r24, Y+24	; 0x18
    18ec:	99 8d       	ldd	r25, Y+25	; 0x19
    18ee:	00 97       	sbiw	r24, 0x00	; 0
    18f0:	69 f7       	brne	.-38     	; 0x18cc <LCD_Initalize+0x26e>
    18f2:	14 c0       	rjmp	.+40     	; 0x191c <LCD_Initalize+0x2be>
			__ticks --;
		}
		return;
	}
	else
		__ticks = (uint16_t)__tmp;
    18f4:	6c 89       	ldd	r22, Y+20	; 0x14
    18f6:	7d 89       	ldd	r23, Y+21	; 0x15
    18f8:	8e 89       	ldd	r24, Y+22	; 0x16
    18fa:	9f 89       	ldd	r25, Y+23	; 0x17
    18fc:	0e 94 5b 34 	call	0x68b6	; 0x68b6 <__fixunssfsi>
    1900:	dc 01       	movw	r26, r24
    1902:	cb 01       	movw	r24, r22
    1904:	99 8f       	std	Y+25, r25	; 0x19
    1906:	88 8f       	std	Y+24, r24	; 0x18
    1908:	88 8d       	ldd	r24, Y+24	; 0x18
    190a:	99 8d       	ldd	r25, Y+25	; 0x19
    190c:	9d 8f       	std	Y+29, r25	; 0x1d
    190e:	8c 8f       	std	Y+28, r24	; 0x1c
    1910:	8c 8d       	ldd	r24, Y+28	; 0x1c
    1912:	9d 8d       	ldd	r25, Y+29	; 0x1d
    1914:	01 97       	sbiw	r24, 0x01	; 1
    1916:	f1 f7       	brne	.-4      	; 0x1914 <LCD_Initalize+0x2b6>
    1918:	9d 8f       	std	Y+29, r25	; 0x1d
    191a:	8c 8f       	std	Y+28, r24	; 0x1c
    LCD_RS_PORT &= ~LCD_RS; // wyzerowanie linii RS
    LCD_E_PORT &= ~LCD_E;  // wyzerowanie linii E
#if USE_RW == 1
    LCD_RW_PORT &= ~LCD_RW;
#endif // USE_RW
    for( i = 0; i < 3; ++i ) // trzykrotne powtórzenie bloku instrukcji
    191c:	89 81       	ldd	r24, Y+1	; 0x01
    191e:	8f 5f       	subi	r24, 0xFF	; 255
    1920:	89 83       	std	Y+1, r24	; 0x01
    1922:	89 81       	ldd	r24, Y+1	; 0x01
    1924:	83 30       	cpi	r24, 0x03	; 3
    1926:	08 f4       	brcc	.+2      	; 0x192a <LCD_Initalize+0x2cc>
    1928:	72 cf       	rjmp	.-284    	; 0x180e <LCD_Initalize+0x1b0>
        _LCD_OutNibble( 0x03 ); // tryb 8-bitowy
        LCD_E_PORT &= ~LCD_E; // E = 0
        _delay_ms( 5 ); // czekaj 5ms
    }

    LCD_E_PORT |= LCD_E; // E = 1
    192a:	8b e3       	ldi	r24, 0x3B	; 59
    192c:	90 e0       	ldi	r25, 0x00	; 0
    192e:	2b e3       	ldi	r18, 0x3B	; 59
    1930:	30 e0       	ldi	r19, 0x00	; 0
    1932:	f9 01       	movw	r30, r18
    1934:	20 81       	ld	r18, Z
    1936:	28 60       	ori	r18, 0x08	; 8
    1938:	fc 01       	movw	r30, r24
    193a:	20 83       	st	Z, r18
    _LCD_OutNibble( 0x02 ); // tryb 4-bitowy
    193c:	82 e0       	ldi	r24, 0x02	; 2
    193e:	0e 94 1d 07 	call	0xe3a	; 0xe3a <_LCD_OutNibble>
    LCD_E_PORT &= ~LCD_E; // E = 0
    1942:	8b e3       	ldi	r24, 0x3B	; 59
    1944:	90 e0       	ldi	r25, 0x00	; 0
    1946:	2b e3       	ldi	r18, 0x3B	; 59
    1948:	30 e0       	ldi	r19, 0x00	; 0
    194a:	f9 01       	movw	r30, r18
    194c:	20 81       	ld	r18, Z
    194e:	27 7f       	andi	r18, 0xF7	; 247
    1950:	fc 01       	movw	r30, r24
    1952:	20 83       	st	Z, r18
    1954:	80 e0       	ldi	r24, 0x00	; 0
    1956:	90 e0       	ldi	r25, 0x00	; 0
    1958:	a0 e8       	ldi	r26, 0x80	; 128
    195a:	bf e3       	ldi	r27, 0x3F	; 63
    195c:	8e 8f       	std	Y+30, r24	; 0x1e
    195e:	9f 8f       	std	Y+31, r25	; 0x1f
    1960:	a8 a3       	std	Y+32, r26	; 0x20
    1962:	b9 a3       	std	Y+33, r27	; 0x21

	__builtin_avr_delay_cycles(__ticks_dc);

#else
	uint16_t __ticks;
	__tmp = ((F_CPU) / 4e3) * __ms;
    1964:	20 e0       	ldi	r18, 0x00	; 0
    1966:	30 e0       	ldi	r19, 0x00	; 0
    1968:	4a e7       	ldi	r20, 0x7A	; 122
    196a:	55 e4       	ldi	r21, 0x45	; 69
    196c:	6e 8d       	ldd	r22, Y+30	; 0x1e
    196e:	7f 8d       	ldd	r23, Y+31	; 0x1f
    1970:	88 a1       	ldd	r24, Y+32	; 0x20
    1972:	99 a1       	ldd	r25, Y+33	; 0x21
    1974:	0e 94 3d 35 	call	0x6a7a	; 0x6a7a <__mulsf3>
    1978:	dc 01       	movw	r26, r24
    197a:	cb 01       	movw	r24, r22
    197c:	8a a3       	std	Y+34, r24	; 0x22
    197e:	9b a3       	std	Y+35, r25	; 0x23
    1980:	ac a3       	std	Y+36, r26	; 0x24
    1982:	bd a3       	std	Y+37, r27	; 0x25
	if (__tmp < 1.0)
    1984:	20 e0       	ldi	r18, 0x00	; 0
    1986:	30 e0       	ldi	r19, 0x00	; 0
    1988:	40 e8       	ldi	r20, 0x80	; 128
    198a:	5f e3       	ldi	r21, 0x3F	; 63
    198c:	6a a1       	ldd	r22, Y+34	; 0x22
    198e:	7b a1       	ldd	r23, Y+35	; 0x23
    1990:	8c a1       	ldd	r24, Y+36	; 0x24
    1992:	9d a1       	ldd	r25, Y+37	; 0x25
    1994:	0e 94 ea 33 	call	0x67d4	; 0x67d4 <__cmpsf2>
    1998:	88 23       	and	r24, r24
    199a:	2c f4       	brge	.+10     	; 0x19a6 <LCD_Initalize+0x348>
		__ticks = 1;
    199c:	81 e0       	ldi	r24, 0x01	; 1
    199e:	90 e0       	ldi	r25, 0x00	; 0
    19a0:	9f a3       	std	Y+39, r25	; 0x27
    19a2:	8e a3       	std	Y+38, r24	; 0x26
    19a4:	3f c0       	rjmp	.+126    	; 0x1a24 <LCD_Initalize+0x3c6>
	else if (__tmp > 65535)
    19a6:	20 e0       	ldi	r18, 0x00	; 0
    19a8:	3f ef       	ldi	r19, 0xFF	; 255
    19aa:	4f e7       	ldi	r20, 0x7F	; 127
    19ac:	57 e4       	ldi	r21, 0x47	; 71
    19ae:	6a a1       	ldd	r22, Y+34	; 0x22
    19b0:	7b a1       	ldd	r23, Y+35	; 0x23
    19b2:	8c a1       	ldd	r24, Y+36	; 0x24
    19b4:	9d a1       	ldd	r25, Y+37	; 0x25
    19b6:	0e 94 39 35 	call	0x6a72	; 0x6a72 <__gesf2>
    19ba:	18 16       	cp	r1, r24
    19bc:	4c f5       	brge	.+82     	; 0x1a10 <LCD_Initalize+0x3b2>
	{
		//	__ticks = requested delay in 1/10 ms
		__ticks = (uint16_t) (__ms * 10.0);
    19be:	20 e0       	ldi	r18, 0x00	; 0
    19c0:	30 e0       	ldi	r19, 0x00	; 0
    19c2:	40 e2       	ldi	r20, 0x20	; 32
    19c4:	51 e4       	ldi	r21, 0x41	; 65
    19c6:	6e 8d       	ldd	r22, Y+30	; 0x1e
    19c8:	7f 8d       	ldd	r23, Y+31	; 0x1f
    19ca:	88 a1       	ldd	r24, Y+32	; 0x20
    19cc:	99 a1       	ldd	r25, Y+33	; 0x21
    19ce:	0e 94 3d 35 	call	0x6a7a	; 0x6a7a <__mulsf3>
    19d2:	dc 01       	movw	r26, r24
    19d4:	cb 01       	movw	r24, r22
    19d6:	bc 01       	movw	r22, r24
    19d8:	cd 01       	movw	r24, r26
    19da:	0e 94 5b 34 	call	0x68b6	; 0x68b6 <__fixunssfsi>
    19de:	dc 01       	movw	r26, r24
    19e0:	cb 01       	movw	r24, r22
    19e2:	9f a3       	std	Y+39, r25	; 0x27
    19e4:	8e a3       	std	Y+38, r24	; 0x26
    19e6:	0f c0       	rjmp	.+30     	; 0x1a06 <LCD_Initalize+0x3a8>
    19e8:	80 e9       	ldi	r24, 0x90	; 144
    19ea:	91 e0       	ldi	r25, 0x01	; 1
    19ec:	99 a7       	std	Y+41, r25	; 0x29
    19ee:	88 a7       	std	Y+40, r24	; 0x28
    19f0:	88 a5       	ldd	r24, Y+40	; 0x28
    19f2:	99 a5       	ldd	r25, Y+41	; 0x29
    19f4:	01 97       	sbiw	r24, 0x01	; 1
    19f6:	f1 f7       	brne	.-4      	; 0x19f4 <LCD_Initalize+0x396>
    19f8:	99 a7       	std	Y+41, r25	; 0x29
    19fa:	88 a7       	std	Y+40, r24	; 0x28
		while(__ticks)
		{
			// wait 1/10 ms
			_delay_loop_2(((F_CPU) / 4e3) / 10);
			__ticks --;
    19fc:	8e a1       	ldd	r24, Y+38	; 0x26
    19fe:	9f a1       	ldd	r25, Y+39	; 0x27
    1a00:	01 97       	sbiw	r24, 0x01	; 1
    1a02:	9f a3       	std	Y+39, r25	; 0x27
    1a04:	8e a3       	std	Y+38, r24	; 0x26
		__ticks = 1;
	else if (__tmp > 65535)
	{
		//	__ticks = requested delay in 1/10 ms
		__ticks = (uint16_t) (__ms * 10.0);
		while(__ticks)
    1a06:	8e a1       	ldd	r24, Y+38	; 0x26
    1a08:	9f a1       	ldd	r25, Y+39	; 0x27
    1a0a:	00 97       	sbiw	r24, 0x00	; 0
    1a0c:	69 f7       	brne	.-38     	; 0x19e8 <LCD_Initalize+0x38a>
    1a0e:	14 c0       	rjmp	.+40     	; 0x1a38 <LCD_Initalize+0x3da>
			__ticks --;
		}
		return;
	}
	else
		__ticks = (uint16_t)__tmp;
    1a10:	6a a1       	ldd	r22, Y+34	; 0x22
    1a12:	7b a1       	ldd	r23, Y+35	; 0x23
    1a14:	8c a1       	ldd	r24, Y+36	; 0x24
    1a16:	9d a1       	ldd	r25, Y+37	; 0x25
    1a18:	0e 94 5b 34 	call	0x68b6	; 0x68b6 <__fixunssfsi>
    1a1c:	dc 01       	movw	r26, r24
    1a1e:	cb 01       	movw	r24, r22
    1a20:	9f a3       	std	Y+39, r25	; 0x27
    1a22:	8e a3       	std	Y+38, r24	; 0x26
    1a24:	8e a1       	ldd	r24, Y+38	; 0x26
    1a26:	9f a1       	ldd	r25, Y+39	; 0x27
    1a28:	9b a7       	std	Y+43, r25	; 0x2b
    1a2a:	8a a7       	std	Y+42, r24	; 0x2a
    1a2c:	8a a5       	ldd	r24, Y+42	; 0x2a
    1a2e:	9b a5       	ldd	r25, Y+43	; 0x2b
    1a30:	01 97       	sbiw	r24, 0x01	; 1
    1a32:	f1 f7       	brne	.-4      	; 0x1a30 <LCD_Initalize+0x3d2>
    1a34:	9b a7       	std	Y+43, r25	; 0x2b
    1a36:	8a a7       	std	Y+42, r24	; 0x2a

    _delay_ms( 1 ); // czekaj 1ms
    LCD_WriteCommand( HD44780_FUNCTION_SET | HD44780_FONT5x7 | HD44780_TWO_LINE | HD44780_4_BIT ); // interfejs 4-bity, 2-linie, znak 5x7
    1a38:	88 e2       	ldi	r24, 0x28	; 40
    1a3a:	0e 94 9a 09 	call	0x1334	; 0x1334 <LCD_WriteCommand>
    LCD_WriteCommand( HD44780_DISPLAY_ONOFF | HD44780_DISPLAY_OFF ); // wy³¹czenie wyswietlacza
    1a3e:	88 e0       	ldi	r24, 0x08	; 8
    1a40:	0e 94 9a 09 	call	0x1334	; 0x1334 <LCD_WriteCommand>
    LCD_WriteCommand( HD44780_CLEAR ); // czyszczenie zawartosæi pamieci DDRAM
    1a44:	81 e0       	ldi	r24, 0x01	; 1
    1a46:	0e 94 9a 09 	call	0x1334	; 0x1334 <LCD_WriteCommand>
#if USE_RW == 0
    _delay_ms( 2 );
#endif // USE_RW
    LCD_WriteCommand( HD44780_ENTRY_MODE | HD44780_EM_SHIFT_CURSOR | HD44780_EM_INCREMENT ); // inkrementaja adresu i przesuwanie kursora
    1a4a:	86 e0       	ldi	r24, 0x06	; 6
    1a4c:	0e 94 9a 09 	call	0x1334	; 0x1334 <LCD_WriteCommand>
    LCD_WriteCommand( HD44780_DISPLAY_ONOFF | HD44780_DISPLAY_ON | HD44780_CURSOR_OFF | HD44780_CURSOR_NOBLINK ); // w³¹cz LCD, bez kursora i mrugania
    1a50:	8c e0       	ldi	r24, 0x0C	; 12
    1a52:	0e 94 9a 09 	call	0x1334	; 0x1334 <LCD_WriteCommand>
}
    1a56:	ab 96       	adiw	r28, 0x2b	; 43
    1a58:	0f b6       	in	r0, 0x3f	; 63
    1a5a:	f8 94       	cli
    1a5c:	de bf       	out	0x3e, r29	; 62
    1a5e:	0f be       	out	0x3f, r0	; 63
    1a60:	cd bf       	out	0x3d, r28	; 61
    1a62:	df 91       	pop	r29
    1a64:	cf 91       	pop	r28
    1a66:	08 95       	ret

00001a68 <LCD_Int>:
// Funkcja wyświetlenia liczby (pobiera liczbę całkowitą i wyświetla w systemie dziesiętnym)
//
//-------------------------------------------------------------------------------------------------
#if USE_LCD_Int == 1
void LCD_Int( int value )
{
    1a68:	cf 93       	push	r28
    1a6a:	df 93       	push	r29
    1a6c:	cd b7       	in	r28, 0x3d	; 61
    1a6e:	de b7       	in	r29, 0x3e	; 62
    1a70:	63 97       	sbiw	r28, 0x13	; 19
    1a72:	0f b6       	in	r0, 0x3f	; 63
    1a74:	f8 94       	cli
    1a76:	de bf       	out	0x3e, r29	; 62
    1a78:	0f be       	out	0x3f, r0	; 63
    1a7a:	cd bf       	out	0x3d, r28	; 61
    1a7c:	9b 8b       	std	Y+19, r25	; 0x13
    1a7e:	8a 8b       	std	Y+18, r24	; 0x12
    char bufor[17];
    LCD_WriteText( itoa( value, bufor, 10 ) );
    1a80:	8a 89       	ldd	r24, Y+18	; 0x12
    1a82:	9b 89       	ldd	r25, Y+19	; 0x13
    1a84:	4a e0       	ldi	r20, 0x0A	; 10
    1a86:	50 e0       	ldi	r21, 0x00	; 0
    1a88:	9e 01       	movw	r18, r28
    1a8a:	2f 5f       	subi	r18, 0xFF	; 255
    1a8c:	3f 4f       	sbci	r19, 0xFF	; 255
    1a8e:	b9 01       	movw	r22, r18
    1a90:	0e 94 25 37 	call	0x6e4a	; 0x6e4a <itoa>
    1a94:	0e 94 ea 09 	call	0x13d4	; 0x13d4 <LCD_WriteText>
}
    1a98:	63 96       	adiw	r28, 0x13	; 19
    1a9a:	0f b6       	in	r0, 0x3f	; 63
    1a9c:	f8 94       	cli
    1a9e:	de bf       	out	0x3e, r29	; 62
    1aa0:	0f be       	out	0x3f, r0	; 63
    1aa2:	cd bf       	out	0x3d, r28	; 61
    1aa4:	df 91       	pop	r29
    1aa6:	cf 91       	pop	r28
    1aa8:	08 95       	ret

00001aaa <LCD_Double>:
//
//-------------------------------------------------------------------------------------------------

#if USE_LCD_Double == 1 && USE_LCD_Int == 1
void LCD_Double( double value, unsigned int approximation)
{
    1aaa:	cf 93       	push	r28
    1aac:	df 93       	push	r29
    1aae:	cd b7       	in	r28, 0x3d	; 61
    1ab0:	de b7       	in	r29, 0x3e	; 62
    1ab2:	63 97       	sbiw	r28, 0x13	; 19
    1ab4:	0f b6       	in	r0, 0x3f	; 63
    1ab6:	f8 94       	cli
    1ab8:	de bf       	out	0x3e, r29	; 62
    1aba:	0f be       	out	0x3f, r0	; 63
    1abc:	cd bf       	out	0x3d, r28	; 61
    1abe:	6e 87       	std	Y+14, r22	; 0x0e
    1ac0:	7f 87       	std	Y+15, r23	; 0x0f
    1ac2:	88 8b       	std	Y+16, r24	; 0x10
    1ac4:	99 8b       	std	Y+17, r25	; 0x11
    1ac6:	5b 8b       	std	Y+19, r21	; 0x13
    1ac8:	4a 8b       	std	Y+18, r20	; 0x12
    if((uint16_t)abs((uint16_t)value) > 1000) return;
    1aca:	6e 85       	ldd	r22, Y+14	; 0x0e
    1acc:	7f 85       	ldd	r23, Y+15	; 0x0f
    1ace:	88 89       	ldd	r24, Y+16	; 0x10
    1ad0:	99 89       	ldd	r25, Y+17	; 0x11
    1ad2:	0e 94 5b 34 	call	0x68b6	; 0x68b6 <__fixunssfsi>
    1ad6:	dc 01       	movw	r26, r24
    1ad8:	cb 01       	movw	r24, r22
    1ada:	99 23       	and	r25, r25
    1adc:	1c f4       	brge	.+6      	; 0x1ae4 <LCD_Double+0x3a>
    1ade:	91 95       	neg	r25
    1ae0:	81 95       	neg	r24
    1ae2:	91 09       	sbc	r25, r1
    1ae4:	89 3e       	cpi	r24, 0xE9	; 233
    1ae6:	23 e0       	ldi	r18, 0x03	; 3
    1ae8:	92 07       	cpc	r25, r18
    1aea:	08 f0       	brcs	.+2      	; 0x1aee <LCD_Double+0x44>
    1aec:	18 c1       	rjmp	.+560    	; 0x1d1e <LCD_Double+0x274>
    if(approximation > 4) approximation = 4;
    1aee:	8a 89       	ldd	r24, Y+18	; 0x12
    1af0:	9b 89       	ldd	r25, Y+19	; 0x13
    1af2:	85 30       	cpi	r24, 0x05	; 5
    1af4:	91 05       	cpc	r25, r1
    1af6:	20 f0       	brcs	.+8      	; 0x1b00 <LCD_Double+0x56>
    1af8:	84 e0       	ldi	r24, 0x04	; 4
    1afa:	90 e0       	ldi	r25, 0x00	; 0
    1afc:	9b 8b       	std	Y+19, r25	; 0x13
    1afe:	8a 8b       	std	Y+18, r24	; 0x12
    LCD_Int((int16_t)value);
    1b00:	6e 85       	ldd	r22, Y+14	; 0x0e
    1b02:	7f 85       	ldd	r23, Y+15	; 0x0f
    1b04:	88 89       	ldd	r24, Y+16	; 0x10
    1b06:	99 89       	ldd	r25, Y+17	; 0x11
    1b08:	0e 94 56 34 	call	0x68ac	; 0x68ac <__fixsfsi>
    1b0c:	dc 01       	movw	r26, r24
    1b0e:	cb 01       	movw	r24, r22
    1b10:	0e 94 34 0d 	call	0x1a68	; 0x1a68 <LCD_Int>

    uint32_t value_temp = abs(value);
    1b14:	6e 85       	ldd	r22, Y+14	; 0x0e
    1b16:	7f 85       	ldd	r23, Y+15	; 0x0f
    1b18:	88 89       	ldd	r24, Y+16	; 0x10
    1b1a:	99 89       	ldd	r25, Y+17	; 0x11
    1b1c:	0e 94 56 34 	call	0x68ac	; 0x68ac <__fixsfsi>
    1b20:	dc 01       	movw	r26, r24
    1b22:	cb 01       	movw	r24, r22
    1b24:	99 23       	and	r25, r25
    1b26:	1c f4       	brge	.+6      	; 0x1b2e <LCD_Double+0x84>
    1b28:	91 95       	neg	r25
    1b2a:	81 95       	neg	r24
    1b2c:	91 09       	sbc	r25, r1
    1b2e:	aa 27       	eor	r26, r26
    1b30:	97 fd       	sbrc	r25, 7
    1b32:	a0 95       	com	r26
    1b34:	ba 2f       	mov	r27, r26
    1b36:	8a 87       	std	Y+10, r24	; 0x0a
    1b38:	9b 87       	std	Y+11, r25	; 0x0b
    1b3a:	ac 87       	std	Y+12, r26	; 0x0c
    1b3c:	bd 87       	std	Y+13, r27	; 0x0d
    uint16_t ten = 10;
    1b3e:	8a e0       	ldi	r24, 0x0A	; 10
    1b40:	90 e0       	ldi	r25, 0x00	; 0
    1b42:	9a 83       	std	Y+2, r25	; 0x02
    1b44:	89 83       	std	Y+1, r24	; 0x01
    uint16_t a = 1;
    1b46:	81 e0       	ldi	r24, 0x01	; 1
    1b48:	90 e0       	ldi	r25, 0x00	; 0
    1b4a:	9c 83       	std	Y+4, r25	; 0x04
    1b4c:	8b 83       	std	Y+3, r24	; 0x03
    for(; a < approximation; ++a)
    1b4e:	12 c0       	rjmp	.+36     	; 0x1b74 <LCD_Double+0xca>
    {
        ten *= 10;
    1b50:	89 81       	ldd	r24, Y+1	; 0x01
    1b52:	9a 81       	ldd	r25, Y+2	; 0x02
    1b54:	88 0f       	add	r24, r24
    1b56:	99 1f       	adc	r25, r25
    1b58:	9c 01       	movw	r18, r24
    1b5a:	22 0f       	add	r18, r18
    1b5c:	33 1f       	adc	r19, r19
    1b5e:	22 0f       	add	r18, r18
    1b60:	33 1f       	adc	r19, r19
    1b62:	82 0f       	add	r24, r18
    1b64:	93 1f       	adc	r25, r19
    1b66:	9a 83       	std	Y+2, r25	; 0x02
    1b68:	89 83       	std	Y+1, r24	; 0x01
    LCD_Int((int16_t)value);

    uint32_t value_temp = abs(value);
    uint16_t ten = 10;
    uint16_t a = 1;
    for(; a < approximation; ++a)
    1b6a:	8b 81       	ldd	r24, Y+3	; 0x03
    1b6c:	9c 81       	ldd	r25, Y+4	; 0x04
    1b6e:	01 96       	adiw	r24, 0x01	; 1
    1b70:	9c 83       	std	Y+4, r25	; 0x04
    1b72:	8b 83       	std	Y+3, r24	; 0x03
    1b74:	2b 81       	ldd	r18, Y+3	; 0x03
    1b76:	3c 81       	ldd	r19, Y+4	; 0x04
    1b78:	8a 89       	ldd	r24, Y+18	; 0x12
    1b7a:	9b 89       	ldd	r25, Y+19	; 0x13
    1b7c:	28 17       	cp	r18, r24
    1b7e:	39 07       	cpc	r19, r25
    1b80:	38 f3       	brcs	.-50     	; 0x1b50 <LCD_Double+0xa6>
    {
        ten *= 10;
    }
    value *= ten;
    1b82:	89 81       	ldd	r24, Y+1	; 0x01
    1b84:	9a 81       	ldd	r25, Y+2	; 0x02
    1b86:	cc 01       	movw	r24, r24
    1b88:	a0 e0       	ldi	r26, 0x00	; 0
    1b8a:	b0 e0       	ldi	r27, 0x00	; 0
    1b8c:	bc 01       	movw	r22, r24
    1b8e:	cd 01       	movw	r24, r26
    1b90:	0e 94 87 34 	call	0x690e	; 0x690e <__floatunsisf>
    1b94:	dc 01       	movw	r26, r24
    1b96:	cb 01       	movw	r24, r22
    1b98:	9c 01       	movw	r18, r24
    1b9a:	ad 01       	movw	r20, r26
    1b9c:	6e 85       	ldd	r22, Y+14	; 0x0e
    1b9e:	7f 85       	ldd	r23, Y+15	; 0x0f
    1ba0:	88 89       	ldd	r24, Y+16	; 0x10
    1ba2:	99 89       	ldd	r25, Y+17	; 0x11
    1ba4:	0e 94 3d 35 	call	0x6a7a	; 0x6a7a <__mulsf3>
    1ba8:	dc 01       	movw	r26, r24
    1baa:	cb 01       	movw	r24, r22
    1bac:	8e 87       	std	Y+14, r24	; 0x0e
    1bae:	9f 87       	std	Y+15, r25	; 0x0f
    1bb0:	a8 8b       	std	Y+16, r26	; 0x10
    1bb2:	b9 8b       	std	Y+17, r27	; 0x11
    value = abs(value);
    1bb4:	6e 85       	ldd	r22, Y+14	; 0x0e
    1bb6:	7f 85       	ldd	r23, Y+15	; 0x0f
    1bb8:	88 89       	ldd	r24, Y+16	; 0x10
    1bba:	99 89       	ldd	r25, Y+17	; 0x11
    1bbc:	0e 94 56 34 	call	0x68ac	; 0x68ac <__fixsfsi>
    1bc0:	dc 01       	movw	r26, r24
    1bc2:	cb 01       	movw	r24, r22
    1bc4:	99 23       	and	r25, r25
    1bc6:	1c f4       	brge	.+6      	; 0x1bce <LCD_Double+0x124>
    1bc8:	91 95       	neg	r25
    1bca:	81 95       	neg	r24
    1bcc:	91 09       	sbc	r25, r1
    1bce:	aa 27       	eor	r26, r26
    1bd0:	97 fd       	sbrc	r25, 7
    1bd2:	a0 95       	com	r26
    1bd4:	ba 2f       	mov	r27, r26
    1bd6:	bc 01       	movw	r22, r24
    1bd8:	cd 01       	movw	r24, r26
    1bda:	0e 94 89 34 	call	0x6912	; 0x6912 <__floatsisf>
    1bde:	dc 01       	movw	r26, r24
    1be0:	cb 01       	movw	r24, r22
    1be2:	8e 87       	std	Y+14, r24	; 0x0e
    1be4:	9f 87       	std	Y+15, r25	; 0x0f
    1be6:	a8 8b       	std	Y+16, r26	; 0x10
    1be8:	b9 8b       	std	Y+17, r27	; 0x11
    value -= ten * value_temp;
    1bea:	89 81       	ldd	r24, Y+1	; 0x01
    1bec:	9a 81       	ldd	r25, Y+2	; 0x02
    1bee:	9c 01       	movw	r18, r24
    1bf0:	40 e0       	ldi	r20, 0x00	; 0
    1bf2:	50 e0       	ldi	r21, 0x00	; 0
    1bf4:	8a 85       	ldd	r24, Y+10	; 0x0a
    1bf6:	9b 85       	ldd	r25, Y+11	; 0x0b
    1bf8:	ac 85       	ldd	r26, Y+12	; 0x0c
    1bfa:	bd 85       	ldd	r27, Y+13	; 0x0d
    1bfc:	bc 01       	movw	r22, r24
    1bfe:	cd 01       	movw	r24, r26
    1c00:	0e 94 33 33 	call	0x6666	; 0x6666 <__mulsi3>
    1c04:	dc 01       	movw	r26, r24
    1c06:	cb 01       	movw	r24, r22
    1c08:	bc 01       	movw	r22, r24
    1c0a:	cd 01       	movw	r24, r26
    1c0c:	0e 94 87 34 	call	0x690e	; 0x690e <__floatunsisf>
    1c10:	dc 01       	movw	r26, r24
    1c12:	cb 01       	movw	r24, r22
    1c14:	9c 01       	movw	r18, r24
    1c16:	ad 01       	movw	r20, r26
    1c18:	6e 85       	ldd	r22, Y+14	; 0x0e
    1c1a:	7f 85       	ldd	r23, Y+15	; 0x0f
    1c1c:	88 89       	ldd	r24, Y+16	; 0x10
    1c1e:	99 89       	ldd	r25, Y+17	; 0x11
    1c20:	0e 94 85 33 	call	0x670a	; 0x670a <__subsf3>
    1c24:	dc 01       	movw	r26, r24
    1c26:	cb 01       	movw	r24, r22
    1c28:	8e 87       	std	Y+14, r24	; 0x0e
    1c2a:	9f 87       	std	Y+15, r25	; 0x0f
    1c2c:	a8 8b       	std	Y+16, r26	; 0x10
    1c2e:	b9 8b       	std	Y+17, r27	; 0x11
    if(approximation)//wyświetlanie liczb po przecinku
    1c30:	8a 89       	ldd	r24, Y+18	; 0x12
    1c32:	9b 89       	ldd	r25, Y+19	; 0x13
    1c34:	00 97       	sbiw	r24, 0x00	; 0
    1c36:	09 f4       	brne	.+2      	; 0x1c3a <LCD_Double+0x190>
    1c38:	72 c0       	rjmp	.+228    	; 0x1d1e <LCD_Double+0x274>
    {
        LCD_WriteText(".");
    1c3a:	8b e7       	ldi	r24, 0x7B	; 123
    1c3c:	90 e0       	ldi	r25, 0x00	; 0
    1c3e:	0e 94 ea 09 	call	0x13d4	; 0x13d4 <LCD_WriteText>
        uint16_t ten2 = 10;
    1c42:	8a e0       	ldi	r24, 0x0A	; 10
    1c44:	90 e0       	ldi	r25, 0x00	; 0
    1c46:	9e 83       	std	Y+6, r25	; 0x06
    1c48:	8d 83       	std	Y+5, r24	; 0x05

        int d = 1;
    1c4a:	81 e0       	ldi	r24, 0x01	; 1
    1c4c:	90 e0       	ldi	r25, 0x00	; 0
    1c4e:	98 87       	std	Y+8, r25	; 0x08
    1c50:	8f 83       	std	Y+7, r24	; 0x07
        while ( (uint16_t)value >= ten2 )
    1c52:	12 c0       	rjmp	.+36     	; 0x1c78 <LCD_Double+0x1ce>
        {
            d += 1;
    1c54:	8f 81       	ldd	r24, Y+7	; 0x07
    1c56:	98 85       	ldd	r25, Y+8	; 0x08
    1c58:	01 96       	adiw	r24, 0x01	; 1
    1c5a:	98 87       	std	Y+8, r25	; 0x08
    1c5c:	8f 83       	std	Y+7, r24	; 0x07
            ten2 *= 10;
    1c5e:	8d 81       	ldd	r24, Y+5	; 0x05
    1c60:	9e 81       	ldd	r25, Y+6	; 0x06
    1c62:	88 0f       	add	r24, r24
    1c64:	99 1f       	adc	r25, r25
    1c66:	9c 01       	movw	r18, r24
    1c68:	22 0f       	add	r18, r18
    1c6a:	33 1f       	adc	r19, r19
    1c6c:	22 0f       	add	r18, r18
    1c6e:	33 1f       	adc	r19, r19
    1c70:	82 0f       	add	r24, r18
    1c72:	93 1f       	adc	r25, r19
    1c74:	9e 83       	std	Y+6, r25	; 0x06
    1c76:	8d 83       	std	Y+5, r24	; 0x05
    {
        LCD_WriteText(".");
        uint16_t ten2 = 10;

        int d = 1;
        while ( (uint16_t)value >= ten2 )
    1c78:	6e 85       	ldd	r22, Y+14	; 0x0e
    1c7a:	7f 85       	ldd	r23, Y+15	; 0x0f
    1c7c:	88 89       	ldd	r24, Y+16	; 0x10
    1c7e:	99 89       	ldd	r25, Y+17	; 0x11
    1c80:	0e 94 5b 34 	call	0x68b6	; 0x68b6 <__fixunssfsi>
    1c84:	dc 01       	movw	r26, r24
    1c86:	cb 01       	movw	r24, r22
    1c88:	9c 01       	movw	r18, r24
    1c8a:	8d 81       	ldd	r24, Y+5	; 0x05
    1c8c:	9e 81       	ldd	r25, Y+6	; 0x06
    1c8e:	28 17       	cp	r18, r24
    1c90:	39 07       	cpc	r19, r25
    1c92:	00 f7       	brcc	.-64     	; 0x1c54 <LCD_Double+0x1aa>
            d += 1;
            ten2 *= 10;
        }


        ten2 = 10;
    1c94:	8a e0       	ldi	r24, 0x0A	; 10
    1c96:	90 e0       	ldi	r25, 0x00	; 0
    1c98:	9e 83       	std	Y+6, r25	; 0x06
    1c9a:	8d 83       	std	Y+5, r24	; 0x05
        uint8_t f = 1;
    1c9c:	81 e0       	ldi	r24, 0x01	; 1
    1c9e:	89 87       	std	Y+9, r24	; 0x09
        while ( ten >= ten2 )
    1ca0:	10 c0       	rjmp	.+32     	; 0x1cc2 <LCD_Double+0x218>
        {
            f += 1;
    1ca2:	89 85       	ldd	r24, Y+9	; 0x09
    1ca4:	8f 5f       	subi	r24, 0xFF	; 255
    1ca6:	89 87       	std	Y+9, r24	; 0x09
            ten2 *= 10;
    1ca8:	8d 81       	ldd	r24, Y+5	; 0x05
    1caa:	9e 81       	ldd	r25, Y+6	; 0x06
    1cac:	88 0f       	add	r24, r24
    1cae:	99 1f       	adc	r25, r25
    1cb0:	9c 01       	movw	r18, r24
    1cb2:	22 0f       	add	r18, r18
    1cb4:	33 1f       	adc	r19, r19
    1cb6:	22 0f       	add	r18, r18
    1cb8:	33 1f       	adc	r19, r19
    1cba:	82 0f       	add	r24, r18
    1cbc:	93 1f       	adc	r25, r19
    1cbe:	9e 83       	std	Y+6, r25	; 0x06
    1cc0:	8d 83       	std	Y+5, r24	; 0x05
        }


        ten2 = 10;
        uint8_t f = 1;
        while ( ten >= ten2 )
    1cc2:	29 81       	ldd	r18, Y+1	; 0x01
    1cc4:	3a 81       	ldd	r19, Y+2	; 0x02
    1cc6:	8d 81       	ldd	r24, Y+5	; 0x05
    1cc8:	9e 81       	ldd	r25, Y+6	; 0x06
    1cca:	28 17       	cp	r18, r24
    1ccc:	39 07       	cpc	r19, r25
    1cce:	48 f7       	brcc	.-46     	; 0x1ca2 <LCD_Double+0x1f8>
        {
            f += 1;
            ten2 *= 10;
        }

        for(a = 1; a < f-d; ++a)
    1cd0:	81 e0       	ldi	r24, 0x01	; 1
    1cd2:	90 e0       	ldi	r25, 0x00	; 0
    1cd4:	9c 83       	std	Y+4, r25	; 0x04
    1cd6:	8b 83       	std	Y+3, r24	; 0x03
    1cd8:	09 c0       	rjmp	.+18     	; 0x1cec <LCD_Double+0x242>
        {
            LCD_Int(0);
    1cda:	80 e0       	ldi	r24, 0x00	; 0
    1cdc:	90 e0       	ldi	r25, 0x00	; 0
    1cde:	0e 94 34 0d 	call	0x1a68	; 0x1a68 <LCD_Int>
        {
            f += 1;
            ten2 *= 10;
        }

        for(a = 1; a < f-d; ++a)
    1ce2:	8b 81       	ldd	r24, Y+3	; 0x03
    1ce4:	9c 81       	ldd	r25, Y+4	; 0x04
    1ce6:	01 96       	adiw	r24, 0x01	; 1
    1ce8:	9c 83       	std	Y+4, r25	; 0x04
    1cea:	8b 83       	std	Y+3, r24	; 0x03
    1cec:	89 85       	ldd	r24, Y+9	; 0x09
    1cee:	28 2f       	mov	r18, r24
    1cf0:	30 e0       	ldi	r19, 0x00	; 0
    1cf2:	8f 81       	ldd	r24, Y+7	; 0x07
    1cf4:	98 85       	ldd	r25, Y+8	; 0x08
    1cf6:	a9 01       	movw	r20, r18
    1cf8:	48 1b       	sub	r20, r24
    1cfa:	59 0b       	sbc	r21, r25
    1cfc:	ca 01       	movw	r24, r20
    1cfe:	9c 01       	movw	r18, r24
    1d00:	8b 81       	ldd	r24, Y+3	; 0x03
    1d02:	9c 81       	ldd	r25, Y+4	; 0x04
    1d04:	82 17       	cp	r24, r18
    1d06:	93 07       	cpc	r25, r19
    1d08:	40 f3       	brcs	.-48     	; 0x1cda <LCD_Double+0x230>
        {
            LCD_Int(0);
        }

        LCD_Int((uint16_t)value);
    1d0a:	6e 85       	ldd	r22, Y+14	; 0x0e
    1d0c:	7f 85       	ldd	r23, Y+15	; 0x0f
    1d0e:	88 89       	ldd	r24, Y+16	; 0x10
    1d10:	99 89       	ldd	r25, Y+17	; 0x11
    1d12:	0e 94 5b 34 	call	0x68b6	; 0x68b6 <__fixunssfsi>
    1d16:	dc 01       	movw	r26, r24
    1d18:	cb 01       	movw	r24, r22
    1d1a:	0e 94 34 0d 	call	0x1a68	; 0x1a68 <LCD_Int>
    }
}
    1d1e:	63 96       	adiw	r28, 0x13	; 19
    1d20:	0f b6       	in	r0, 0x3f	; 63
    1d22:	f8 94       	cli
    1d24:	de bf       	out	0x3e, r29	; 62
    1d26:	0f be       	out	0x3f, r0	; 63
    1d28:	cd bf       	out	0x3d, r28	; 61
    1d2a:	df 91       	pop	r29
    1d2c:	cf 91       	pop	r28
    1d2e:	08 95       	ret

00001d30 <LCD_Hex>:
// Funkcja wyświetlenia liczby (pobiera liczbę całkowitą i wyświetla w systemie szesnastkowym)
//
//-------------------------------------------------------------------------------------------------
#if USE_LCD_Hex == 1
void LCD_Hex( int value )
{
    1d30:	cf 93       	push	r28
    1d32:	df 93       	push	r29
    1d34:	cd b7       	in	r28, 0x3d	; 61
    1d36:	de b7       	in	r29, 0x3e	; 62
    1d38:	63 97       	sbiw	r28, 0x13	; 19
    1d3a:	0f b6       	in	r0, 0x3f	; 63
    1d3c:	f8 94       	cli
    1d3e:	de bf       	out	0x3e, r29	; 62
    1d40:	0f be       	out	0x3f, r0	; 63
    1d42:	cd bf       	out	0x3d, r28	; 61
    1d44:	9b 8b       	std	Y+19, r25	; 0x13
    1d46:	8a 8b       	std	Y+18, r24	; 0x12
    char bufor[17];
    LCD_WriteText( itoa( value, bufor, 16 ) );
    1d48:	8a 89       	ldd	r24, Y+18	; 0x12
    1d4a:	9b 89       	ldd	r25, Y+19	; 0x13
    1d4c:	40 e1       	ldi	r20, 0x10	; 16
    1d4e:	50 e0       	ldi	r21, 0x00	; 0
    1d50:	9e 01       	movw	r18, r28
    1d52:	2f 5f       	subi	r18, 0xFF	; 255
    1d54:	3f 4f       	sbci	r19, 0xFF	; 255
    1d56:	b9 01       	movw	r22, r18
    1d58:	0e 94 25 37 	call	0x6e4a	; 0x6e4a <itoa>
    1d5c:	0e 94 ea 09 	call	0x13d4	; 0x13d4 <LCD_WriteText>
}
    1d60:	63 96       	adiw	r28, 0x13	; 19
    1d62:	0f b6       	in	r0, 0x3f	; 63
    1d64:	f8 94       	cli
    1d66:	de bf       	out	0x3e, r29	; 62
    1d68:	0f be       	out	0x3f, r0	; 63
    1d6a:	cd bf       	out	0x3d, r28	; 61
    1d6c:	df 91       	pop	r29
    1d6e:	cf 91       	pop	r28
    1d70:	08 95       	ret

00001d72 <LCD_MoveRight>:
// Efekt przesunięcia zawartości o okreœlonej częstotliwoœci kroku oraz liczbie kroków
//
//-------------------------------------------------------------------------------------------------
#if USE_LCD_MoveRight == 1
void LCD_MoveRight ( unsigned int freq, unsigned int step, unsigned int way )
{
    1d72:	cf 93       	push	r28
    1d74:	df 93       	push	r29
    1d76:	cd b7       	in	r28, 0x3d	; 61
    1d78:	de b7       	in	r29, 0x3e	; 62
    1d7a:	28 97       	sbiw	r28, 0x08	; 8
    1d7c:	0f b6       	in	r0, 0x3f	; 63
    1d7e:	f8 94       	cli
    1d80:	de bf       	out	0x3e, r29	; 62
    1d82:	0f be       	out	0x3f, r0	; 63
    1d84:	cd bf       	out	0x3d, r28	; 61
    1d86:	9c 83       	std	Y+4, r25	; 0x04
    1d88:	8b 83       	std	Y+3, r24	; 0x03
    1d8a:	7e 83       	std	Y+6, r23	; 0x06
    1d8c:	6d 83       	std	Y+5, r22	; 0x05
    1d8e:	58 87       	std	Y+8, r21	; 0x08
    1d90:	4f 83       	std	Y+7, r20	; 0x07
    int temp;
    for ( temp = 0; temp < step; ++temp )
    1d92:	1a 82       	std	Y+2, r1	; 0x02
    1d94:	19 82       	std	Y+1, r1	; 0x01
    1d96:	18 c0       	rjmp	.+48     	; 0x1dc8 <LCD_MoveRight+0x56>
    {
        if ( way )LCD_WriteCommand( HD44780_DISPLAY_CURSOR_SHIFT | HD44780_SHIFT_DISPLAY | HD44780_SHIFT_RIGHT );
    1d98:	8f 81       	ldd	r24, Y+7	; 0x07
    1d9a:	98 85       	ldd	r25, Y+8	; 0x08
    1d9c:	00 97       	sbiw	r24, 0x00	; 0
    1d9e:	21 f0       	breq	.+8      	; 0x1da8 <LCD_MoveRight+0x36>
    1da0:	8c e1       	ldi	r24, 0x1C	; 28
    1da2:	0e 94 9a 09 	call	0x1334	; 0x1334 <LCD_WriteCommand>
    1da6:	03 c0       	rjmp	.+6      	; 0x1dae <LCD_MoveRight+0x3c>
        else LCD_WriteCommand( HD44780_DISPLAY_CURSOR_SHIFT | HD44780_SHIFT_CURSOR | HD44780_SHIFT_RIGHT );
    1da8:	84 e1       	ldi	r24, 0x14	; 20
    1daa:	0e 94 9a 09 	call	0x1334	; 0x1334 <LCD_WriteCommand>
        if ( freq ) delay_ms_var( freq );
    1dae:	8b 81       	ldd	r24, Y+3	; 0x03
    1db0:	9c 81       	ldd	r25, Y+4	; 0x04
    1db2:	00 97       	sbiw	r24, 0x00	; 0
    1db4:	21 f0       	breq	.+8      	; 0x1dbe <LCD_MoveRight+0x4c>
    1db6:	8b 81       	ldd	r24, Y+3	; 0x03
    1db8:	9c 81       	ldd	r25, Y+4	; 0x04
    1dba:	0e 94 10 04 	call	0x820	; 0x820 <delay_ms_var>
//-------------------------------------------------------------------------------------------------
#if USE_LCD_MoveRight == 1
void LCD_MoveRight ( unsigned int freq, unsigned int step, unsigned int way )
{
    int temp;
    for ( temp = 0; temp < step; ++temp )
    1dbe:	89 81       	ldd	r24, Y+1	; 0x01
    1dc0:	9a 81       	ldd	r25, Y+2	; 0x02
    1dc2:	01 96       	adiw	r24, 0x01	; 1
    1dc4:	9a 83       	std	Y+2, r25	; 0x02
    1dc6:	89 83       	std	Y+1, r24	; 0x01
    1dc8:	29 81       	ldd	r18, Y+1	; 0x01
    1dca:	3a 81       	ldd	r19, Y+2	; 0x02
    1dcc:	8d 81       	ldd	r24, Y+5	; 0x05
    1dce:	9e 81       	ldd	r25, Y+6	; 0x06
    1dd0:	28 17       	cp	r18, r24
    1dd2:	39 07       	cpc	r19, r25
    1dd4:	08 f3       	brcs	.-62     	; 0x1d98 <LCD_MoveRight+0x26>
    {
        if ( way )LCD_WriteCommand( HD44780_DISPLAY_CURSOR_SHIFT | HD44780_SHIFT_DISPLAY | HD44780_SHIFT_RIGHT );
        else LCD_WriteCommand( HD44780_DISPLAY_CURSOR_SHIFT | HD44780_SHIFT_CURSOR | HD44780_SHIFT_RIGHT );
        if ( freq ) delay_ms_var( freq );
    }
}
    1dd6:	28 96       	adiw	r28, 0x08	; 8
    1dd8:	0f b6       	in	r0, 0x3f	; 63
    1dda:	f8 94       	cli
    1ddc:	de bf       	out	0x3e, r29	; 62
    1dde:	0f be       	out	0x3f, r0	; 63
    1de0:	cd bf       	out	0x3d, r28	; 61
    1de2:	df 91       	pop	r29
    1de4:	cf 91       	pop	r28
    1de6:	08 95       	ret

00001de8 <LCD_MoveLeft>:
// Efekt przesuniêcia zawartości o cały ekran w prawo
//
//-------------------------------------------------------------------------------------------------
#if USE_LCD_MoveLeft == 1
void LCD_MoveLeft ( unsigned int freq, unsigned int step, unsigned int way )
{
    1de8:	cf 93       	push	r28
    1dea:	df 93       	push	r29
    1dec:	cd b7       	in	r28, 0x3d	; 61
    1dee:	de b7       	in	r29, 0x3e	; 62
    1df0:	28 97       	sbiw	r28, 0x08	; 8
    1df2:	0f b6       	in	r0, 0x3f	; 63
    1df4:	f8 94       	cli
    1df6:	de bf       	out	0x3e, r29	; 62
    1df8:	0f be       	out	0x3f, r0	; 63
    1dfa:	cd bf       	out	0x3d, r28	; 61
    1dfc:	9c 83       	std	Y+4, r25	; 0x04
    1dfe:	8b 83       	std	Y+3, r24	; 0x03
    1e00:	7e 83       	std	Y+6, r23	; 0x06
    1e02:	6d 83       	std	Y+5, r22	; 0x05
    1e04:	58 87       	std	Y+8, r21	; 0x08
    1e06:	4f 83       	std	Y+7, r20	; 0x07
    int temp;
    for ( temp = 0; temp < step; ++temp )
    1e08:	1a 82       	std	Y+2, r1	; 0x02
    1e0a:	19 82       	std	Y+1, r1	; 0x01
    1e0c:	18 c0       	rjmp	.+48     	; 0x1e3e <LCD_MoveLeft+0x56>
    {
        if ( way )LCD_WriteCommand( HD44780_DISPLAY_CURSOR_SHIFT | HD44780_SHIFT_DISPLAY | HD44780_SHIFT_LEFT );
    1e0e:	8f 81       	ldd	r24, Y+7	; 0x07
    1e10:	98 85       	ldd	r25, Y+8	; 0x08
    1e12:	00 97       	sbiw	r24, 0x00	; 0
    1e14:	21 f0       	breq	.+8      	; 0x1e1e <LCD_MoveLeft+0x36>
    1e16:	88 e1       	ldi	r24, 0x18	; 24
    1e18:	0e 94 9a 09 	call	0x1334	; 0x1334 <LCD_WriteCommand>
    1e1c:	03 c0       	rjmp	.+6      	; 0x1e24 <LCD_MoveLeft+0x3c>
        else LCD_WriteCommand( HD44780_DISPLAY_CURSOR_SHIFT | HD44780_SHIFT_CURSOR | HD44780_SHIFT_LEFT );
    1e1e:	80 e1       	ldi	r24, 0x10	; 16
    1e20:	0e 94 9a 09 	call	0x1334	; 0x1334 <LCD_WriteCommand>
        if ( freq ) delay_ms_var( freq );
    1e24:	8b 81       	ldd	r24, Y+3	; 0x03
    1e26:	9c 81       	ldd	r25, Y+4	; 0x04
    1e28:	00 97       	sbiw	r24, 0x00	; 0
    1e2a:	21 f0       	breq	.+8      	; 0x1e34 <LCD_MoveLeft+0x4c>
    1e2c:	8b 81       	ldd	r24, Y+3	; 0x03
    1e2e:	9c 81       	ldd	r25, Y+4	; 0x04
    1e30:	0e 94 10 04 	call	0x820	; 0x820 <delay_ms_var>
//-------------------------------------------------------------------------------------------------
#if USE_LCD_MoveLeft == 1
void LCD_MoveLeft ( unsigned int freq, unsigned int step, unsigned int way )
{
    int temp;
    for ( temp = 0; temp < step; ++temp )
    1e34:	89 81       	ldd	r24, Y+1	; 0x01
    1e36:	9a 81       	ldd	r25, Y+2	; 0x02
    1e38:	01 96       	adiw	r24, 0x01	; 1
    1e3a:	9a 83       	std	Y+2, r25	; 0x02
    1e3c:	89 83       	std	Y+1, r24	; 0x01
    1e3e:	29 81       	ldd	r18, Y+1	; 0x01
    1e40:	3a 81       	ldd	r19, Y+2	; 0x02
    1e42:	8d 81       	ldd	r24, Y+5	; 0x05
    1e44:	9e 81       	ldd	r25, Y+6	; 0x06
    1e46:	28 17       	cp	r18, r24
    1e48:	39 07       	cpc	r19, r25
    1e4a:	08 f3       	brcs	.-62     	; 0x1e0e <LCD_MoveLeft+0x26>
    {
        if ( way )LCD_WriteCommand( HD44780_DISPLAY_CURSOR_SHIFT | HD44780_SHIFT_DISPLAY | HD44780_SHIFT_LEFT );
        else LCD_WriteCommand( HD44780_DISPLAY_CURSOR_SHIFT | HD44780_SHIFT_CURSOR | HD44780_SHIFT_LEFT );
        if ( freq ) delay_ms_var( freq );
    }
}
    1e4c:	28 96       	adiw	r28, 0x08	; 8
    1e4e:	0f b6       	in	r0, 0x3f	; 63
    1e50:	f8 94       	cli
    1e52:	de bf       	out	0x3e, r29	; 62
    1e54:	0f be       	out	0x3f, r0	; 63
    1e56:	cd bf       	out	0x3d, r28	; 61
    1e58:	df 91       	pop	r29
    1e5a:	cf 91       	pop	r28
    1e5c:	08 95       	ret

00001e5e <LCD_Erase>:
// Czyszczenie zawartości okna
//
//-------------------------------------------------------------------------------------------------
#if USE_LCD_Erase == 1
void LCD_Erase ( unsigned int row )
{
    1e5e:	cf 93       	push	r28
    1e60:	df 93       	push	r29
    1e62:	00 d0       	rcall	.+0      	; 0x1e64 <LCD_Erase+0x6>
    1e64:	00 d0       	rcall	.+0      	; 0x1e66 <LCD_Erase+0x8>
    1e66:	cd b7       	in	r28, 0x3d	; 61
    1e68:	de b7       	in	r29, 0x3e	; 62
    1e6a:	9c 83       	std	Y+4, r25	; 0x04
    1e6c:	8b 83       	std	Y+3, r24	; 0x03
    int temp;
    if ( row == 0 || row == 1 )
    1e6e:	8b 81       	ldd	r24, Y+3	; 0x03
    1e70:	9c 81       	ldd	r25, Y+4	; 0x04
    1e72:	00 97       	sbiw	r24, 0x00	; 0
    1e74:	29 f0       	breq	.+10     	; 0x1e80 <LCD_Erase+0x22>
    1e76:	8b 81       	ldd	r24, Y+3	; 0x03
    1e78:	9c 81       	ldd	r25, Y+4	; 0x04
    1e7a:	81 30       	cpi	r24, 0x01	; 1
    1e7c:	91 05       	cpc	r25, r1
    1e7e:	a1 f4       	brne	.+40     	; 0x1ea8 <LCD_Erase+0x4a>
    {
        LCD_GoTo( 0, 0 );
    1e80:	60 e0       	ldi	r22, 0x00	; 0
    1e82:	80 e0       	ldi	r24, 0x00	; 0
    1e84:	0e 94 08 0a 	call	0x1410	; 0x1410 <LCD_GoTo>
        for ( temp = 0; temp < LCD_CHARSPERLINE; ++temp )
    1e88:	1a 82       	std	Y+2, r1	; 0x02
    1e8a:	19 82       	std	Y+1, r1	; 0x01
    1e8c:	08 c0       	rjmp	.+16     	; 0x1e9e <LCD_Erase+0x40>
        {
            LCD_WriteData( 32 );//znak "spacji"
    1e8e:	80 e2       	ldi	r24, 0x20	; 32
    1e90:	0e 94 c2 09 	call	0x1384	; 0x1384 <LCD_WriteData>
{
    int temp;
    if ( row == 0 || row == 1 )
    {
        LCD_GoTo( 0, 0 );
        for ( temp = 0; temp < LCD_CHARSPERLINE; ++temp )
    1e94:	89 81       	ldd	r24, Y+1	; 0x01
    1e96:	9a 81       	ldd	r25, Y+2	; 0x02
    1e98:	01 96       	adiw	r24, 0x01	; 1
    1e9a:	9a 83       	std	Y+2, r25	; 0x02
    1e9c:	89 83       	std	Y+1, r24	; 0x01
    1e9e:	89 81       	ldd	r24, Y+1	; 0x01
    1ea0:	9a 81       	ldd	r25, Y+2	; 0x02
    1ea2:	88 32       	cpi	r24, 0x28	; 40
    1ea4:	91 05       	cpc	r25, r1
    1ea6:	9c f3       	brlt	.-26     	; 0x1e8e <LCD_Erase+0x30>

        }

    }

    if ( row == 0 || row == 2 )
    1ea8:	8b 81       	ldd	r24, Y+3	; 0x03
    1eaa:	9c 81       	ldd	r25, Y+4	; 0x04
    1eac:	00 97       	sbiw	r24, 0x00	; 0
    1eae:	29 f0       	breq	.+10     	; 0x1eba <LCD_Erase+0x5c>
    1eb0:	8b 81       	ldd	r24, Y+3	; 0x03
    1eb2:	9c 81       	ldd	r25, Y+4	; 0x04
    1eb4:	82 30       	cpi	r24, 0x02	; 2
    1eb6:	91 05       	cpc	r25, r1
    1eb8:	a1 f4       	brne	.+40     	; 0x1ee2 <LCD_Erase+0x84>
    {
        LCD_GoTo( 0, 1 );
    1eba:	61 e0       	ldi	r22, 0x01	; 1
    1ebc:	80 e0       	ldi	r24, 0x00	; 0
    1ebe:	0e 94 08 0a 	call	0x1410	; 0x1410 <LCD_GoTo>
        for ( temp = 0; temp < LCD_CHARSPERLINE; ++temp )
    1ec2:	1a 82       	std	Y+2, r1	; 0x02
    1ec4:	19 82       	std	Y+1, r1	; 0x01
    1ec6:	08 c0       	rjmp	.+16     	; 0x1ed8 <LCD_Erase+0x7a>
        {

            LCD_WriteData( 32 );//znak "spacji"
    1ec8:	80 e2       	ldi	r24, 0x20	; 32
    1eca:	0e 94 c2 09 	call	0x1384	; 0x1384 <LCD_WriteData>
    }

    if ( row == 0 || row == 2 )
    {
        LCD_GoTo( 0, 1 );
        for ( temp = 0; temp < LCD_CHARSPERLINE; ++temp )
    1ece:	89 81       	ldd	r24, Y+1	; 0x01
    1ed0:	9a 81       	ldd	r25, Y+2	; 0x02
    1ed2:	01 96       	adiw	r24, 0x01	; 1
    1ed4:	9a 83       	std	Y+2, r25	; 0x02
    1ed6:	89 83       	std	Y+1, r24	; 0x01
    1ed8:	89 81       	ldd	r24, Y+1	; 0x01
    1eda:	9a 81       	ldd	r25, Y+2	; 0x02
    1edc:	88 32       	cpi	r24, 0x28	; 40
    1ede:	91 05       	cpc	r25, r1
    1ee0:	9c f3       	brlt	.-26     	; 0x1ec8 <LCD_Erase+0x6a>
        {

            LCD_WriteData( 32 );//znak "spacji"
        }
    }
}
    1ee2:	0f 90       	pop	r0
    1ee4:	0f 90       	pop	r0
    1ee6:	0f 90       	pop	r0
    1ee8:	0f 90       	pop	r0
    1eea:	df 91       	pop	r29
    1eec:	cf 91       	pop	r28
    1eee:	08 95       	ret

00001ef0 <LCD_Displaying>:
// Różne opcje wyświelania
//
//-------------------------------------------------------------------------------------------------
#if USE_LCD_Displaying == 1
void LCD_Displaying ( unsigned int option )
{
    1ef0:	cf 93       	push	r28
    1ef2:	df 93       	push	r29
    1ef4:	00 d0       	rcall	.+0      	; 0x1ef6 <LCD_Displaying+0x6>
    1ef6:	cd b7       	in	r28, 0x3d	; 61
    1ef8:	de b7       	in	r29, 0x3e	; 62
    1efa:	9a 83       	std	Y+2, r25	; 0x02
    1efc:	89 83       	std	Y+1, r24	; 0x01
    switch ( option )
    1efe:	89 81       	ldd	r24, Y+1	; 0x01
    1f00:	9a 81       	ldd	r25, Y+2	; 0x02
    1f02:	83 30       	cpi	r24, 0x03	; 3
    1f04:	91 05       	cpc	r25, r1
    1f06:	c9 f0       	breq	.+50     	; 0x1f3a <LCD_Displaying+0x4a>
    1f08:	84 30       	cpi	r24, 0x04	; 4
    1f0a:	91 05       	cpc	r25, r1
    1f0c:	38 f4       	brcc	.+14     	; 0x1f1c <LCD_Displaying+0x2c>
    1f0e:	81 30       	cpi	r24, 0x01	; 1
    1f10:	91 05       	cpc	r25, r1
    1f12:	59 f0       	breq	.+22     	; 0x1f2a <LCD_Displaying+0x3a>
    1f14:	82 30       	cpi	r24, 0x02	; 2
    1f16:	91 05       	cpc	r25, r1
    1f18:	61 f0       	breq	.+24     	; 0x1f32 <LCD_Displaying+0x42>
    1f1a:	1b c0       	rjmp	.+54     	; 0x1f52 <LCD_Displaying+0x62>
    1f1c:	84 30       	cpi	r24, 0x04	; 4
    1f1e:	91 05       	cpc	r25, r1
    1f20:	81 f0       	breq	.+32     	; 0x1f42 <LCD_Displaying+0x52>
    1f22:	85 30       	cpi	r24, 0x05	; 5
    1f24:	91 05       	cpc	r25, r1
    1f26:	89 f0       	breq	.+34     	; 0x1f4a <LCD_Displaying+0x5a>
    1f28:	14 c0       	rjmp	.+40     	; 0x1f52 <LCD_Displaying+0x62>
    {
    case 1:
        LCD_WriteCommand( HD44780_DISPLAY_ONOFF | HD44780_DISPLAY_ON );
    1f2a:	8c e0       	ldi	r24, 0x0C	; 12
    1f2c:	0e 94 9a 09 	call	0x1334	; 0x1334 <LCD_WriteCommand>
        break;
    1f30:	10 c0       	rjmp	.+32     	; 0x1f52 <LCD_Displaying+0x62>
    case 2:
        LCD_WriteCommand( HD44780_DISPLAY_ONOFF | HD44780_DISPLAY_OFF );
    1f32:	88 e0       	ldi	r24, 0x08	; 8
    1f34:	0e 94 9a 09 	call	0x1334	; 0x1334 <LCD_WriteCommand>
        break;
    1f38:	0c c0       	rjmp	.+24     	; 0x1f52 <LCD_Displaying+0x62>
    case 3:
        LCD_WriteCommand( HD44780_DISPLAY_ONOFF | HD44780_DISPLAY_ON | HD44780_CURSOR_ON );
    1f3a:	8e e0       	ldi	r24, 0x0E	; 14
    1f3c:	0e 94 9a 09 	call	0x1334	; 0x1334 <LCD_WriteCommand>
        break;
    1f40:	08 c0       	rjmp	.+16     	; 0x1f52 <LCD_Displaying+0x62>
    case 4:
        LCD_WriteCommand( HD44780_DISPLAY_ONOFF | HD44780_DISPLAY_ON | HD44780_CURSOR_BLINK );
    1f42:	8d e0       	ldi	r24, 0x0D	; 13
    1f44:	0e 94 9a 09 	call	0x1334	; 0x1334 <LCD_WriteCommand>
        break;
    1f48:	04 c0       	rjmp	.+8      	; 0x1f52 <LCD_Displaying+0x62>
    case 5:
        LCD_WriteCommand( HD44780_DISPLAY_ONOFF | HD44780_DISPLAY_ON | HD44780_CURSOR_ON | HD44780_CURSOR_BLINK );
    1f4a:	8f e0       	ldi	r24, 0x0F	; 15
    1f4c:	0e 94 9a 09 	call	0x1334	; 0x1334 <LCD_WriteCommand>
        break;
    1f50:	00 00       	nop
    }
}
    1f52:	0f 90       	pop	r0
    1f54:	0f 90       	pop	r0
    1f56:	df 91       	pop	r29
    1f58:	cf 91       	pop	r28
    1f5a:	08 95       	ret

00001f5c <i2cSetBitrate>:
#include "i2c.h"
/**
    Inicjalizacja TWI
*/
void i2cSetBitrate(uint16_t bitrateKHz)
{
    1f5c:	cf 93       	push	r28
    1f5e:	df 93       	push	r29
    1f60:	00 d0       	rcall	.+0      	; 0x1f62 <i2cSetBitrate+0x6>
    1f62:	00 d0       	rcall	.+0      	; 0x1f64 <i2cSetBitrate+0x8>
    1f64:	1f 92       	push	r1
    1f66:	cd b7       	in	r28, 0x3d	; 61
    1f68:	de b7       	in	r29, 0x3e	; 62
    1f6a:	9b 83       	std	Y+3, r25	; 0x03
    1f6c:	8a 83       	std	Y+2, r24	; 0x02
    uint8_t bitrate_div;

    bitrate_div = ((F_CPU/1000l)/bitrateKHz);
    1f6e:	80 e8       	ldi	r24, 0x80	; 128
    1f70:	9e e3       	ldi	r25, 0x3E	; 62
    1f72:	2a 81       	ldd	r18, Y+2	; 0x02
    1f74:	3b 81       	ldd	r19, Y+3	; 0x03
    1f76:	b9 01       	movw	r22, r18
    1f78:	0e 94 43 33 	call	0x6686	; 0x6686 <__udivmodhi4>
    1f7c:	cb 01       	movw	r24, r22
    1f7e:	89 83       	std	Y+1, r24	; 0x01
    if(bitrate_div >= 16)
    1f80:	89 81       	ldd	r24, Y+1	; 0x01
    1f82:	80 31       	cpi	r24, 0x10	; 16
    1f84:	50 f0       	brcs	.+20     	; 0x1f9a <i2cSetBitrate+0x3e>
        bitrate_div = (bitrate_div-16)/2;
    1f86:	89 81       	ldd	r24, Y+1	; 0x01
    1f88:	88 2f       	mov	r24, r24
    1f8a:	90 e0       	ldi	r25, 0x00	; 0
    1f8c:	40 97       	sbiw	r24, 0x10	; 16
    1f8e:	99 23       	and	r25, r25
    1f90:	0c f4       	brge	.+2      	; 0x1f94 <i2cSetBitrate+0x38>
    1f92:	01 96       	adiw	r24, 0x01	; 1
    1f94:	95 95       	asr	r25
    1f96:	87 95       	ror	r24
    1f98:	89 83       	std	Y+1, r24	; 0x01

    TWBR = bitrate_div;
    1f9a:	80 e2       	ldi	r24, 0x20	; 32
    1f9c:	90 e0       	ldi	r25, 0x00	; 0
    1f9e:	29 81       	ldd	r18, Y+1	; 0x01
    1fa0:	fc 01       	movw	r30, r24
    1fa2:	20 83       	st	Z, r18
}
    1fa4:	0f 90       	pop	r0
    1fa6:	0f 90       	pop	r0
    1fa8:	0f 90       	pop	r0
    1faa:	0f 90       	pop	r0
    1fac:	0f 90       	pop	r0
    1fae:	df 91       	pop	r29
    1fb0:	cf 91       	pop	r28
    1fb2:	08 95       	ret

00001fb4 <i2cStart>:
/**
    Procedura transmisji sygnału START
*/
void i2cStart(void)
{
    1fb4:	cf 93       	push	r28
    1fb6:	df 93       	push	r29
    1fb8:	cd b7       	in	r28, 0x3d	; 61
    1fba:	de b7       	in	r29, 0x3e	; 62
    TWCR = (1<<TWINT)|(1<<TWEN)|(1<<TWSTA);
    1fbc:	86 e5       	ldi	r24, 0x56	; 86
    1fbe:	90 e0       	ldi	r25, 0x00	; 0
    1fc0:	24 ea       	ldi	r18, 0xA4	; 164
    1fc2:	fc 01       	movw	r30, r24
    1fc4:	20 83       	st	Z, r18
    while (!(TWCR&(1<<TWINT)));
    1fc6:	00 00       	nop
    1fc8:	86 e5       	ldi	r24, 0x56	; 86
    1fca:	90 e0       	ldi	r25, 0x00	; 0
    1fcc:	fc 01       	movw	r30, r24
    1fce:	80 81       	ld	r24, Z
    1fd0:	88 23       	and	r24, r24
    1fd2:	d4 f7       	brge	.-12     	; 0x1fc8 <i2cStart+0x14>
}
    1fd4:	df 91       	pop	r29
    1fd6:	cf 91       	pop	r28
    1fd8:	08 95       	ret

00001fda <i2cStop>:
/**
    Procedura transmisji sygnału STOP
*/
void i2cStop(void)
{
    1fda:	cf 93       	push	r28
    1fdc:	df 93       	push	r29
    1fde:	cd b7       	in	r28, 0x3d	; 61
    1fe0:	de b7       	in	r29, 0x3e	; 62
    TWCR = (1<<TWINT)|(1<<TWEN)|(1<<TWSTO);
    1fe2:	86 e5       	ldi	r24, 0x56	; 86
    1fe4:	90 e0       	ldi	r25, 0x00	; 0
    1fe6:	24 e9       	ldi	r18, 0x94	; 148
    1fe8:	fc 01       	movw	r30, r24
    1fea:	20 83       	st	Z, r18
    while ( (TWCR&(1<<TWSTO)) );
    1fec:	00 00       	nop
    1fee:	86 e5       	ldi	r24, 0x56	; 86
    1ff0:	90 e0       	ldi	r25, 0x00	; 0
    1ff2:	fc 01       	movw	r30, r24
    1ff4:	80 81       	ld	r24, Z
    1ff6:	88 2f       	mov	r24, r24
    1ff8:	90 e0       	ldi	r25, 0x00	; 0
    1ffa:	80 71       	andi	r24, 0x10	; 16
    1ffc:	99 27       	eor	r25, r25
    1ffe:	00 97       	sbiw	r24, 0x00	; 0
    2000:	b1 f7       	brne	.-20     	; 0x1fee <i2cStop+0x14>
}
    2002:	df 91       	pop	r29
    2004:	cf 91       	pop	r28
    2006:	08 95       	ret

00002008 <i2cWrite>:

/**
    Procedura transmisji bajtu danych
*/
void i2cWrite(uint8_t bajt)
{
    2008:	cf 93       	push	r28
    200a:	df 93       	push	r29
    200c:	1f 92       	push	r1
    200e:	cd b7       	in	r28, 0x3d	; 61
    2010:	de b7       	in	r29, 0x3e	; 62
    2012:	89 83       	std	Y+1, r24	; 0x01
    TWDR = bajt;
    2014:	83 e2       	ldi	r24, 0x23	; 35
    2016:	90 e0       	ldi	r25, 0x00	; 0
    2018:	29 81       	ldd	r18, Y+1	; 0x01
    201a:	fc 01       	movw	r30, r24
    201c:	20 83       	st	Z, r18
    TWCR = (1<<TWINT)|(1<<TWEN);
    201e:	86 e5       	ldi	r24, 0x56	; 86
    2020:	90 e0       	ldi	r25, 0x00	; 0
    2022:	24 e8       	ldi	r18, 0x84	; 132
    2024:	fc 01       	movw	r30, r24
    2026:	20 83       	st	Z, r18
    while ( !(TWCR&(1<<TWINT)));
    2028:	00 00       	nop
    202a:	86 e5       	ldi	r24, 0x56	; 86
    202c:	90 e0       	ldi	r25, 0x00	; 0
    202e:	fc 01       	movw	r30, r24
    2030:	80 81       	ld	r24, Z
    2032:	88 23       	and	r24, r24
    2034:	d4 f7       	brge	.-12     	; 0x202a <i2cWrite+0x22>
}
    2036:	0f 90       	pop	r0
    2038:	df 91       	pop	r29
    203a:	cf 91       	pop	r28
    203c:	08 95       	ret

0000203e <i2cRead>:
/**
    Procedura odczytu bajtu danych
*/
uint8_t i2cRead(uint8_t ack)
{
    203e:	cf 93       	push	r28
    2040:	df 93       	push	r29
    2042:	1f 92       	push	r1
    2044:	cd b7       	in	r28, 0x3d	; 61
    2046:	de b7       	in	r29, 0x3e	; 62
    2048:	89 83       	std	Y+1, r24	; 0x01
    TWCR = (1<<TWINT)|(ack<<TWEA)|(1<<TWEN);
    204a:	86 e5       	ldi	r24, 0x56	; 86
    204c:	90 e0       	ldi	r25, 0x00	; 0
    204e:	29 81       	ldd	r18, Y+1	; 0x01
    2050:	22 2f       	mov	r18, r18
    2052:	30 e0       	ldi	r19, 0x00	; 0
    2054:	00 24       	eor	r0, r0
    2056:	36 95       	lsr	r19
    2058:	27 95       	ror	r18
    205a:	07 94       	ror	r0
    205c:	36 95       	lsr	r19
    205e:	27 95       	ror	r18
    2060:	07 94       	ror	r0
    2062:	32 2f       	mov	r19, r18
    2064:	20 2d       	mov	r18, r0
    2066:	24 68       	ori	r18, 0x84	; 132
    2068:	fc 01       	movw	r30, r24
    206a:	20 83       	st	Z, r18
    while ( !(TWCR & (1<<TWINT)));
    206c:	00 00       	nop
    206e:	86 e5       	ldi	r24, 0x56	; 86
    2070:	90 e0       	ldi	r25, 0x00	; 0
    2072:	fc 01       	movw	r30, r24
    2074:	80 81       	ld	r24, Z
    2076:	88 23       	and	r24, r24
    2078:	d4 f7       	brge	.-12     	; 0x206e <i2cRead+0x30>
    return TWDR;
    207a:	83 e2       	ldi	r24, 0x23	; 35
    207c:	90 e0       	ldi	r25, 0x00	; 0
    207e:	fc 01       	movw	r30, r24
    2080:	80 81       	ld	r24, Z
}
    2082:	0f 90       	pop	r0
    2084:	df 91       	pop	r29
    2086:	cf 91       	pop	r28
    2088:	08 95       	ret

0000208a <pilot_off>:
volatile uint8_t Ir_key_press_flag;

volatile uint8_t rc5cnt;

void pilot_off(void)
    {
    208a:	cf 93       	push	r28
    208c:	df 93       	push	r29
    208e:	cd b7       	in	r28, 0x3d	; 61
    2090:	de b7       	in	r29, 0x3e	; 62

        TCCR1B &= ~( ( 1 << CS12 ) | ( 1 << CS11 ) | ( 1 << CS10 ) ); //wyłączenie Timera1 (prescaler na zero)
    2092:	8e e4       	ldi	r24, 0x4E	; 78
    2094:	90 e0       	ldi	r25, 0x00	; 0
    2096:	2e e4       	ldi	r18, 0x4E	; 78
    2098:	30 e0       	ldi	r19, 0x00	; 0
    209a:	f9 01       	movw	r30, r18
    209c:	20 81       	ld	r18, Z
    209e:	28 7f       	andi	r18, 0xF8	; 248
    20a0:	fc 01       	movw	r30, r24
    20a2:	20 83       	st	Z, r18
    }
    20a4:	df 91       	pop	r29
    20a6:	cf 91       	pop	r28
    20a8:	08 95       	ret

000020aa <pilot_on>:

void pilot_on(void)
{
    20aa:	cf 93       	push	r28
    20ac:	df 93       	push	r29
    20ae:	cd b7       	in	r28, 0x3d	; 61
    20b0:	de b7       	in	r29, 0x3e	; 62
#if TIMER1_PRESCALER == 256
        TCCR1B |= ( 1 << CS12 );
#endif // TIMER1_PRESCALER

#if TIMER1_PRESCALER == 1024
        TCCR1B |= ( 1 << CS12 ) | ( 1 << CS10 );
    20b2:	8e e4       	ldi	r24, 0x4E	; 78
    20b4:	90 e0       	ldi	r25, 0x00	; 0
    20b6:	2e e4       	ldi	r18, 0x4E	; 78
    20b8:	30 e0       	ldi	r19, 0x00	; 0
    20ba:	f9 01       	movw	r30, r18
    20bc:	20 81       	ld	r18, Z
    20be:	25 60       	ori	r18, 0x05	; 5
    20c0:	fc 01       	movw	r30, r24
    20c2:	20 83       	st	Z, r18
#endif // TIMER1_PRESCALER
    }
    20c4:	df 91       	pop	r29
    20c6:	cf 91       	pop	r28
    20c8:	08 95       	ret

000020ca <ir_init>:

void ir_init()
{
    20ca:	cf 93       	push	r28
    20cc:	df 93       	push	r29
    20ce:	cd b7       	in	r28, 0x3d	; 61
    20d0:	de b7       	in	r29, 0x3e	; 62
    IR_DIR &= ~IR_IN;
    20d2:	81 e3       	ldi	r24, 0x31	; 49
    20d4:	90 e0       	ldi	r25, 0x00	; 0
    20d6:	21 e3       	ldi	r18, 0x31	; 49
    20d8:	30 e0       	ldi	r19, 0x00	; 0
    20da:	f9 01       	movw	r30, r18
    20dc:	20 81       	ld	r18, Z
    20de:	2f 7b       	andi	r18, 0xBF	; 191
    20e0:	fc 01       	movw	r30, r24
    20e2:	20 83       	st	Z, r18
    IR_PORT |= IR_IN;
    20e4:	82 e3       	ldi	r24, 0x32	; 50
    20e6:	90 e0       	ldi	r25, 0x00	; 0
    20e8:	22 e3       	ldi	r18, 0x32	; 50
    20ea:	30 e0       	ldi	r19, 0x00	; 0
    20ec:	f9 01       	movw	r30, r18
    20ee:	20 81       	ld	r18, Z
    20f0:	20 64       	ori	r18, 0x40	; 64
    20f2:	fc 01       	movw	r30, r24
    20f4:	20 83       	st	Z, r18

    TCCR1B &= ~( 1 << ICES1 ); //zbocze opadaj¹ce na ICP
    20f6:	8e e4       	ldi	r24, 0x4E	; 78
    20f8:	90 e0       	ldi	r25, 0x00	; 0
    20fa:	2e e4       	ldi	r18, 0x4E	; 78
    20fc:	30 e0       	ldi	r19, 0x00	; 0
    20fe:	f9 01       	movw	r30, r18
    2100:	20 81       	ld	r18, Z
    2102:	2f 7b       	andi	r18, 0xBF	; 191
    2104:	fc 01       	movw	r30, r24
    2106:	20 83       	st	Z, r18
    rc5cnt = 0; // zerowanie licznika wystêpuj¹cych zboczy
    2108:	10 92 24 03 	sts	0x0324, r1

    TIMSK |= ( 1 << TICIE1 ); //przerwanie
    210c:	89 e5       	ldi	r24, 0x59	; 89
    210e:	90 e0       	ldi	r25, 0x00	; 0
    2110:	29 e5       	ldi	r18, 0x59	; 89
    2112:	30 e0       	ldi	r19, 0x00	; 0
    2114:	f9 01       	movw	r30, r18
    2116:	20 81       	ld	r18, Z
    2118:	20 62       	ori	r18, 0x20	; 32
    211a:	fc 01       	movw	r30, r24
    211c:	20 83       	st	Z, r18
    Ir_key_press_flag = 0;
    211e:	10 92 25 03 	sts	0x0325, r1

    STOP_BUTTON_DIR  &= ~STOP_BUTTON_IN;//inicjowanie przycisku stopu jako wejście
    2122:	87 e3       	ldi	r24, 0x37	; 55
    2124:	90 e0       	ldi	r25, 0x00	; 0
    2126:	27 e3       	ldi	r18, 0x37	; 55
    2128:	30 e0       	ldi	r19, 0x00	; 0
    212a:	f9 01       	movw	r30, r18
    212c:	20 81       	ld	r18, Z
    212e:	2f 7e       	andi	r18, 0xEF	; 239
    2130:	fc 01       	movw	r30, r24
    2132:	20 83       	st	Z, r18
    STOP_BUTTON_PORT |= STOP_BUTTON_IN;//podciągnięcie przycisku stopu do tranzystora
    2134:	88 e3       	ldi	r24, 0x38	; 56
    2136:	90 e0       	ldi	r25, 0x00	; 0
    2138:	28 e3       	ldi	r18, 0x38	; 56
    213a:	30 e0       	ldi	r19, 0x00	; 0
    213c:	f9 01       	movw	r30, r18
    213e:	20 81       	ld	r18, Z
    2140:	20 61       	ori	r18, 0x10	; 16
    2142:	fc 01       	movw	r30, r24
    2144:	20 83       	st	Z, r18
}
    2146:	df 91       	pop	r29
    2148:	cf 91       	pop	r28
    214a:	08 95       	ret

0000214c <__vector_6>:

ISR( TIMER1_CAPT_vect )
{
    214c:	1f 92       	push	r1
    214e:	0f 92       	push	r0
    2150:	00 90 5f 00 	lds	r0, 0x005F
    2154:	0f 92       	push	r0
    2156:	11 24       	eor	r1, r1
    2158:	2f 93       	push	r18
    215a:	3f 93       	push	r19
    215c:	4f 93       	push	r20
    215e:	5f 93       	push	r21
    2160:	8f 93       	push	r24
    2162:	9f 93       	push	r25
    2164:	ef 93       	push	r30
    2166:	ff 93       	push	r31
    2168:	cf 93       	push	r28
    216a:	df 93       	push	r29
    216c:	00 d0       	rcall	.+0      	; 0x216e <__vector_6+0x22>
    216e:	cd b7       	in	r28, 0x3d	; 61
    2170:	de b7       	in	r29, 0x3e	; 62
    uint16_t PulseWidth;
    static uint8_t IrPulseCount;
    static uint16_t IrData;
    static uint8_t frame_status;

    PulseWidth = ICR1 - LastCapture;
    2172:	86 e4       	ldi	r24, 0x46	; 70
    2174:	90 e0       	ldi	r25, 0x00	; 0
    2176:	fc 01       	movw	r30, r24
    2178:	20 81       	ld	r18, Z
    217a:	31 81       	ldd	r19, Z+1	; 0x01
    217c:	80 91 10 03 	lds	r24, 0x0310
    2180:	90 91 11 03 	lds	r25, 0x0311
    2184:	a9 01       	movw	r20, r18
    2186:	48 1b       	sub	r20, r24
    2188:	59 0b       	sbc	r21, r25
    218a:	ca 01       	movw	r24, r20
    218c:	9a 83       	std	Y+2, r25	; 0x02
    218e:	89 83       	std	Y+1, r24	; 0x01
    LastCapture = ICR1;
    2190:	86 e4       	ldi	r24, 0x46	; 70
    2192:	90 e0       	ldi	r25, 0x00	; 0
    2194:	fc 01       	movw	r30, r24
    2196:	80 81       	ld	r24, Z
    2198:	91 81       	ldd	r25, Z+1	; 0x01
    219a:	90 93 11 03 	sts	0x0311, r25
    219e:	80 93 10 03 	sts	0x0310, r24

    TCCR1B ^= ( 1 << ICES1 );
    21a2:	8e e4       	ldi	r24, 0x4E	; 78
    21a4:	90 e0       	ldi	r25, 0x00	; 0
    21a6:	2e e4       	ldi	r18, 0x4E	; 78
    21a8:	30 e0       	ldi	r19, 0x00	; 0
    21aa:	f9 01       	movw	r30, r18
    21ac:	30 81       	ld	r19, Z
    21ae:	20 e4       	ldi	r18, 0x40	; 64
    21b0:	23 27       	eor	r18, r19
    21b2:	fc 01       	movw	r30, r24
    21b4:	20 83       	st	Z, r18

    if( PulseWidth > MAX_BIT ) rc5cnt = 0;
    21b6:	89 81       	ldd	r24, Y+1	; 0x01
    21b8:	9a 81       	ldd	r25, Y+2	; 0x02
    21ba:	8f 31       	cpi	r24, 0x1F	; 31
    21bc:	91 05       	cpc	r25, r1
    21be:	10 f0       	brcs	.+4      	; 0x21c4 <__vector_6+0x78>
    21c0:	10 92 24 03 	sts	0x0324, r1

    if( rc5cnt > 0 ) frame_status = FRAME_OK;
    21c4:	80 91 24 03 	lds	r24, 0x0324
    21c8:	88 23       	and	r24, r24
    21ca:	19 f0       	breq	.+6      	; 0x21d2 <__vector_6+0x86>
    21cc:	81 e0       	ldi	r24, 0x01	; 1
    21ce:	80 93 12 03 	sts	0x0312, r24

    if ( rc5cnt == 0 )
    21d2:	80 91 24 03 	lds	r24, 0x0324
    21d6:	88 23       	and	r24, r24
    21d8:	b9 f4       	brne	.+46     	; 0x2208 <__vector_6+0xbc>
    {
        IrData = 0;
    21da:	10 92 14 03 	sts	0x0314, r1
    21de:	10 92 13 03 	sts	0x0313, r1
        IrPulseCount = 0;
    21e2:	10 92 15 03 	sts	0x0315, r1
        TCCR1B |= ( 1 << ICES1 );
    21e6:	8e e4       	ldi	r24, 0x4E	; 78
    21e8:	90 e0       	ldi	r25, 0x00	; 0
    21ea:	2e e4       	ldi	r18, 0x4E	; 78
    21ec:	30 e0       	ldi	r19, 0x00	; 0
    21ee:	f9 01       	movw	r30, r18
    21f0:	20 81       	ld	r18, Z
    21f2:	20 64       	ori	r18, 0x40	; 64
    21f4:	fc 01       	movw	r30, r24
    21f6:	20 83       	st	Z, r18
        ++rc5cnt;
    21f8:	80 91 24 03 	lds	r24, 0x0324
    21fc:	8f 5f       	subi	r24, 0xFF	; 255
    21fe:	80 93 24 03 	sts	0x0324, r24
        frame_status = FRAME_END;
    2202:	82 e0       	ldi	r24, 0x02	; 2
    2204:	80 93 12 03 	sts	0x0312, r24
    }

    if ( frame_status == FRAME_OK )
    2208:	80 91 12 03 	lds	r24, 0x0312
    220c:	81 30       	cpi	r24, 0x01	; 1
    220e:	09 f0       	breq	.+2      	; 0x2212 <__vector_6+0xc6>
    2210:	81 c0       	rjmp	.+258    	; 0x2314 <__vector_6+0x1c8>
    {
        if( PulseWidth < MIN_HALF_BIT ) frame_status = FRAME_RESTART;
    2212:	89 81       	ldd	r24, Y+1	; 0x01
    2214:	9a 81       	ldd	r25, Y+2	; 0x02
    2216:	8a 30       	cpi	r24, 0x0A	; 10
    2218:	91 05       	cpc	r25, r1
    221a:	10 f4       	brcc	.+4      	; 0x2220 <__vector_6+0xd4>
    221c:	10 92 12 03 	sts	0x0312, r1
        if( PulseWidth > MAX_BIT ) frame_status = FRAME_RESTART;
    2220:	89 81       	ldd	r24, Y+1	; 0x01
    2222:	9a 81       	ldd	r25, Y+2	; 0x02
    2224:	8f 31       	cpi	r24, 0x1F	; 31
    2226:	91 05       	cpc	r25, r1
    2228:	10 f0       	brcs	.+4      	; 0x222e <__vector_6+0xe2>
    222a:	10 92 12 03 	sts	0x0312, r1
        if ( frame_status == FRAME_OK )
    222e:	80 91 12 03 	lds	r24, 0x0312
    2232:	81 30       	cpi	r24, 0x01	; 1
    2234:	09 f0       	breq	.+2      	; 0x2238 <__vector_6+0xec>
    2236:	6e c0       	rjmp	.+220    	; 0x2314 <__vector_6+0x1c8>
        {
            if ( PulseWidth > MAX_HALF_BIT ) rc5cnt++;
    2238:	89 81       	ldd	r24, Y+1	; 0x01
    223a:	9a 81       	ldd	r25, Y+2	; 0x02
    223c:	82 31       	cpi	r24, 0x12	; 18
    223e:	91 05       	cpc	r25, r1
    2240:	28 f0       	brcs	.+10     	; 0x224c <__vector_6+0x100>
    2242:	80 91 24 03 	lds	r24, 0x0324
    2246:	8f 5f       	subi	r24, 0xFF	; 255
    2248:	80 93 24 03 	sts	0x0324, r24
            if ( rc5cnt > 1 )
    224c:	80 91 24 03 	lds	r24, 0x0324
    2250:	82 30       	cpi	r24, 0x02	; 2
    2252:	08 f4       	brcc	.+2      	; 0x2256 <__vector_6+0x10a>
    2254:	5a c0       	rjmp	.+180    	; 0x230a <__vector_6+0x1be>
                if ( ( rc5cnt % 2 ) == 0 )
    2256:	80 91 24 03 	lds	r24, 0x0324
    225a:	81 70       	andi	r24, 0x01	; 1
    225c:	88 23       	and	r24, r24
    225e:	09 f0       	breq	.+2      	; 0x2262 <__vector_6+0x116>
    2260:	54 c0       	rjmp	.+168    	; 0x230a <__vector_6+0x1be>
                {
                    IrData = IrData << 1;
    2262:	80 91 13 03 	lds	r24, 0x0313
    2266:	90 91 14 03 	lds	r25, 0x0314
    226a:	88 0f       	add	r24, r24
    226c:	99 1f       	adc	r25, r25
    226e:	90 93 14 03 	sts	0x0314, r25
    2272:	80 93 13 03 	sts	0x0313, r24
                    if( ( TCCR1B & ( 1 << ICES1 ) ) ) IrData |= 0x0001;
    2276:	8e e4       	ldi	r24, 0x4E	; 78
    2278:	90 e0       	ldi	r25, 0x00	; 0
    227a:	fc 01       	movw	r30, r24
    227c:	80 81       	ld	r24, Z
    227e:	88 2f       	mov	r24, r24
    2280:	90 e0       	ldi	r25, 0x00	; 0
    2282:	80 74       	andi	r24, 0x40	; 64
    2284:	99 27       	eor	r25, r25
    2286:	00 97       	sbiw	r24, 0x00	; 0
    2288:	49 f0       	breq	.+18     	; 0x229c <__vector_6+0x150>
    228a:	80 91 13 03 	lds	r24, 0x0313
    228e:	90 91 14 03 	lds	r25, 0x0314
    2292:	81 60       	ori	r24, 0x01	; 1
    2294:	90 93 14 03 	sts	0x0314, r25
    2298:	80 93 13 03 	sts	0x0313, r24
                    IrPulseCount++;
    229c:	80 91 15 03 	lds	r24, 0x0315
    22a0:	8f 5f       	subi	r24, 0xFF	; 255
    22a2:	80 93 15 03 	sts	0x0315, r24

                    if( IrPulseCount > 12 )
    22a6:	80 91 15 03 	lds	r24, 0x0315
    22aa:	8d 30       	cpi	r24, 0x0D	; 13
    22ac:	70 f1       	brcs	.+92     	; 0x230a <__vector_6+0x1be>
                    {
                        if ( Ir_key_press_flag == 0 )
    22ae:	80 91 25 03 	lds	r24, 0x0325
    22b2:	88 23       	and	r24, r24
    22b4:	29 f5       	brne	.+74     	; 0x2300 <__vector_6+0x1b4>
                        {
                            command = IrData & 0b0000000000111111;
    22b6:	80 91 13 03 	lds	r24, 0x0313
    22ba:	90 91 14 03 	lds	r25, 0x0314
    22be:	8f 73       	andi	r24, 0x3F	; 63
    22c0:	80 93 23 03 	sts	0x0323, r24
                            address = ( IrData & 0b0000011111000000 ) >> 6;
    22c4:	80 91 13 03 	lds	r24, 0x0313
    22c8:	90 91 14 03 	lds	r25, 0x0314
    22cc:	80 7c       	andi	r24, 0xC0	; 192
    22ce:	97 70       	andi	r25, 0x07	; 7
    22d0:	00 24       	eor	r0, r0
    22d2:	88 0f       	add	r24, r24
    22d4:	99 1f       	adc	r25, r25
    22d6:	00 1c       	adc	r0, r0
    22d8:	88 0f       	add	r24, r24
    22da:	99 1f       	adc	r25, r25
    22dc:	00 1c       	adc	r0, r0
    22de:	89 2f       	mov	r24, r25
    22e0:	90 2d       	mov	r25, r0
    22e2:	80 93 22 03 	sts	0x0322, r24
                            toggle_bit = ( IrData & 0b0000100000000000 ) >> 11;
    22e6:	80 91 13 03 	lds	r24, 0x0313
    22ea:	90 91 14 03 	lds	r25, 0x0314
    22ee:	88 27       	eor	r24, r24
    22f0:	98 70       	andi	r25, 0x08	; 8
    22f2:	89 2f       	mov	r24, r25
    22f4:	99 27       	eor	r25, r25
    22f6:	86 95       	lsr	r24
    22f8:	86 95       	lsr	r24
    22fa:	86 95       	lsr	r24
    22fc:	80 93 21 03 	sts	0x0321, r24
                        }
                        frame_status = FRAME_RESTART;
    2300:	10 92 12 03 	sts	0x0312, r1
                        Ir_key_press_flag = 1;
    2304:	81 e0       	ldi	r24, 0x01	; 1
    2306:	80 93 25 03 	sts	0x0325, r24

                    }
                }
            rc5cnt++;
    230a:	80 91 24 03 	lds	r24, 0x0324
    230e:	8f 5f       	subi	r24, 0xFF	; 255
    2310:	80 93 24 03 	sts	0x0324, r24
        }
    }

    if ( frame_status == FRAME_RESTART )
    2314:	80 91 12 03 	lds	r24, 0x0312
    2318:	88 23       	and	r24, r24
    231a:	59 f4       	brne	.+22     	; 0x2332 <__vector_6+0x1e6>
    {
        rc5cnt = 0;
    231c:	10 92 24 03 	sts	0x0324, r1
        TCCR1B &= ~( 1 << ICES1 );
    2320:	8e e4       	ldi	r24, 0x4E	; 78
    2322:	90 e0       	ldi	r25, 0x00	; 0
    2324:	2e e4       	ldi	r18, 0x4E	; 78
    2326:	30 e0       	ldi	r19, 0x00	; 0
    2328:	f9 01       	movw	r30, r18
    232a:	20 81       	ld	r18, Z
    232c:	2f 7b       	andi	r18, 0xBF	; 191
    232e:	fc 01       	movw	r30, r24
    2330:	20 83       	st	Z, r18
    }
}
    2332:	0f 90       	pop	r0
    2334:	0f 90       	pop	r0
    2336:	df 91       	pop	r29
    2338:	cf 91       	pop	r28
    233a:	ff 91       	pop	r31
    233c:	ef 91       	pop	r30
    233e:	9f 91       	pop	r25
    2340:	8f 91       	pop	r24
    2342:	5f 91       	pop	r21
    2344:	4f 91       	pop	r20
    2346:	3f 91       	pop	r19
    2348:	2f 91       	pop	r18
    234a:	0f 90       	pop	r0
    234c:	00 92 5f 00 	sts	0x005F, r0
    2350:	0f 90       	pop	r0
    2352:	1f 90       	pop	r1
    2354:	18 95       	reti

00002356 <stop_button>:

int stop_button()//przycisk fizycznie umieszczony na płytce
{
    2356:	cf 93       	push	r28
    2358:	df 93       	push	r29
    235a:	00 d0       	rcall	.+0      	; 0x235c <stop_button+0x6>
    235c:	cd b7       	in	r28, 0x3d	; 61
    235e:	de b7       	in	r29, 0x3e	; 62
    int temp = 0;
    2360:	1a 82       	std	Y+2, r1	; 0x02
    2362:	19 82       	std	Y+1, r1	; 0x01
    if(!( STOP_BUTTON_PIN & STOP_BUTTON_IN ))
    2364:	86 e3       	ldi	r24, 0x36	; 54
    2366:	90 e0       	ldi	r25, 0x00	; 0
    2368:	fc 01       	movw	r30, r24
    236a:	80 81       	ld	r24, Z
    236c:	88 2f       	mov	r24, r24
    236e:	90 e0       	ldi	r25, 0x00	; 0
    2370:	80 71       	andi	r24, 0x10	; 16
    2372:	99 27       	eor	r25, r25
    2374:	00 97       	sbiw	r24, 0x00	; 0
    2376:	21 f4       	brne	.+8      	; 0x2380 <stop_button+0x2a>
    {
        temp = 1;
    2378:	81 e0       	ldi	r24, 0x01	; 1
    237a:	90 e0       	ldi	r25, 0x00	; 0
    237c:	9a 83       	std	Y+2, r25	; 0x02
    237e:	89 83       	std	Y+1, r24	; 0x01
    }
    return temp;
    2380:	89 81       	ldd	r24, Y+1	; 0x01
    2382:	9a 81       	ldd	r25, Y+2	; 0x02
}
    2384:	0f 90       	pop	r0
    2386:	0f 90       	pop	r0
    2388:	df 91       	pop	r29
    238a:	cf 91       	pop	r28
    238c:	08 95       	ret

0000238e <USART_init>:
#include "lockers.h"


/* Inicjuje port szeregowy AVRa */
void USART_init(unsigned int myubrr)
{
    238e:	cf 93       	push	r28
    2390:	df 93       	push	r29
    2392:	00 d0       	rcall	.+0      	; 0x2394 <USART_init+0x6>
    2394:	cd b7       	in	r28, 0x3d	; 61
    2396:	de b7       	in	r29, 0x3e	; 62
    2398:	9a 83       	std	Y+2, r25	; 0x02
    239a:	89 83       	std	Y+1, r24	; 0x01
    /* Ustala prędkość transmisji */
    UBRRH = (unsigned char)(myubrr>>8);
    239c:	80 e4       	ldi	r24, 0x40	; 64
    239e:	90 e0       	ldi	r25, 0x00	; 0
    23a0:	29 81       	ldd	r18, Y+1	; 0x01
    23a2:	3a 81       	ldd	r19, Y+2	; 0x02
    23a4:	23 2f       	mov	r18, r19
    23a6:	33 27       	eor	r19, r19
    23a8:	fc 01       	movw	r30, r24
    23aa:	20 83       	st	Z, r18
    UBRRL = (unsigned char)myubrr;
    23ac:	89 e2       	ldi	r24, 0x29	; 41
    23ae:	90 e0       	ldi	r25, 0x00	; 0
    23b0:	29 81       	ldd	r18, Y+1	; 0x01
    23b2:	fc 01       	movw	r30, r24
    23b4:	20 83       	st	Z, r18

    /* Włącza nadajnika */
    UCSRB = (1<<TXEN);
    23b6:	8a e2       	ldi	r24, 0x2A	; 42
    23b8:	90 e0       	ldi	r25, 0x00	; 0
    23ba:	28 e0       	ldi	r18, 0x08	; 8
    23bc:	fc 01       	movw	r30, r24
    23be:	20 83       	st	Z, r18

    /* Format ramki: 8 bitów danych, 1 bit stopu, brak bitu parzystości */
    UCSRC = (1<<URSEL)|(3<<UCSZ0);
    23c0:	80 e4       	ldi	r24, 0x40	; 64
    23c2:	90 e0       	ldi	r25, 0x00	; 0
    23c4:	26 e8       	ldi	r18, 0x86	; 134
    23c6:	fc 01       	movw	r30, r24
    23c8:	20 83       	st	Z, r18
}
    23ca:	0f 90       	pop	r0
    23cc:	0f 90       	pop	r0
    23ce:	df 91       	pop	r29
    23d0:	cf 91       	pop	r28
    23d2:	08 95       	ret

000023d4 <USART_Transmit>:


/* Wysyła znak do portu szeregowego */
uint8_t USART_Transmit(char c, FILE *stream)
{
    23d4:	cf 93       	push	r28
    23d6:	df 93       	push	r29
    23d8:	00 d0       	rcall	.+0      	; 0x23da <USART_Transmit+0x6>
    23da:	1f 92       	push	r1
    23dc:	cd b7       	in	r28, 0x3d	; 61
    23de:	de b7       	in	r29, 0x3e	; 62
    23e0:	89 83       	std	Y+1, r24	; 0x01
    23e2:	7b 83       	std	Y+3, r23	; 0x03
    23e4:	6a 83       	std	Y+2, r22	; 0x02
    while(!(UCSRA & (1<<UDRE)));
    23e6:	00 00       	nop
    23e8:	8b e2       	ldi	r24, 0x2B	; 43
    23ea:	90 e0       	ldi	r25, 0x00	; 0
    23ec:	fc 01       	movw	r30, r24
    23ee:	80 81       	ld	r24, Z
    23f0:	88 2f       	mov	r24, r24
    23f2:	90 e0       	ldi	r25, 0x00	; 0
    23f4:	80 72       	andi	r24, 0x20	; 32
    23f6:	99 27       	eor	r25, r25
    23f8:	00 97       	sbiw	r24, 0x00	; 0
    23fa:	b1 f3       	breq	.-20     	; 0x23e8 <USART_Transmit+0x14>
    UDR = c;
    23fc:	8c e2       	ldi	r24, 0x2C	; 44
    23fe:	90 e0       	ldi	r25, 0x00	; 0
    2400:	29 81       	ldd	r18, Y+1	; 0x01
    2402:	fc 01       	movw	r30, r24
    2404:	20 83       	st	Z, r18

    return 0;
    2406:	80 e0       	ldi	r24, 0x00	; 0
}
    2408:	0f 90       	pop	r0
    240a:	0f 90       	pop	r0
    240c:	0f 90       	pop	r0
    240e:	df 91       	pop	r29
    2410:	cf 91       	pop	r28
    2412:	08 95       	ret

00002414 <lockers_init>:



void lockers_init()
{
    2414:	cf 93       	push	r28
    2416:	df 93       	push	r29
    2418:	cd b7       	in	r28, 0x3d	; 61
    241a:	de b7       	in	r29, 0x3e	; 62

    LOCKER_1_BUTTON_DIR  &= ~LOCKER_1_BUTTON_IN;//inicjowanie przycisku jako wejście
    241c:	81 e3       	ldi	r24, 0x31	; 49
    241e:	90 e0       	ldi	r25, 0x00	; 0
    2420:	21 e3       	ldi	r18, 0x31	; 49
    2422:	30 e0       	ldi	r19, 0x00	; 0
    2424:	f9 01       	movw	r30, r18
    2426:	20 81       	ld	r18, Z
    2428:	2b 7f       	andi	r18, 0xFB	; 251
    242a:	fc 01       	movw	r30, r24
    242c:	20 83       	st	Z, r18
    LOCKER_1_BUTTON_PORT |= LOCKER_1_BUTTON_IN;//podciągnięcie przycisku tranzystorami
    242e:	82 e3       	ldi	r24, 0x32	; 50
    2430:	90 e0       	ldi	r25, 0x00	; 0
    2432:	22 e3       	ldi	r18, 0x32	; 50
    2434:	30 e0       	ldi	r19, 0x00	; 0
    2436:	f9 01       	movw	r30, r18
    2438:	20 81       	ld	r18, Z
    243a:	24 60       	ori	r18, 0x04	; 4
    243c:	fc 01       	movw	r30, r24
    243e:	20 83       	st	Z, r18

    LOCKER_2_BUTTON_DIR  &= ~LOCKER_2_BUTTON_IN;//inicjowanie przycisku jako wejście
    2440:	81 e3       	ldi	r24, 0x31	; 49
    2442:	90 e0       	ldi	r25, 0x00	; 0
    2444:	21 e3       	ldi	r18, 0x31	; 49
    2446:	30 e0       	ldi	r19, 0x00	; 0
    2448:	f9 01       	movw	r30, r18
    244a:	20 81       	ld	r18, Z
    244c:	27 7f       	andi	r18, 0xF7	; 247
    244e:	fc 01       	movw	r30, r24
    2450:	20 83       	st	Z, r18
    LOCKER_2_BUTTON_PORT |= LOCKER_2_BUTTON_IN;//podciągnięcie przycisku tranzystorami
    2452:	82 e3       	ldi	r24, 0x32	; 50
    2454:	90 e0       	ldi	r25, 0x00	; 0
    2456:	22 e3       	ldi	r18, 0x32	; 50
    2458:	30 e0       	ldi	r19, 0x00	; 0
    245a:	f9 01       	movw	r30, r18
    245c:	20 81       	ld	r18, Z
    245e:	28 60       	ori	r18, 0x08	; 8
    2460:	fc 01       	movw	r30, r24
    2462:	20 83       	st	Z, r18
    /* Tworzy strumienia danych o nazwie 'mystdout' połączony
    z funkcją 'USART_Transmit' */
    static FILE mystdout = FDEV_SETUP_STREAM(USART_Transmit, NULL, _FDEV_SETUP_WRITE);

    /* Inicjalizuje  port szeregowy AVRa */
    USART_init(MYUBRR);
    2464:	87 e6       	ldi	r24, 0x67	; 103
    2466:	90 e0       	ldi	r25, 0x00	; 0
    2468:	0e 94 c7 11 	call	0x238e	; 0x238e <USART_init>

    /* Przekierowuje standardowe wyjście do  'mystdout' */
    stdout = &mystdout;
    246c:	81 e6       	ldi	r24, 0x61	; 97
    246e:	90 e0       	ldi	r25, 0x00	; 0
    2470:	90 93 54 03 	sts	0x0354, r25
    2474:	80 93 53 03 	sts	0x0353, r24

    //lockers_find_latest_data();
}
    2478:	df 91       	pop	r29
    247a:	cf 91       	pop	r28
    247c:	08 95       	ret

0000247e <lockers_beginning_actions>:

void lockers_beginning_actions(void)
{
    247e:	cf 93       	push	r28
    2480:	df 93       	push	r29
    2482:	00 d0       	rcall	.+0      	; 0x2484 <lockers_beginning_actions+0x6>
    2484:	cd b7       	in	r28, 0x3d	; 61
    2486:	de b7       	in	r29, 0x3e	; 62
    int i = 0;
    2488:	1a 82       	std	Y+2, r1	; 0x02
    248a:	19 82       	std	Y+1, r1	; 0x01
    for(; i < AMOUNT_OF_LOCKERS; ++i)
    248c:	0f c0       	rjmp	.+30     	; 0x24ac <lockers_beginning_actions+0x2e>
    {
        states_table[i] = (uint8_t) lockers_state_of_single_button(i);//przypisanie wartości początkowych
    248e:	89 81       	ldd	r24, Y+1	; 0x01
    2490:	0e 94 60 12 	call	0x24c0	; 0x24c0 <lockers_state_of_single_button>
    2494:	28 2f       	mov	r18, r24
    2496:	89 81       	ldd	r24, Y+1	; 0x01
    2498:	9a 81       	ldd	r25, Y+2	; 0x02
    249a:	86 5d       	subi	r24, 0xD6	; 214
    249c:	9c 4f       	sbci	r25, 0xFC	; 252
    249e:	fc 01       	movw	r30, r24
    24a0:	20 83       	st	Z, r18
}

void lockers_beginning_actions(void)
{
    int i = 0;
    for(; i < AMOUNT_OF_LOCKERS; ++i)
    24a2:	89 81       	ldd	r24, Y+1	; 0x01
    24a4:	9a 81       	ldd	r25, Y+2	; 0x02
    24a6:	01 96       	adiw	r24, 0x01	; 1
    24a8:	9a 83       	std	Y+2, r25	; 0x02
    24aa:	89 83       	std	Y+1, r24	; 0x01
    24ac:	89 81       	ldd	r24, Y+1	; 0x01
    24ae:	9a 81       	ldd	r25, Y+2	; 0x02
    24b0:	82 30       	cpi	r24, 0x02	; 2
    24b2:	91 05       	cpc	r25, r1
    24b4:	64 f3       	brlt	.-40     	; 0x248e <lockers_beginning_actions+0x10>
    {
        states_table[i] = (uint8_t) lockers_state_of_single_button(i);//przypisanie wartości początkowych
    }
}
    24b6:	0f 90       	pop	r0
    24b8:	0f 90       	pop	r0
    24ba:	df 91       	pop	r29
    24bc:	cf 91       	pop	r28
    24be:	08 95       	ret

000024c0 <lockers_state_of_single_button>:


uint8_t lockers_state_of_single_button( uint8_t index )//zwraca stan danego przycisku względem numeru indeksu
{
    24c0:	cf 93       	push	r28
    24c2:	df 93       	push	r29
    24c4:	1f 92       	push	r1
    24c6:	cd b7       	in	r28, 0x3d	; 61
    24c8:	de b7       	in	r29, 0x3e	; 62
    24ca:	89 83       	std	Y+1, r24	; 0x01
    if(index == 0) return locker_1_button();
    24cc:	89 81       	ldd	r24, Y+1	; 0x01
    24ce:	88 23       	and	r24, r24
    24d0:	19 f4       	brne	.+6      	; 0x24d8 <lockers_state_of_single_button+0x18>
    24d2:	0e 94 a8 16 	call	0x2d50	; 0x2d50 <locker_1_button>
    24d6:	07 c0       	rjmp	.+14     	; 0x24e6 <lockers_state_of_single_button+0x26>
    else if(index == 1) return locker_2_button();
    24d8:	89 81       	ldd	r24, Y+1	; 0x01
    24da:	81 30       	cpi	r24, 0x01	; 1
    24dc:	19 f4       	brne	.+6      	; 0x24e4 <lockers_state_of_single_button+0x24>
    24de:	0e 94 c3 16 	call	0x2d86	; 0x2d86 <locker_2_button>
    24e2:	01 c0       	rjmp	.+2      	; 0x24e6 <lockers_state_of_single_button+0x26>
    return -1;//bląd
    24e4:	8f ef       	ldi	r24, 0xFF	; 255
}
    24e6:	0f 90       	pop	r0
    24e8:	df 91       	pop	r29
    24ea:	cf 91       	pop	r28
    24ec:	08 95       	ret

000024ee <lockers_check_events>:

void lockers_check_events()
{
    24ee:	cf 93       	push	r28
    24f0:	df 93       	push	r29
    24f2:	00 d0       	rcall	.+0      	; 0x24f4 <lockers_check_events+0x6>
    24f4:	00 d0       	rcall	.+0      	; 0x24f6 <lockers_check_events+0x8>
    24f6:	1f 92       	push	r1
    24f8:	cd b7       	in	r28, 0x3d	; 61
    24fa:	de b7       	in	r29, 0x3e	; 62
    int i = 0;//zmienna pmocnicza w pętlach
    24fc:	1a 82       	std	Y+2, r1	; 0x02
    24fe:	19 82       	std	Y+1, r1	; 0x01
    int action = 0;//jeśli ta zmienna będzie inna od zera, to wykona się zapis
    2500:	1c 82       	std	Y+4, r1	; 0x04
    2502:	1b 82       	std	Y+3, r1	; 0x03
    uint8_t state = 0;//stan przycisku z danej chwili
    2504:	1d 82       	std	Y+5, r1	; 0x05
    for(; i < AMOUNT_OF_LOCKERS; ++i)//sprawdzanie stanów przycisków i odpowiednie wypełnianie tablicy
    2506:	39 c0       	rjmp	.+114    	; 0x257a <lockers_check_events+0x8c>
    {
        state = (uint8_t)lockers_state_of_single_button(i);//jednorazowe złapanie stanu przycisku
    2508:	89 81       	ldd	r24, Y+1	; 0x01
    250a:	0e 94 60 12 	call	0x24c0	; 0x24c0 <lockers_state_of_single_button>
    250e:	8d 83       	std	Y+5, r24	; 0x05
        if( state != states_table[i] )//jeśli stan przycisku różni się od poprzednich wartości, należy wypełnić tabelę
    2510:	89 81       	ldd	r24, Y+1	; 0x01
    2512:	9a 81       	ldd	r25, Y+2	; 0x02
    2514:	86 5d       	subi	r24, 0xD6	; 214
    2516:	9c 4f       	sbci	r25, 0xFC	; 252
    2518:	fc 01       	movw	r30, r24
    251a:	90 81       	ld	r25, Z
    251c:	8d 81       	ldd	r24, Y+5	; 0x05
    251e:	98 17       	cp	r25, r24
    2520:	d1 f0       	breq	.+52     	; 0x2556 <lockers_check_events+0x68>
        {
            action = 1;//akcja będzie podjęta
    2522:	81 e0       	ldi	r24, 0x01	; 1
    2524:	90 e0       	ldi	r25, 0x00	; 0
    2526:	9c 83       	std	Y+4, r25	; 0x04
    2528:	8b 83       	std	Y+3, r24	; 0x03
            if (state == 1) save_info_table[i] = 2;//szafka zamknięta
    252a:	8d 81       	ldd	r24, Y+5	; 0x05
    252c:	81 30       	cpi	r24, 0x01	; 1
    252e:	41 f4       	brne	.+16     	; 0x2540 <lockers_check_events+0x52>
    2530:	89 81       	ldd	r24, Y+1	; 0x01
    2532:	9a 81       	ldd	r25, Y+2	; 0x02
    2534:	84 5d       	subi	r24, 0xD4	; 212
    2536:	9c 4f       	sbci	r25, 0xFC	; 252
    2538:	22 e0       	ldi	r18, 0x02	; 2
    253a:	fc 01       	movw	r30, r24
    253c:	20 83       	st	Z, r18
    253e:	11 c0       	rjmp	.+34     	; 0x2562 <lockers_check_events+0x74>
            else if(state == 0) save_info_table[i] = 1;//szafka otwarta
    2540:	8d 81       	ldd	r24, Y+5	; 0x05
    2542:	88 23       	and	r24, r24
    2544:	71 f4       	brne	.+28     	; 0x2562 <lockers_check_events+0x74>
    2546:	89 81       	ldd	r24, Y+1	; 0x01
    2548:	9a 81       	ldd	r25, Y+2	; 0x02
    254a:	84 5d       	subi	r24, 0xD4	; 212
    254c:	9c 4f       	sbci	r25, 0xFC	; 252
    254e:	21 e0       	ldi	r18, 0x01	; 1
    2550:	fc 01       	movw	r30, r24
    2552:	20 83       	st	Z, r18
    2554:	06 c0       	rjmp	.+12     	; 0x2562 <lockers_check_events+0x74>
        }
        else save_info_table[i] = 0; //nie zapisuj żadnej informacji dla tej szufladki
    2556:	89 81       	ldd	r24, Y+1	; 0x01
    2558:	9a 81       	ldd	r25, Y+2	; 0x02
    255a:	84 5d       	subi	r24, 0xD4	; 212
    255c:	9c 4f       	sbci	r25, 0xFC	; 252
    255e:	fc 01       	movw	r30, r24
    2560:	10 82       	st	Z, r1
        states_table[i] = state;
    2562:	89 81       	ldd	r24, Y+1	; 0x01
    2564:	9a 81       	ldd	r25, Y+2	; 0x02
    2566:	86 5d       	subi	r24, 0xD6	; 214
    2568:	9c 4f       	sbci	r25, 0xFC	; 252
    256a:	2d 81       	ldd	r18, Y+5	; 0x05
    256c:	fc 01       	movw	r30, r24
    256e:	20 83       	st	Z, r18
void lockers_check_events()
{
    int i = 0;//zmienna pmocnicza w pętlach
    int action = 0;//jeśli ta zmienna będzie inna od zera, to wykona się zapis
    uint8_t state = 0;//stan przycisku z danej chwili
    for(; i < AMOUNT_OF_LOCKERS; ++i)//sprawdzanie stanów przycisków i odpowiednie wypełnianie tablicy
    2570:	89 81       	ldd	r24, Y+1	; 0x01
    2572:	9a 81       	ldd	r25, Y+2	; 0x02
    2574:	01 96       	adiw	r24, 0x01	; 1
    2576:	9a 83       	std	Y+2, r25	; 0x02
    2578:	89 83       	std	Y+1, r24	; 0x01
    257a:	89 81       	ldd	r24, Y+1	; 0x01
    257c:	9a 81       	ldd	r25, Y+2	; 0x02
    257e:	82 30       	cpi	r24, 0x02	; 2
    2580:	91 05       	cpc	r25, r1
    2582:	14 f2       	brlt	.-124    	; 0x2508 <lockers_check_events+0x1a>
            else if(state == 0) save_info_table[i] = 1;//szafka otwarta
        }
        else save_info_table[i] = 0; //nie zapisuj żadnej informacji dla tej szufladki
        states_table[i] = state;
    }
    if(action) lockers_save_events();
    2584:	8b 81       	ldd	r24, Y+3	; 0x03
    2586:	9c 81       	ldd	r25, Y+4	; 0x04
    2588:	00 97       	sbiw	r24, 0x00	; 0
    258a:	11 f0       	breq	.+4      	; 0x2590 <lockers_check_events+0xa2>
    258c:	0e 94 bf 14 	call	0x297e	; 0x297e <lockers_save_events>
}
    2590:	0f 90       	pop	r0
    2592:	0f 90       	pop	r0
    2594:	0f 90       	pop	r0
    2596:	0f 90       	pop	r0
    2598:	0f 90       	pop	r0
    259a:	df 91       	pop	r29
    259c:	cf 91       	pop	r28
    259e:	08 95       	ret

000025a0 <lockers_number_of_frames>:


uint8_t lockers_number_of_frames(void)
{
    25a0:	1f 93       	push	r17
    25a2:	cf 93       	push	r28
    25a4:	df 93       	push	r29
    25a6:	cd b7       	in	r28, 0x3d	; 61
    25a8:	de b7       	in	r29, 0x3e	; 62
    return lockers_number_of_frames_exteral_EEPROM() + lockers_number_of_frames_internal_EEPROM();
    25aa:	0e 94 df 12 	call	0x25be	; 0x25be <lockers_number_of_frames_exteral_EEPROM>
    25ae:	18 2f       	mov	r17, r24
    25b0:	0e 94 e7 12 	call	0x25ce	; 0x25ce <lockers_number_of_frames_internal_EEPROM>
    25b4:	81 0f       	add	r24, r17
}
    25b6:	df 91       	pop	r29
    25b8:	cf 91       	pop	r28
    25ba:	1f 91       	pop	r17
    25bc:	08 95       	ret

000025be <lockers_number_of_frames_exteral_EEPROM>:

uint8_t lockers_number_of_frames_exteral_EEPROM(void)
{
    25be:	cf 93       	push	r28
    25c0:	df 93       	push	r29
    25c2:	cd b7       	in	r28, 0x3d	; 61
    25c4:	de b7       	in	r29, 0x3e	; 62
    return ((EXTERNAL_EEPROM_MAX_INDEX + 1) / SIZE_OF_FRAME);
    25c6:	80 e2       	ldi	r24, 0x20	; 32
}
    25c8:	df 91       	pop	r29
    25ca:	cf 91       	pop	r28
    25cc:	08 95       	ret

000025ce <lockers_number_of_frames_internal_EEPROM>:

uint16_t lockers_number_of_frames_internal_EEPROM(void)
{
    25ce:	cf 93       	push	r28
    25d0:	df 93       	push	r29
    25d2:	cd b7       	in	r28, 0x3d	; 61
    25d4:	de b7       	in	r29, 0x3e	; 62
    return ((INTERNAL_EEPROM_MAX_INDEX + 1) / SIZE_OF_FRAME);
    25d6:	80 e8       	ldi	r24, 0x80	; 128
    25d8:	90 e0       	ldi	r25, 0x00	; 0
}
    25da:	df 91       	pop	r29
    25dc:	cf 91       	pop	r28
    25de:	08 95       	ret

000025e0 <lockers_convert_address_to_index_of_frame>:

uint8_t lockers_convert_address_to_index_of_frame(uint16_t add)
{
    25e0:	cf 93       	push	r28
    25e2:	df 93       	push	r29
    25e4:	00 d0       	rcall	.+0      	; 0x25e6 <lockers_convert_address_to_index_of_frame+0x6>
    25e6:	cd b7       	in	r28, 0x3d	; 61
    25e8:	de b7       	in	r29, 0x3e	; 62
    25ea:	9a 83       	std	Y+2, r25	; 0x02
    25ec:	89 83       	std	Y+1, r24	; 0x01
    return (add / SIZE_OF_FRAME);
    25ee:	89 81       	ldd	r24, Y+1	; 0x01
    25f0:	9a 81       	ldd	r25, Y+2	; 0x02
    25f2:	96 95       	lsr	r25
    25f4:	87 95       	ror	r24
    25f6:	96 95       	lsr	r25
    25f8:	87 95       	ror	r24
    25fa:	96 95       	lsr	r25
    25fc:	87 95       	ror	r24
}
    25fe:	0f 90       	pop	r0
    2600:	0f 90       	pop	r0
    2602:	df 91       	pop	r29
    2604:	cf 91       	pop	r28
    2606:	08 95       	ret

00002608 <lockers_read_frame>:

void lockers_read_frame(uint8_t index)
{
    2608:	1f 93       	push	r17
    260a:	cf 93       	push	r28
    260c:	df 93       	push	r29
    260e:	00 d0       	rcall	.+0      	; 0x2610 <lockers_read_frame+0x8>
    2610:	1f 92       	push	r1
    2612:	cd b7       	in	r28, 0x3d	; 61
    2614:	de b7       	in	r29, 0x3e	; 62
    2616:	8b 83       	std	Y+3, r24	; 0x03
    uint16_t temp_address = SIZE_OF_FRAME * index;
    2618:	8b 81       	ldd	r24, Y+3	; 0x03
    261a:	88 2f       	mov	r24, r24
    261c:	90 e0       	ldi	r25, 0x00	; 0
    261e:	88 0f       	add	r24, r24
    2620:	99 1f       	adc	r25, r25
    2622:	88 0f       	add	r24, r24
    2624:	99 1f       	adc	r25, r25
    2626:	88 0f       	add	r24, r24
    2628:	99 1f       	adc	r25, r25
    262a:	9a 83       	std	Y+2, r25	; 0x02
    262c:	89 83       	std	Y+1, r24	; 0x01
    if(lockers_convert_address_to_index_of_frame(temp_address) < lockers_number_of_frames_exteral_EEPROM())
    262e:	89 81       	ldd	r24, Y+1	; 0x01
    2630:	9a 81       	ldd	r25, Y+2	; 0x02
    2632:	0e 94 f0 12 	call	0x25e0	; 0x25e0 <lockers_convert_address_to_index_of_frame>
    2636:	18 2f       	mov	r17, r24
    2638:	0e 94 df 12 	call	0x25be	; 0x25be <lockers_number_of_frames_exteral_EEPROM>
    263c:	18 17       	cp	r17, r24
    263e:	08 f0       	brcs	.+2      	; 0x2642 <lockers_read_frame+0x3a>
    2640:	55 c0       	rjmp	.+170    	; 0x26ec <lockers_read_frame+0xe4>
    {
        frame.seconds = EEPROM_read(temp_address++);
    2642:	89 81       	ldd	r24, Y+1	; 0x01
    2644:	9a 81       	ldd	r25, Y+2	; 0x02
    2646:	9c 01       	movw	r18, r24
    2648:	2f 5f       	subi	r18, 0xFF	; 255
    264a:	3f 4f       	sbci	r19, 0xFF	; 255
    264c:	3a 83       	std	Y+2, r19	; 0x02
    264e:	29 83       	std	Y+1, r18	; 0x01
    2650:	0e 94 98 06 	call	0xd30	; 0xd30 <EEPROM_read>
    2654:	80 93 38 03 	sts	0x0338, r24

        frame.minutes = EEPROM_read(temp_address++);
    2658:	89 81       	ldd	r24, Y+1	; 0x01
    265a:	9a 81       	ldd	r25, Y+2	; 0x02
    265c:	9c 01       	movw	r18, r24
    265e:	2f 5f       	subi	r18, 0xFF	; 255
    2660:	3f 4f       	sbci	r19, 0xFF	; 255
    2662:	3a 83       	std	Y+2, r19	; 0x02
    2664:	29 83       	std	Y+1, r18	; 0x01
    2666:	0e 94 98 06 	call	0xd30	; 0xd30 <EEPROM_read>
    266a:	80 93 39 03 	sts	0x0339, r24

        frame.hours = EEPROM_read(temp_address++);
    266e:	89 81       	ldd	r24, Y+1	; 0x01
    2670:	9a 81       	ldd	r25, Y+2	; 0x02
    2672:	9c 01       	movw	r18, r24
    2674:	2f 5f       	subi	r18, 0xFF	; 255
    2676:	3f 4f       	sbci	r19, 0xFF	; 255
    2678:	3a 83       	std	Y+2, r19	; 0x02
    267a:	29 83       	std	Y+1, r18	; 0x01
    267c:	0e 94 98 06 	call	0xd30	; 0xd30 <EEPROM_read>
    2680:	80 93 3a 03 	sts	0x033A, r24

        frame.day = EEPROM_read(temp_address++);
    2684:	89 81       	ldd	r24, Y+1	; 0x01
    2686:	9a 81       	ldd	r25, Y+2	; 0x02
    2688:	9c 01       	movw	r18, r24
    268a:	2f 5f       	subi	r18, 0xFF	; 255
    268c:	3f 4f       	sbci	r19, 0xFF	; 255
    268e:	3a 83       	std	Y+2, r19	; 0x02
    2690:	29 83       	std	Y+1, r18	; 0x01
    2692:	0e 94 98 06 	call	0xd30	; 0xd30 <EEPROM_read>
    2696:	80 93 3b 03 	sts	0x033B, r24

        frame.month = EEPROM_read(temp_address++);
    269a:	89 81       	ldd	r24, Y+1	; 0x01
    269c:	9a 81       	ldd	r25, Y+2	; 0x02
    269e:	9c 01       	movw	r18, r24
    26a0:	2f 5f       	subi	r18, 0xFF	; 255
    26a2:	3f 4f       	sbci	r19, 0xFF	; 255
    26a4:	3a 83       	std	Y+2, r19	; 0x02
    26a6:	29 83       	std	Y+1, r18	; 0x01
    26a8:	0e 94 98 06 	call	0xd30	; 0xd30 <EEPROM_read>
    26ac:	80 93 3c 03 	sts	0x033C, r24

        frame.year = EEPROM_read_word(temp_address++);
    26b0:	89 81       	ldd	r24, Y+1	; 0x01
    26b2:	9a 81       	ldd	r25, Y+2	; 0x02
    26b4:	9c 01       	movw	r18, r24
    26b6:	2f 5f       	subi	r18, 0xFF	; 255
    26b8:	3f 4f       	sbci	r19, 0xFF	; 255
    26ba:	3a 83       	std	Y+2, r19	; 0x02
    26bc:	29 83       	std	Y+1, r18	; 0x01
    26be:	0e 94 f6 06 	call	0xdec	; 0xdec <EEPROM_read_word>
    26c2:	90 93 3e 03 	sts	0x033E, r25
    26c6:	80 93 3d 03 	sts	0x033D, r24
        temp_address++;
    26ca:	89 81       	ldd	r24, Y+1	; 0x01
    26cc:	9a 81       	ldd	r25, Y+2	; 0x02
    26ce:	01 96       	adiw	r24, 0x01	; 1
    26d0:	9a 83       	std	Y+2, r25	; 0x02
    26d2:	89 83       	std	Y+1, r24	; 0x01

        frame.information = EEPROM_read(temp_address++);
    26d4:	89 81       	ldd	r24, Y+1	; 0x01
    26d6:	9a 81       	ldd	r25, Y+2	; 0x02
    26d8:	9c 01       	movw	r18, r24
    26da:	2f 5f       	subi	r18, 0xFF	; 255
    26dc:	3f 4f       	sbci	r19, 0xFF	; 255
    26de:	3a 83       	std	Y+2, r19	; 0x02
    26e0:	29 83       	std	Y+1, r18	; 0x01
    26e2:	0e 94 98 06 	call	0xd30	; 0xd30 <EEPROM_read>
    26e6:	80 93 3f 03 	sts	0x033F, r24
    26ea:	72 c0       	rjmp	.+228    	; 0x27d0 <lockers_read_frame+0x1c8>
    }
    else
    {
        temp_address -= SIZE_OF_FRAME * lockers_number_of_frames_exteral_EEPROM();
    26ec:	0e 94 df 12 	call	0x25be	; 0x25be <lockers_number_of_frames_exteral_EEPROM>
    26f0:	28 2f       	mov	r18, r24
    26f2:	30 e0       	ldi	r19, 0x00	; 0
    26f4:	80 e0       	ldi	r24, 0x00	; 0
    26f6:	90 e0       	ldi	r25, 0x00	; 0
    26f8:	82 1b       	sub	r24, r18
    26fa:	93 0b       	sbc	r25, r19
    26fc:	88 0f       	add	r24, r24
    26fe:	99 1f       	adc	r25, r25
    2700:	88 0f       	add	r24, r24
    2702:	99 1f       	adc	r25, r25
    2704:	88 0f       	add	r24, r24
    2706:	99 1f       	adc	r25, r25
    2708:	29 81       	ldd	r18, Y+1	; 0x01
    270a:	3a 81       	ldd	r19, Y+2	; 0x02
    270c:	82 0f       	add	r24, r18
    270e:	93 1f       	adc	r25, r19
    2710:	9a 83       	std	Y+2, r25	; 0x02
    2712:	89 83       	std	Y+1, r24	; 0x01
        eeprom_busy_wait();
    2714:	8c e3       	ldi	r24, 0x3C	; 60
    2716:	90 e0       	ldi	r25, 0x00	; 0
    2718:	fc 01       	movw	r30, r24
    271a:	80 81       	ld	r24, Z
    271c:	88 2f       	mov	r24, r24
    271e:	90 e0       	ldi	r25, 0x00	; 0
    2720:	82 70       	andi	r24, 0x02	; 2
    2722:	99 27       	eor	r25, r25
    2724:	00 97       	sbiw	r24, 0x00	; 0
    2726:	b1 f7       	brne	.-20     	; 0x2714 <lockers_read_frame+0x10c>

        frame.seconds = eeprom_read_byte((uint8_t*)temp_address++);
    2728:	89 81       	ldd	r24, Y+1	; 0x01
    272a:	9a 81       	ldd	r25, Y+2	; 0x02
    272c:	9c 01       	movw	r18, r24
    272e:	2f 5f       	subi	r18, 0xFF	; 255
    2730:	3f 4f       	sbci	r19, 0xFF	; 255
    2732:	3a 83       	std	Y+2, r19	; 0x02
    2734:	29 83       	std	Y+1, r18	; 0x01
    2736:	0e 94 3b 39 	call	0x7276	; 0x7276 <__eerd_byte_m32>
    273a:	80 93 38 03 	sts	0x0338, r24
        //_EEGET(frame.seconds,temp_address);

        frame.minutes = eeprom_read_byte((uint8_t*)temp_address++);
    273e:	89 81       	ldd	r24, Y+1	; 0x01
    2740:	9a 81       	ldd	r25, Y+2	; 0x02
    2742:	9c 01       	movw	r18, r24
    2744:	2f 5f       	subi	r18, 0xFF	; 255
    2746:	3f 4f       	sbci	r19, 0xFF	; 255
    2748:	3a 83       	std	Y+2, r19	; 0x02
    274a:	29 83       	std	Y+1, r18	; 0x01
    274c:	0e 94 3b 39 	call	0x7276	; 0x7276 <__eerd_byte_m32>
    2750:	80 93 39 03 	sts	0x0339, r24

        frame.hours = eeprom_read_byte((uint8_t*)temp_address++);
    2754:	89 81       	ldd	r24, Y+1	; 0x01
    2756:	9a 81       	ldd	r25, Y+2	; 0x02
    2758:	9c 01       	movw	r18, r24
    275a:	2f 5f       	subi	r18, 0xFF	; 255
    275c:	3f 4f       	sbci	r19, 0xFF	; 255
    275e:	3a 83       	std	Y+2, r19	; 0x02
    2760:	29 83       	std	Y+1, r18	; 0x01
    2762:	0e 94 3b 39 	call	0x7276	; 0x7276 <__eerd_byte_m32>
    2766:	80 93 3a 03 	sts	0x033A, r24

        frame.day = eeprom_read_byte((uint8_t*)temp_address++);
    276a:	89 81       	ldd	r24, Y+1	; 0x01
    276c:	9a 81       	ldd	r25, Y+2	; 0x02
    276e:	9c 01       	movw	r18, r24
    2770:	2f 5f       	subi	r18, 0xFF	; 255
    2772:	3f 4f       	sbci	r19, 0xFF	; 255
    2774:	3a 83       	std	Y+2, r19	; 0x02
    2776:	29 83       	std	Y+1, r18	; 0x01
    2778:	0e 94 3b 39 	call	0x7276	; 0x7276 <__eerd_byte_m32>
    277c:	80 93 3b 03 	sts	0x033B, r24

        frame.month = eeprom_read_byte((uint8_t*)temp_address++);
    2780:	89 81       	ldd	r24, Y+1	; 0x01
    2782:	9a 81       	ldd	r25, Y+2	; 0x02
    2784:	9c 01       	movw	r18, r24
    2786:	2f 5f       	subi	r18, 0xFF	; 255
    2788:	3f 4f       	sbci	r19, 0xFF	; 255
    278a:	3a 83       	std	Y+2, r19	; 0x02
    278c:	29 83       	std	Y+1, r18	; 0x01
    278e:	0e 94 3b 39 	call	0x7276	; 0x7276 <__eerd_byte_m32>
    2792:	80 93 3c 03 	sts	0x033C, r24

//        uint8_t temp;
        //_EEGET(frame.year,temp_address);
        frame.year = eeprom_read_word((uint16_t*)temp_address++);
    2796:	89 81       	ldd	r24, Y+1	; 0x01
    2798:	9a 81       	ldd	r25, Y+2	; 0x02
    279a:	9c 01       	movw	r18, r24
    279c:	2f 5f       	subi	r18, 0xFF	; 255
    279e:	3f 4f       	sbci	r19, 0xFF	; 255
    27a0:	3a 83       	std	Y+2, r19	; 0x02
    27a2:	29 83       	std	Y+1, r18	; 0x01
    27a4:	0e 94 43 39 	call	0x7286	; 0x7286 <__eerd_word_m32>
    27a8:	90 93 3e 03 	sts	0x033E, r25
    27ac:	80 93 3d 03 	sts	0x033D, r24
        temp_address++;
    27b0:	89 81       	ldd	r24, Y+1	; 0x01
    27b2:	9a 81       	ldd	r25, Y+2	; 0x02
    27b4:	01 96       	adiw	r24, 0x01	; 1
    27b6:	9a 83       	std	Y+2, r25	; 0x02
    27b8:	89 83       	std	Y+1, r24	; 0x01

        frame.information = eeprom_read_byte((uint8_t*)temp_address++);
    27ba:	89 81       	ldd	r24, Y+1	; 0x01
    27bc:	9a 81       	ldd	r25, Y+2	; 0x02
    27be:	9c 01       	movw	r18, r24
    27c0:	2f 5f       	subi	r18, 0xFF	; 255
    27c2:	3f 4f       	sbci	r19, 0xFF	; 255
    27c4:	3a 83       	std	Y+2, r19	; 0x02
    27c6:	29 83       	std	Y+1, r18	; 0x01
    27c8:	0e 94 3b 39 	call	0x7276	; 0x7276 <__eerd_byte_m32>
    27cc:	80 93 3f 03 	sts	0x033F, r24
    }
}
    27d0:	0f 90       	pop	r0
    27d2:	0f 90       	pop	r0
    27d4:	0f 90       	pop	r0
    27d6:	df 91       	pop	r29
    27d8:	cf 91       	pop	r28
    27da:	1f 91       	pop	r17
    27dc:	08 95       	ret

000027de <lockers_print_entire_frame>:

void lockers_print_entire_frame(void)
{
    27de:	1f 93       	push	r17
    27e0:	cf 93       	push	r28
    27e2:	df 93       	push	r29
    27e4:	00 d0       	rcall	.+0      	; 0x27e6 <lockers_print_entire_frame+0x8>
    27e6:	cd b7       	in	r28, 0x3d	; 61
    27e8:	de b7       	in	r29, 0x3e	; 62
    buzzer_time(0.5);
    27ea:	60 e0       	ldi	r22, 0x00	; 0
    27ec:	70 e0       	ldi	r23, 0x00	; 0
    27ee:	80 e0       	ldi	r24, 0x00	; 0
    27f0:	9f e3       	ldi	r25, 0x3F	; 63
    27f2:	0e 94 3b 17 	call	0x2e76	; 0x2e76 <buzzer_time>
    printf("%02d:%02d:%02d %02d:%02d:%d", frame.hours, frame.minutes, frame.seconds, frame.day, frame.month, frame.year);
    27f6:	a0 91 3d 03 	lds	r26, 0x033D
    27fa:	b0 91 3e 03 	lds	r27, 0x033E
    27fe:	80 91 3c 03 	lds	r24, 0x033C
    2802:	e8 2f       	mov	r30, r24
    2804:	f0 e0       	ldi	r31, 0x00	; 0
    2806:	80 91 3b 03 	lds	r24, 0x033B
    280a:	68 2f       	mov	r22, r24
    280c:	70 e0       	ldi	r23, 0x00	; 0
    280e:	80 91 38 03 	lds	r24, 0x0338
    2812:	48 2f       	mov	r20, r24
    2814:	50 e0       	ldi	r21, 0x00	; 0
    2816:	80 91 39 03 	lds	r24, 0x0339
    281a:	28 2f       	mov	r18, r24
    281c:	30 e0       	ldi	r19, 0x00	; 0
    281e:	80 91 3a 03 	lds	r24, 0x033A
    2822:	88 2f       	mov	r24, r24
    2824:	90 e0       	ldi	r25, 0x00	; 0
    2826:	1b 2f       	mov	r17, r27
    2828:	1f 93       	push	r17
    282a:	af 93       	push	r26
    282c:	af 2f       	mov	r26, r31
    282e:	af 93       	push	r26
    2830:	ef 93       	push	r30
    2832:	e7 2f       	mov	r30, r23
    2834:	ef 93       	push	r30
    2836:	6f 93       	push	r22
    2838:	65 2f       	mov	r22, r21
    283a:	6f 93       	push	r22
    283c:	4f 93       	push	r20
    283e:	43 2f       	mov	r20, r19
    2840:	4f 93       	push	r20
    2842:	2f 93       	push	r18
    2844:	29 2f       	mov	r18, r25
    2846:	2f 93       	push	r18
    2848:	8f 93       	push	r24
    284a:	8d e7       	ldi	r24, 0x7D	; 125
    284c:	90 e0       	ldi	r25, 0x00	; 0
    284e:	89 2f       	mov	r24, r25
    2850:	8f 93       	push	r24
    2852:	8d e7       	ldi	r24, 0x7D	; 125
    2854:	90 e0       	ldi	r25, 0x00	; 0
    2856:	8f 93       	push	r24
    2858:	0e 94 55 37 	call	0x6eaa	; 0x6eaa <printf>
    285c:	8d b7       	in	r24, 0x3d	; 61
    285e:	9e b7       	in	r25, 0x3e	; 62
    2860:	0e 96       	adiw	r24, 0x0e	; 14
    2862:	0f b6       	in	r0, 0x3f	; 63
    2864:	f8 94       	cli
    2866:	de bf       	out	0x3e, r29	; 62
    2868:	0f be       	out	0x3f, r0	; 63
    286a:	cd bf       	out	0x3d, r28	; 61

    uint8_t number = frame.information % 100;
    286c:	80 91 3f 03 	lds	r24, 0x033F
    2870:	99 e2       	ldi	r25, 0x29	; 41
    2872:	89 9f       	mul	r24, r25
    2874:	91 2d       	mov	r25, r1
    2876:	11 24       	eor	r1, r1
    2878:	29 2f       	mov	r18, r25
    287a:	22 95       	swap	r18
    287c:	2f 70       	andi	r18, 0x0F	; 15
    287e:	94 e6       	ldi	r25, 0x64	; 100
    2880:	29 9f       	mul	r18, r25
    2882:	90 2d       	mov	r25, r0
    2884:	11 24       	eor	r1, r1
    2886:	89 1b       	sub	r24, r25
    2888:	89 83       	std	Y+1, r24	; 0x01

    if(number != 0)
    288a:	89 81       	ldd	r24, Y+1	; 0x01
    288c:	88 23       	and	r24, r24
    288e:	c9 f1       	breq	.+114    	; 0x2902 <lockers_print_entire_frame+0x124>
    {
        printf(" SZAFKA NR: %d ",number);
    2890:	89 81       	ldd	r24, Y+1	; 0x01
    2892:	88 2f       	mov	r24, r24
    2894:	90 e0       	ldi	r25, 0x00	; 0
    2896:	29 2f       	mov	r18, r25
    2898:	2f 93       	push	r18
    289a:	8f 93       	push	r24
    289c:	89 e9       	ldi	r24, 0x99	; 153
    289e:	90 e0       	ldi	r25, 0x00	; 0
    28a0:	89 2f       	mov	r24, r25
    28a2:	8f 93       	push	r24
    28a4:	89 e9       	ldi	r24, 0x99	; 153
    28a6:	90 e0       	ldi	r25, 0x00	; 0
    28a8:	8f 93       	push	r24
    28aa:	0e 94 55 37 	call	0x6eaa	; 0x6eaa <printf>
    28ae:	0f 90       	pop	r0
    28b0:	0f 90       	pop	r0
    28b2:	0f 90       	pop	r0
    28b4:	0f 90       	pop	r0
        uint8_t t = frame.information / 100;
    28b6:	90 91 3f 03 	lds	r25, 0x033F
    28ba:	89 e2       	ldi	r24, 0x29	; 41
    28bc:	98 9f       	mul	r25, r24
    28be:	81 2d       	mov	r24, r1
    28c0:	11 24       	eor	r1, r1
    28c2:	82 95       	swap	r24
    28c4:	8f 70       	andi	r24, 0x0F	; 15
    28c6:	8a 83       	std	Y+2, r24	; 0x02
        if(t == 1) printf("OTWARCIE");
    28c8:	8a 81       	ldd	r24, Y+2	; 0x02
    28ca:	81 30       	cpi	r24, 0x01	; 1
    28cc:	61 f4       	brne	.+24     	; 0x28e6 <lockers_print_entire_frame+0x108>
    28ce:	89 ea       	ldi	r24, 0xA9	; 169
    28d0:	90 e0       	ldi	r25, 0x00	; 0
    28d2:	89 2f       	mov	r24, r25
    28d4:	8f 93       	push	r24
    28d6:	89 ea       	ldi	r24, 0xA9	; 169
    28d8:	90 e0       	ldi	r25, 0x00	; 0
    28da:	8f 93       	push	r24
    28dc:	0e 94 55 37 	call	0x6eaa	; 0x6eaa <printf>
    28e0:	0f 90       	pop	r0
    28e2:	0f 90       	pop	r0
    28e4:	0e c0       	rjmp	.+28     	; 0x2902 <lockers_print_entire_frame+0x124>
        else if(t == 2) printf("ZAMKNIECIE");
    28e6:	8a 81       	ldd	r24, Y+2	; 0x02
    28e8:	82 30       	cpi	r24, 0x02	; 2
    28ea:	59 f4       	brne	.+22     	; 0x2902 <lockers_print_entire_frame+0x124>
    28ec:	82 eb       	ldi	r24, 0xB2	; 178
    28ee:	90 e0       	ldi	r25, 0x00	; 0
    28f0:	89 2f       	mov	r24, r25
    28f2:	8f 93       	push	r24
    28f4:	82 eb       	ldi	r24, 0xB2	; 178
    28f6:	90 e0       	ldi	r25, 0x00	; 0
    28f8:	8f 93       	push	r24
    28fa:	0e 94 55 37 	call	0x6eaa	; 0x6eaa <printf>
    28fe:	0f 90       	pop	r0
    2900:	0f 90       	pop	r0
    }
    printf("\n\r");
    2902:	8d eb       	ldi	r24, 0xBD	; 189
    2904:	90 e0       	ldi	r25, 0x00	; 0
    2906:	89 2f       	mov	r24, r25
    2908:	8f 93       	push	r24
    290a:	8d eb       	ldi	r24, 0xBD	; 189
    290c:	90 e0       	ldi	r25, 0x00	; 0
    290e:	8f 93       	push	r24
    2910:	0e 94 55 37 	call	0x6eaa	; 0x6eaa <printf>
    2914:	0f 90       	pop	r0
    2916:	0f 90       	pop	r0
}
    2918:	0f 90       	pop	r0
    291a:	0f 90       	pop	r0
    291c:	df 91       	pop	r29
    291e:	cf 91       	pop	r28
    2920:	1f 91       	pop	r17
    2922:	08 95       	ret

00002924 <lockers_print_all_memory>:

void lockers_print_all_memory(void)
{
    2924:	cf 93       	push	r28
    2926:	df 93       	push	r29
    2928:	1f 92       	push	r1
    292a:	cd b7       	in	r28, 0x3d	; 61
    292c:	de b7       	in	r29, 0x3e	; 62
    //uint16_t temp = 0;
    uint8_t index_of_frame = 0;
    292e:	19 82       	std	Y+1, r1	; 0x01
    for(; index_of_frame < lockers_number_of_frames(); ++ index_of_frame)
    2930:	1c c0       	rjmp	.+56     	; 0x296a <lockers_print_all_memory+0x46>
    {
        lockers_read_frame(index_of_frame);
    2932:	89 81       	ldd	r24, Y+1	; 0x01
    2934:	0e 94 04 13 	call	0x2608	; 0x2608 <lockers_read_frame>
        printf("%d. ", index_of_frame + 1);
    2938:	89 81       	ldd	r24, Y+1	; 0x01
    293a:	88 2f       	mov	r24, r24
    293c:	90 e0       	ldi	r25, 0x00	; 0
    293e:	01 96       	adiw	r24, 0x01	; 1
    2940:	29 2f       	mov	r18, r25
    2942:	2f 93       	push	r18
    2944:	8f 93       	push	r24
    2946:	80 ec       	ldi	r24, 0xC0	; 192
    2948:	90 e0       	ldi	r25, 0x00	; 0
    294a:	89 2f       	mov	r24, r25
    294c:	8f 93       	push	r24
    294e:	80 ec       	ldi	r24, 0xC0	; 192
    2950:	90 e0       	ldi	r25, 0x00	; 0
    2952:	8f 93       	push	r24
    2954:	0e 94 55 37 	call	0x6eaa	; 0x6eaa <printf>
    2958:	0f 90       	pop	r0
    295a:	0f 90       	pop	r0
    295c:	0f 90       	pop	r0
    295e:	0f 90       	pop	r0
        lockers_print_entire_frame();
    2960:	0e 94 ef 13 	call	0x27de	; 0x27de <lockers_print_entire_frame>

void lockers_print_all_memory(void)
{
    //uint16_t temp = 0;
    uint8_t index_of_frame = 0;
    for(; index_of_frame < lockers_number_of_frames(); ++ index_of_frame)
    2964:	89 81       	ldd	r24, Y+1	; 0x01
    2966:	8f 5f       	subi	r24, 0xFF	; 255
    2968:	89 83       	std	Y+1, r24	; 0x01
    296a:	0e 94 d0 12 	call	0x25a0	; 0x25a0 <lockers_number_of_frames>
    296e:	98 2f       	mov	r25, r24
    2970:	89 81       	ldd	r24, Y+1	; 0x01
    2972:	89 17       	cp	r24, r25
    2974:	f0 f2       	brcs	.-68     	; 0x2932 <lockers_print_all_memory+0xe>
    {
        lockers_read_frame(index_of_frame);
        printf("%d. ", index_of_frame + 1);
        lockers_print_entire_frame();
    }
}
    2976:	0f 90       	pop	r0
    2978:	df 91       	pop	r29
    297a:	cf 91       	pop	r28
    297c:	08 95       	ret

0000297e <lockers_save_events>:

void lockers_save_events(void)//funkcja zapisująca do pamięci EEPROM dane
{
    297e:	1f 93       	push	r17
    2980:	cf 93       	push	r28
    2982:	df 93       	push	r29
    2984:	00 d0       	rcall	.+0      	; 0x2986 <lockers_save_events+0x8>
    2986:	00 d0       	rcall	.+0      	; 0x2988 <lockers_save_events+0xa>
    2988:	00 d0       	rcall	.+0      	; 0x298a <lockers_save_events+0xc>
    298a:	cd b7       	in	r28, 0x3d	; 61
    298c:	de b7       	in	r29, 0x3e	; 62
    //delay_ms_var(400);

    uint8_t i = 0;
    298e:	19 82       	std	Y+1, r1	; 0x01
    for( ; i < AMOUNT_OF_LOCKERS; ++i)
    2990:	d1 c1       	rjmp	.+930    	; 0x2d34 <lockers_save_events+0x3b6>
    {
        if(save_info_table[i])
    2992:	89 81       	ldd	r24, Y+1	; 0x01
    2994:	88 2f       	mov	r24, r24
    2996:	90 e0       	ldi	r25, 0x00	; 0
    2998:	84 5d       	subi	r24, 0xD4	; 212
    299a:	9c 4f       	sbci	r25, 0xFC	; 252
    299c:	fc 01       	movw	r30, r24
    299e:	80 81       	ld	r24, Z
    29a0:	88 23       	and	r24, r24
    29a2:	09 f4       	brne	.+2      	; 0x29a6 <lockers_save_events+0x28>
    29a4:	c4 c1       	rjmp	.+904    	; 0x2d2e <lockers_save_events+0x3b0>
        {
            buzzer();
    29a6:	0e 94 1c 17 	call	0x2e38	; 0x2e38 <buzzer>
            delay_ms_var(50);
    29aa:	82 e3       	ldi	r24, 0x32	; 50
    29ac:	90 e0       	ldi	r25, 0x00	; 0
    29ae:	0e 94 10 04 	call	0x820	; 0x820 <delay_ms_var>
            PCF8583_get_wall_time();
    29b2:	0e 94 0d 31 	call	0x621a	; 0x621a <PCF8583_get_wall_time>

            uint16_t temp_address = PCF8583_read_word(PCF8583_CELL);//pobranie ostatniego adresu
    29b6:	8e ef       	ldi	r24, 0xFE	; 254
    29b8:	0e 94 35 2e 	call	0x5c6a	; 0x5c6a <PCF8583_read_word>
    29bc:	9b 83       	std	Y+3, r25	; 0x03
    29be:	8a 83       	std	Y+2, r24	; 0x02
            uint8_t overflow_flag = 0;//jeśli == 1 - bramka zmieści się na "styk"
    29c0:	1c 82       	std	Y+4, r1	; 0x04

            // eeprom_read_word( (uint16_t*)21);

            if(lockers_convert_address_to_index_of_frame(temp_address) < lockers_number_of_frames_exteral_EEPROM())
    29c2:	8a 81       	ldd	r24, Y+2	; 0x02
    29c4:	9b 81       	ldd	r25, Y+3	; 0x03
    29c6:	0e 94 f0 12 	call	0x25e0	; 0x25e0 <lockers_convert_address_to_index_of_frame>
    29ca:	18 2f       	mov	r17, r24
    29cc:	0e 94 df 12 	call	0x25be	; 0x25be <lockers_number_of_frames_exteral_EEPROM>
    29d0:	18 17       	cp	r17, r24
    29d2:	d0 f4       	brcc	.+52     	; 0x2a08 <lockers_save_events+0x8a>
            {
                if((EXTERNAL_EEPROM_MAX_INDEX - (int16_t)temp_address) < (SIZE_OF_FRAME - 1))//jeśli wiadomo, że się nie zmieści przy znanym adresie
    29d4:	8a 81       	ldd	r24, Y+2	; 0x02
    29d6:	9b 81       	ldd	r25, Y+3	; 0x03
    29d8:	2f ef       	ldi	r18, 0xFF	; 255
    29da:	30 e0       	ldi	r19, 0x00	; 0
    29dc:	a9 01       	movw	r20, r18
    29de:	48 1b       	sub	r20, r24
    29e0:	59 0b       	sbc	r21, r25
    29e2:	ca 01       	movw	r24, r20
    29e4:	87 30       	cpi	r24, 0x07	; 7
    29e6:	91 05       	cpc	r25, r1
    29e8:	8c f4       	brge	.+34     	; 0x2a0c <lockers_save_events+0x8e>
                {
                    temp_address = SIZE_OF_FRAME * lockers_number_of_frames_exteral_EEPROM();//jeśli następna bramka się nie zmieści, trzeba ją przesunąć
    29ea:	0e 94 df 12 	call	0x25be	; 0x25be <lockers_number_of_frames_exteral_EEPROM>
    29ee:	88 2f       	mov	r24, r24
    29f0:	90 e0       	ldi	r25, 0x00	; 0
    29f2:	88 0f       	add	r24, r24
    29f4:	99 1f       	adc	r25, r25
    29f6:	88 0f       	add	r24, r24
    29f8:	99 1f       	adc	r25, r25
    29fa:	88 0f       	add	r24, r24
    29fc:	99 1f       	adc	r25, r25
    29fe:	9b 83       	std	Y+3, r25	; 0x03
    2a00:	8a 83       	std	Y+2, r24	; 0x02

                    overflow_flag = 1;
    2a02:	81 e0       	ldi	r24, 0x01	; 1
    2a04:	8c 83       	std	Y+4, r24	; 0x04
    2a06:	02 c0       	rjmp	.+4      	; 0x2a0c <lockers_save_events+0x8e>
                }

            }
            else overflow_flag = 1;
    2a08:	81 e0       	ldi	r24, 0x01	; 1
    2a0a:	8c 83       	std	Y+4, r24	; 0x04

            if(overflow_flag == 0)
    2a0c:	8c 81       	ldd	r24, Y+4	; 0x04
    2a0e:	88 23       	and	r24, r24
    2a10:	09 f0       	breq	.+2      	; 0x2a14 <lockers_save_events+0x96>
    2a12:	71 c0       	rjmp	.+226    	; 0x2af6 <lockers_save_events+0x178>
            {
                EEPROM_write(temp_address++,sek);
    2a14:	80 91 43 03 	lds	r24, 0x0343
    2a18:	48 2f       	mov	r20, r24
    2a1a:	8a 81       	ldd	r24, Y+2	; 0x02
    2a1c:	9b 81       	ldd	r25, Y+3	; 0x03
    2a1e:	9c 01       	movw	r18, r24
    2a20:	2f 5f       	subi	r18, 0xFF	; 255
    2a22:	3f 4f       	sbci	r19, 0xFF	; 255
    2a24:	3b 83       	std	Y+3, r19	; 0x03
    2a26:	2a 83       	std	Y+2, r18	; 0x02
    2a28:	64 2f       	mov	r22, r20
    2a2a:	0e 94 ba 06 	call	0xd74	; 0xd74 <EEPROM_write>

                EEPROM_write(temp_address++,min);
    2a2e:	80 91 34 03 	lds	r24, 0x0334
    2a32:	48 2f       	mov	r20, r24
    2a34:	8a 81       	ldd	r24, Y+2	; 0x02
    2a36:	9b 81       	ldd	r25, Y+3	; 0x03
    2a38:	9c 01       	movw	r18, r24
    2a3a:	2f 5f       	subi	r18, 0xFF	; 255
    2a3c:	3f 4f       	sbci	r19, 0xFF	; 255
    2a3e:	3b 83       	std	Y+3, r19	; 0x03
    2a40:	2a 83       	std	Y+2, r18	; 0x02
    2a42:	64 2f       	mov	r22, r20
    2a44:	0e 94 ba 06 	call	0xd74	; 0xd74 <EEPROM_write>

                EEPROM_write(temp_address++,godz);
    2a48:	80 91 33 03 	lds	r24, 0x0333
    2a4c:	48 2f       	mov	r20, r24
    2a4e:	8a 81       	ldd	r24, Y+2	; 0x02
    2a50:	9b 81       	ldd	r25, Y+3	; 0x03
    2a52:	9c 01       	movw	r18, r24
    2a54:	2f 5f       	subi	r18, 0xFF	; 255
    2a56:	3f 4f       	sbci	r19, 0xFF	; 255
    2a58:	3b 83       	std	Y+3, r19	; 0x03
    2a5a:	2a 83       	std	Y+2, r18	; 0x02
    2a5c:	64 2f       	mov	r22, r20
    2a5e:	0e 94 ba 06 	call	0xd74	; 0xd74 <EEPROM_write>

                EEPROM_write(temp_address++,dzien);
    2a62:	80 91 4a 03 	lds	r24, 0x034A
    2a66:	48 2f       	mov	r20, r24
    2a68:	8a 81       	ldd	r24, Y+2	; 0x02
    2a6a:	9b 81       	ldd	r25, Y+3	; 0x03
    2a6c:	9c 01       	movw	r18, r24
    2a6e:	2f 5f       	subi	r18, 0xFF	; 255
    2a70:	3f 4f       	sbci	r19, 0xFF	; 255
    2a72:	3b 83       	std	Y+3, r19	; 0x03
    2a74:	2a 83       	std	Y+2, r18	; 0x02
    2a76:	64 2f       	mov	r22, r20
    2a78:	0e 94 ba 06 	call	0xd74	; 0xd74 <EEPROM_write>

                EEPROM_write(temp_address++,miesiac);
    2a7c:	80 91 35 03 	lds	r24, 0x0335
    2a80:	48 2f       	mov	r20, r24
    2a82:	8a 81       	ldd	r24, Y+2	; 0x02
    2a84:	9b 81       	ldd	r25, Y+3	; 0x03
    2a86:	9c 01       	movw	r18, r24
    2a88:	2f 5f       	subi	r18, 0xFF	; 255
    2a8a:	3f 4f       	sbci	r19, 0xFF	; 255
    2a8c:	3b 83       	std	Y+3, r19	; 0x03
    2a8e:	2a 83       	std	Y+2, r18	; 0x02
    2a90:	64 2f       	mov	r22, r20
    2a92:	0e 94 ba 06 	call	0xd74	; 0xd74 <EEPROM_write>

                EEPROM_write_word(temp_address++, rok);
    2a96:	80 91 44 03 	lds	r24, 0x0344
    2a9a:	90 91 45 03 	lds	r25, 0x0345
    2a9e:	9c 01       	movw	r18, r24
    2aa0:	8a 81       	ldd	r24, Y+2	; 0x02
    2aa2:	9b 81       	ldd	r25, Y+3	; 0x03
    2aa4:	ac 01       	movw	r20, r24
    2aa6:	4f 5f       	subi	r20, 0xFF	; 255
    2aa8:	5f 4f       	sbci	r21, 0xFF	; 255
    2aaa:	5b 83       	std	Y+3, r21	; 0x03
    2aac:	4a 83       	std	Y+2, r20	; 0x02
    2aae:	b9 01       	movw	r22, r18
    2ab0:	0e 94 d7 06 	call	0xdae	; 0xdae <EEPROM_write_word>

                temp_address++;
    2ab4:	8a 81       	ldd	r24, Y+2	; 0x02
    2ab6:	9b 81       	ldd	r25, Y+3	; 0x03
    2ab8:	01 96       	adiw	r24, 0x01	; 1
    2aba:	9b 83       	std	Y+3, r25	; 0x03
    2abc:	8a 83       	std	Y+2, r24	; 0x02

                uint8_t information = (uint8_t)save_info_table[i] * 100;
    2abe:	89 81       	ldd	r24, Y+1	; 0x01
    2ac0:	88 2f       	mov	r24, r24
    2ac2:	90 e0       	ldi	r25, 0x00	; 0
    2ac4:	84 5d       	subi	r24, 0xD4	; 212
    2ac6:	9c 4f       	sbci	r25, 0xFC	; 252
    2ac8:	fc 01       	movw	r30, r24
    2aca:	90 81       	ld	r25, Z
    2acc:	84 e6       	ldi	r24, 0x64	; 100
    2ace:	98 9f       	mul	r25, r24
    2ad0:	80 2d       	mov	r24, r0
    2ad2:	11 24       	eor	r1, r1
    2ad4:	8d 83       	std	Y+5, r24	; 0x05
                information += i + 1;
    2ad6:	99 81       	ldd	r25, Y+1	; 0x01
    2ad8:	8d 81       	ldd	r24, Y+5	; 0x05
    2ada:	89 0f       	add	r24, r25
    2adc:	8f 5f       	subi	r24, 0xFF	; 255
    2ade:	8d 83       	std	Y+5, r24	; 0x05
                EEPROM_write(temp_address++,information);
    2ae0:	8a 81       	ldd	r24, Y+2	; 0x02
    2ae2:	9b 81       	ldd	r25, Y+3	; 0x03
    2ae4:	9c 01       	movw	r18, r24
    2ae6:	2f 5f       	subi	r18, 0xFF	; 255
    2ae8:	3f 4f       	sbci	r19, 0xFF	; 255
    2aea:	3b 83       	std	Y+3, r19	; 0x03
    2aec:	2a 83       	std	Y+2, r18	; 0x02
    2aee:	6d 81       	ldd	r22, Y+5	; 0x05
    2af0:	0e 94 ba 06 	call	0xd74	; 0xd74 <EEPROM_write>
    2af4:	ce c0       	rjmp	.+412    	; 0x2c92 <lockers_save_events+0x314>
            }
            else if(overflow_flag == 1)
    2af6:	8c 81       	ldd	r24, Y+4	; 0x04
    2af8:	81 30       	cpi	r24, 0x01	; 1
    2afa:	09 f0       	breq	.+2      	; 0x2afe <lockers_save_events+0x180>
    2afc:	ca c0       	rjmp	.+404    	; 0x2c92 <lockers_save_events+0x314>
            {
                temp_address -= SIZE_OF_FRAME * lockers_number_of_frames_exteral_EEPROM();
    2afe:	0e 94 df 12 	call	0x25be	; 0x25be <lockers_number_of_frames_exteral_EEPROM>
    2b02:	28 2f       	mov	r18, r24
    2b04:	30 e0       	ldi	r19, 0x00	; 0
    2b06:	80 e0       	ldi	r24, 0x00	; 0
    2b08:	90 e0       	ldi	r25, 0x00	; 0
    2b0a:	82 1b       	sub	r24, r18
    2b0c:	93 0b       	sbc	r25, r19
    2b0e:	88 0f       	add	r24, r24
    2b10:	99 1f       	adc	r25, r25
    2b12:	88 0f       	add	r24, r24
    2b14:	99 1f       	adc	r25, r25
    2b16:	88 0f       	add	r24, r24
    2b18:	99 1f       	adc	r25, r25
    2b1a:	2a 81       	ldd	r18, Y+2	; 0x02
    2b1c:	3b 81       	ldd	r19, Y+3	; 0x03
    2b1e:	82 0f       	add	r24, r18
    2b20:	93 1f       	adc	r25, r19
    2b22:	9b 83       	std	Y+3, r25	; 0x03
    2b24:	8a 83       	std	Y+2, r24	; 0x02

                eeprom_busy_wait();
    2b26:	8c e3       	ldi	r24, 0x3C	; 60
    2b28:	90 e0       	ldi	r25, 0x00	; 0
    2b2a:	fc 01       	movw	r30, r24
    2b2c:	80 81       	ld	r24, Z
    2b2e:	88 2f       	mov	r24, r24
    2b30:	90 e0       	ldi	r25, 0x00	; 0
    2b32:	82 70       	andi	r24, 0x02	; 2
    2b34:	99 27       	eor	r25, r25
    2b36:	00 97       	sbiw	r24, 0x00	; 0
    2b38:	b1 f7       	brne	.-20     	; 0x2b26 <lockers_save_events+0x1a8>
                //_EEPUT(temp_address, sek);
                eeprom_write_byte((uint8_t*)temp_address++,sek);
    2b3a:	80 91 43 03 	lds	r24, 0x0343
    2b3e:	48 2f       	mov	r20, r24
    2b40:	8a 81       	ldd	r24, Y+2	; 0x02
    2b42:	9b 81       	ldd	r25, Y+3	; 0x03
    2b44:	9c 01       	movw	r18, r24
    2b46:	2f 5f       	subi	r18, 0xFF	; 255
    2b48:	3f 4f       	sbci	r19, 0xFF	; 255
    2b4a:	3b 83       	std	Y+3, r19	; 0x03
    2b4c:	2a 83       	std	Y+2, r18	; 0x02
    2b4e:	64 2f       	mov	r22, r20
    2b50:	0e 94 49 39 	call	0x7292	; 0x7292 <__eewr_byte_m32>
                eeprom_busy_wait();
    2b54:	8c e3       	ldi	r24, 0x3C	; 60
    2b56:	90 e0       	ldi	r25, 0x00	; 0
    2b58:	fc 01       	movw	r30, r24
    2b5a:	80 81       	ld	r24, Z
    2b5c:	88 2f       	mov	r24, r24
    2b5e:	90 e0       	ldi	r25, 0x00	; 0
    2b60:	82 70       	andi	r24, 0x02	; 2
    2b62:	99 27       	eor	r25, r25
    2b64:	00 97       	sbiw	r24, 0x00	; 0
    2b66:	b1 f7       	brne	.-20     	; 0x2b54 <lockers_save_events+0x1d6>
                //_EEPUT(temp_address, min);
                eeprom_write_byte((uint8_t*)temp_address++,min);
    2b68:	80 91 34 03 	lds	r24, 0x0334
    2b6c:	48 2f       	mov	r20, r24
    2b6e:	8a 81       	ldd	r24, Y+2	; 0x02
    2b70:	9b 81       	ldd	r25, Y+3	; 0x03
    2b72:	9c 01       	movw	r18, r24
    2b74:	2f 5f       	subi	r18, 0xFF	; 255
    2b76:	3f 4f       	sbci	r19, 0xFF	; 255
    2b78:	3b 83       	std	Y+3, r19	; 0x03
    2b7a:	2a 83       	std	Y+2, r18	; 0x02
    2b7c:	64 2f       	mov	r22, r20
    2b7e:	0e 94 49 39 	call	0x7292	; 0x7292 <__eewr_byte_m32>
                //_EEPUT(temp_address, godz);
                eeprom_busy_wait();
    2b82:	8c e3       	ldi	r24, 0x3C	; 60
    2b84:	90 e0       	ldi	r25, 0x00	; 0
    2b86:	fc 01       	movw	r30, r24
    2b88:	80 81       	ld	r24, Z
    2b8a:	88 2f       	mov	r24, r24
    2b8c:	90 e0       	ldi	r25, 0x00	; 0
    2b8e:	82 70       	andi	r24, 0x02	; 2
    2b90:	99 27       	eor	r25, r25
    2b92:	00 97       	sbiw	r24, 0x00	; 0
    2b94:	b1 f7       	brne	.-20     	; 0x2b82 <lockers_save_events+0x204>
                eeprom_write_byte((uint8_t*)temp_address++,godz);
    2b96:	80 91 33 03 	lds	r24, 0x0333
    2b9a:	48 2f       	mov	r20, r24
    2b9c:	8a 81       	ldd	r24, Y+2	; 0x02
    2b9e:	9b 81       	ldd	r25, Y+3	; 0x03
    2ba0:	9c 01       	movw	r18, r24
    2ba2:	2f 5f       	subi	r18, 0xFF	; 255
    2ba4:	3f 4f       	sbci	r19, 0xFF	; 255
    2ba6:	3b 83       	std	Y+3, r19	; 0x03
    2ba8:	2a 83       	std	Y+2, r18	; 0x02
    2baa:	64 2f       	mov	r22, r20
    2bac:	0e 94 49 39 	call	0x7292	; 0x7292 <__eewr_byte_m32>
                eeprom_busy_wait();
    2bb0:	8c e3       	ldi	r24, 0x3C	; 60
    2bb2:	90 e0       	ldi	r25, 0x00	; 0
    2bb4:	fc 01       	movw	r30, r24
    2bb6:	80 81       	ld	r24, Z
    2bb8:	88 2f       	mov	r24, r24
    2bba:	90 e0       	ldi	r25, 0x00	; 0
    2bbc:	82 70       	andi	r24, 0x02	; 2
    2bbe:	99 27       	eor	r25, r25
    2bc0:	00 97       	sbiw	r24, 0x00	; 0
    2bc2:	b1 f7       	brne	.-20     	; 0x2bb0 <lockers_save_events+0x232>
                //_EEPUT(temp_address, dzien);
                eeprom_write_byte((uint8_t*)temp_address++,dzien);
    2bc4:	80 91 4a 03 	lds	r24, 0x034A
    2bc8:	48 2f       	mov	r20, r24
    2bca:	8a 81       	ldd	r24, Y+2	; 0x02
    2bcc:	9b 81       	ldd	r25, Y+3	; 0x03
    2bce:	9c 01       	movw	r18, r24
    2bd0:	2f 5f       	subi	r18, 0xFF	; 255
    2bd2:	3f 4f       	sbci	r19, 0xFF	; 255
    2bd4:	3b 83       	std	Y+3, r19	; 0x03
    2bd6:	2a 83       	std	Y+2, r18	; 0x02
    2bd8:	64 2f       	mov	r22, r20
    2bda:	0e 94 49 39 	call	0x7292	; 0x7292 <__eewr_byte_m32>
                eeprom_busy_wait();
    2bde:	8c e3       	ldi	r24, 0x3C	; 60
    2be0:	90 e0       	ldi	r25, 0x00	; 0
    2be2:	fc 01       	movw	r30, r24
    2be4:	80 81       	ld	r24, Z
    2be6:	88 2f       	mov	r24, r24
    2be8:	90 e0       	ldi	r25, 0x00	; 0
    2bea:	82 70       	andi	r24, 0x02	; 2
    2bec:	99 27       	eor	r25, r25
    2bee:	00 97       	sbiw	r24, 0x00	; 0
    2bf0:	b1 f7       	brne	.-20     	; 0x2bde <lockers_save_events+0x260>
                //_EEPUT(temp_address, miesiac);
                eeprom_write_byte((uint8_t*)temp_address++,miesiac);
    2bf2:	80 91 35 03 	lds	r24, 0x0335
    2bf6:	48 2f       	mov	r20, r24
    2bf8:	8a 81       	ldd	r24, Y+2	; 0x02
    2bfa:	9b 81       	ldd	r25, Y+3	; 0x03
    2bfc:	9c 01       	movw	r18, r24
    2bfe:	2f 5f       	subi	r18, 0xFF	; 255
    2c00:	3f 4f       	sbci	r19, 0xFF	; 255
    2c02:	3b 83       	std	Y+3, r19	; 0x03
    2c04:	2a 83       	std	Y+2, r18	; 0x02
    2c06:	64 2f       	mov	r22, r20
    2c08:	0e 94 49 39 	call	0x7292	; 0x7292 <__eewr_byte_m32>
                eeprom_busy_wait();
    2c0c:	8c e3       	ldi	r24, 0x3C	; 60
    2c0e:	90 e0       	ldi	r25, 0x00	; 0
    2c10:	fc 01       	movw	r30, r24
    2c12:	80 81       	ld	r24, Z
    2c14:	88 2f       	mov	r24, r24
    2c16:	90 e0       	ldi	r25, 0x00	; 0
    2c18:	82 70       	andi	r24, 0x02	; 2
    2c1a:	99 27       	eor	r25, r25
    2c1c:	00 97       	sbiw	r24, 0x00	; 0
    2c1e:	b1 f7       	brne	.-20     	; 0x2c0c <lockers_save_events+0x28e>
                //_EEPUT(temp_address, rok);
                eeprom_write_word((uint16_t*)temp_address++, rok);
    2c20:	80 91 44 03 	lds	r24, 0x0344
    2c24:	90 91 45 03 	lds	r25, 0x0345
    2c28:	9c 01       	movw	r18, r24
    2c2a:	8a 81       	ldd	r24, Y+2	; 0x02
    2c2c:	9b 81       	ldd	r25, Y+3	; 0x03
    2c2e:	ac 01       	movw	r20, r24
    2c30:	4f 5f       	subi	r20, 0xFF	; 255
    2c32:	5f 4f       	sbci	r21, 0xFF	; 255
    2c34:	5b 83       	std	Y+3, r21	; 0x03
    2c36:	4a 83       	std	Y+2, r20	; 0x02
    2c38:	b9 01       	movw	r22, r18
    2c3a:	0e 94 56 39 	call	0x72ac	; 0x72ac <__eewr_word_m32>
                temp_address++;
    2c3e:	8a 81       	ldd	r24, Y+2	; 0x02
    2c40:	9b 81       	ldd	r25, Y+3	; 0x03
    2c42:	01 96       	adiw	r24, 0x01	; 1
    2c44:	9b 83       	std	Y+3, r25	; 0x03
    2c46:	8a 83       	std	Y+2, r24	; 0x02

                uint8_t information = (uint8_t)save_info_table[i] * 100;
    2c48:	89 81       	ldd	r24, Y+1	; 0x01
    2c4a:	88 2f       	mov	r24, r24
    2c4c:	90 e0       	ldi	r25, 0x00	; 0
    2c4e:	84 5d       	subi	r24, 0xD4	; 212
    2c50:	9c 4f       	sbci	r25, 0xFC	; 252
    2c52:	fc 01       	movw	r30, r24
    2c54:	90 81       	ld	r25, Z
    2c56:	84 e6       	ldi	r24, 0x64	; 100
    2c58:	98 9f       	mul	r25, r24
    2c5a:	80 2d       	mov	r24, r0
    2c5c:	11 24       	eor	r1, r1
    2c5e:	8e 83       	std	Y+6, r24	; 0x06
                information += i + 1;
    2c60:	99 81       	ldd	r25, Y+1	; 0x01
    2c62:	8e 81       	ldd	r24, Y+6	; 0x06
    2c64:	89 0f       	add	r24, r25
    2c66:	8f 5f       	subi	r24, 0xFF	; 255
    2c68:	8e 83       	std	Y+6, r24	; 0x06
                //_EEPUT(temp_address, information);
                eeprom_busy_wait();
    2c6a:	8c e3       	ldi	r24, 0x3C	; 60
    2c6c:	90 e0       	ldi	r25, 0x00	; 0
    2c6e:	fc 01       	movw	r30, r24
    2c70:	80 81       	ld	r24, Z
    2c72:	88 2f       	mov	r24, r24
    2c74:	90 e0       	ldi	r25, 0x00	; 0
    2c76:	82 70       	andi	r24, 0x02	; 2
    2c78:	99 27       	eor	r25, r25
    2c7a:	00 97       	sbiw	r24, 0x00	; 0
    2c7c:	b1 f7       	brne	.-20     	; 0x2c6a <lockers_save_events+0x2ec>
                eeprom_write_byte((uint8_t*)temp_address++,information);
    2c7e:	8a 81       	ldd	r24, Y+2	; 0x02
    2c80:	9b 81       	ldd	r25, Y+3	; 0x03
    2c82:	9c 01       	movw	r18, r24
    2c84:	2f 5f       	subi	r18, 0xFF	; 255
    2c86:	3f 4f       	sbci	r19, 0xFF	; 255
    2c88:	3b 83       	std	Y+3, r19	; 0x03
    2c8a:	2a 83       	std	Y+2, r18	; 0x02
    2c8c:	6e 81       	ldd	r22, Y+6	; 0x06
    2c8e:	0e 94 49 39 	call	0x7292	; 0x7292 <__eewr_byte_m32>
                buzzer_time(200);
                //overflow_flag = 2;//przepełnienie pamięci
            }*/


            if((overflow_flag == 0) && ((EXTERNAL_EEPROM_MAX_INDEX - (int16_t)temp_address) < (SIZE_OF_FRAME - 1)))//jeśli wiadomo, że zmieści się na styk
    2c92:	8c 81       	ldd	r24, Y+4	; 0x04
    2c94:	88 23       	and	r24, r24
    2c96:	a9 f4       	brne	.+42     	; 0x2cc2 <lockers_save_events+0x344>
    2c98:	8a 81       	ldd	r24, Y+2	; 0x02
    2c9a:	9b 81       	ldd	r25, Y+3	; 0x03
    2c9c:	2f ef       	ldi	r18, 0xFF	; 255
    2c9e:	30 e0       	ldi	r19, 0x00	; 0
    2ca0:	a9 01       	movw	r20, r18
    2ca2:	48 1b       	sub	r20, r24
    2ca4:	59 0b       	sbc	r21, r25
    2ca6:	ca 01       	movw	r24, r20
    2ca8:	87 30       	cpi	r24, 0x07	; 7
    2caa:	91 05       	cpc	r25, r1
    2cac:	54 f4       	brge	.+20     	; 0x2cc2 <lockers_save_events+0x344>
            {
                buzzer_time(200);
    2cae:	60 e0       	ldi	r22, 0x00	; 0
    2cb0:	70 e0       	ldi	r23, 0x00	; 0
    2cb2:	88 e4       	ldi	r24, 0x48	; 72
    2cb4:	93 e4       	ldi	r25, 0x43	; 67
    2cb6:	0e 94 3b 17 	call	0x2e76	; 0x2e76 <buzzer_time>
                temp_address = 0;
    2cba:	1b 82       	std	Y+3, r1	; 0x03
    2cbc:	1a 82       	std	Y+2, r1	; 0x02
                overflow_flag = 1;
    2cbe:	81 e0       	ldi	r24, 0x01	; 1
    2cc0:	8c 83       	std	Y+4, r24	; 0x04
            }

            if((overflow_flag == 1) && ((INTERNAL_EEPROM_MAX_INDEX - (int16_t)temp_address) < (SIZE_OF_FRAME - 1)))
    2cc2:	8c 81       	ldd	r24, Y+4	; 0x04
    2cc4:	81 30       	cpi	r24, 0x01	; 1
    2cc6:	b1 f4       	brne	.+44     	; 0x2cf4 <lockers_save_events+0x376>
    2cc8:	8a 81       	ldd	r24, Y+2	; 0x02
    2cca:	9b 81       	ldd	r25, Y+3	; 0x03
    2ccc:	2f ef       	ldi	r18, 0xFF	; 255
    2cce:	33 e0       	ldi	r19, 0x03	; 3
    2cd0:	f9 01       	movw	r30, r18
    2cd2:	e8 1b       	sub	r30, r24
    2cd4:	f9 0b       	sbc	r31, r25
    2cd6:	cf 01       	movw	r24, r30
    2cd8:	87 30       	cpi	r24, 0x07	; 7
    2cda:	91 05       	cpc	r25, r1
    2cdc:	5c f4       	brge	.+22     	; 0x2cf4 <lockers_save_events+0x376>
            {
                buzzer_time(1000);
    2cde:	60 e0       	ldi	r22, 0x00	; 0
    2ce0:	70 e0       	ldi	r23, 0x00	; 0
    2ce2:	8a e7       	ldi	r24, 0x7A	; 122
    2ce4:	94 e4       	ldi	r25, 0x44	; 68
    2ce6:	0e 94 3b 17 	call	0x2e76	; 0x2e76 <buzzer_time>
                temp_address = 0;
    2cea:	1b 82       	std	Y+3, r1	; 0x03
    2cec:	1a 82       	std	Y+2, r1	; 0x02
                overflow_flag = 0;
    2cee:	1c 82       	std	Y+4, r1	; 0x04
                lockers_print_all_memory();
    2cf0:	0e 94 92 14 	call	0x2924	; 0x2924 <lockers_print_all_memory>
            }

            if(overflow_flag == 0)
    2cf4:	8c 81       	ldd	r24, Y+4	; 0x04
    2cf6:	88 23       	and	r24, r24
    2cf8:	39 f4       	brne	.+14     	; 0x2d08 <lockers_save_events+0x38a>
            {
                PCF8583_write_word(PCF8583_CELL, temp_address);
    2cfa:	8a 81       	ldd	r24, Y+2	; 0x02
    2cfc:	9b 81       	ldd	r25, Y+3	; 0x03
    2cfe:	bc 01       	movw	r22, r24
    2d00:	8e ef       	ldi	r24, 0xFE	; 254
    2d02:	0e 94 16 2e 	call	0x5c2c	; 0x5c2c <PCF8583_write_word>
    2d06:	13 c0       	rjmp	.+38     	; 0x2d2e <lockers_save_events+0x3b0>
            }
            else PCF8583_write_word(PCF8583_CELL, temp_address + SIZE_OF_FRAME * lockers_number_of_frames_exteral_EEPROM());
    2d08:	0e 94 df 12 	call	0x25be	; 0x25be <lockers_number_of_frames_exteral_EEPROM>
    2d0c:	88 2f       	mov	r24, r24
    2d0e:	90 e0       	ldi	r25, 0x00	; 0
    2d10:	88 0f       	add	r24, r24
    2d12:	99 1f       	adc	r25, r25
    2d14:	88 0f       	add	r24, r24
    2d16:	99 1f       	adc	r25, r25
    2d18:	88 0f       	add	r24, r24
    2d1a:	99 1f       	adc	r25, r25
    2d1c:	9c 01       	movw	r18, r24
    2d1e:	8a 81       	ldd	r24, Y+2	; 0x02
    2d20:	9b 81       	ldd	r25, Y+3	; 0x03
    2d22:	82 0f       	add	r24, r18
    2d24:	93 1f       	adc	r25, r19
    2d26:	bc 01       	movw	r22, r24
    2d28:	8e ef       	ldi	r24, 0xFE	; 254
    2d2a:	0e 94 16 2e 	call	0x5c2c	; 0x5c2c <PCF8583_write_word>
void lockers_save_events(void)//funkcja zapisująca do pamięci EEPROM dane
{
    //delay_ms_var(400);

    uint8_t i = 0;
    for( ; i < AMOUNT_OF_LOCKERS; ++i)
    2d2e:	89 81       	ldd	r24, Y+1	; 0x01
    2d30:	8f 5f       	subi	r24, 0xFF	; 255
    2d32:	89 83       	std	Y+1, r24	; 0x01
    2d34:	89 81       	ldd	r24, Y+1	; 0x01
    2d36:	82 30       	cpi	r24, 0x02	; 2
    2d38:	08 f4       	brcc	.+2      	; 0x2d3c <lockers_save_events+0x3be>
    2d3a:	2b ce       	rjmp	.-938    	; 0x2992 <lockers_save_events+0x14>
            else PCF8583_write_word(PCF8583_CELL, temp_address + SIZE_OF_FRAME * lockers_number_of_frames_exteral_EEPROM());
        }
    }


}
    2d3c:	26 96       	adiw	r28, 0x06	; 6
    2d3e:	0f b6       	in	r0, 0x3f	; 63
    2d40:	f8 94       	cli
    2d42:	de bf       	out	0x3e, r29	; 62
    2d44:	0f be       	out	0x3f, r0	; 63
    2d46:	cd bf       	out	0x3d, r28	; 61
    2d48:	df 91       	pop	r29
    2d4a:	cf 91       	pop	r28
    2d4c:	1f 91       	pop	r17
    2d4e:	08 95       	ret

00002d50 <locker_1_button>:

uint8_t locker_1_button(void)//przycisk fizycznie umieszczony na płytce
{
    2d50:	cf 93       	push	r28
    2d52:	df 93       	push	r29
    2d54:	00 d0       	rcall	.+0      	; 0x2d56 <locker_1_button+0x6>
    2d56:	cd b7       	in	r28, 0x3d	; 61
    2d58:	de b7       	in	r29, 0x3e	; 62
    int temp = 0;
    2d5a:	1a 82       	std	Y+2, r1	; 0x02
    2d5c:	19 82       	std	Y+1, r1	; 0x01
    if(!( LOCKER_1_BUTTON_PIN & LOCKER_1_BUTTON_IN ))
    2d5e:	80 e3       	ldi	r24, 0x30	; 48
    2d60:	90 e0       	ldi	r25, 0x00	; 0
    2d62:	fc 01       	movw	r30, r24
    2d64:	80 81       	ld	r24, Z
    2d66:	88 2f       	mov	r24, r24
    2d68:	90 e0       	ldi	r25, 0x00	; 0
    2d6a:	84 70       	andi	r24, 0x04	; 4
    2d6c:	99 27       	eor	r25, r25
    2d6e:	00 97       	sbiw	r24, 0x00	; 0
    2d70:	21 f4       	brne	.+8      	; 0x2d7a <locker_1_button+0x2a>
    {
        temp = 1;
    2d72:	81 e0       	ldi	r24, 0x01	; 1
    2d74:	90 e0       	ldi	r25, 0x00	; 0
    2d76:	9a 83       	std	Y+2, r25	; 0x02
    2d78:	89 83       	std	Y+1, r24	; 0x01
    }
    return temp;
    2d7a:	89 81       	ldd	r24, Y+1	; 0x01
}
    2d7c:	0f 90       	pop	r0
    2d7e:	0f 90       	pop	r0
    2d80:	df 91       	pop	r29
    2d82:	cf 91       	pop	r28
    2d84:	08 95       	ret

00002d86 <locker_2_button>:

uint8_t locker_2_button(void)//przycisk fizycznie umieszczony na płytce
{
    2d86:	cf 93       	push	r28
    2d88:	df 93       	push	r29
    2d8a:	00 d0       	rcall	.+0      	; 0x2d8c <locker_2_button+0x6>
    2d8c:	cd b7       	in	r28, 0x3d	; 61
    2d8e:	de b7       	in	r29, 0x3e	; 62
    int temp = 0;
    2d90:	1a 82       	std	Y+2, r1	; 0x02
    2d92:	19 82       	std	Y+1, r1	; 0x01
    if(!( LOCKER_2_BUTTON_PIN & LOCKER_2_BUTTON_IN ))
    2d94:	80 e3       	ldi	r24, 0x30	; 48
    2d96:	90 e0       	ldi	r25, 0x00	; 0
    2d98:	fc 01       	movw	r30, r24
    2d9a:	80 81       	ld	r24, Z
    2d9c:	88 2f       	mov	r24, r24
    2d9e:	90 e0       	ldi	r25, 0x00	; 0
    2da0:	88 70       	andi	r24, 0x08	; 8
    2da2:	99 27       	eor	r25, r25
    2da4:	00 97       	sbiw	r24, 0x00	; 0
    2da6:	21 f4       	brne	.+8      	; 0x2db0 <locker_2_button+0x2a>
    {
        temp = 1;
    2da8:	81 e0       	ldi	r24, 0x01	; 1
    2daa:	90 e0       	ldi	r25, 0x00	; 0
    2dac:	9a 83       	std	Y+2, r25	; 0x02
    2dae:	89 83       	std	Y+1, r24	; 0x01
    }
    return temp;
    2db0:	89 81       	ldd	r24, Y+1	; 0x01
}
    2db2:	0f 90       	pop	r0
    2db4:	0f 90       	pop	r0
    2db6:	df 91       	pop	r29
    2db8:	cf 91       	pop	r28
    2dba:	08 95       	ret

00002dbc <lockers_clear_all_memory>:


void lockers_clear_all_memory(void)
{
    2dbc:	cf 93       	push	r28
    2dbe:	df 93       	push	r29
    2dc0:	00 d0       	rcall	.+0      	; 0x2dc2 <lockers_clear_all_memory+0x6>
    2dc2:	cd b7       	in	r28, 0x3d	; 61
    2dc4:	de b7       	in	r29, 0x3e	; 62
    int16_t i = 0;
    2dc6:	1a 82       	std	Y+2, r1	; 0x02
    2dc8:	19 82       	std	Y+1, r1	; 0x01
    for(; i <= EXTERNAL_EEPROM_MAX_INDEX; ++i)
    2dca:	09 c0       	rjmp	.+18     	; 0x2dde <lockers_clear_all_memory+0x22>
    {
        EEPROM_write((uint8_t) i, 0);
    2dcc:	89 81       	ldd	r24, Y+1	; 0x01
    2dce:	60 e0       	ldi	r22, 0x00	; 0
    2dd0:	0e 94 ba 06 	call	0xd74	; 0xd74 <EEPROM_write>


void lockers_clear_all_memory(void)
{
    int16_t i = 0;
    for(; i <= EXTERNAL_EEPROM_MAX_INDEX; ++i)
    2dd4:	89 81       	ldd	r24, Y+1	; 0x01
    2dd6:	9a 81       	ldd	r25, Y+2	; 0x02
    2dd8:	01 96       	adiw	r24, 0x01	; 1
    2dda:	9a 83       	std	Y+2, r25	; 0x02
    2ddc:	89 83       	std	Y+1, r24	; 0x01
    2dde:	89 81       	ldd	r24, Y+1	; 0x01
    2de0:	9a 81       	ldd	r25, Y+2	; 0x02
    2de2:	8f 3f       	cpi	r24, 0xFF	; 255
    2de4:	91 05       	cpc	r25, r1
    2de6:	91 f3       	breq	.-28     	; 0x2dcc <lockers_clear_all_memory+0x10>
    2de8:	8c f3       	brlt	.-30     	; 0x2dcc <lockers_clear_all_memory+0x10>
    {
        EEPROM_write((uint8_t) i, 0);
    }

    i = 0;
    2dea:	1a 82       	std	Y+2, r1	; 0x02
    2dec:	19 82       	std	Y+1, r1	; 0x01

    for(; i <= INTERNAL_EEPROM_MAX_INDEX; ++i)
    2dee:	14 c0       	rjmp	.+40     	; 0x2e18 <lockers_clear_all_memory+0x5c>
    {
        eeprom_busy_wait();
    2df0:	8c e3       	ldi	r24, 0x3C	; 60
    2df2:	90 e0       	ldi	r25, 0x00	; 0
    2df4:	fc 01       	movw	r30, r24
    2df6:	80 81       	ld	r24, Z
    2df8:	88 2f       	mov	r24, r24
    2dfa:	90 e0       	ldi	r25, 0x00	; 0
    2dfc:	82 70       	andi	r24, 0x02	; 2
    2dfe:	99 27       	eor	r25, r25
    2e00:	00 97       	sbiw	r24, 0x00	; 0
    2e02:	b1 f7       	brne	.-20     	; 0x2df0 <lockers_clear_all_memory+0x34>
        eeprom_write_byte((uint8_t*)i, 0);
    2e04:	89 81       	ldd	r24, Y+1	; 0x01
    2e06:	9a 81       	ldd	r25, Y+2	; 0x02
    2e08:	60 e0       	ldi	r22, 0x00	; 0
    2e0a:	0e 94 49 39 	call	0x7292	; 0x7292 <__eewr_byte_m32>
        EEPROM_write((uint8_t) i, 0);
    }

    i = 0;

    for(; i <= INTERNAL_EEPROM_MAX_INDEX; ++i)
    2e0e:	89 81       	ldd	r24, Y+1	; 0x01
    2e10:	9a 81       	ldd	r25, Y+2	; 0x02
    2e12:	01 96       	adiw	r24, 0x01	; 1
    2e14:	9a 83       	std	Y+2, r25	; 0x02
    2e16:	89 83       	std	Y+1, r24	; 0x01
    2e18:	89 81       	ldd	r24, Y+1	; 0x01
    2e1a:	9a 81       	ldd	r25, Y+2	; 0x02
    2e1c:	81 15       	cp	r24, r1
    2e1e:	f4 e0       	ldi	r31, 0x04	; 4
    2e20:	9f 07       	cpc	r25, r31
    2e22:	34 f3       	brlt	.-52     	; 0x2df0 <lockers_clear_all_memory+0x34>
    {
        eeprom_busy_wait();
        eeprom_write_byte((uint8_t*)i, 0);
    }

    PCF8583_write_word(PCF8583_CELL, 0);
    2e24:	60 e0       	ldi	r22, 0x00	; 0
    2e26:	70 e0       	ldi	r23, 0x00	; 0
    2e28:	8e ef       	ldi	r24, 0xFE	; 254
    2e2a:	0e 94 16 2e 	call	0x5c2c	; 0x5c2c <PCF8583_write_word>
}
    2e2e:	0f 90       	pop	r0
    2e30:	0f 90       	pop	r0
    2e32:	df 91       	pop	r29
    2e34:	cf 91       	pop	r28
    2e36:	08 95       	ret

00002e38 <buzzer>:




void buzzer()//funkcja odpowiedzialna za sygnał dźwiękowy (trwa jedną milisekundę)
{
    2e38:	cf 93       	push	r28
    2e3a:	df 93       	push	r29
    2e3c:	cd b7       	in	r28, 0x3d	; 61
    2e3e:	de b7       	in	r29, 0x3e	; 62
    PORTD |= ( 1 << PD7 );
    2e40:	82 e3       	ldi	r24, 0x32	; 50
    2e42:	90 e0       	ldi	r25, 0x00	; 0
    2e44:	22 e3       	ldi	r18, 0x32	; 50
    2e46:	30 e0       	ldi	r19, 0x00	; 0
    2e48:	f9 01       	movw	r30, r18
    2e4a:	20 81       	ld	r18, Z
    2e4c:	20 68       	ori	r18, 0x80	; 128
    2e4e:	fc 01       	movw	r30, r24
    2e50:	20 83       	st	Z, r18
    delay_ms_var_double( 1 );
    2e52:	60 e0       	ldi	r22, 0x00	; 0
    2e54:	70 e0       	ldi	r23, 0x00	; 0
    2e56:	80 e8       	ldi	r24, 0x80	; 128
    2e58:	9f e3       	ldi	r25, 0x3F	; 63
    2e5a:	0e 94 b5 05 	call	0xb6a	; 0xb6a <delay_ms_var_double>
    PORTD &= ~( 1 << PD7 );
    2e5e:	82 e3       	ldi	r24, 0x32	; 50
    2e60:	90 e0       	ldi	r25, 0x00	; 0
    2e62:	22 e3       	ldi	r18, 0x32	; 50
    2e64:	30 e0       	ldi	r19, 0x00	; 0
    2e66:	f9 01       	movw	r30, r18
    2e68:	20 81       	ld	r18, Z
    2e6a:	2f 77       	andi	r18, 0x7F	; 127
    2e6c:	fc 01       	movw	r30, r24
    2e6e:	20 83       	st	Z, r18
}
    2e70:	df 91       	pop	r29
    2e72:	cf 91       	pop	r28
    2e74:	08 95       	ret

00002e76 <buzzer_time>:

void buzzer_time( double time )//funkcja odpowiedzialna za sygnał dźwiękowy (trwa podaną liczbę milisekund)
{
    2e76:	cf 93       	push	r28
    2e78:	df 93       	push	r29
    2e7a:	00 d0       	rcall	.+0      	; 0x2e7c <buzzer_time+0x6>
    2e7c:	00 d0       	rcall	.+0      	; 0x2e7e <buzzer_time+0x8>
    2e7e:	cd b7       	in	r28, 0x3d	; 61
    2e80:	de b7       	in	r29, 0x3e	; 62
    2e82:	69 83       	std	Y+1, r22	; 0x01
    2e84:	7a 83       	std	Y+2, r23	; 0x02
    2e86:	8b 83       	std	Y+3, r24	; 0x03
    2e88:	9c 83       	std	Y+4, r25	; 0x04
    PORTD |= ( 1 << PD7 );
    2e8a:	82 e3       	ldi	r24, 0x32	; 50
    2e8c:	90 e0       	ldi	r25, 0x00	; 0
    2e8e:	22 e3       	ldi	r18, 0x32	; 50
    2e90:	30 e0       	ldi	r19, 0x00	; 0
    2e92:	f9 01       	movw	r30, r18
    2e94:	20 81       	ld	r18, Z
    2e96:	20 68       	ori	r18, 0x80	; 128
    2e98:	fc 01       	movw	r30, r24
    2e9a:	20 83       	st	Z, r18
    delay_ms_var_double( time );
    2e9c:	89 81       	ldd	r24, Y+1	; 0x01
    2e9e:	9a 81       	ldd	r25, Y+2	; 0x02
    2ea0:	ab 81       	ldd	r26, Y+3	; 0x03
    2ea2:	bc 81       	ldd	r27, Y+4	; 0x04
    2ea4:	bc 01       	movw	r22, r24
    2ea6:	cd 01       	movw	r24, r26
    2ea8:	0e 94 b5 05 	call	0xb6a	; 0xb6a <delay_ms_var_double>
    PORTD &= ~( 1 << PD7 );
    2eac:	82 e3       	ldi	r24, 0x32	; 50
    2eae:	90 e0       	ldi	r25, 0x00	; 0
    2eb0:	22 e3       	ldi	r18, 0x32	; 50
    2eb2:	30 e0       	ldi	r19, 0x00	; 0
    2eb4:	f9 01       	movw	r30, r18
    2eb6:	20 81       	ld	r18, Z
    2eb8:	2f 77       	andi	r18, 0x7F	; 127
    2eba:	fc 01       	movw	r30, r24
    2ebc:	20 83       	st	Z, r18
}
    2ebe:	0f 90       	pop	r0
    2ec0:	0f 90       	pop	r0
    2ec2:	0f 90       	pop	r0
    2ec4:	0f 90       	pop	r0
    2ec6:	df 91       	pop	r29
    2ec8:	cf 91       	pop	r28
    2eca:	08 95       	ret

00002ecc <wysw_skok>:

void wysw_skok( uint16_t number ) // funkcja wyświetlająca numer kroku o danej wartości
{
    2ecc:	cf 93       	push	r28
    2ece:	df 93       	push	r29
    2ed0:	00 d0       	rcall	.+0      	; 0x2ed2 <wysw_skok+0x6>
    2ed2:	1f 92       	push	r1
    2ed4:	cd b7       	in	r28, 0x3d	; 61
    2ed6:	de b7       	in	r29, 0x3e	; 62
    2ed8:	9b 83       	std	Y+3, r25	; 0x03
    2eda:	8a 83       	std	Y+2, r24	; 0x02
    uint8_t d = 1;
    2edc:	81 e0       	ldi	r24, 0x01	; 1
    2ede:	89 83       	std	Y+1, r24	; 0x01
    t = 10;
    2ee0:	8a e0       	ldi	r24, 0x0A	; 10
    2ee2:	90 e0       	ldi	r25, 0x00	; 0
    2ee4:	90 93 27 03 	sts	0x0327, r25
    2ee8:	80 93 26 03 	sts	0x0326, r24
    while ( number >= t )
    2eec:	14 c0       	rjmp	.+40     	; 0x2f16 <wysw_skok+0x4a>
    {
        d += 1;
    2eee:	89 81       	ldd	r24, Y+1	; 0x01
    2ef0:	8f 5f       	subi	r24, 0xFF	; 255
    2ef2:	89 83       	std	Y+1, r24	; 0x01
        t *= 10;
    2ef4:	80 91 26 03 	lds	r24, 0x0326
    2ef8:	90 91 27 03 	lds	r25, 0x0327
    2efc:	88 0f       	add	r24, r24
    2efe:	99 1f       	adc	r25, r25
    2f00:	9c 01       	movw	r18, r24
    2f02:	22 0f       	add	r18, r18
    2f04:	33 1f       	adc	r19, r19
    2f06:	22 0f       	add	r18, r18
    2f08:	33 1f       	adc	r19, r19
    2f0a:	82 0f       	add	r24, r18
    2f0c:	93 1f       	adc	r25, r19
    2f0e:	90 93 27 03 	sts	0x0327, r25
    2f12:	80 93 26 03 	sts	0x0326, r24

void wysw_skok( uint16_t number ) // funkcja wyświetlająca numer kroku o danej wartości
{
    uint8_t d = 1;
    t = 10;
    while ( number >= t )
    2f16:	80 91 26 03 	lds	r24, 0x0326
    2f1a:	90 91 27 03 	lds	r25, 0x0327
    2f1e:	9c 01       	movw	r18, r24
    2f20:	8a 81       	ldd	r24, Y+2	; 0x02
    2f22:	9b 81       	ldd	r25, Y+3	; 0x03
    2f24:	82 17       	cp	r24, r18
    2f26:	93 07       	cpc	r25, r19
    2f28:	10 f7       	brcc	.-60     	; 0x2eee <wysw_skok+0x22>
    {
        d += 1;
        t *= 10;
    }

    zwiekszanie = number;
    2f2a:	8a 81       	ldd	r24, Y+2	; 0x02
    2f2c:	9b 81       	ldd	r25, Y+3	; 0x03
    2f2e:	90 93 42 03 	sts	0x0342, r25
    2f32:	80 93 41 03 	sts	0x0341, r24
    LCD_EraseAll();
    2f36:	80 e0       	ldi	r24, 0x00	; 0
    2f38:	90 e0       	ldi	r25, 0x00	; 0
    2f3a:	0e 94 2f 0f 	call	0x1e5e	; 0x1e5e <LCD_Erase>
    for ( t = 0; t < 40 - (d + 1); t += d + 3 )
    2f3e:	10 92 27 03 	sts	0x0327, r1
    2f42:	10 92 26 03 	sts	0x0326, r1
    2f46:	2a c0       	rjmp	.+84     	; 0x2f9c <wysw_skok+0xd0>
    {
        LCD_GoTo( t, 0 );
    2f48:	80 91 26 03 	lds	r24, 0x0326
    2f4c:	90 91 27 03 	lds	r25, 0x0327
    2f50:	60 e0       	ldi	r22, 0x00	; 0
    2f52:	0e 94 08 0a 	call	0x1410	; 0x1410 <LCD_GoTo>
        LCD_Int( zwiekszanie );
    2f56:	80 91 41 03 	lds	r24, 0x0341
    2f5a:	90 91 42 03 	lds	r25, 0x0342
    2f5e:	0e 94 34 0d 	call	0x1a68	; 0x1a68 <LCD_Int>
        LCD_GoTo( t, 1 );
    2f62:	80 91 26 03 	lds	r24, 0x0326
    2f66:	90 91 27 03 	lds	r25, 0x0327
    2f6a:	61 e0       	ldi	r22, 0x01	; 1
    2f6c:	0e 94 08 0a 	call	0x1410	; 0x1410 <LCD_GoTo>
        LCD_Int( zwiekszanie );
    2f70:	80 91 41 03 	lds	r24, 0x0341
    2f74:	90 91 42 03 	lds	r25, 0x0342
    2f78:	0e 94 34 0d 	call	0x1a68	; 0x1a68 <LCD_Int>
        t *= 10;
    }

    zwiekszanie = number;
    LCD_EraseAll();
    for ( t = 0; t < 40 - (d + 1); t += d + 3 )
    2f7c:	89 81       	ldd	r24, Y+1	; 0x01
    2f7e:	88 2f       	mov	r24, r24
    2f80:	90 e0       	ldi	r25, 0x00	; 0
    2f82:	9c 01       	movw	r18, r24
    2f84:	2d 5f       	subi	r18, 0xFD	; 253
    2f86:	3f 4f       	sbci	r19, 0xFF	; 255
    2f88:	80 91 26 03 	lds	r24, 0x0326
    2f8c:	90 91 27 03 	lds	r25, 0x0327
    2f90:	82 0f       	add	r24, r18
    2f92:	93 1f       	adc	r25, r19
    2f94:	90 93 27 03 	sts	0x0327, r25
    2f98:	80 93 26 03 	sts	0x0326, r24
    2f9c:	89 81       	ldd	r24, Y+1	; 0x01
    2f9e:	88 2f       	mov	r24, r24
    2fa0:	90 e0       	ldi	r25, 0x00	; 0
    2fa2:	27 e2       	ldi	r18, 0x27	; 39
    2fa4:	30 e0       	ldi	r19, 0x00	; 0
    2fa6:	28 1b       	sub	r18, r24
    2fa8:	39 0b       	sbc	r19, r25
    2faa:	80 91 26 03 	lds	r24, 0x0326
    2fae:	90 91 27 03 	lds	r25, 0x0327
    2fb2:	82 17       	cp	r24, r18
    2fb4:	93 07       	cpc	r25, r19
    2fb6:	44 f2       	brlt	.-112    	; 0x2f48 <wysw_skok+0x7c>
        LCD_GoTo( t, 0 );
        LCD_Int( zwiekszanie );
        LCD_GoTo( t, 1 );
        LCD_Int( zwiekszanie );
    }
    delay_ms_var_double( 500 );
    2fb8:	60 e0       	ldi	r22, 0x00	; 0
    2fba:	70 e0       	ldi	r23, 0x00	; 0
    2fbc:	8a ef       	ldi	r24, 0xFA	; 250
    2fbe:	93 e4       	ldi	r25, 0x43	; 67
    2fc0:	0e 94 b5 05 	call	0xb6a	; 0xb6a <delay_ms_var_double>
    refresh_screen = 1;
    2fc4:	81 e0       	ldi	r24, 0x01	; 1
    2fc6:	80 93 1b 03 	sts	0x031B, r24
}
    2fca:	0f 90       	pop	r0
    2fcc:	0f 90       	pop	r0
    2fce:	0f 90       	pop	r0
    2fd0:	df 91       	pop	r29
    2fd2:	cf 91       	pop	r28
    2fd4:	08 95       	ret

00002fd6 <step_increase>:

void step_increase(void)
{
    2fd6:	cf 93       	push	r28
    2fd8:	df 93       	push	r29
    2fda:	cd b7       	in	r28, 0x3d	; 61
    2fdc:	de b7       	in	r29, 0x3e	; 62
    zwiekszanie *= 10;
    2fde:	80 91 41 03 	lds	r24, 0x0341
    2fe2:	90 91 42 03 	lds	r25, 0x0342
    2fe6:	88 0f       	add	r24, r24
    2fe8:	99 1f       	adc	r25, r25
    2fea:	9c 01       	movw	r18, r24
    2fec:	22 0f       	add	r18, r18
    2fee:	33 1f       	adc	r19, r19
    2ff0:	22 0f       	add	r18, r18
    2ff2:	33 1f       	adc	r19, r19
    2ff4:	82 0f       	add	r24, r18
    2ff6:	93 1f       	adc	r25, r19
    2ff8:	90 93 42 03 	sts	0x0342, r25
    2ffc:	80 93 41 03 	sts	0x0341, r24
    if(zwiekszanie > 1000) zwiekszanie = 1000;
    3000:	80 91 41 03 	lds	r24, 0x0341
    3004:	90 91 42 03 	lds	r25, 0x0342
    3008:	89 3e       	cpi	r24, 0xE9	; 233
    300a:	23 e0       	ldi	r18, 0x03	; 3
    300c:	92 07       	cpc	r25, r18
    300e:	30 f0       	brcs	.+12     	; 0x301c <step_increase+0x46>
    3010:	88 ee       	ldi	r24, 0xE8	; 232
    3012:	93 e0       	ldi	r25, 0x03	; 3
    3014:	90 93 42 03 	sts	0x0342, r25
    3018:	80 93 41 03 	sts	0x0341, r24
    wysw_skok(zwiekszanie);
    301c:	80 91 41 03 	lds	r24, 0x0341
    3020:	90 91 42 03 	lds	r25, 0x0342
    3024:	0e 94 66 17 	call	0x2ecc	; 0x2ecc <wysw_skok>
}
    3028:	df 91       	pop	r29
    302a:	cf 91       	pop	r28
    302c:	08 95       	ret

0000302e <step_decrease>:

void step_decrease(void)
{
    302e:	cf 93       	push	r28
    3030:	df 93       	push	r29
    3032:	cd b7       	in	r28, 0x3d	; 61
    3034:	de b7       	in	r29, 0x3e	; 62
    zwiekszanie /= 10;
    3036:	80 91 41 03 	lds	r24, 0x0341
    303a:	90 91 42 03 	lds	r25, 0x0342
    303e:	9c 01       	movw	r18, r24
    3040:	ad ec       	ldi	r26, 0xCD	; 205
    3042:	bc ec       	ldi	r27, 0xCC	; 204
    3044:	0e 94 6b 33 	call	0x66d6	; 0x66d6 <__umulhisi3>
    3048:	96 95       	lsr	r25
    304a:	87 95       	ror	r24
    304c:	96 95       	lsr	r25
    304e:	87 95       	ror	r24
    3050:	96 95       	lsr	r25
    3052:	87 95       	ror	r24
    3054:	90 93 42 03 	sts	0x0342, r25
    3058:	80 93 41 03 	sts	0x0341, r24
    if (zwiekszanie < 1 ) zwiekszanie = 1;
    305c:	80 91 41 03 	lds	r24, 0x0341
    3060:	90 91 42 03 	lds	r25, 0x0342
    3064:	00 97       	sbiw	r24, 0x00	; 0
    3066:	31 f4       	brne	.+12     	; 0x3074 <step_decrease+0x46>
    3068:	81 e0       	ldi	r24, 0x01	; 1
    306a:	90 e0       	ldi	r25, 0x00	; 0
    306c:	90 93 42 03 	sts	0x0342, r25
    3070:	80 93 41 03 	sts	0x0341, r24
    wysw_skok(zwiekszanie);
    3074:	80 91 41 03 	lds	r24, 0x0341
    3078:	90 91 42 03 	lds	r25, 0x0342
    307c:	0e 94 66 17 	call	0x2ecc	; 0x2ecc <wysw_skok>
}
    3080:	df 91       	pop	r29
    3082:	cf 91       	pop	r28
    3084:	08 95       	ret

00003086 <wybor>:

void wybor( int number ) // funkcja wyświetlająca podczas wchodenia w dany podprogram numeru podprogramu
{
    3086:	cf 93       	push	r28
    3088:	df 93       	push	r29
    308a:	00 d0       	rcall	.+0      	; 0x308c <wybor+0x6>
    308c:	cd b7       	in	r28, 0x3d	; 61
    308e:	de b7       	in	r29, 0x3e	; 62
    3090:	9a 83       	std	Y+2, r25	; 0x02
    3092:	89 83       	std	Y+1, r24	; 0x01
    refresh_screen = 0;
    3094:	10 92 1b 03 	sts	0x031B, r1
    LCD_Clear();
    3098:	0e 94 1f 0a 	call	0x143e	; 0x143e <LCD_Clear>
    LCD_WriteText( "Program: " );
    309c:	87 ec       	ldi	r24, 0xC7	; 199
    309e:	90 e0       	ldi	r25, 0x00	; 0
    30a0:	0e 94 ea 09 	call	0x13d4	; 0x13d4 <LCD_WriteText>
    LCD_Int( number );
    30a4:	89 81       	ldd	r24, Y+1	; 0x01
    30a6:	9a 81       	ldd	r25, Y+2	; 0x02
    30a8:	0e 94 34 0d 	call	0x1a68	; 0x1a68 <LCD_Int>
    LCD_GoTo(0,1);
    30ac:	61 e0       	ldi	r22, 0x01	; 1
    30ae:	80 e0       	ldi	r24, 0x00	; 0
    30b0:	0e 94 08 0a 	call	0x1410	; 0x1410 <LCD_GoTo>
    if(number == 0) LCD_WriteText("PROGRAM GLOWNY");
    30b4:	89 81       	ldd	r24, Y+1	; 0x01
    30b6:	9a 81       	ldd	r25, Y+2	; 0x02
    30b8:	00 97       	sbiw	r24, 0x00	; 0
    30ba:	29 f4       	brne	.+10     	; 0x30c6 <wybor+0x40>
    30bc:	81 ed       	ldi	r24, 0xD1	; 209
    30be:	90 e0       	ldi	r25, 0x00	; 0
    30c0:	0e 94 ea 09 	call	0x13d4	; 0x13d4 <LCD_WriteText>
    30c4:	3b c0       	rjmp	.+118    	; 0x313c <wybor+0xb6>
    else if(number == 1) LCD_WriteText("PROGRAM TESTOWY");
    30c6:	89 81       	ldd	r24, Y+1	; 0x01
    30c8:	9a 81       	ldd	r25, Y+2	; 0x02
    30ca:	81 30       	cpi	r24, 0x01	; 1
    30cc:	91 05       	cpc	r25, r1
    30ce:	29 f4       	brne	.+10     	; 0x30da <wybor+0x54>
    30d0:	80 ee       	ldi	r24, 0xE0	; 224
    30d2:	90 e0       	ldi	r25, 0x00	; 0
    30d4:	0e 94 ea 09 	call	0x13d4	; 0x13d4 <LCD_WriteText>
    30d8:	31 c0       	rjmp	.+98     	; 0x313c <wybor+0xb6>
    else if(number == 2) LCD_WriteText("KOSTKA DO GRY");
    30da:	89 81       	ldd	r24, Y+1	; 0x01
    30dc:	9a 81       	ldd	r25, Y+2	; 0x02
    30de:	82 30       	cpi	r24, 0x02	; 2
    30e0:	91 05       	cpc	r25, r1
    30e2:	29 f4       	brne	.+10     	; 0x30ee <wybor+0x68>
    30e4:	80 ef       	ldi	r24, 0xF0	; 240
    30e6:	90 e0       	ldi	r25, 0x00	; 0
    30e8:	0e 94 ea 09 	call	0x13d4	; 0x13d4 <LCD_WriteText>
    30ec:	27 c0       	rjmp	.+78     	; 0x313c <wybor+0xb6>
    else if(number == 3) LCD_WriteText("CZUWANIE");
    30ee:	89 81       	ldd	r24, Y+1	; 0x01
    30f0:	9a 81       	ldd	r25, Y+2	; 0x02
    30f2:	83 30       	cpi	r24, 0x03	; 3
    30f4:	91 05       	cpc	r25, r1
    30f6:	29 f4       	brne	.+10     	; 0x3102 <wybor+0x7c>
    30f8:	8e ef       	ldi	r24, 0xFE	; 254
    30fa:	90 e0       	ldi	r25, 0x00	; 0
    30fc:	0e 94 ea 09 	call	0x13d4	; 0x13d4 <LCD_WriteText>
    3100:	1d c0       	rjmp	.+58     	; 0x313c <wybor+0xb6>
    else if(number == 4) LCD_WriteText("NASTAWA GODZINY");
    3102:	89 81       	ldd	r24, Y+1	; 0x01
    3104:	9a 81       	ldd	r25, Y+2	; 0x02
    3106:	84 30       	cpi	r24, 0x04	; 4
    3108:	91 05       	cpc	r25, r1
    310a:	29 f4       	brne	.+10     	; 0x3116 <wybor+0x90>
    310c:	87 e0       	ldi	r24, 0x07	; 7
    310e:	91 e0       	ldi	r25, 0x01	; 1
    3110:	0e 94 ea 09 	call	0x13d4	; 0x13d4 <LCD_WriteText>
    3114:	13 c0       	rjmp	.+38     	; 0x313c <wybor+0xb6>
    else if(number == 5) LCD_WriteText("NASTAWA ALARMU");
    3116:	89 81       	ldd	r24, Y+1	; 0x01
    3118:	9a 81       	ldd	r25, Y+2	; 0x02
    311a:	85 30       	cpi	r24, 0x05	; 5
    311c:	91 05       	cpc	r25, r1
    311e:	29 f4       	brne	.+10     	; 0x312a <wybor+0xa4>
    3120:	87 e1       	ldi	r24, 0x17	; 23
    3122:	91 e0       	ldi	r25, 0x01	; 1
    3124:	0e 94 ea 09 	call	0x13d4	; 0x13d4 <LCD_WriteText>
    3128:	09 c0       	rjmp	.+18     	; 0x313c <wybor+0xb6>
    else if(number == 6) LCD_WriteText("DANE - EEPROM");
    312a:	89 81       	ldd	r24, Y+1	; 0x01
    312c:	9a 81       	ldd	r25, Y+2	; 0x02
    312e:	86 30       	cpi	r24, 0x06	; 6
    3130:	91 05       	cpc	r25, r1
    3132:	21 f4       	brne	.+8      	; 0x313c <wybor+0xb6>
    3134:	86 e2       	ldi	r24, 0x26	; 38
    3136:	91 e0       	ldi	r25, 0x01	; 1
    3138:	0e 94 ea 09 	call	0x13d4	; 0x13d4 <LCD_WriteText>
    for ( t = 0; t < 5; ++t )
    313c:	10 92 27 03 	sts	0x0327, r1
    3140:	10 92 26 03 	sts	0x0326, r1
    3144:	15 c0       	rjmp	.+42     	; 0x3170 <wybor+0xea>
    {
        delay_ms_var_double( 30 );
    3146:	60 e0       	ldi	r22, 0x00	; 0
    3148:	70 e0       	ldi	r23, 0x00	; 0
    314a:	80 ef       	ldi	r24, 0xF0	; 240
    314c:	91 e4       	ldi	r25, 0x41	; 65
    314e:	0e 94 b5 05 	call	0xb6a	; 0xb6a <delay_ms_var_double>
        buzzer_time(5);
    3152:	60 e0       	ldi	r22, 0x00	; 0
    3154:	70 e0       	ldi	r23, 0x00	; 0
    3156:	80 ea       	ldi	r24, 0xA0	; 160
    3158:	90 e4       	ldi	r25, 0x40	; 64
    315a:	0e 94 3b 17 	call	0x2e76	; 0x2e76 <buzzer_time>
    else if(number == 2) LCD_WriteText("KOSTKA DO GRY");
    else if(number == 3) LCD_WriteText("CZUWANIE");
    else if(number == 4) LCD_WriteText("NASTAWA GODZINY");
    else if(number == 5) LCD_WriteText("NASTAWA ALARMU");
    else if(number == 6) LCD_WriteText("DANE - EEPROM");
    for ( t = 0; t < 5; ++t )
    315e:	80 91 26 03 	lds	r24, 0x0326
    3162:	90 91 27 03 	lds	r25, 0x0327
    3166:	01 96       	adiw	r24, 0x01	; 1
    3168:	90 93 27 03 	sts	0x0327, r25
    316c:	80 93 26 03 	sts	0x0326, r24
    3170:	80 91 26 03 	lds	r24, 0x0326
    3174:	90 91 27 03 	lds	r25, 0x0327
    3178:	85 30       	cpi	r24, 0x05	; 5
    317a:	91 05       	cpc	r25, r1
    317c:	24 f3       	brlt	.-56     	; 0x3146 <wybor+0xc0>
    {
        delay_ms_var_double( 30 );
        buzzer_time(5);
    }
    delay_ms_var_double( 500 );
    317e:	60 e0       	ldi	r22, 0x00	; 0
    3180:	70 e0       	ldi	r23, 0x00	; 0
    3182:	8a ef       	ldi	r24, 0xFA	; 250
    3184:	93 e4       	ldi	r25, 0x43	; 67
    3186:	0e 94 b5 05 	call	0xb6a	; 0xb6a <delay_ms_var_double>
    refresh_screen = 1;
    318a:	81 e0       	ldi	r24, 0x01	; 1
    318c:	80 93 1b 03 	sts	0x031B, r24
}
    3190:	0f 90       	pop	r0
    3192:	0f 90       	pop	r0
    3194:	df 91       	pop	r29
    3196:	cf 91       	pop	r28
    3198:	08 95       	ret

0000319a <show_day_of_week>:

void show_day_of_week( uint8_t day)
{
    319a:	cf 93       	push	r28
    319c:	df 93       	push	r29
    319e:	1f 92       	push	r1
    31a0:	cd b7       	in	r28, 0x3d	; 61
    31a2:	de b7       	in	r29, 0x3e	; 62
    31a4:	89 83       	std	Y+1, r24	; 0x01
    if(day == 0) LCD_WriteText("Pn.");
    31a6:	89 81       	ldd	r24, Y+1	; 0x01
    31a8:	88 23       	and	r24, r24
    31aa:	29 f4       	brne	.+10     	; 0x31b6 <show_day_of_week+0x1c>
    31ac:	84 e3       	ldi	r24, 0x34	; 52
    31ae:	91 e0       	ldi	r25, 0x01	; 1
    31b0:	0e 94 ea 09 	call	0x13d4	; 0x13d4 <LCD_WriteText>
    31b4:	2f c0       	rjmp	.+94     	; 0x3214 <show_day_of_week+0x7a>
    else if(day == 1) LCD_WriteText("Wt.");
    31b6:	89 81       	ldd	r24, Y+1	; 0x01
    31b8:	81 30       	cpi	r24, 0x01	; 1
    31ba:	29 f4       	brne	.+10     	; 0x31c6 <show_day_of_week+0x2c>
    31bc:	88 e3       	ldi	r24, 0x38	; 56
    31be:	91 e0       	ldi	r25, 0x01	; 1
    31c0:	0e 94 ea 09 	call	0x13d4	; 0x13d4 <LCD_WriteText>
    31c4:	27 c0       	rjmp	.+78     	; 0x3214 <show_day_of_week+0x7a>
    else if(day == 2) LCD_WriteText("Sr.");
    31c6:	89 81       	ldd	r24, Y+1	; 0x01
    31c8:	82 30       	cpi	r24, 0x02	; 2
    31ca:	29 f4       	brne	.+10     	; 0x31d6 <show_day_of_week+0x3c>
    31cc:	8c e3       	ldi	r24, 0x3C	; 60
    31ce:	91 e0       	ldi	r25, 0x01	; 1
    31d0:	0e 94 ea 09 	call	0x13d4	; 0x13d4 <LCD_WriteText>
    31d4:	1f c0       	rjmp	.+62     	; 0x3214 <show_day_of_week+0x7a>
    else if(day == 3) LCD_WriteText("Cz.");
    31d6:	89 81       	ldd	r24, Y+1	; 0x01
    31d8:	83 30       	cpi	r24, 0x03	; 3
    31da:	29 f4       	brne	.+10     	; 0x31e6 <show_day_of_week+0x4c>
    31dc:	80 e4       	ldi	r24, 0x40	; 64
    31de:	91 e0       	ldi	r25, 0x01	; 1
    31e0:	0e 94 ea 09 	call	0x13d4	; 0x13d4 <LCD_WriteText>
    31e4:	17 c0       	rjmp	.+46     	; 0x3214 <show_day_of_week+0x7a>
    else if(day == 4) LCD_WriteText("Pt.");
    31e6:	89 81       	ldd	r24, Y+1	; 0x01
    31e8:	84 30       	cpi	r24, 0x04	; 4
    31ea:	29 f4       	brne	.+10     	; 0x31f6 <show_day_of_week+0x5c>
    31ec:	84 e4       	ldi	r24, 0x44	; 68
    31ee:	91 e0       	ldi	r25, 0x01	; 1
    31f0:	0e 94 ea 09 	call	0x13d4	; 0x13d4 <LCD_WriteText>
    31f4:	0f c0       	rjmp	.+30     	; 0x3214 <show_day_of_week+0x7a>
    else if(day == 5) LCD_WriteText("So.");
    31f6:	89 81       	ldd	r24, Y+1	; 0x01
    31f8:	85 30       	cpi	r24, 0x05	; 5
    31fa:	29 f4       	brne	.+10     	; 0x3206 <show_day_of_week+0x6c>
    31fc:	88 e4       	ldi	r24, 0x48	; 72
    31fe:	91 e0       	ldi	r25, 0x01	; 1
    3200:	0e 94 ea 09 	call	0x13d4	; 0x13d4 <LCD_WriteText>
    3204:	07 c0       	rjmp	.+14     	; 0x3214 <show_day_of_week+0x7a>
    else if(day == 6) LCD_WriteText("Nd.");
    3206:	89 81       	ldd	r24, Y+1	; 0x01
    3208:	86 30       	cpi	r24, 0x06	; 6
    320a:	21 f4       	brne	.+8      	; 0x3214 <show_day_of_week+0x7a>
    320c:	8c e4       	ldi	r24, 0x4C	; 76
    320e:	91 e0       	ldi	r25, 0x01	; 1
    3210:	0e 94 ea 09 	call	0x13d4	; 0x13d4 <LCD_WriteText>
}
    3214:	0f 90       	pop	r0
    3216:	df 91       	pop	r29
    3218:	cf 91       	pop	r28
    321a:	08 95       	ret

0000321c <show_time_only_format>:

void show_time_only_format(void)
{
    321c:	cf 93       	push	r28
    321e:	df 93       	push	r29
    3220:	cd b7       	in	r28, 0x3d	; 61
    3222:	de b7       	in	r29, 0x3e	; 62
    LCD_GoTo( 0 + moveStep, 0 );
    3224:	80 91 17 03 	lds	r24, 0x0317
    3228:	60 e0       	ldi	r22, 0x00	; 0
    322a:	0e 94 08 0a 	call	0x1410	; 0x1410 <LCD_GoTo>
    if(godz < 10) LCD_Int(0);
    322e:	80 91 33 03 	lds	r24, 0x0333
    3232:	8a 30       	cpi	r24, 0x0A	; 10
    3234:	24 f4       	brge	.+8      	; 0x323e <show_time_only_format+0x22>
    3236:	80 e0       	ldi	r24, 0x00	; 0
    3238:	90 e0       	ldi	r25, 0x00	; 0
    323a:	0e 94 34 0d 	call	0x1a68	; 0x1a68 <LCD_Int>
    LCD_Int(godz);
    323e:	80 91 33 03 	lds	r24, 0x0333
    3242:	99 27       	eor	r25, r25
    3244:	87 fd       	sbrc	r24, 7
    3246:	90 95       	com	r25
    3248:	0e 94 34 0d 	call	0x1a68	; 0x1a68 <LCD_Int>
    LCD_WriteText(":");
    324c:	80 e5       	ldi	r24, 0x50	; 80
    324e:	91 e0       	ldi	r25, 0x01	; 1
    3250:	0e 94 ea 09 	call	0x13d4	; 0x13d4 <LCD_WriteText>
    if(min < 10) LCD_Int(0);
    3254:	80 91 34 03 	lds	r24, 0x0334
    3258:	8a 30       	cpi	r24, 0x0A	; 10
    325a:	24 f4       	brge	.+8      	; 0x3264 <show_time_only_format+0x48>
    325c:	80 e0       	ldi	r24, 0x00	; 0
    325e:	90 e0       	ldi	r25, 0x00	; 0
    3260:	0e 94 34 0d 	call	0x1a68	; 0x1a68 <LCD_Int>
    LCD_Int(min);
    3264:	80 91 34 03 	lds	r24, 0x0334
    3268:	99 27       	eor	r25, r25
    326a:	87 fd       	sbrc	r24, 7
    326c:	90 95       	com	r25
    326e:	0e 94 34 0d 	call	0x1a68	; 0x1a68 <LCD_Int>
    LCD_WriteText(":");
    3272:	80 e5       	ldi	r24, 0x50	; 80
    3274:	91 e0       	ldi	r25, 0x01	; 1
    3276:	0e 94 ea 09 	call	0x13d4	; 0x13d4 <LCD_WriteText>
    if(sek < 10) LCD_Int(0);
    327a:	80 91 43 03 	lds	r24, 0x0343
    327e:	8a 30       	cpi	r24, 0x0A	; 10
    3280:	24 f4       	brge	.+8      	; 0x328a <show_time_only_format+0x6e>
    3282:	80 e0       	ldi	r24, 0x00	; 0
    3284:	90 e0       	ldi	r25, 0x00	; 0
    3286:	0e 94 34 0d 	call	0x1a68	; 0x1a68 <LCD_Int>
    LCD_Int(sek);
    328a:	80 91 43 03 	lds	r24, 0x0343
    328e:	99 27       	eor	r25, r25
    3290:	87 fd       	sbrc	r24, 7
    3292:	90 95       	com	r25
    3294:	0e 94 34 0d 	call	0x1a68	; 0x1a68 <LCD_Int>
    LCD_WriteText(":");
    3298:	80 e5       	ldi	r24, 0x50	; 80
    329a:	91 e0       	ldi	r25, 0x01	; 1
    329c:	0e 94 ea 09 	call	0x13d4	; 0x13d4 <LCD_WriteText>
    if(hsek < 10) LCD_Int(0);
    32a0:	80 91 32 03 	lds	r24, 0x0332
    32a4:	8a 30       	cpi	r24, 0x0A	; 10
    32a6:	24 f4       	brge	.+8      	; 0x32b0 <show_time_only_format+0x94>
    32a8:	80 e0       	ldi	r24, 0x00	; 0
    32aa:	90 e0       	ldi	r25, 0x00	; 0
    32ac:	0e 94 34 0d 	call	0x1a68	; 0x1a68 <LCD_Int>
    LCD_Int(hsek);
    32b0:	80 91 32 03 	lds	r24, 0x0332
    32b4:	99 27       	eor	r25, r25
    32b6:	87 fd       	sbrc	r24, 7
    32b8:	90 95       	com	r25
    32ba:	0e 94 34 0d 	call	0x1a68	; 0x1a68 <LCD_Int>

}
    32be:	df 91       	pop	r29
    32c0:	cf 91       	pop	r28
    32c2:	08 95       	ret

000032c4 <show_time_format>:

void show_time_format(void)
{
    32c4:	cf 93       	push	r28
    32c6:	df 93       	push	r29
    32c8:	cd b7       	in	r28, 0x3d	; 61
    32ca:	de b7       	in	r29, 0x3e	; 62
    show_time_only_format();
    32cc:	0e 94 0e 19 	call	0x321c	; 0x321c <show_time_only_format>

    LCD_GoTo( 0 + moveStep, 1 );
    32d0:	80 91 17 03 	lds	r24, 0x0317
    32d4:	61 e0       	ldi	r22, 0x01	; 1
    32d6:	0e 94 08 0a 	call	0x1410	; 0x1410 <LCD_GoTo>
    if(dzien < 10) LCD_Int(0);
    32da:	80 91 4a 03 	lds	r24, 0x034A
    32de:	8a 30       	cpi	r24, 0x0A	; 10
    32e0:	24 f4       	brge	.+8      	; 0x32ea <show_time_format+0x26>
    32e2:	80 e0       	ldi	r24, 0x00	; 0
    32e4:	90 e0       	ldi	r25, 0x00	; 0
    32e6:	0e 94 34 0d 	call	0x1a68	; 0x1a68 <LCD_Int>
    LCD_Int(dzien);
    32ea:	80 91 4a 03 	lds	r24, 0x034A
    32ee:	99 27       	eor	r25, r25
    32f0:	87 fd       	sbrc	r24, 7
    32f2:	90 95       	com	r25
    32f4:	0e 94 34 0d 	call	0x1a68	; 0x1a68 <LCD_Int>
    LCD_WriteText(":");
    32f8:	80 e5       	ldi	r24, 0x50	; 80
    32fa:	91 e0       	ldi	r25, 0x01	; 1
    32fc:	0e 94 ea 09 	call	0x13d4	; 0x13d4 <LCD_WriteText>
    if(miesiac < 10) LCD_Int(0);
    3300:	80 91 35 03 	lds	r24, 0x0335
    3304:	8a 30       	cpi	r24, 0x0A	; 10
    3306:	24 f4       	brge	.+8      	; 0x3310 <show_time_format+0x4c>
    3308:	80 e0       	ldi	r24, 0x00	; 0
    330a:	90 e0       	ldi	r25, 0x00	; 0
    330c:	0e 94 34 0d 	call	0x1a68	; 0x1a68 <LCD_Int>
    LCD_Int(miesiac);
    3310:	80 91 35 03 	lds	r24, 0x0335
    3314:	99 27       	eor	r25, r25
    3316:	87 fd       	sbrc	r24, 7
    3318:	90 95       	com	r25
    331a:	0e 94 34 0d 	call	0x1a68	; 0x1a68 <LCD_Int>
    LCD_WriteText(":");
    331e:	80 e5       	ldi	r24, 0x50	; 80
    3320:	91 e0       	ldi	r25, 0x01	; 1
    3322:	0e 94 ea 09 	call	0x13d4	; 0x13d4 <LCD_WriteText>
    LCD_Int(rok);
    3326:	80 91 44 03 	lds	r24, 0x0344
    332a:	90 91 45 03 	lds	r25, 0x0345
    332e:	0e 94 34 0d 	call	0x1a68	; 0x1a68 <LCD_Int>

    LCD_GoTo(13,1);
    3332:	61 e0       	ldi	r22, 0x01	; 1
    3334:	8d e0       	ldi	r24, 0x0D	; 13
    3336:	0e 94 08 0a 	call	0x1410	; 0x1410 <LCD_GoTo>
    show_day_of_week(dzien_tygodnia);
    333a:	80 91 46 03 	lds	r24, 0x0346
    333e:	0e 94 cd 18 	call	0x319a	; 0x319a <show_day_of_week>
}
    3342:	df 91       	pop	r29
    3344:	cf 91       	pop	r28
    3346:	08 95       	ret

00003348 <show_alarm_format>:

void show_alarm_format(uint8_t case_of_format)
{
    3348:	cf 93       	push	r28
    334a:	df 93       	push	r29
    334c:	1f 92       	push	r1
    334e:	cd b7       	in	r28, 0x3d	; 61
    3350:	de b7       	in	r29, 0x3e	; 62
    3352:	89 83       	std	Y+1, r24	; 0x01
    if(case_of_format != 0) show_time_only_format();
    3354:	89 81       	ldd	r24, Y+1	; 0x01
    3356:	88 23       	and	r24, r24
    3358:	11 f0       	breq	.+4      	; 0x335e <show_alarm_format+0x16>
    335a:	0e 94 0e 19 	call	0x321c	; 0x321c <show_time_only_format>
    LCD_GoTo(moveStep, 1);
    335e:	80 91 17 03 	lds	r24, 0x0317
    3362:	61 e0       	ldi	r22, 0x01	; 1
    3364:	0e 94 08 0a 	call	0x1410	; 0x1410 <LCD_GoTo>
    if(case_of_format == 2)
    3368:	89 81       	ldd	r24, Y+1	; 0x01
    336a:	82 30       	cpi	r24, 0x02	; 2
    336c:	09 f0       	breq	.+2      	; 0x3370 <show_alarm_format+0x28>
    336e:	41 c0       	rjmp	.+130    	; 0x33f2 <show_alarm_format+0xaa>
    {
        if(miesiac == 0)
    3370:	80 91 35 03 	lds	r24, 0x0335
    3374:	88 23       	and	r24, r24
    3376:	29 f4       	brne	.+10     	; 0x3382 <show_alarm_format+0x3a>
        {
            LCD_WriteText("-------");
    3378:	82 e5       	ldi	r24, 0x52	; 82
    337a:	91 e0       	ldi	r25, 0x01	; 1
    337c:	0e 94 ea 09 	call	0x13d4	; 0x13d4 <LCD_WriteText>
    3380:	5d c0       	rjmp	.+186    	; 0x343c <show_alarm_format+0xf4>
        }
        else
        {
            for(t = 0; t < 7; ++t)
    3382:	10 92 27 03 	sts	0x0327, r1
    3386:	10 92 26 03 	sts	0x0326, r1
    338a:	27 c0       	rjmp	.+78     	; 0x33da <show_alarm_format+0x92>
            {
                if(miesiac & (1 << t))
    338c:	80 91 35 03 	lds	r24, 0x0335
    3390:	99 27       	eor	r25, r25
    3392:	87 fd       	sbrc	r24, 7
    3394:	90 95       	com	r25
    3396:	20 91 26 03 	lds	r18, 0x0326
    339a:	30 91 27 03 	lds	r19, 0x0327
    339e:	02 2e       	mov	r0, r18
    33a0:	02 c0       	rjmp	.+4      	; 0x33a6 <show_alarm_format+0x5e>
    33a2:	95 95       	asr	r25
    33a4:	87 95       	ror	r24
    33a6:	0a 94       	dec	r0
    33a8:	e2 f7       	brpl	.-8      	; 0x33a2 <show_alarm_format+0x5a>
    33aa:	81 70       	andi	r24, 0x01	; 1
    33ac:	99 27       	eor	r25, r25
    33ae:	00 97       	sbiw	r24, 0x00	; 0
    33b0:	59 f0       	breq	.+22     	; 0x33c8 <show_alarm_format+0x80>
                {
                    LCD_WriteText("|");
    33b2:	8a e5       	ldi	r24, 0x5A	; 90
    33b4:	91 e0       	ldi	r25, 0x01	; 1
    33b6:	0e 94 ea 09 	call	0x13d4	; 0x13d4 <LCD_WriteText>
                    LCD_Int(t+1);
    33ba:	80 91 26 03 	lds	r24, 0x0326
    33be:	90 91 27 03 	lds	r25, 0x0327
    33c2:	01 96       	adiw	r24, 0x01	; 1
    33c4:	0e 94 34 0d 	call	0x1a68	; 0x1a68 <LCD_Int>
        {
            LCD_WriteText("-------");
        }
        else
        {
            for(t = 0; t < 7; ++t)
    33c8:	80 91 26 03 	lds	r24, 0x0326
    33cc:	90 91 27 03 	lds	r25, 0x0327
    33d0:	01 96       	adiw	r24, 0x01	; 1
    33d2:	90 93 27 03 	sts	0x0327, r25
    33d6:	80 93 26 03 	sts	0x0326, r24
    33da:	80 91 26 03 	lds	r24, 0x0326
    33de:	90 91 27 03 	lds	r25, 0x0327
    33e2:	87 30       	cpi	r24, 0x07	; 7
    33e4:	91 05       	cpc	r25, r1
    33e6:	94 f2       	brlt	.-92     	; 0x338c <show_alarm_format+0x44>
                {
                    LCD_WriteText("|");
                    LCD_Int(t+1);
                }
            }
            LCD_WriteText("|");
    33e8:	8a e5       	ldi	r24, 0x5A	; 90
    33ea:	91 e0       	ldi	r25, 0x01	; 1
    33ec:	0e 94 ea 09 	call	0x13d4	; 0x13d4 <LCD_WriteText>
    33f0:	25 c0       	rjmp	.+74     	; 0x343c <show_alarm_format+0xf4>
        }
    }
    else if ( case_of_format == 3)
    33f2:	89 81       	ldd	r24, Y+1	; 0x01
    33f4:	83 30       	cpi	r24, 0x03	; 3
    33f6:	11 f5       	brne	.+68     	; 0x343c <show_alarm_format+0xf4>
    {
        if(dzien < 10) LCD_Int(0);
    33f8:	80 91 4a 03 	lds	r24, 0x034A
    33fc:	8a 30       	cpi	r24, 0x0A	; 10
    33fe:	24 f4       	brge	.+8      	; 0x3408 <show_alarm_format+0xc0>
    3400:	80 e0       	ldi	r24, 0x00	; 0
    3402:	90 e0       	ldi	r25, 0x00	; 0
    3404:	0e 94 34 0d 	call	0x1a68	; 0x1a68 <LCD_Int>
        LCD_Int(dzien);
    3408:	80 91 4a 03 	lds	r24, 0x034A
    340c:	99 27       	eor	r25, r25
    340e:	87 fd       	sbrc	r24, 7
    3410:	90 95       	com	r25
    3412:	0e 94 34 0d 	call	0x1a68	; 0x1a68 <LCD_Int>
        LCD_WriteText(":");
    3416:	80 e5       	ldi	r24, 0x50	; 80
    3418:	91 e0       	ldi	r25, 0x01	; 1
    341a:	0e 94 ea 09 	call	0x13d4	; 0x13d4 <LCD_WriteText>
        if(miesiac < 10) LCD_Int(0);
    341e:	80 91 35 03 	lds	r24, 0x0335
    3422:	8a 30       	cpi	r24, 0x0A	; 10
    3424:	24 f4       	brge	.+8      	; 0x342e <show_alarm_format+0xe6>
    3426:	80 e0       	ldi	r24, 0x00	; 0
    3428:	90 e0       	ldi	r25, 0x00	; 0
    342a:	0e 94 34 0d 	call	0x1a68	; 0x1a68 <LCD_Int>
        LCD_Int(miesiac);
    342e:	80 91 35 03 	lds	r24, 0x0335
    3432:	99 27       	eor	r25, r25
    3434:	87 fd       	sbrc	r24, 7
    3436:	90 95       	com	r25
    3438:	0e 94 34 0d 	call	0x1a68	; 0x1a68 <LCD_Int>
    }
}
    343c:	0f 90       	pop	r0
    343e:	df 91       	pop	r29
    3440:	cf 91       	pop	r28
    3442:	08 95       	ret

00003444 <setting_information>:

void setting_information(uint8_t case_of_time, int8_t step)
{
    3444:	0f 93       	push	r16
    3446:	1f 93       	push	r17
    3448:	cf 93       	push	r28
    344a:	df 93       	push	r29
    344c:	00 d0       	rcall	.+0      	; 0x344e <setting_information+0xa>
    344e:	cd b7       	in	r28, 0x3d	; 61
    3450:	de b7       	in	r29, 0x3e	; 62
    3452:	89 83       	std	Y+1, r24	; 0x01
    3454:	6a 83       	std	Y+2, r22	; 0x02
    refresh_screen = 0;
    3456:	10 92 1b 03 	sts	0x031B, r1
    LCD_EraseAll();
    345a:	80 e0       	ldi	r24, 0x00	; 0
    345c:	90 e0       	ldi	r25, 0x00	; 0
    345e:	0e 94 2f 0f 	call	0x1e5e	; 0x1e5e <LCD_Erase>
    LCD_GoTo(moveStep, 0);
    3462:	80 91 17 03 	lds	r24, 0x0317
    3466:	60 e0       	ldi	r22, 0x00	; 0
    3468:	0e 94 08 0a 	call	0x1410	; 0x1410 <LCD_GoTo>
    if(step == end_of_settings(case_of_time))
    346c:	8a 81       	ldd	r24, Y+2	; 0x02
    346e:	08 2f       	mov	r16, r24
    3470:	11 27       	eor	r17, r17
    3472:	07 fd       	sbrc	r16, 7
    3474:	10 95       	com	r17
    3476:	89 81       	ldd	r24, Y+1	; 0x01
    3478:	0e 94 66 1c 	call	0x38cc	; 0x38cc <end_of_settings>
    347c:	88 2f       	mov	r24, r24
    347e:	90 e0       	ldi	r25, 0x00	; 0
    3480:	08 17       	cp	r16, r24
    3482:	19 07       	cpc	r17, r25
    3484:	a9 f4       	brne	.+42     	; 0x34b0 <setting_information+0x6c>
    {
        if(case_of_time == 0)LCD_WriteText("ZAPISANO GODZINE");
    3486:	89 81       	ldd	r24, Y+1	; 0x01
    3488:	88 23       	and	r24, r24
    348a:	29 f4       	brne	.+10     	; 0x3496 <setting_information+0x52>
    348c:	8c e5       	ldi	r24, 0x5C	; 92
    348e:	91 e0       	ldi	r25, 0x01	; 1
    3490:	0e 94 ea 09 	call	0x13d4	; 0x13d4 <LCD_WriteText>
    3494:	8f c0       	rjmp	.+286    	; 0x35b4 <setting_information+0x170>
        else if( case_of_time == 5 ) LCD_WriteText("WYLACZONO ALARM");
    3496:	89 81       	ldd	r24, Y+1	; 0x01
    3498:	85 30       	cpi	r24, 0x05	; 5
    349a:	29 f4       	brne	.+10     	; 0x34a6 <setting_information+0x62>
    349c:	8d e6       	ldi	r24, 0x6D	; 109
    349e:	91 e0       	ldi	r25, 0x01	; 1
    34a0:	0e 94 ea 09 	call	0x13d4	; 0x13d4 <LCD_WriteText>
    34a4:	87 c0       	rjmp	.+270    	; 0x35b4 <setting_information+0x170>
        else LCD_WriteText("ZAPISANO ALARM");
    34a6:	8d e7       	ldi	r24, 0x7D	; 125
    34a8:	91 e0       	ldi	r25, 0x01	; 1
    34aa:	0e 94 ea 09 	call	0x13d4	; 0x13d4 <LCD_WriteText>
    34ae:	82 c0       	rjmp	.+260    	; 0x35b4 <setting_information+0x170>
    }
    else
    {

        if(step == 0) LCD_WriteText("GODZINY");
    34b0:	8a 81       	ldd	r24, Y+2	; 0x02
    34b2:	88 23       	and	r24, r24
    34b4:	29 f4       	brne	.+10     	; 0x34c0 <setting_information+0x7c>
    34b6:	8c e8       	ldi	r24, 0x8C	; 140
    34b8:	91 e0       	ldi	r25, 0x01	; 1
    34ba:	0e 94 ea 09 	call	0x13d4	; 0x13d4 <LCD_WriteText>
    34be:	17 c0       	rjmp	.+46     	; 0x34ee <setting_information+0xaa>
        else if(step == 1) LCD_WriteText("MINUTY");
    34c0:	8a 81       	ldd	r24, Y+2	; 0x02
    34c2:	81 30       	cpi	r24, 0x01	; 1
    34c4:	29 f4       	brne	.+10     	; 0x34d0 <setting_information+0x8c>
    34c6:	84 e9       	ldi	r24, 0x94	; 148
    34c8:	91 e0       	ldi	r25, 0x01	; 1
    34ca:	0e 94 ea 09 	call	0x13d4	; 0x13d4 <LCD_WriteText>
    34ce:	0f c0       	rjmp	.+30     	; 0x34ee <setting_information+0xaa>
        else if(step == 2) LCD_WriteText("SEKUNDY");
    34d0:	8a 81       	ldd	r24, Y+2	; 0x02
    34d2:	82 30       	cpi	r24, 0x02	; 2
    34d4:	29 f4       	brne	.+10     	; 0x34e0 <setting_information+0x9c>
    34d6:	8b e9       	ldi	r24, 0x9B	; 155
    34d8:	91 e0       	ldi	r25, 0x01	; 1
    34da:	0e 94 ea 09 	call	0x13d4	; 0x13d4 <LCD_WriteText>
    34de:	07 c0       	rjmp	.+14     	; 0x34ee <setting_information+0xaa>
        else if(step == 3) LCD_WriteText("SETNE SEKUND");
    34e0:	8a 81       	ldd	r24, Y+2	; 0x02
    34e2:	83 30       	cpi	r24, 0x03	; 3
    34e4:	21 f4       	brne	.+8      	; 0x34ee <setting_information+0xaa>
    34e6:	83 ea       	ldi	r24, 0xA3	; 163
    34e8:	91 e0       	ldi	r25, 0x01	; 1
    34ea:	0e 94 ea 09 	call	0x13d4	; 0x13d4 <LCD_WriteText>

        if(case_of_time == 0 || case_of_time == 3)
    34ee:	89 81       	ldd	r24, Y+1	; 0x01
    34f0:	88 23       	and	r24, r24
    34f2:	19 f0       	breq	.+6      	; 0x34fa <setting_information+0xb6>
    34f4:	89 81       	ldd	r24, Y+1	; 0x01
    34f6:	83 30       	cpi	r24, 0x03	; 3
    34f8:	19 f5       	brne	.+70     	; 0x3540 <setting_information+0xfc>
        {
            if(step == 4) LCD_WriteText("DZIEN");
    34fa:	8a 81       	ldd	r24, Y+2	; 0x02
    34fc:	84 30       	cpi	r24, 0x04	; 4
    34fe:	29 f4       	brne	.+10     	; 0x350a <setting_information+0xc6>
    3500:	80 eb       	ldi	r24, 0xB0	; 176
    3502:	91 e0       	ldi	r25, 0x01	; 1
    3504:	0e 94 ea 09 	call	0x13d4	; 0x13d4 <LCD_WriteText>
    3508:	07 c0       	rjmp	.+14     	; 0x3518 <setting_information+0xd4>
            else if(step == 5) LCD_WriteText("MIESIAC");
    350a:	8a 81       	ldd	r24, Y+2	; 0x02
    350c:	85 30       	cpi	r24, 0x05	; 5
    350e:	21 f4       	brne	.+8      	; 0x3518 <setting_information+0xd4>
    3510:	86 eb       	ldi	r24, 0xB6	; 182
    3512:	91 e0       	ldi	r25, 0x01	; 1
    3514:	0e 94 ea 09 	call	0x13d4	; 0x13d4 <LCD_WriteText>
            if(case_of_time == 0)
    3518:	89 81       	ldd	r24, Y+1	; 0x01
    351a:	88 23       	and	r24, r24
    351c:	81 f4       	brne	.+32     	; 0x353e <setting_information+0xfa>
            {
                if(step == 6) LCD_WriteText("ROK");
    351e:	8a 81       	ldd	r24, Y+2	; 0x02
    3520:	86 30       	cpi	r24, 0x06	; 6
    3522:	29 f4       	brne	.+10     	; 0x352e <setting_information+0xea>
    3524:	8e eb       	ldi	r24, 0xBE	; 190
    3526:	91 e0       	ldi	r25, 0x01	; 1
    3528:	0e 94 ea 09 	call	0x13d4	; 0x13d4 <LCD_WriteText>
    352c:	08 c0       	rjmp	.+16     	; 0x353e <setting_information+0xfa>
                else if(step == 7) LCD_WriteText("DZIEN TYGODNIA");
    352e:	8a 81       	ldd	r24, Y+2	; 0x02
    3530:	87 30       	cpi	r24, 0x07	; 7
    3532:	29 f4       	brne	.+10     	; 0x353e <setting_information+0xfa>
    3534:	82 ec       	ldi	r24, 0xC2	; 194
    3536:	91 e0       	ldi	r25, 0x01	; 1
    3538:	0e 94 ea 09 	call	0x13d4	; 0x13d4 <LCD_WriteText>

        if(case_of_time == 0 || case_of_time == 3)
        {
            if(step == 4) LCD_WriteText("DZIEN");
            else if(step == 5) LCD_WriteText("MIESIAC");
            if(case_of_time == 0)
    353c:	3b c0       	rjmp	.+118    	; 0x35b4 <setting_information+0x170>
    353e:	3a c0       	rjmp	.+116    	; 0x35b4 <setting_information+0x170>
            {
                if(step == 6) LCD_WriteText("ROK");
                else if(step == 7) LCD_WriteText("DZIEN TYGODNIA");
            }
        }
        else if( case_of_time == 2)
    3540:	89 81       	ldd	r24, Y+1	; 0x01
    3542:	82 30       	cpi	r24, 0x02	; 2
    3544:	b9 f5       	brne	.+110    	; 0x35b4 <setting_information+0x170>
        {
            if(step == 4) LCD_WriteText("PONIEDZIALEK");
    3546:	8a 81       	ldd	r24, Y+2	; 0x02
    3548:	84 30       	cpi	r24, 0x04	; 4
    354a:	29 f4       	brne	.+10     	; 0x3556 <setting_information+0x112>
    354c:	81 ed       	ldi	r24, 0xD1	; 209
    354e:	91 e0       	ldi	r25, 0x01	; 1
    3550:	0e 94 ea 09 	call	0x13d4	; 0x13d4 <LCD_WriteText>
    3554:	2f c0       	rjmp	.+94     	; 0x35b4 <setting_information+0x170>
            else if(step == 5) LCD_WriteText("WTOREK");
    3556:	8a 81       	ldd	r24, Y+2	; 0x02
    3558:	85 30       	cpi	r24, 0x05	; 5
    355a:	29 f4       	brne	.+10     	; 0x3566 <setting_information+0x122>
    355c:	8e ed       	ldi	r24, 0xDE	; 222
    355e:	91 e0       	ldi	r25, 0x01	; 1
    3560:	0e 94 ea 09 	call	0x13d4	; 0x13d4 <LCD_WriteText>
    3564:	27 c0       	rjmp	.+78     	; 0x35b4 <setting_information+0x170>
            else if(step == 6) LCD_WriteText("SRODA");
    3566:	8a 81       	ldd	r24, Y+2	; 0x02
    3568:	86 30       	cpi	r24, 0x06	; 6
    356a:	29 f4       	brne	.+10     	; 0x3576 <setting_information+0x132>
    356c:	85 ee       	ldi	r24, 0xE5	; 229
    356e:	91 e0       	ldi	r25, 0x01	; 1
    3570:	0e 94 ea 09 	call	0x13d4	; 0x13d4 <LCD_WriteText>
    3574:	1f c0       	rjmp	.+62     	; 0x35b4 <setting_information+0x170>
            else if(step == 7) LCD_WriteText("CZWARTEK");
    3576:	8a 81       	ldd	r24, Y+2	; 0x02
    3578:	87 30       	cpi	r24, 0x07	; 7
    357a:	29 f4       	brne	.+10     	; 0x3586 <setting_information+0x142>
    357c:	8b ee       	ldi	r24, 0xEB	; 235
    357e:	91 e0       	ldi	r25, 0x01	; 1
    3580:	0e 94 ea 09 	call	0x13d4	; 0x13d4 <LCD_WriteText>
    3584:	17 c0       	rjmp	.+46     	; 0x35b4 <setting_information+0x170>
            else if(step == 8) LCD_WriteText("PIATEK");
    3586:	8a 81       	ldd	r24, Y+2	; 0x02
    3588:	88 30       	cpi	r24, 0x08	; 8
    358a:	29 f4       	brne	.+10     	; 0x3596 <setting_information+0x152>
    358c:	84 ef       	ldi	r24, 0xF4	; 244
    358e:	91 e0       	ldi	r25, 0x01	; 1
    3590:	0e 94 ea 09 	call	0x13d4	; 0x13d4 <LCD_WriteText>
    3594:	0f c0       	rjmp	.+30     	; 0x35b4 <setting_information+0x170>
            else if(step == 9) LCD_WriteText("SOBOTA");
    3596:	8a 81       	ldd	r24, Y+2	; 0x02
    3598:	89 30       	cpi	r24, 0x09	; 9
    359a:	29 f4       	brne	.+10     	; 0x35a6 <setting_information+0x162>
    359c:	8b ef       	ldi	r24, 0xFB	; 251
    359e:	91 e0       	ldi	r25, 0x01	; 1
    35a0:	0e 94 ea 09 	call	0x13d4	; 0x13d4 <LCD_WriteText>
    35a4:	07 c0       	rjmp	.+14     	; 0x35b4 <setting_information+0x170>
            else if(step == 10) LCD_WriteText("NIEDZIELA");
    35a6:	8a 81       	ldd	r24, Y+2	; 0x02
    35a8:	8a 30       	cpi	r24, 0x0A	; 10
    35aa:	21 f4       	brne	.+8      	; 0x35b4 <setting_information+0x170>
    35ac:	82 e0       	ldi	r24, 0x02	; 2
    35ae:	92 e0       	ldi	r25, 0x02	; 2
    35b0:	0e 94 ea 09 	call	0x13d4	; 0x13d4 <LCD_WriteText>
        }
    }
    delay_ms_var(400);
    35b4:	80 e9       	ldi	r24, 0x90	; 144
    35b6:	91 e0       	ldi	r25, 0x01	; 1
    35b8:	0e 94 10 04 	call	0x820	; 0x820 <delay_ms_var>
    refresh_screen = 1;
    35bc:	81 e0       	ldi	r24, 0x01	; 1
    35be:	80 93 1b 03 	sts	0x031B, r24
}
    35c2:	0f 90       	pop	r0
    35c4:	0f 90       	pop	r0
    35c6:	df 91       	pop	r29
    35c8:	cf 91       	pop	r28
    35ca:	1f 91       	pop	r17
    35cc:	0f 91       	pop	r16
    35ce:	08 95       	ret

000035d0 <set_appropriate_values_of_time>:

void set_appropriate_values_of_time(uint8_t case_of_time, int8_t u, int8_t s)
{
    35d0:	cf 93       	push	r28
    35d2:	df 93       	push	r29
    35d4:	00 d0       	rcall	.+0      	; 0x35d6 <set_appropriate_values_of_time+0x6>
    35d6:	00 d0       	rcall	.+0      	; 0x35d8 <set_appropriate_values_of_time+0x8>
    35d8:	1f 92       	push	r1
    35da:	cd b7       	in	r28, 0x3d	; 61
    35dc:	de b7       	in	r29, 0x3e	; 62
    35de:	8b 83       	std	Y+3, r24	; 0x03
    35e0:	6c 83       	std	Y+4, r22	; 0x04
    35e2:	4d 83       	std	Y+5, r20	; 0x05
    int16_t temp = 0;
    35e4:	1a 82       	std	Y+2, r1	; 0x02
    35e6:	19 82       	std	Y+1, r1	; 0x01
    if(s == 2) temp -= zwiekszanie;
    35e8:	8d 81       	ldd	r24, Y+5	; 0x05
    35ea:	82 30       	cpi	r24, 0x02	; 2
    35ec:	69 f4       	brne	.+26     	; 0x3608 <set_appropriate_values_of_time+0x38>
    35ee:	29 81       	ldd	r18, Y+1	; 0x01
    35f0:	3a 81       	ldd	r19, Y+2	; 0x02
    35f2:	80 91 41 03 	lds	r24, 0x0341
    35f6:	90 91 42 03 	lds	r25, 0x0342
    35fa:	a9 01       	movw	r20, r18
    35fc:	48 1b       	sub	r20, r24
    35fe:	59 0b       	sbc	r21, r25
    3600:	ca 01       	movw	r24, r20
    3602:	9a 83       	std	Y+2, r25	; 0x02
    3604:	89 83       	std	Y+1, r24	; 0x01
    3606:	09 c0       	rjmp	.+18     	; 0x361a <set_appropriate_values_of_time+0x4a>
    else if (s == 1) temp = zwiekszanie;
    3608:	8d 81       	ldd	r24, Y+5	; 0x05
    360a:	81 30       	cpi	r24, 0x01	; 1
    360c:	31 f4       	brne	.+12     	; 0x361a <set_appropriate_values_of_time+0x4a>
    360e:	80 91 41 03 	lds	r24, 0x0341
    3612:	90 91 42 03 	lds	r25, 0x0342
    3616:	9a 83       	std	Y+2, r25	; 0x02
    3618:	89 83       	std	Y+1, r24	; 0x01


    if(u == 0) godz += temp;
    361a:	8c 81       	ldd	r24, Y+4	; 0x04
    361c:	88 23       	and	r24, r24
    361e:	39 f4       	brne	.+14     	; 0x362e <set_appropriate_values_of_time+0x5e>
    3620:	99 81       	ldd	r25, Y+1	; 0x01
    3622:	80 91 33 03 	lds	r24, 0x0333
    3626:	89 0f       	add	r24, r25
    3628:	80 93 33 03 	sts	0x0333, r24
    362c:	1d c0       	rjmp	.+58     	; 0x3668 <set_appropriate_values_of_time+0x98>
    else if(u == 1) min += temp;
    362e:	8c 81       	ldd	r24, Y+4	; 0x04
    3630:	81 30       	cpi	r24, 0x01	; 1
    3632:	39 f4       	brne	.+14     	; 0x3642 <set_appropriate_values_of_time+0x72>
    3634:	99 81       	ldd	r25, Y+1	; 0x01
    3636:	80 91 34 03 	lds	r24, 0x0334
    363a:	89 0f       	add	r24, r25
    363c:	80 93 34 03 	sts	0x0334, r24
    3640:	13 c0       	rjmp	.+38     	; 0x3668 <set_appropriate_values_of_time+0x98>
    else if(u == 2) sek += temp;
    3642:	8c 81       	ldd	r24, Y+4	; 0x04
    3644:	82 30       	cpi	r24, 0x02	; 2
    3646:	39 f4       	brne	.+14     	; 0x3656 <set_appropriate_values_of_time+0x86>
    3648:	99 81       	ldd	r25, Y+1	; 0x01
    364a:	80 91 43 03 	lds	r24, 0x0343
    364e:	89 0f       	add	r24, r25
    3650:	80 93 43 03 	sts	0x0343, r24
    3654:	09 c0       	rjmp	.+18     	; 0x3668 <set_appropriate_values_of_time+0x98>
    else if(u == 3) hsek += temp;
    3656:	8c 81       	ldd	r24, Y+4	; 0x04
    3658:	83 30       	cpi	r24, 0x03	; 3
    365a:	31 f4       	brne	.+12     	; 0x3668 <set_appropriate_values_of_time+0x98>
    365c:	99 81       	ldd	r25, Y+1	; 0x01
    365e:	80 91 32 03 	lds	r24, 0x0332
    3662:	89 0f       	add	r24, r25
    3664:	80 93 32 03 	sts	0x0332, r24

    if(case_of_time == 0 || case_of_time == 3)
    3668:	8b 81       	ldd	r24, Y+3	; 0x03
    366a:	88 23       	and	r24, r24
    366c:	19 f0       	breq	.+6      	; 0x3674 <set_appropriate_values_of_time+0xa4>
    366e:	8b 81       	ldd	r24, Y+3	; 0x03
    3670:	83 30       	cpi	r24, 0x03	; 3
    3672:	89 f5       	brne	.+98     	; 0x36d6 <set_appropriate_values_of_time+0x106>
    {
        if(u == 4) dzien += temp;
    3674:	8c 81       	ldd	r24, Y+4	; 0x04
    3676:	84 30       	cpi	r24, 0x04	; 4
    3678:	39 f4       	brne	.+14     	; 0x3688 <set_appropriate_values_of_time+0xb8>
    367a:	99 81       	ldd	r25, Y+1	; 0x01
    367c:	80 91 4a 03 	lds	r24, 0x034A
    3680:	89 0f       	add	r24, r25
    3682:	80 93 4a 03 	sts	0x034A, r24
    3686:	09 c0       	rjmp	.+18     	; 0x369a <set_appropriate_values_of_time+0xca>
        else if(u == 5) miesiac += temp;
    3688:	8c 81       	ldd	r24, Y+4	; 0x04
    368a:	85 30       	cpi	r24, 0x05	; 5
    368c:	31 f4       	brne	.+12     	; 0x369a <set_appropriate_values_of_time+0xca>
    368e:	99 81       	ldd	r25, Y+1	; 0x01
    3690:	80 91 35 03 	lds	r24, 0x0335
    3694:	89 0f       	add	r24, r25
    3696:	80 93 35 03 	sts	0x0335, r24
        if(case_of_time == 0)
    369a:	8b 81       	ldd	r24, Y+3	; 0x03
    369c:	88 23       	and	r24, r24
    369e:	d1 f4       	brne	.+52     	; 0x36d4 <set_appropriate_values_of_time+0x104>
        {
            if(u == 6)rok += temp;
    36a0:	8c 81       	ldd	r24, Y+4	; 0x04
    36a2:	86 30       	cpi	r24, 0x06	; 6
    36a4:	69 f4       	brne	.+26     	; 0x36c0 <set_appropriate_values_of_time+0xf0>
    36a6:	20 91 44 03 	lds	r18, 0x0344
    36aa:	30 91 45 03 	lds	r19, 0x0345
    36ae:	89 81       	ldd	r24, Y+1	; 0x01
    36b0:	9a 81       	ldd	r25, Y+2	; 0x02
    36b2:	82 0f       	add	r24, r18
    36b4:	93 1f       	adc	r25, r19
    36b6:	90 93 45 03 	sts	0x0345, r25
    36ba:	80 93 44 03 	sts	0x0344, r24
    36be:	0a c0       	rjmp	.+20     	; 0x36d4 <set_appropriate_values_of_time+0x104>
            else if(u == 7) dzien_tygodnia += temp;
    36c0:	8c 81       	ldd	r24, Y+4	; 0x04
    36c2:	87 30       	cpi	r24, 0x07	; 7
    36c4:	39 f4       	brne	.+14     	; 0x36d4 <set_appropriate_values_of_time+0x104>
    36c6:	99 81       	ldd	r25, Y+1	; 0x01
    36c8:	80 91 46 03 	lds	r24, 0x0346
    36cc:	89 0f       	add	r24, r25
    36ce:	80 93 46 03 	sts	0x0346, r24

    if(case_of_time == 0 || case_of_time == 3)
    {
        if(u == 4) dzien += temp;
        else if(u == 5) miesiac += temp;
        if(case_of_time == 0)
    36d2:	9b c0       	rjmp	.+310    	; 0x380a <set_appropriate_values_of_time+0x23a>
    36d4:	9a c0       	rjmp	.+308    	; 0x380a <set_appropriate_values_of_time+0x23a>
        {
            if(u == 6)rok += temp;
            else if(u == 7) dzien_tygodnia += temp;
        }
    }
    else if( case_of_time == 2)
    36d6:	8b 81       	ldd	r24, Y+3	; 0x03
    36d8:	82 30       	cpi	r24, 0x02	; 2
    36da:	09 f0       	breq	.+2      	; 0x36de <set_appropriate_values_of_time+0x10e>
    36dc:	96 c0       	rjmp	.+300    	; 0x380a <set_appropriate_values_of_time+0x23a>
    {
        if(u == 4)
    36de:	8c 81       	ldd	r24, Y+4	; 0x04
    36e0:	84 30       	cpi	r24, 0x04	; 4
    36e2:	99 f4       	brne	.+38     	; 0x370a <set_appropriate_values_of_time+0x13a>
        {
            if(s == 1) miesiac |= (1 << 0);
    36e4:	8d 81       	ldd	r24, Y+5	; 0x05
    36e6:	81 30       	cpi	r24, 0x01	; 1
    36e8:	31 f4       	brne	.+12     	; 0x36f6 <set_appropriate_values_of_time+0x126>
    36ea:	80 91 35 03 	lds	r24, 0x0335
    36ee:	81 60       	ori	r24, 0x01	; 1
    36f0:	80 93 35 03 	sts	0x0335, r24
    36f4:	8a c0       	rjmp	.+276    	; 0x380a <set_appropriate_values_of_time+0x23a>
            else if(s == 2) miesiac &= ~(1 << 0);
    36f6:	8d 81       	ldd	r24, Y+5	; 0x05
    36f8:	82 30       	cpi	r24, 0x02	; 2
    36fa:	09 f0       	breq	.+2      	; 0x36fe <set_appropriate_values_of_time+0x12e>
    36fc:	86 c0       	rjmp	.+268    	; 0x380a <set_appropriate_values_of_time+0x23a>
    36fe:	80 91 35 03 	lds	r24, 0x0335
    3702:	8e 7f       	andi	r24, 0xFE	; 254
    3704:	80 93 35 03 	sts	0x0335, r24
    3708:	80 c0       	rjmp	.+256    	; 0x380a <set_appropriate_values_of_time+0x23a>
        }
        else if(u == 5)
    370a:	8c 81       	ldd	r24, Y+4	; 0x04
    370c:	85 30       	cpi	r24, 0x05	; 5
    370e:	99 f4       	brne	.+38     	; 0x3736 <set_appropriate_values_of_time+0x166>
        {
            if(s == 1) miesiac |= (1 << 1);
    3710:	8d 81       	ldd	r24, Y+5	; 0x05
    3712:	81 30       	cpi	r24, 0x01	; 1
    3714:	31 f4       	brne	.+12     	; 0x3722 <set_appropriate_values_of_time+0x152>
    3716:	80 91 35 03 	lds	r24, 0x0335
    371a:	82 60       	ori	r24, 0x02	; 2
    371c:	80 93 35 03 	sts	0x0335, r24
    3720:	74 c0       	rjmp	.+232    	; 0x380a <set_appropriate_values_of_time+0x23a>
            else if(s == 2) miesiac &= ~(1 << 1);
    3722:	8d 81       	ldd	r24, Y+5	; 0x05
    3724:	82 30       	cpi	r24, 0x02	; 2
    3726:	09 f0       	breq	.+2      	; 0x372a <set_appropriate_values_of_time+0x15a>
    3728:	70 c0       	rjmp	.+224    	; 0x380a <set_appropriate_values_of_time+0x23a>
    372a:	80 91 35 03 	lds	r24, 0x0335
    372e:	8d 7f       	andi	r24, 0xFD	; 253
    3730:	80 93 35 03 	sts	0x0335, r24
    3734:	6a c0       	rjmp	.+212    	; 0x380a <set_appropriate_values_of_time+0x23a>
        }
        else if(u == 6)
    3736:	8c 81       	ldd	r24, Y+4	; 0x04
    3738:	86 30       	cpi	r24, 0x06	; 6
    373a:	99 f4       	brne	.+38     	; 0x3762 <set_appropriate_values_of_time+0x192>
        {
            if(s == 1) miesiac |= (1 << 2);
    373c:	8d 81       	ldd	r24, Y+5	; 0x05
    373e:	81 30       	cpi	r24, 0x01	; 1
    3740:	31 f4       	brne	.+12     	; 0x374e <set_appropriate_values_of_time+0x17e>
    3742:	80 91 35 03 	lds	r24, 0x0335
    3746:	84 60       	ori	r24, 0x04	; 4
    3748:	80 93 35 03 	sts	0x0335, r24
    374c:	5e c0       	rjmp	.+188    	; 0x380a <set_appropriate_values_of_time+0x23a>
            else if(s == 2) miesiac &= ~(1 << 2);
    374e:	8d 81       	ldd	r24, Y+5	; 0x05
    3750:	82 30       	cpi	r24, 0x02	; 2
    3752:	09 f0       	breq	.+2      	; 0x3756 <set_appropriate_values_of_time+0x186>
    3754:	5a c0       	rjmp	.+180    	; 0x380a <set_appropriate_values_of_time+0x23a>
    3756:	80 91 35 03 	lds	r24, 0x0335
    375a:	8b 7f       	andi	r24, 0xFB	; 251
    375c:	80 93 35 03 	sts	0x0335, r24
    3760:	54 c0       	rjmp	.+168    	; 0x380a <set_appropriate_values_of_time+0x23a>
        }
        else if(u == 7)
    3762:	8c 81       	ldd	r24, Y+4	; 0x04
    3764:	87 30       	cpi	r24, 0x07	; 7
    3766:	99 f4       	brne	.+38     	; 0x378e <set_appropriate_values_of_time+0x1be>
        {
            if(s == 1) miesiac |= (1 << 3);
    3768:	8d 81       	ldd	r24, Y+5	; 0x05
    376a:	81 30       	cpi	r24, 0x01	; 1
    376c:	31 f4       	brne	.+12     	; 0x377a <set_appropriate_values_of_time+0x1aa>
    376e:	80 91 35 03 	lds	r24, 0x0335
    3772:	88 60       	ori	r24, 0x08	; 8
    3774:	80 93 35 03 	sts	0x0335, r24
    3778:	48 c0       	rjmp	.+144    	; 0x380a <set_appropriate_values_of_time+0x23a>
            else if(s == 2) miesiac &= ~(1 << 3);
    377a:	8d 81       	ldd	r24, Y+5	; 0x05
    377c:	82 30       	cpi	r24, 0x02	; 2
    377e:	09 f0       	breq	.+2      	; 0x3782 <set_appropriate_values_of_time+0x1b2>
    3780:	44 c0       	rjmp	.+136    	; 0x380a <set_appropriate_values_of_time+0x23a>
    3782:	80 91 35 03 	lds	r24, 0x0335
    3786:	87 7f       	andi	r24, 0xF7	; 247
    3788:	80 93 35 03 	sts	0x0335, r24
    378c:	3e c0       	rjmp	.+124    	; 0x380a <set_appropriate_values_of_time+0x23a>
        }
        else if(u == 8)
    378e:	8c 81       	ldd	r24, Y+4	; 0x04
    3790:	88 30       	cpi	r24, 0x08	; 8
    3792:	91 f4       	brne	.+36     	; 0x37b8 <set_appropriate_values_of_time+0x1e8>
        {
            if(s == 1) miesiac |= (1 << 4);
    3794:	8d 81       	ldd	r24, Y+5	; 0x05
    3796:	81 30       	cpi	r24, 0x01	; 1
    3798:	31 f4       	brne	.+12     	; 0x37a6 <set_appropriate_values_of_time+0x1d6>
    379a:	80 91 35 03 	lds	r24, 0x0335
    379e:	80 61       	ori	r24, 0x10	; 16
    37a0:	80 93 35 03 	sts	0x0335, r24
    37a4:	32 c0       	rjmp	.+100    	; 0x380a <set_appropriate_values_of_time+0x23a>
            else if(s == 2) miesiac &= ~(1 << 4);
    37a6:	8d 81       	ldd	r24, Y+5	; 0x05
    37a8:	82 30       	cpi	r24, 0x02	; 2
    37aa:	79 f5       	brne	.+94     	; 0x380a <set_appropriate_values_of_time+0x23a>
    37ac:	80 91 35 03 	lds	r24, 0x0335
    37b0:	8f 7e       	andi	r24, 0xEF	; 239
    37b2:	80 93 35 03 	sts	0x0335, r24
    37b6:	29 c0       	rjmp	.+82     	; 0x380a <set_appropriate_values_of_time+0x23a>
        }
        else if(u == 9)
    37b8:	8c 81       	ldd	r24, Y+4	; 0x04
    37ba:	89 30       	cpi	r24, 0x09	; 9
    37bc:	91 f4       	brne	.+36     	; 0x37e2 <set_appropriate_values_of_time+0x212>
        {
            if(s == 1) miesiac |= (1 << 5);
    37be:	8d 81       	ldd	r24, Y+5	; 0x05
    37c0:	81 30       	cpi	r24, 0x01	; 1
    37c2:	31 f4       	brne	.+12     	; 0x37d0 <set_appropriate_values_of_time+0x200>
    37c4:	80 91 35 03 	lds	r24, 0x0335
    37c8:	80 62       	ori	r24, 0x20	; 32
    37ca:	80 93 35 03 	sts	0x0335, r24
    37ce:	1d c0       	rjmp	.+58     	; 0x380a <set_appropriate_values_of_time+0x23a>
            else if(s == 2) miesiac &= ~(1 << 5);
    37d0:	8d 81       	ldd	r24, Y+5	; 0x05
    37d2:	82 30       	cpi	r24, 0x02	; 2
    37d4:	d1 f4       	brne	.+52     	; 0x380a <set_appropriate_values_of_time+0x23a>
    37d6:	80 91 35 03 	lds	r24, 0x0335
    37da:	8f 7d       	andi	r24, 0xDF	; 223
    37dc:	80 93 35 03 	sts	0x0335, r24
    37e0:	14 c0       	rjmp	.+40     	; 0x380a <set_appropriate_values_of_time+0x23a>
        }
        else if(u == 10)
    37e2:	8c 81       	ldd	r24, Y+4	; 0x04
    37e4:	8a 30       	cpi	r24, 0x0A	; 10
    37e6:	89 f4       	brne	.+34     	; 0x380a <set_appropriate_values_of_time+0x23a>
        {
            if(s == 1) miesiac |= (1 << 6);
    37e8:	8d 81       	ldd	r24, Y+5	; 0x05
    37ea:	81 30       	cpi	r24, 0x01	; 1
    37ec:	31 f4       	brne	.+12     	; 0x37fa <set_appropriate_values_of_time+0x22a>
    37ee:	80 91 35 03 	lds	r24, 0x0335
    37f2:	80 64       	ori	r24, 0x40	; 64
    37f4:	80 93 35 03 	sts	0x0335, r24
    37f8:	08 c0       	rjmp	.+16     	; 0x380a <set_appropriate_values_of_time+0x23a>
            else if(s == 2) miesiac &= ~(1 << 6);
    37fa:	8d 81       	ldd	r24, Y+5	; 0x05
    37fc:	82 30       	cpi	r24, 0x02	; 2
    37fe:	29 f4       	brne	.+10     	; 0x380a <set_appropriate_values_of_time+0x23a>
    3800:	80 91 35 03 	lds	r24, 0x0335
    3804:	8f 7b       	andi	r24, 0xBF	; 191
    3806:	80 93 35 03 	sts	0x0335, r24
        }
    }
}
    380a:	0f 90       	pop	r0
    380c:	0f 90       	pop	r0
    380e:	0f 90       	pop	r0
    3810:	0f 90       	pop	r0
    3812:	0f 90       	pop	r0
    3814:	df 91       	pop	r29
    3816:	cf 91       	pop	r28
    3818:	08 95       	ret

0000381a <check_step_value>:
void check_step_value(uint8_t case_of_time, int8_t u)
{
    381a:	cf 93       	push	r28
    381c:	df 93       	push	r29
    381e:	00 d0       	rcall	.+0      	; 0x3820 <check_step_value+0x6>
    3820:	cd b7       	in	r28, 0x3d	; 61
    3822:	de b7       	in	r29, 0x3e	; 62
    3824:	89 83       	std	Y+1, r24	; 0x01
    3826:	6a 83       	std	Y+2, r22	; 0x02
    if(u == -1 && zwiekszanie > 1) wysw_skok(1);
    3828:	8a 81       	ldd	r24, Y+2	; 0x02
    382a:	8f 3f       	cpi	r24, 0xFF	; 255
    382c:	59 f4       	brne	.+22     	; 0x3844 <check_step_value+0x2a>
    382e:	80 91 41 03 	lds	r24, 0x0341
    3832:	90 91 42 03 	lds	r25, 0x0342
    3836:	82 30       	cpi	r24, 0x02	; 2
    3838:	91 05       	cpc	r25, r1
    383a:	20 f0       	brcs	.+8      	; 0x3844 <check_step_value+0x2a>
    383c:	81 e0       	ldi	r24, 0x01	; 1
    383e:	90 e0       	ldi	r25, 0x00	; 0
    3840:	0e 94 66 17 	call	0x2ecc	; 0x2ecc <wysw_skok>
    if((u == 0 || u == 1 || u == 2 || u == 3 ) && zwiekszanie > 10) wysw_skok(10);
    3844:	8a 81       	ldd	r24, Y+2	; 0x02
    3846:	88 23       	and	r24, r24
    3848:	49 f0       	breq	.+18     	; 0x385c <check_step_value+0x42>
    384a:	8a 81       	ldd	r24, Y+2	; 0x02
    384c:	81 30       	cpi	r24, 0x01	; 1
    384e:	31 f0       	breq	.+12     	; 0x385c <check_step_value+0x42>
    3850:	8a 81       	ldd	r24, Y+2	; 0x02
    3852:	82 30       	cpi	r24, 0x02	; 2
    3854:	19 f0       	breq	.+6      	; 0x385c <check_step_value+0x42>
    3856:	8a 81       	ldd	r24, Y+2	; 0x02
    3858:	83 30       	cpi	r24, 0x03	; 3
    385a:	59 f4       	brne	.+22     	; 0x3872 <check_step_value+0x58>
    385c:	80 91 41 03 	lds	r24, 0x0341
    3860:	90 91 42 03 	lds	r25, 0x0342
    3864:	8b 30       	cpi	r24, 0x0B	; 11
    3866:	91 05       	cpc	r25, r1
    3868:	20 f0       	brcs	.+8      	; 0x3872 <check_step_value+0x58>
    386a:	8a e0       	ldi	r24, 0x0A	; 10
    386c:	90 e0       	ldi	r25, 0x00	; 0
    386e:	0e 94 66 17 	call	0x2ecc	; 0x2ecc <wysw_skok>


    if(case_of_time == 0 || case_of_time == 3)
    3872:	89 81       	ldd	r24, Y+1	; 0x01
    3874:	88 23       	and	r24, r24
    3876:	19 f0       	breq	.+6      	; 0x387e <check_step_value+0x64>
    3878:	89 81       	ldd	r24, Y+1	; 0x01
    387a:	83 30       	cpi	r24, 0x03	; 3
    387c:	11 f5       	brne	.+68     	; 0x38c2 <check_step_value+0xa8>
    {
        if(( u == 4 || u == 5 )&& zwiekszanie > 10) wysw_skok(10);
    387e:	8a 81       	ldd	r24, Y+2	; 0x02
    3880:	84 30       	cpi	r24, 0x04	; 4
    3882:	19 f0       	breq	.+6      	; 0x388a <check_step_value+0x70>
    3884:	8a 81       	ldd	r24, Y+2	; 0x02
    3886:	85 30       	cpi	r24, 0x05	; 5
    3888:	59 f4       	brne	.+22     	; 0x38a0 <check_step_value+0x86>
    388a:	80 91 41 03 	lds	r24, 0x0341
    388e:	90 91 42 03 	lds	r25, 0x0342
    3892:	8b 30       	cpi	r24, 0x0B	; 11
    3894:	91 05       	cpc	r25, r1
    3896:	20 f0       	brcs	.+8      	; 0x38a0 <check_step_value+0x86>
    3898:	8a e0       	ldi	r24, 0x0A	; 10
    389a:	90 e0       	ldi	r25, 0x00	; 0
    389c:	0e 94 66 17 	call	0x2ecc	; 0x2ecc <wysw_skok>
        if(case_of_time == 0)
    38a0:	89 81       	ldd	r24, Y+1	; 0x01
    38a2:	88 23       	and	r24, r24
    38a4:	71 f4       	brne	.+28     	; 0x38c2 <check_step_value+0xa8>
        {
            if(u == 7 && zwiekszanie > 1) wysw_skok(1);
    38a6:	8a 81       	ldd	r24, Y+2	; 0x02
    38a8:	87 30       	cpi	r24, 0x07	; 7
    38aa:	59 f4       	brne	.+22     	; 0x38c2 <check_step_value+0xa8>
    38ac:	80 91 41 03 	lds	r24, 0x0341
    38b0:	90 91 42 03 	lds	r25, 0x0342
    38b4:	82 30       	cpi	r24, 0x02	; 2
    38b6:	91 05       	cpc	r25, r1
    38b8:	20 f0       	brcs	.+8      	; 0x38c2 <check_step_value+0xa8>
    38ba:	81 e0       	ldi	r24, 0x01	; 1
    38bc:	90 e0       	ldi	r25, 0x00	; 0
    38be:	0e 94 66 17 	call	0x2ecc	; 0x2ecc <wysw_skok>
        }
    }
}
    38c2:	0f 90       	pop	r0
    38c4:	0f 90       	pop	r0
    38c6:	df 91       	pop	r29
    38c8:	cf 91       	pop	r28
    38ca:	08 95       	ret

000038cc <end_of_settings>:

uint8_t end_of_settings(uint8_t case_of_time)
{
    38cc:	cf 93       	push	r28
    38ce:	df 93       	push	r29
    38d0:	1f 92       	push	r1
    38d2:	cd b7       	in	r28, 0x3d	; 61
    38d4:	de b7       	in	r29, 0x3e	; 62
    38d6:	89 83       	std	Y+1, r24	; 0x01
    if(case_of_time == 0) return 8;
    38d8:	89 81       	ldd	r24, Y+1	; 0x01
    38da:	88 23       	and	r24, r24
    38dc:	11 f4       	brne	.+4      	; 0x38e2 <end_of_settings+0x16>
    38de:	88 e0       	ldi	r24, 0x08	; 8
    38e0:	10 c0       	rjmp	.+32     	; 0x3902 <end_of_settings+0x36>
    else if(case_of_time == 1) return 4;
    38e2:	89 81       	ldd	r24, Y+1	; 0x01
    38e4:	81 30       	cpi	r24, 0x01	; 1
    38e6:	11 f4       	brne	.+4      	; 0x38ec <end_of_settings+0x20>
    38e8:	84 e0       	ldi	r24, 0x04	; 4
    38ea:	0b c0       	rjmp	.+22     	; 0x3902 <end_of_settings+0x36>
    else if(case_of_time == 2) return 11;
    38ec:	89 81       	ldd	r24, Y+1	; 0x01
    38ee:	82 30       	cpi	r24, 0x02	; 2
    38f0:	11 f4       	brne	.+4      	; 0x38f6 <end_of_settings+0x2a>
    38f2:	8b e0       	ldi	r24, 0x0B	; 11
    38f4:	06 c0       	rjmp	.+12     	; 0x3902 <end_of_settings+0x36>
    else if(case_of_time == 3) return 6;
    38f6:	89 81       	ldd	r24, Y+1	; 0x01
    38f8:	83 30       	cpi	r24, 0x03	; 3
    38fa:	11 f4       	brne	.+4      	; 0x3900 <end_of_settings+0x34>
    38fc:	86 e0       	ldi	r24, 0x06	; 6
    38fe:	01 c0       	rjmp	.+2      	; 0x3902 <end_of_settings+0x36>
    else return 0;
    3900:	80 e0       	ldi	r24, 0x00	; 0
}
    3902:	0f 90       	pop	r0
    3904:	df 91       	pop	r29
    3906:	cf 91       	pop	r28
    3908:	08 95       	ret

0000390a <show_alarm_options>:

void show_alarm_options(uint8_t index)
{
    390a:	cf 93       	push	r28
    390c:	df 93       	push	r29
    390e:	1f 92       	push	r1
    3910:	cd b7       	in	r28, 0x3d	; 61
    3912:	de b7       	in	r29, 0x3e	; 62
    3914:	89 83       	std	Y+1, r24	; 0x01
    if(index == 0)
    3916:	89 81       	ldd	r24, Y+1	; 0x01
    3918:	88 23       	and	r24, r24
    391a:	29 f4       	brne	.+10     	; 0x3926 <show_alarm_options+0x1c>
    {
        LCD_WriteText("Alarm wylaczony");
    391c:	8c e0       	ldi	r24, 0x0C	; 12
    391e:	92 e0       	ldi	r25, 0x02	; 2
    3920:	0e 94 ea 09 	call	0x13d4	; 0x13d4 <LCD_WriteText>
    3924:	17 c0       	rjmp	.+46     	; 0x3954 <show_alarm_options+0x4a>
    }
    else if(index == 1)
    3926:	89 81       	ldd	r24, Y+1	; 0x01
    3928:	81 30       	cpi	r24, 0x01	; 1
    392a:	29 f4       	brne	.+10     	; 0x3936 <show_alarm_options+0x2c>
    {
        LCD_WriteText("Alarm codzienny");
    392c:	8c e1       	ldi	r24, 0x1C	; 28
    392e:	92 e0       	ldi	r25, 0x02	; 2
    3930:	0e 94 ea 09 	call	0x13d4	; 0x13d4 <LCD_WriteText>
    3934:	0f c0       	rjmp	.+30     	; 0x3954 <show_alarm_options+0x4a>
    }
    else if(index == 2)
    3936:	89 81       	ldd	r24, Y+1	; 0x01
    3938:	82 30       	cpi	r24, 0x02	; 2
    393a:	29 f4       	brne	.+10     	; 0x3946 <show_alarm_options+0x3c>
    {
        LCD_WriteText("Alarm tygodniowy");
    393c:	8c e2       	ldi	r24, 0x2C	; 44
    393e:	92 e0       	ldi	r25, 0x02	; 2
    3940:	0e 94 ea 09 	call	0x13d4	; 0x13d4 <LCD_WriteText>
    3944:	07 c0       	rjmp	.+14     	; 0x3954 <show_alarm_options+0x4a>
    }
    else if(index == 3)
    3946:	89 81       	ldd	r24, Y+1	; 0x01
    3948:	83 30       	cpi	r24, 0x03	; 3
    394a:	21 f4       	brne	.+8      	; 0x3954 <show_alarm_options+0x4a>
    {
        LCD_WriteText("Alarm miesieczny");
    394c:	8d e3       	ldi	r24, 0x3D	; 61
    394e:	92 e0       	ldi	r25, 0x02	; 2
    3950:	0e 94 ea 09 	call	0x13d4	; 0x13d4 <LCD_WriteText>
    }
}
    3954:	0f 90       	pop	r0
    3956:	df 91       	pop	r29
    3958:	cf 91       	pop	r28
    395a:	08 95       	ret

0000395c <correction_of_time>:

void correction_of_time(void)
{
    395c:	cf 93       	push	r28
    395e:	df 93       	push	r29
    3960:	cd b7       	in	r28, 0x3d	; 61
    3962:	de b7       	in	r29, 0x3e	; 62
    if(godz < 0) godz = 23;
    3964:	80 91 33 03 	lds	r24, 0x0333
    3968:	88 23       	and	r24, r24
    396a:	24 f4       	brge	.+8      	; 0x3974 <correction_of_time+0x18>
    396c:	87 e1       	ldi	r24, 0x17	; 23
    396e:	80 93 33 03 	sts	0x0333, r24
    3972:	06 c0       	rjmp	.+12     	; 0x3980 <correction_of_time+0x24>
    else if(godz > 23) godz = 0;
    3974:	80 91 33 03 	lds	r24, 0x0333
    3978:	88 31       	cpi	r24, 0x18	; 24
    397a:	14 f0       	brlt	.+4      	; 0x3980 <correction_of_time+0x24>
    397c:	10 92 33 03 	sts	0x0333, r1
    if(min < 0) min = 59;
    3980:	80 91 34 03 	lds	r24, 0x0334
    3984:	88 23       	and	r24, r24
    3986:	24 f4       	brge	.+8      	; 0x3990 <correction_of_time+0x34>
    3988:	8b e3       	ldi	r24, 0x3B	; 59
    398a:	80 93 34 03 	sts	0x0334, r24
    398e:	06 c0       	rjmp	.+12     	; 0x399c <correction_of_time+0x40>
    else if(min > 59) min = 0;
    3990:	80 91 34 03 	lds	r24, 0x0334
    3994:	8c 33       	cpi	r24, 0x3C	; 60
    3996:	14 f0       	brlt	.+4      	; 0x399c <correction_of_time+0x40>
    3998:	10 92 34 03 	sts	0x0334, r1
    if(sek < 0) sek = 59;
    399c:	80 91 43 03 	lds	r24, 0x0343
    39a0:	88 23       	and	r24, r24
    39a2:	24 f4       	brge	.+8      	; 0x39ac <correction_of_time+0x50>
    39a4:	8b e3       	ldi	r24, 0x3B	; 59
    39a6:	80 93 43 03 	sts	0x0343, r24
    39aa:	06 c0       	rjmp	.+12     	; 0x39b8 <correction_of_time+0x5c>
    else if(sek > 59) sek = 0;
    39ac:	80 91 43 03 	lds	r24, 0x0343
    39b0:	8c 33       	cpi	r24, 0x3C	; 60
    39b2:	14 f0       	brlt	.+4      	; 0x39b8 <correction_of_time+0x5c>
    39b4:	10 92 43 03 	sts	0x0343, r1
    if(hsek < 0) hsek = 99;
    39b8:	80 91 32 03 	lds	r24, 0x0332
    39bc:	88 23       	and	r24, r24
    39be:	24 f4       	brge	.+8      	; 0x39c8 <correction_of_time+0x6c>
    39c0:	83 e6       	ldi	r24, 0x63	; 99
    39c2:	80 93 32 03 	sts	0x0332, r24
    39c6:	06 c0       	rjmp	.+12     	; 0x39d4 <correction_of_time+0x78>
    else if(hsek > 99) hsek = 0;
    39c8:	80 91 32 03 	lds	r24, 0x0332
    39cc:	84 36       	cpi	r24, 0x64	; 100
    39ce:	14 f0       	brlt	.+4      	; 0x39d4 <correction_of_time+0x78>
    39d0:	10 92 32 03 	sts	0x0332, r1
}
    39d4:	df 91       	pop	r29
    39d6:	cf 91       	pop	r28
    39d8:	08 95       	ret

000039da <correction_of_date>:

void correction_of_date(uint8_t case_of_time)//uwzględnianie dnia miesiąca względem roku
{
    39da:	cf 93       	push	r28
    39dc:	df 93       	push	r29
    39de:	00 d0       	rcall	.+0      	; 0x39e0 <correction_of_date+0x6>
    39e0:	cd b7       	in	r28, 0x3d	; 61
    39e2:	de b7       	in	r29, 0x3e	; 62
    39e4:	8a 83       	std	Y+2, r24	; 0x02
    if(miesiac < 1 && case_of_time != 2) miesiac = 12;
    39e6:	80 91 35 03 	lds	r24, 0x0335
    39ea:	18 16       	cp	r1, r24
    39ec:	3c f0       	brlt	.+14     	; 0x39fc <correction_of_date+0x22>
    39ee:	8a 81       	ldd	r24, Y+2	; 0x02
    39f0:	82 30       	cpi	r24, 0x02	; 2
    39f2:	21 f0       	breq	.+8      	; 0x39fc <correction_of_date+0x22>
    39f4:	8c e0       	ldi	r24, 0x0C	; 12
    39f6:	80 93 35 03 	sts	0x0335, r24
    39fa:	0a c0       	rjmp	.+20     	; 0x3a10 <correction_of_date+0x36>
    else if(miesiac > 12 && case_of_time != 2) miesiac = 1;
    39fc:	80 91 35 03 	lds	r24, 0x0335
    3a00:	8d 30       	cpi	r24, 0x0D	; 13
    3a02:	34 f0       	brlt	.+12     	; 0x3a10 <correction_of_date+0x36>
    3a04:	8a 81       	ldd	r24, Y+2	; 0x02
    3a06:	82 30       	cpi	r24, 0x02	; 2
    3a08:	19 f0       	breq	.+6      	; 0x3a10 <correction_of_date+0x36>
    3a0a:	81 e0       	ldi	r24, 0x01	; 1
    3a0c:	80 93 35 03 	sts	0x0335, r24

    uint8_t case_of_day = 0;
    3a10:	19 82       	std	Y+1, r1	; 0x01
    if(miesiac == 1 || miesiac == 3 || miesiac == 5 || miesiac == 7 || miesiac == 8 || miesiac == 10 || miesiac == 12) case_of_day = 31;
    3a12:	80 91 35 03 	lds	r24, 0x0335
    3a16:	81 30       	cpi	r24, 0x01	; 1
    3a18:	c1 f0       	breq	.+48     	; 0x3a4a <correction_of_date+0x70>
    3a1a:	80 91 35 03 	lds	r24, 0x0335
    3a1e:	83 30       	cpi	r24, 0x03	; 3
    3a20:	a1 f0       	breq	.+40     	; 0x3a4a <correction_of_date+0x70>
    3a22:	80 91 35 03 	lds	r24, 0x0335
    3a26:	85 30       	cpi	r24, 0x05	; 5
    3a28:	81 f0       	breq	.+32     	; 0x3a4a <correction_of_date+0x70>
    3a2a:	80 91 35 03 	lds	r24, 0x0335
    3a2e:	87 30       	cpi	r24, 0x07	; 7
    3a30:	61 f0       	breq	.+24     	; 0x3a4a <correction_of_date+0x70>
    3a32:	80 91 35 03 	lds	r24, 0x0335
    3a36:	88 30       	cpi	r24, 0x08	; 8
    3a38:	41 f0       	breq	.+16     	; 0x3a4a <correction_of_date+0x70>
    3a3a:	80 91 35 03 	lds	r24, 0x0335
    3a3e:	8a 30       	cpi	r24, 0x0A	; 10
    3a40:	21 f0       	breq	.+8      	; 0x3a4a <correction_of_date+0x70>
    3a42:	80 91 35 03 	lds	r24, 0x0335
    3a46:	8c 30       	cpi	r24, 0x0C	; 12
    3a48:	19 f4       	brne	.+6      	; 0x3a50 <correction_of_date+0x76>
    3a4a:	8f e1       	ldi	r24, 0x1F	; 31
    3a4c:	89 83       	std	Y+1, r24	; 0x01
    3a4e:	27 c0       	rjmp	.+78     	; 0x3a9e <correction_of_date+0xc4>
    else if (miesiac == 4 || miesiac == 6 || miesiac == 9 || miesiac == 11) case_of_day = 30;
    3a50:	80 91 35 03 	lds	r24, 0x0335
    3a54:	84 30       	cpi	r24, 0x04	; 4
    3a56:	61 f0       	breq	.+24     	; 0x3a70 <correction_of_date+0x96>
    3a58:	80 91 35 03 	lds	r24, 0x0335
    3a5c:	86 30       	cpi	r24, 0x06	; 6
    3a5e:	41 f0       	breq	.+16     	; 0x3a70 <correction_of_date+0x96>
    3a60:	80 91 35 03 	lds	r24, 0x0335
    3a64:	89 30       	cpi	r24, 0x09	; 9
    3a66:	21 f0       	breq	.+8      	; 0x3a70 <correction_of_date+0x96>
    3a68:	80 91 35 03 	lds	r24, 0x0335
    3a6c:	8b 30       	cpi	r24, 0x0B	; 11
    3a6e:	19 f4       	brne	.+6      	; 0x3a76 <correction_of_date+0x9c>
    3a70:	8e e1       	ldi	r24, 0x1E	; 30
    3a72:	89 83       	std	Y+1, r24	; 0x01
    3a74:	14 c0       	rjmp	.+40     	; 0x3a9e <correction_of_date+0xc4>
    else if (miesiac == 2 && (rok % 4) != 0 && case_of_time == 0) case_of_day = 28;
    3a76:	80 91 35 03 	lds	r24, 0x0335
    3a7a:	82 30       	cpi	r24, 0x02	; 2
    3a7c:	71 f4       	brne	.+28     	; 0x3a9a <correction_of_date+0xc0>
    3a7e:	80 91 44 03 	lds	r24, 0x0344
    3a82:	90 91 45 03 	lds	r25, 0x0345
    3a86:	83 70       	andi	r24, 0x03	; 3
    3a88:	99 27       	eor	r25, r25
    3a8a:	00 97       	sbiw	r24, 0x00	; 0
    3a8c:	31 f0       	breq	.+12     	; 0x3a9a <correction_of_date+0xc0>
    3a8e:	8a 81       	ldd	r24, Y+2	; 0x02
    3a90:	88 23       	and	r24, r24
    3a92:	19 f4       	brne	.+6      	; 0x3a9a <correction_of_date+0xc0>
    3a94:	8c e1       	ldi	r24, 0x1C	; 28
    3a96:	89 83       	std	Y+1, r24	; 0x01
    3a98:	02 c0       	rjmp	.+4      	; 0x3a9e <correction_of_date+0xc4>
    else case_of_day = 29;
    3a9a:	8d e1       	ldi	r24, 0x1D	; 29
    3a9c:	89 83       	std	Y+1, r24	; 0x01

    if(dzien < 1) dzien = case_of_day;
    3a9e:	80 91 4a 03 	lds	r24, 0x034A
    3aa2:	18 16       	cp	r1, r24
    3aa4:	24 f0       	brlt	.+8      	; 0x3aae <correction_of_date+0xd4>
    3aa6:	89 81       	ldd	r24, Y+1	; 0x01
    3aa8:	80 93 4a 03 	sts	0x034A, r24
    3aac:	0f c0       	rjmp	.+30     	; 0x3acc <correction_of_date+0xf2>
    else if(dzien > case_of_day) dzien = 1;
    3aae:	80 91 4a 03 	lds	r24, 0x034A
    3ab2:	28 2f       	mov	r18, r24
    3ab4:	33 27       	eor	r19, r19
    3ab6:	27 fd       	sbrc	r18, 7
    3ab8:	30 95       	com	r19
    3aba:	89 81       	ldd	r24, Y+1	; 0x01
    3abc:	88 2f       	mov	r24, r24
    3abe:	90 e0       	ldi	r25, 0x00	; 0
    3ac0:	82 17       	cp	r24, r18
    3ac2:	93 07       	cpc	r25, r19
    3ac4:	1c f4       	brge	.+6      	; 0x3acc <correction_of_date+0xf2>
    3ac6:	81 e0       	ldi	r24, 0x01	; 1
    3ac8:	80 93 4a 03 	sts	0x034A, r24

    if(rok < -9999) rok = 9999;
    3acc:	80 91 44 03 	lds	r24, 0x0344
    3ad0:	90 91 45 03 	lds	r25, 0x0345
    3ad4:	81 3f       	cpi	r24, 0xF1	; 241
    3ad6:	28 ed       	ldi	r18, 0xD8	; 216
    3ad8:	92 07       	cpc	r25, r18
    3ada:	3c f4       	brge	.+14     	; 0x3aea <correction_of_date+0x110>
    3adc:	8f e0       	ldi	r24, 0x0F	; 15
    3ade:	97 e2       	ldi	r25, 0x27	; 39
    3ae0:	90 93 45 03 	sts	0x0345, r25
    3ae4:	80 93 44 03 	sts	0x0344, r24
    3ae8:	0e c0       	rjmp	.+28     	; 0x3b06 <correction_of_date+0x12c>
    else if(rok > 9999) rok = -9999;
    3aea:	80 91 44 03 	lds	r24, 0x0344
    3aee:	90 91 45 03 	lds	r25, 0x0345
    3af2:	80 31       	cpi	r24, 0x10	; 16
    3af4:	27 e2       	ldi	r18, 0x27	; 39
    3af6:	92 07       	cpc	r25, r18
    3af8:	34 f0       	brlt	.+12     	; 0x3b06 <correction_of_date+0x12c>
    3afa:	81 ef       	ldi	r24, 0xF1	; 241
    3afc:	98 ed       	ldi	r25, 0xD8	; 216
    3afe:	90 93 45 03 	sts	0x0345, r25
    3b02:	80 93 44 03 	sts	0x0344, r24

    if(dzien_tygodnia < 0) dzien_tygodnia = 6;
    3b06:	80 91 46 03 	lds	r24, 0x0346
    3b0a:	88 23       	and	r24, r24
    3b0c:	24 f4       	brge	.+8      	; 0x3b16 <correction_of_date+0x13c>
    3b0e:	86 e0       	ldi	r24, 0x06	; 6
    3b10:	80 93 46 03 	sts	0x0346, r24
    3b14:	06 c0       	rjmp	.+12     	; 0x3b22 <correction_of_date+0x148>
    else if(dzien_tygodnia > 6) dzien_tygodnia = 0;
    3b16:	80 91 46 03 	lds	r24, 0x0346
    3b1a:	87 30       	cpi	r24, 0x07	; 7
    3b1c:	14 f0       	brlt	.+4      	; 0x3b22 <correction_of_date+0x148>
    3b1e:	10 92 46 03 	sts	0x0346, r1
}
    3b22:	0f 90       	pop	r0
    3b24:	0f 90       	pop	r0
    3b26:	df 91       	pop	r29
    3b28:	cf 91       	pop	r28
    3b2a:	08 95       	ret

00003b2c <show_frame>:

void show_frame( int16_t number )
{
    3b2c:	cf 93       	push	r28
    3b2e:	df 93       	push	r29
    3b30:	00 d0       	rcall	.+0      	; 0x3b32 <show_frame+0x6>
    3b32:	cd b7       	in	r28, 0x3d	; 61
    3b34:	de b7       	in	r29, 0x3e	; 62
    3b36:	9a 83       	std	Y+2, r25	; 0x02
    3b38:	89 83       	std	Y+1, r24	; 0x01
    LCD_Int(number);
    3b3a:	89 81       	ldd	r24, Y+1	; 0x01
    3b3c:	9a 81       	ldd	r25, Y+2	; 0x02
    3b3e:	0e 94 34 0d 	call	0x1a68	; 0x1a68 <LCD_Int>
    LCD_WriteText(".");
    3b42:	8e e4       	ldi	r24, 0x4E	; 78
    3b44:	92 e0       	ldi	r25, 0x02	; 2
    3b46:	0e 94 ea 09 	call	0x13d4	; 0x13d4 <LCD_WriteText>
    if(frame.hours < 10) LCD_Int(0);
    3b4a:	80 91 3a 03 	lds	r24, 0x033A
    3b4e:	8a 30       	cpi	r24, 0x0A	; 10
    3b50:	20 f4       	brcc	.+8      	; 0x3b5a <show_frame+0x2e>
    3b52:	80 e0       	ldi	r24, 0x00	; 0
    3b54:	90 e0       	ldi	r25, 0x00	; 0
    3b56:	0e 94 34 0d 	call	0x1a68	; 0x1a68 <LCD_Int>
    LCD_Int(frame.hours);
    3b5a:	80 91 3a 03 	lds	r24, 0x033A
    3b5e:	88 2f       	mov	r24, r24
    3b60:	90 e0       	ldi	r25, 0x00	; 0
    3b62:	0e 94 34 0d 	call	0x1a68	; 0x1a68 <LCD_Int>
    LCD_WriteText(":");
    3b66:	80 e5       	ldi	r24, 0x50	; 80
    3b68:	91 e0       	ldi	r25, 0x01	; 1
    3b6a:	0e 94 ea 09 	call	0x13d4	; 0x13d4 <LCD_WriteText>
    if(frame.minutes < 10) LCD_Int(0);
    3b6e:	80 91 39 03 	lds	r24, 0x0339
    3b72:	8a 30       	cpi	r24, 0x0A	; 10
    3b74:	20 f4       	brcc	.+8      	; 0x3b7e <show_frame+0x52>
    3b76:	80 e0       	ldi	r24, 0x00	; 0
    3b78:	90 e0       	ldi	r25, 0x00	; 0
    3b7a:	0e 94 34 0d 	call	0x1a68	; 0x1a68 <LCD_Int>
    LCD_Int(frame.minutes);
    3b7e:	80 91 39 03 	lds	r24, 0x0339
    3b82:	88 2f       	mov	r24, r24
    3b84:	90 e0       	ldi	r25, 0x00	; 0
    3b86:	0e 94 34 0d 	call	0x1a68	; 0x1a68 <LCD_Int>
    LCD_WriteText(":");
    3b8a:	80 e5       	ldi	r24, 0x50	; 80
    3b8c:	91 e0       	ldi	r25, 0x01	; 1
    3b8e:	0e 94 ea 09 	call	0x13d4	; 0x13d4 <LCD_WriteText>
    if(frame.seconds < 10) LCD_Int(0);
    3b92:	80 91 38 03 	lds	r24, 0x0338
    3b96:	8a 30       	cpi	r24, 0x0A	; 10
    3b98:	20 f4       	brcc	.+8      	; 0x3ba2 <show_frame+0x76>
    3b9a:	80 e0       	ldi	r24, 0x00	; 0
    3b9c:	90 e0       	ldi	r25, 0x00	; 0
    3b9e:	0e 94 34 0d 	call	0x1a68	; 0x1a68 <LCD_Int>
    LCD_Int(frame.seconds);
    3ba2:	80 91 38 03 	lds	r24, 0x0338
    3ba6:	88 2f       	mov	r24, r24
    3ba8:	90 e0       	ldi	r25, 0x00	; 0
    3baa:	0e 94 34 0d 	call	0x1a68	; 0x1a68 <LCD_Int>
    LCD_WriteText(" ");
    3bae:	80 e5       	ldi	r24, 0x50	; 80
    3bb0:	92 e0       	ldi	r25, 0x02	; 2
    3bb2:	0e 94 ea 09 	call	0x13d4	; 0x13d4 <LCD_WriteText>

    if(frame.day < 10) LCD_Int(0);
    3bb6:	80 91 3b 03 	lds	r24, 0x033B
    3bba:	8a 30       	cpi	r24, 0x0A	; 10
    3bbc:	20 f4       	brcc	.+8      	; 0x3bc6 <show_frame+0x9a>
    3bbe:	80 e0       	ldi	r24, 0x00	; 0
    3bc0:	90 e0       	ldi	r25, 0x00	; 0
    3bc2:	0e 94 34 0d 	call	0x1a68	; 0x1a68 <LCD_Int>
    LCD_Int(frame.day);
    3bc6:	80 91 3b 03 	lds	r24, 0x033B
    3bca:	88 2f       	mov	r24, r24
    3bcc:	90 e0       	ldi	r25, 0x00	; 0
    3bce:	0e 94 34 0d 	call	0x1a68	; 0x1a68 <LCD_Int>
    LCD_WriteText(":");
    3bd2:	80 e5       	ldi	r24, 0x50	; 80
    3bd4:	91 e0       	ldi	r25, 0x01	; 1
    3bd6:	0e 94 ea 09 	call	0x13d4	; 0x13d4 <LCD_WriteText>
    if(frame.month < 10) LCD_Int(0);
    3bda:	80 91 3c 03 	lds	r24, 0x033C
    3bde:	8a 30       	cpi	r24, 0x0A	; 10
    3be0:	20 f4       	brcc	.+8      	; 0x3bea <show_frame+0xbe>
    3be2:	80 e0       	ldi	r24, 0x00	; 0
    3be4:	90 e0       	ldi	r25, 0x00	; 0
    3be6:	0e 94 34 0d 	call	0x1a68	; 0x1a68 <LCD_Int>
    LCD_Int(frame.month);
    3bea:	80 91 3c 03 	lds	r24, 0x033C
    3bee:	88 2f       	mov	r24, r24
    3bf0:	90 e0       	ldi	r25, 0x00	; 0
    3bf2:	0e 94 34 0d 	call	0x1a68	; 0x1a68 <LCD_Int>
    LCD_WriteText(":");
    3bf6:	80 e5       	ldi	r24, 0x50	; 80
    3bf8:	91 e0       	ldi	r25, 0x01	; 1
    3bfa:	0e 94 ea 09 	call	0x13d4	; 0x13d4 <LCD_WriteText>
    LCD_Int(frame.year);
    3bfe:	80 91 3d 03 	lds	r24, 0x033D
    3c02:	90 91 3e 03 	lds	r25, 0x033E
    3c06:	0e 94 34 0d 	call	0x1a68	; 0x1a68 <LCD_Int>

    LCD_WriteText(" ");
    3c0a:	80 e5       	ldi	r24, 0x50	; 80
    3c0c:	92 e0       	ldi	r25, 0x02	; 2
    3c0e:	0e 94 ea 09 	call	0x13d4	; 0x13d4 <LCD_WriteText>

    number = frame.information % 100;
    3c12:	90 91 3f 03 	lds	r25, 0x033F
    3c16:	89 e2       	ldi	r24, 0x29	; 41
    3c18:	98 9f       	mul	r25, r24
    3c1a:	81 2d       	mov	r24, r1
    3c1c:	11 24       	eor	r1, r1
    3c1e:	82 95       	swap	r24
    3c20:	8f 70       	andi	r24, 0x0F	; 15
    3c22:	24 e6       	ldi	r18, 0x64	; 100
    3c24:	82 9f       	mul	r24, r18
    3c26:	80 2d       	mov	r24, r0
    3c28:	11 24       	eor	r1, r1
    3c2a:	29 2f       	mov	r18, r25
    3c2c:	28 1b       	sub	r18, r24
    3c2e:	82 2f       	mov	r24, r18
    3c30:	88 2f       	mov	r24, r24
    3c32:	90 e0       	ldi	r25, 0x00	; 0
    3c34:	9a 83       	std	Y+2, r25	; 0x02
    3c36:	89 83       	std	Y+1, r24	; 0x01
    if(number != 0)
    3c38:	89 81       	ldd	r24, Y+1	; 0x01
    3c3a:	9a 81       	ldd	r25, Y+2	; 0x02
    3c3c:	00 97       	sbiw	r24, 0x00	; 0
    3c3e:	89 f1       	breq	.+98     	; 0x3ca2 <show_frame+0x176>
    {
        LCD_WriteText("NR ");
    3c40:	82 e5       	ldi	r24, 0x52	; 82
    3c42:	92 e0       	ldi	r25, 0x02	; 2
    3c44:	0e 94 ea 09 	call	0x13d4	; 0x13d4 <LCD_WriteText>
        LCD_Int(number);
    3c48:	89 81       	ldd	r24, Y+1	; 0x01
    3c4a:	9a 81       	ldd	r25, Y+2	; 0x02
    3c4c:	0e 94 34 0d 	call	0x1a68	; 0x1a68 <LCD_Int>
        LCD_WriteText(" ");
    3c50:	80 e5       	ldi	r24, 0x50	; 80
    3c52:	92 e0       	ldi	r25, 0x02	; 2
    3c54:	0e 94 ea 09 	call	0x13d4	; 0x13d4 <LCD_WriteText>
        t = frame.information / 100;
    3c58:	90 91 3f 03 	lds	r25, 0x033F
    3c5c:	89 e2       	ldi	r24, 0x29	; 41
    3c5e:	98 9f       	mul	r25, r24
    3c60:	81 2d       	mov	r24, r1
    3c62:	11 24       	eor	r1, r1
    3c64:	82 95       	swap	r24
    3c66:	8f 70       	andi	r24, 0x0F	; 15
    3c68:	88 2f       	mov	r24, r24
    3c6a:	90 e0       	ldi	r25, 0x00	; 0
    3c6c:	90 93 27 03 	sts	0x0327, r25
    3c70:	80 93 26 03 	sts	0x0326, r24
        if(t == 1) LCD_WriteText("OTWARCIE");
    3c74:	80 91 26 03 	lds	r24, 0x0326
    3c78:	90 91 27 03 	lds	r25, 0x0327
    3c7c:	81 30       	cpi	r24, 0x01	; 1
    3c7e:	91 05       	cpc	r25, r1
    3c80:	29 f4       	brne	.+10     	; 0x3c8c <show_frame+0x160>
    3c82:	86 e5       	ldi	r24, 0x56	; 86
    3c84:	92 e0       	ldi	r25, 0x02	; 2
    3c86:	0e 94 ea 09 	call	0x13d4	; 0x13d4 <LCD_WriteText>
    3c8a:	0b c0       	rjmp	.+22     	; 0x3ca2 <show_frame+0x176>
        else if(t == 2) LCD_WriteText("ZAMKNIECIE");
    3c8c:	80 91 26 03 	lds	r24, 0x0326
    3c90:	90 91 27 03 	lds	r25, 0x0327
    3c94:	82 30       	cpi	r24, 0x02	; 2
    3c96:	91 05       	cpc	r25, r1
    3c98:	21 f4       	brne	.+8      	; 0x3ca2 <show_frame+0x176>
    3c9a:	8f e5       	ldi	r24, 0x5F	; 95
    3c9c:	92 e0       	ldi	r25, 0x02	; 2
    3c9e:	0e 94 ea 09 	call	0x13d4	; 0x13d4 <LCD_WriteText>
    }
}
    3ca2:	0f 90       	pop	r0
    3ca4:	0f 90       	pop	r0
    3ca6:	df 91       	pop	r29
    3ca8:	cf 91       	pop	r28
    3caa:	08 95       	ret

00003cac <show_list_case>:

void show_list_case(index)
{
    3cac:	cf 93       	push	r28
    3cae:	df 93       	push	r29
    3cb0:	00 d0       	rcall	.+0      	; 0x3cb2 <show_list_case+0x6>
    3cb2:	cd b7       	in	r28, 0x3d	; 61
    3cb4:	de b7       	in	r29, 0x3e	; 62
    3cb6:	9a 83       	std	Y+2, r25	; 0x02
    3cb8:	89 83       	std	Y+1, r24	; 0x01
    if(menu == 6)
    3cba:	80 91 16 03 	lds	r24, 0x0316
    3cbe:	86 30       	cpi	r24, 0x06	; 6
    3cc0:	49 f4       	brne	.+18     	; 0x3cd4 <show_list_case+0x28>
    {
        lockers_read_frame(index);
    3cc2:	89 81       	ldd	r24, Y+1	; 0x01
    3cc4:	0e 94 04 13 	call	0x2608	; 0x2608 <lockers_read_frame>
        show_frame(index+1);
    3cc8:	89 81       	ldd	r24, Y+1	; 0x01
    3cca:	9a 81       	ldd	r25, Y+2	; 0x02
    3ccc:	01 96       	adiw	r24, 0x01	; 1
    3cce:	0e 94 96 1d 	call	0x3b2c	; 0x3b2c <show_frame>
    3cd2:	07 c0       	rjmp	.+14     	; 0x3ce2 <show_list_case+0x36>
    }
    else if (menu == 5)
    3cd4:	80 91 16 03 	lds	r24, 0x0316
    3cd8:	85 30       	cpi	r24, 0x05	; 5
    3cda:	19 f4       	brne	.+6      	; 0x3ce2 <show_list_case+0x36>
    {
        show_alarm_options(index);
    3cdc:	89 81       	ldd	r24, Y+1	; 0x01
    3cde:	0e 94 85 1c 	call	0x390a	; 0x390a <show_alarm_options>
    }
}
    3ce2:	0f 90       	pop	r0
    3ce4:	0f 90       	pop	r0
    3ce6:	df 91       	pop	r29
    3ce8:	cf 91       	pop	r28
    3cea:	08 95       	ret

00003cec <show_list>:


void show_list(int16_t current_index, int16_t max_index)
{
    3cec:	cf 93       	push	r28
    3cee:	df 93       	push	r29
    3cf0:	00 d0       	rcall	.+0      	; 0x3cf2 <show_list+0x6>
    3cf2:	00 d0       	rcall	.+0      	; 0x3cf4 <show_list+0x8>
    3cf4:	cd b7       	in	r28, 0x3d	; 61
    3cf6:	de b7       	in	r29, 0x3e	; 62
    3cf8:	9a 83       	std	Y+2, r25	; 0x02
    3cfa:	89 83       	std	Y+1, r24	; 0x01
    3cfc:	7c 83       	std	Y+4, r23	; 0x04
    3cfe:	6b 83       	std	Y+3, r22	; 0x03

    if ( current_index != -1)
    3d00:	89 81       	ldd	r24, Y+1	; 0x01
    3d02:	9a 81       	ldd	r25, Y+2	; 0x02
    3d04:	8f 3f       	cpi	r24, 0xFF	; 255
    3d06:	2f ef       	ldi	r18, 0xFF	; 255
    3d08:	92 07       	cpc	r25, r18
    3d0a:	41 f0       	breq	.+16     	; 0x3d1c <show_list+0x30>
    {
        LCD_GoTo(0, 0);
    3d0c:	60 e0       	ldi	r22, 0x00	; 0
    3d0e:	80 e0       	ldi	r24, 0x00	; 0
    3d10:	0e 94 08 0a 	call	0x1410	; 0x1410 <LCD_GoTo>
        show_list_case(current_index);
    3d14:	89 81       	ldd	r24, Y+1	; 0x01
    3d16:	9a 81       	ldd	r25, Y+2	; 0x02
    3d18:	0e 94 56 1e 	call	0x3cac	; 0x3cac <show_list_case>
    }

    if(current_index != max_index)
    3d1c:	29 81       	ldd	r18, Y+1	; 0x01
    3d1e:	3a 81       	ldd	r19, Y+2	; 0x02
    3d20:	8b 81       	ldd	r24, Y+3	; 0x03
    3d22:	9c 81       	ldd	r25, Y+4	; 0x04
    3d24:	28 17       	cp	r18, r24
    3d26:	39 07       	cpc	r19, r25
    3d28:	49 f0       	breq	.+18     	; 0x3d3c <show_list+0x50>
    {
        LCD_GoTo(0, 1);
    3d2a:	61 e0       	ldi	r22, 0x01	; 1
    3d2c:	80 e0       	ldi	r24, 0x00	; 0
    3d2e:	0e 94 08 0a 	call	0x1410	; 0x1410 <LCD_GoTo>
        show_list_case(current_index + 1);
    3d32:	89 81       	ldd	r24, Y+1	; 0x01
    3d34:	9a 81       	ldd	r25, Y+2	; 0x02
    3d36:	01 96       	adiw	r24, 0x01	; 1
    3d38:	0e 94 56 1e 	call	0x3cac	; 0x3cac <show_list_case>
    }
}
    3d3c:	0f 90       	pop	r0
    3d3e:	0f 90       	pop	r0
    3d40:	0f 90       	pop	r0
    3d42:	0f 90       	pop	r0
    3d44:	df 91       	pop	r29
    3d46:	cf 91       	pop	r28
    3d48:	08 95       	ret

00003d4a <cube_position>:

void cube_position(uint8_t case_of_effect)
{
    3d4a:	cf 93       	push	r28
    3d4c:	df 93       	push	r29
    3d4e:	00 d0       	rcall	.+0      	; 0x3d50 <cube_position+0x6>
    3d50:	1f 92       	push	r1
    3d52:	cd b7       	in	r28, 0x3d	; 61
    3d54:	de b7       	in	r29, 0x3e	; 62
    3d56:	8b 83       	std	Y+3, r24	; 0x03
    wysw();
    3d58:	0e 94 82 22 	call	0x4504	; 0x4504 <wysw>
    char* tablicaTemp = (char*) malloc(rozmiar * sizeof (char*));//tablica pomocnicza do umiejscowienia cyfry
    3d5c:	80 91 36 03 	lds	r24, 0x0336
    3d60:	90 91 37 03 	lds	r25, 0x0337
    3d64:	88 0f       	add	r24, r24
    3d66:	99 1f       	adc	r25, r25
    3d68:	0e 94 a0 35 	call	0x6b40	; 0x6b40 <malloc>
    3d6c:	9a 83       	std	Y+2, r25	; 0x02
    3d6e:	89 83       	std	Y+1, r24	; 0x01

    for(s = 0; s < rozmiar; ++s)//wypełnienie odpowiednio tablicy dynamicznej, np. "0010" - cyfra stoi na 3 miemscu
    3d70:	10 92 40 03 	sts	0x0340, r1
    3d74:	2b c0       	rjmp	.+86     	; 0x3dcc <cube_position+0x82>
    {
        if(s == pozycja) tablicaTemp[s] = '1';
    3d76:	80 91 40 03 	lds	r24, 0x0340
    3d7a:	28 2f       	mov	r18, r24
    3d7c:	33 27       	eor	r19, r19
    3d7e:	27 fd       	sbrc	r18, 7
    3d80:	30 95       	com	r19
    3d82:	80 91 19 03 	lds	r24, 0x0319
    3d86:	88 2f       	mov	r24, r24
    3d88:	90 e0       	ldi	r25, 0x00	; 0
    3d8a:	28 17       	cp	r18, r24
    3d8c:	39 07       	cpc	r19, r25
    3d8e:	69 f4       	brne	.+26     	; 0x3daa <cube_position+0x60>
    3d90:	80 91 40 03 	lds	r24, 0x0340
    3d94:	99 27       	eor	r25, r25
    3d96:	87 fd       	sbrc	r24, 7
    3d98:	90 95       	com	r25
    3d9a:	29 81       	ldd	r18, Y+1	; 0x01
    3d9c:	3a 81       	ldd	r19, Y+2	; 0x02
    3d9e:	82 0f       	add	r24, r18
    3da0:	93 1f       	adc	r25, r19
    3da2:	21 e3       	ldi	r18, 0x31	; 49
    3da4:	fc 01       	movw	r30, r24
    3da6:	20 83       	st	Z, r18
    3da8:	0c c0       	rjmp	.+24     	; 0x3dc2 <cube_position+0x78>
        else tablicaTemp[s] = '0';
    3daa:	80 91 40 03 	lds	r24, 0x0340
    3dae:	99 27       	eor	r25, r25
    3db0:	87 fd       	sbrc	r24, 7
    3db2:	90 95       	com	r25
    3db4:	29 81       	ldd	r18, Y+1	; 0x01
    3db6:	3a 81       	ldd	r19, Y+2	; 0x02
    3db8:	82 0f       	add	r24, r18
    3dba:	93 1f       	adc	r25, r19
    3dbc:	20 e3       	ldi	r18, 0x30	; 48
    3dbe:	fc 01       	movw	r30, r24
    3dc0:	20 83       	st	Z, r18
void cube_position(uint8_t case_of_effect)
{
    wysw();
    char* tablicaTemp = (char*) malloc(rozmiar * sizeof (char*));//tablica pomocnicza do umiejscowienia cyfry

    for(s = 0; s < rozmiar; ++s)//wypełnienie odpowiednio tablicy dynamicznej, np. "0010" - cyfra stoi na 3 miemscu
    3dc2:	80 91 40 03 	lds	r24, 0x0340
    3dc6:	8f 5f       	subi	r24, 0xFF	; 255
    3dc8:	80 93 40 03 	sts	0x0340, r24
    3dcc:	80 91 40 03 	lds	r24, 0x0340
    3dd0:	28 2f       	mov	r18, r24
    3dd2:	33 27       	eor	r19, r19
    3dd4:	27 fd       	sbrc	r18, 7
    3dd6:	30 95       	com	r19
    3dd8:	80 91 36 03 	lds	r24, 0x0336
    3ddc:	90 91 37 03 	lds	r25, 0x0337
    3de0:	28 17       	cp	r18, r24
    3de2:	39 07       	cpc	r19, r25
    3de4:	44 f2       	brlt	.-112    	; 0x3d76 <cube_position+0x2c>
    {
        if(s == pozycja) tablicaTemp[s] = '1';
        else tablicaTemp[s] = '0';
    }

    for(s = 0; s < rozmiar; ++s)//odpowiednie wyświetlanie na ekranie
    3de6:	10 92 40 03 	sts	0x0340, r1
    3dea:	5f c0       	rjmp	.+190    	; 0x3eaa <cube_position+0x160>
    {
        if(tablicaTemp[s] == '1')
    3dec:	80 91 40 03 	lds	r24, 0x0340
    3df0:	99 27       	eor	r25, r25
    3df2:	87 fd       	sbrc	r24, 7
    3df4:	90 95       	com	r25
    3df6:	29 81       	ldd	r18, Y+1	; 0x01
    3df8:	3a 81       	ldd	r19, Y+2	; 0x02
    3dfa:	82 0f       	add	r24, r18
    3dfc:	93 1f       	adc	r25, r19
    3dfe:	fc 01       	movw	r30, r24
    3e00:	80 81       	ld	r24, Z
    3e02:	81 33       	cpi	r24, 0x31	; 49
    3e04:	09 f5       	brne	.+66     	; 0x3e48 <cube_position+0xfe>
        {
            if (s == 0) cy1 = cyfra;
    3e06:	80 91 40 03 	lds	r24, 0x0340
    3e0a:	88 23       	and	r24, r24
    3e0c:	21 f4       	brne	.+8      	; 0x3e16 <cube_position+0xcc>
    3e0e:	80 91 1a 03 	lds	r24, 0x031A
    3e12:	80 93 1e 03 	sts	0x031E, r24
            if (s == 1) cy2 = cyfra;
    3e16:	80 91 40 03 	lds	r24, 0x0340
    3e1a:	81 30       	cpi	r24, 0x01	; 1
    3e1c:	21 f4       	brne	.+8      	; 0x3e26 <cube_position+0xdc>
    3e1e:	80 91 1a 03 	lds	r24, 0x031A
    3e22:	80 93 1f 03 	sts	0x031F, r24
            if (s == 2) cy3 = cyfra;
    3e26:	80 91 40 03 	lds	r24, 0x0340
    3e2a:	82 30       	cpi	r24, 0x02	; 2
    3e2c:	21 f4       	brne	.+8      	; 0x3e36 <cube_position+0xec>
    3e2e:	80 91 1a 03 	lds	r24, 0x031A
    3e32:	80 93 20 03 	sts	0x0320, r24
            if (s == 3) cy4 = cyfra;
    3e36:	80 91 40 03 	lds	r24, 0x0340
    3e3a:	83 30       	cpi	r24, 0x03	; 3
    3e3c:	89 f5       	brne	.+98     	; 0x3ea0 <cube_position+0x156>
    3e3e:	80 91 1a 03 	lds	r24, 0x031A
    3e42:	80 93 1d 03 	sts	0x031D, r24
    3e46:	2c c0       	rjmp	.+88     	; 0x3ea0 <cube_position+0x156>
        }
        else
        {
            if (s == 0 || cyfra == 0) cy1 = 10;
    3e48:	80 91 40 03 	lds	r24, 0x0340
    3e4c:	88 23       	and	r24, r24
    3e4e:	21 f0       	breq	.+8      	; 0x3e58 <cube_position+0x10e>
    3e50:	80 91 1a 03 	lds	r24, 0x031A
    3e54:	88 23       	and	r24, r24
    3e56:	19 f4       	brne	.+6      	; 0x3e5e <cube_position+0x114>
    3e58:	8a e0       	ldi	r24, 0x0A	; 10
    3e5a:	80 93 1e 03 	sts	0x031E, r24
            if (s == 1 || cyfra == 0) cy2 = 10;
    3e5e:	80 91 40 03 	lds	r24, 0x0340
    3e62:	81 30       	cpi	r24, 0x01	; 1
    3e64:	21 f0       	breq	.+8      	; 0x3e6e <cube_position+0x124>
    3e66:	80 91 1a 03 	lds	r24, 0x031A
    3e6a:	88 23       	and	r24, r24
    3e6c:	19 f4       	brne	.+6      	; 0x3e74 <cube_position+0x12a>
    3e6e:	8a e0       	ldi	r24, 0x0A	; 10
    3e70:	80 93 1f 03 	sts	0x031F, r24
            if (s == 2 || cyfra == 0) cy3 = 10;
    3e74:	80 91 40 03 	lds	r24, 0x0340
    3e78:	82 30       	cpi	r24, 0x02	; 2
    3e7a:	21 f0       	breq	.+8      	; 0x3e84 <cube_position+0x13a>
    3e7c:	80 91 1a 03 	lds	r24, 0x031A
    3e80:	88 23       	and	r24, r24
    3e82:	19 f4       	brne	.+6      	; 0x3e8a <cube_position+0x140>
    3e84:	8a e0       	ldi	r24, 0x0A	; 10
    3e86:	80 93 20 03 	sts	0x0320, r24
            if (s == 3 || cyfra == 0) cy4 = 10;
    3e8a:	80 91 40 03 	lds	r24, 0x0340
    3e8e:	83 30       	cpi	r24, 0x03	; 3
    3e90:	21 f0       	breq	.+8      	; 0x3e9a <cube_position+0x150>
    3e92:	80 91 1a 03 	lds	r24, 0x031A
    3e96:	88 23       	and	r24, r24
    3e98:	19 f4       	brne	.+6      	; 0x3ea0 <cube_position+0x156>
    3e9a:	8a e0       	ldi	r24, 0x0A	; 10
    3e9c:	80 93 1d 03 	sts	0x031D, r24
    {
        if(s == pozycja) tablicaTemp[s] = '1';
        else tablicaTemp[s] = '0';
    }

    for(s = 0; s < rozmiar; ++s)//odpowiednie wyświetlanie na ekranie
    3ea0:	80 91 40 03 	lds	r24, 0x0340
    3ea4:	8f 5f       	subi	r24, 0xFF	; 255
    3ea6:	80 93 40 03 	sts	0x0340, r24
    3eaa:	80 91 40 03 	lds	r24, 0x0340
    3eae:	28 2f       	mov	r18, r24
    3eb0:	33 27       	eor	r19, r19
    3eb2:	27 fd       	sbrc	r18, 7
    3eb4:	30 95       	com	r19
    3eb6:	80 91 36 03 	lds	r24, 0x0336
    3eba:	90 91 37 03 	lds	r25, 0x0337
    3ebe:	28 17       	cp	r18, r24
    3ec0:	39 07       	cpc	r19, r25
    3ec2:	0c f4       	brge	.+2      	; 0x3ec6 <cube_position+0x17c>
    3ec4:	93 cf       	rjmp	.-218    	; 0x3dec <cube_position+0xa2>
            if (s == 2 || cyfra == 0) cy3 = 10;
            if (s == 3 || cyfra == 0) cy4 = 10;
        }
    }

    if(case_of_effect == 1)
    3ec6:	8b 81       	ldd	r24, Y+3	; 0x03
    3ec8:	81 30       	cpi	r24, 0x01	; 1
    3eca:	09 f0       	breq	.+2      	; 0x3ece <cube_position+0x184>
    3ecc:	4b c0       	rjmp	.+150    	; 0x3f64 <cube_position+0x21a>
    {
        for(s = 0; s < rozmiar; ++s)
    3ece:	10 92 40 03 	sts	0x0340, r1
    3ed2:	3a c0       	rjmp	.+116    	; 0x3f48 <cube_position+0x1fe>
        {
            if(tablicaTemp[s] == '0' || cyfra == 0 )
    3ed4:	80 91 40 03 	lds	r24, 0x0340
    3ed8:	99 27       	eor	r25, r25
    3eda:	87 fd       	sbrc	r24, 7
    3edc:	90 95       	com	r25
    3ede:	29 81       	ldd	r18, Y+1	; 0x01
    3ee0:	3a 81       	ldd	r19, Y+2	; 0x02
    3ee2:	82 0f       	add	r24, r18
    3ee4:	93 1f       	adc	r25, r19
    3ee6:	fc 01       	movw	r30, r24
    3ee8:	80 81       	ld	r24, Z
    3eea:	80 33       	cpi	r24, 0x30	; 48
    3eec:	21 f0       	breq	.+8      	; 0x3ef6 <cube_position+0x1ac>
    3eee:	80 91 1a 03 	lds	r24, 0x031A
    3ef2:	88 23       	and	r24, r24
    3ef4:	21 f5       	brne	.+72     	; 0x3f3e <cube_position+0x1f4>
            {
                if ( s == 0 ) cy1 = 11;
    3ef6:	80 91 40 03 	lds	r24, 0x0340
    3efa:	88 23       	and	r24, r24
    3efc:	19 f4       	brne	.+6      	; 0x3f04 <cube_position+0x1ba>
    3efe:	8b e0       	ldi	r24, 0x0B	; 11
    3f00:	80 93 1e 03 	sts	0x031E, r24
                if ( s == 1 ) cy2 = 11;
    3f04:	80 91 40 03 	lds	r24, 0x0340
    3f08:	81 30       	cpi	r24, 0x01	; 1
    3f0a:	19 f4       	brne	.+6      	; 0x3f12 <cube_position+0x1c8>
    3f0c:	8b e0       	ldi	r24, 0x0B	; 11
    3f0e:	80 93 1f 03 	sts	0x031F, r24
                if ( s == 2 ) cy3 = 11;
    3f12:	80 91 40 03 	lds	r24, 0x0340
    3f16:	82 30       	cpi	r24, 0x02	; 2
    3f18:	19 f4       	brne	.+6      	; 0x3f20 <cube_position+0x1d6>
    3f1a:	8b e0       	ldi	r24, 0x0B	; 11
    3f1c:	80 93 20 03 	sts	0x0320, r24
                if ( s == 3 ) cy4 = 11;
    3f20:	80 91 40 03 	lds	r24, 0x0340
    3f24:	83 30       	cpi	r24, 0x03	; 3
    3f26:	19 f4       	brne	.+6      	; 0x3f2e <cube_position+0x1e4>
    3f28:	8b e0       	ldi	r24, 0x0B	; 11
    3f2a:	80 93 1d 03 	sts	0x031D, r24
                buzzer();
    3f2e:	0e 94 1c 17 	call	0x2e38	; 0x2e38 <buzzer>
                delay_ms_var_double(100);
    3f32:	60 e0       	ldi	r22, 0x00	; 0
    3f34:	70 e0       	ldi	r23, 0x00	; 0
    3f36:	88 ec       	ldi	r24, 0xC8	; 200
    3f38:	92 e4       	ldi	r25, 0x42	; 66
    3f3a:	0e 94 b5 05 	call	0xb6a	; 0xb6a <delay_ms_var_double>
        }
    }

    if(case_of_effect == 1)
    {
        for(s = 0; s < rozmiar; ++s)
    3f3e:	80 91 40 03 	lds	r24, 0x0340
    3f42:	8f 5f       	subi	r24, 0xFF	; 255
    3f44:	80 93 40 03 	sts	0x0340, r24
    3f48:	80 91 40 03 	lds	r24, 0x0340
    3f4c:	28 2f       	mov	r18, r24
    3f4e:	33 27       	eor	r19, r19
    3f50:	27 fd       	sbrc	r18, 7
    3f52:	30 95       	com	r19
    3f54:	80 91 36 03 	lds	r24, 0x0336
    3f58:	90 91 37 03 	lds	r25, 0x0337
    3f5c:	28 17       	cp	r18, r24
    3f5e:	39 07       	cpc	r19, r25
    3f60:	0c f4       	brge	.+2      	; 0x3f64 <cube_position+0x21a>
    3f62:	b8 cf       	rjmp	.-144    	; 0x3ed4 <cube_position+0x18a>
                buzzer();
                delay_ms_var_double(100);
            }
        }
    }
    free(tablicaTemp);
    3f64:	89 81       	ldd	r24, Y+1	; 0x01
    3f66:	9a 81       	ldd	r25, Y+2	; 0x02
    3f68:	0e 94 38 36 	call	0x6c70	; 0x6c70 <free>
}
    3f6c:	0f 90       	pop	r0
    3f6e:	0f 90       	pop	r0
    3f70:	0f 90       	pop	r0
    3f72:	df 91       	pop	r29
    3f74:	cf 91       	pop	r28
    3f76:	08 95       	ret

00003f78 <wysw0>:

void wysw0( void )// funkcja wyświetlająca - interfejs dla każdego z podprogramów
{
    3f78:	cf 93       	push	r28
    3f7a:	df 93       	push	r29
    3f7c:	cd b7       	in	r28, 0x3d	; 61
    3f7e:	de b7       	in	r29, 0x3e	; 62
    if (switch_menu > liczbaPodprogramow) switch_menu = 0;
    3f80:	80 91 1c 03 	lds	r24, 0x031C
    3f84:	28 2f       	mov	r18, r24
    3f86:	33 27       	eor	r19, r19
    3f88:	27 fd       	sbrc	r18, 7
    3f8a:	30 95       	com	r19
    3f8c:	86 e0       	ldi	r24, 0x06	; 6
    3f8e:	90 e0       	ldi	r25, 0x00	; 0
    3f90:	82 17       	cp	r24, r18
    3f92:	93 07       	cpc	r25, r19
    3f94:	1c f4       	brge	.+6      	; 0x3f9c <wysw0+0x24>
    3f96:	10 92 1c 03 	sts	0x031C, r1
    3f9a:	08 c0       	rjmp	.+16     	; 0x3fac <wysw0+0x34>
    else if (switch_menu < 0) switch_menu = liczbaPodprogramow;
    3f9c:	80 91 1c 03 	lds	r24, 0x031C
    3fa0:	88 23       	and	r24, r24
    3fa2:	24 f4       	brge	.+8      	; 0x3fac <wysw0+0x34>
    3fa4:	86 e0       	ldi	r24, 0x06	; 6
    3fa6:	90 e0       	ldi	r25, 0x00	; 0
    3fa8:	80 93 1c 03 	sts	0x031C, r24
    LCD_EraseAll();
    3fac:	80 e0       	ldi	r24, 0x00	; 0
    3fae:	90 e0       	ldi	r25, 0x00	; 0
    3fb0:	0e 94 2f 0f 	call	0x1e5e	; 0x1e5e <LCD_Erase>
    LCD_GoTo( 0, 0 );
    3fb4:	60 e0       	ldi	r22, 0x00	; 0
    3fb6:	80 e0       	ldi	r24, 0x00	; 0
    3fb8:	0e 94 08 0a 	call	0x1410	; 0x1410 <LCD_GoTo>
    LCD_WriteText( "Wybierz program:" );
    3fbc:	8a e6       	ldi	r24, 0x6A	; 106
    3fbe:	92 e0       	ldi	r25, 0x02	; 2
    3fc0:	0e 94 ea 09 	call	0x13d4	; 0x13d4 <LCD_WriteText>
    LCD_GoTo( 0, 1 );
    3fc4:	61 e0       	ldi	r22, 0x01	; 1
    3fc6:	80 e0       	ldi	r24, 0x00	; 0
    3fc8:	0e 94 08 0a 	call	0x1410	; 0x1410 <LCD_GoTo>
    LCD_Int(switch_menu);
    3fcc:	80 91 1c 03 	lds	r24, 0x031C
    3fd0:	99 27       	eor	r25, r25
    3fd2:	87 fd       	sbrc	r24, 7
    3fd4:	90 95       	com	r25
    3fd6:	0e 94 34 0d 	call	0x1a68	; 0x1a68 <LCD_Int>

    //LCDWriteToBuffer( 0, 0, "napis" );
    //LCD_WriteText ( "Pierwszy Napis abcdefghijklmnopqrstuvwxyz" );
    //LCD_WriteText ( "Drugi" );
}
    3fda:	df 91       	pop	r29
    3fdc:	cf 91       	pop	r28
    3fde:	08 95       	ret

00003fe0 <wysw1>:

void wysw1( void )// funkcja wyświetlająca - interfejs dla każdego z podprogramów
{
    3fe0:	cf 93       	push	r28
    3fe2:	df 93       	push	r29
    3fe4:	cd b7       	in	r28, 0x3d	; 61
    3fe6:	de b7       	in	r29, 0x3e	; 62
    LCD_EraseAll();
    3fe8:	80 e0       	ldi	r24, 0x00	; 0
    3fea:	90 e0       	ldi	r25, 0x00	; 0
    3fec:	0e 94 2f 0f 	call	0x1e5e	; 0x1e5e <LCD_Erase>
    LCD_GoTo( 0, 0 );
    3ff0:	60 e0       	ldi	r22, 0x00	; 0
    3ff2:	80 e0       	ldi	r24, 0x00	; 0
    3ff4:	0e 94 08 0a 	call	0x1410	; 0x1410 <LCD_GoTo>
    LCD_Int( command );
    3ff8:	80 91 23 03 	lds	r24, 0x0323
    3ffc:	88 2f       	mov	r24, r24
    3ffe:	90 e0       	ldi	r25, 0x00	; 0
    4000:	0e 94 34 0d 	call	0x1a68	; 0x1a68 <LCD_Int>
    LCD_GoTo( 6, 0 );
    4004:	60 e0       	ldi	r22, 0x00	; 0
    4006:	86 e0       	ldi	r24, 0x06	; 6
    4008:	0e 94 08 0a 	call	0x1410	; 0x1410 <LCD_GoTo>
    LCD_Int( address );
    400c:	80 91 22 03 	lds	r24, 0x0322
    4010:	88 2f       	mov	r24, r24
    4012:	90 e0       	ldi	r25, 0x00	; 0
    4014:	0e 94 34 0d 	call	0x1a68	; 0x1a68 <LCD_Int>
    LCD_GoTo( 0, 1 );
    4018:	61 e0       	ldi	r22, 0x01	; 1
    401a:	80 e0       	ldi	r24, 0x00	; 0
    401c:	0e 94 08 0a 	call	0x1410	; 0x1410 <LCD_GoTo>
    LCD_Int( toggle_bit );
    4020:	80 91 21 03 	lds	r24, 0x0321
    4024:	88 2f       	mov	r24, r24
    4026:	90 e0       	ldi	r25, 0x00	; 0
    4028:	0e 94 34 0d 	call	0x1a68	; 0x1a68 <LCD_Int>
}
    402c:	df 91       	pop	r29
    402e:	cf 91       	pop	r28
    4030:	08 95       	ret

00004032 <wysw2>:

void wysw2( void )// funkcja wyświetlająca - interfejs dla każdego z podprogramów
{
    4032:	cf 93       	push	r28
    4034:	df 93       	push	r29
    4036:	00 d0       	rcall	.+0      	; 0x4038 <wysw2+0x6>
    4038:	cd b7       	in	r28, 0x3d	; 61
    403a:	de b7       	in	r29, 0x3e	; 62
    /*if ( cyfry >= 10000 ) cyfry = 10000;
        else if( cyfry <= -10000 ) cyfry = -10000;*/
    //OCR0 = cyfry;//zmienna przepełnienia Timera 0
    LCD_EraseAll();
    403c:	80 e0       	ldi	r24, 0x00	; 0
    403e:	90 e0       	ldi	r25, 0x00	; 0
    4040:	0e 94 2f 0f 	call	0x1e5e	; 0x1e5e <LCD_Erase>
    //d_led_Int( cyfry );

    //char* tablicaTemp = (char*) malloc(rozmiar * sizeof (char*));//tablica pomoznicza do umiejscowienia cyfry

    LCD_GoTo(0,0);
    4044:	60 e0       	ldi	r22, 0x00	; 0
    4046:	80 e0       	ldi	r24, 0x00	; 0
    4048:	0e 94 08 0a 	call	0x1410	; 0x1410 <LCD_GoTo>
    LCD_Int( cyfra );
    404c:	80 91 1a 03 	lds	r24, 0x031A
    4050:	99 27       	eor	r25, r25
    4052:	87 fd       	sbrc	r24, 7
    4054:	90 95       	com	r25
    4056:	0e 94 34 0d 	call	0x1a68	; 0x1a68 <LCD_Int>
    if(u > 0)//gdzy losowanie trwa, wyświetlają się procenty
    405a:	80 91 49 03 	lds	r24, 0x0349
    405e:	18 16       	cp	r1, r24
    4060:	d4 f4       	brge	.+52     	; 0x4096 <wysw2+0x64>
    {
        LCD_GoTo(4,0);
    4062:	60 e0       	ldi	r22, 0x00	; 0
    4064:	84 e0       	ldi	r24, 0x04	; 4
    4066:	0e 94 08 0a 	call	0x1410	; 0x1410 <LCD_GoTo>
        LCD_Int((int) (t * 100 / 250));
    406a:	20 91 26 03 	lds	r18, 0x0326
    406e:	30 91 27 03 	lds	r19, 0x0327
    4072:	44 e6       	ldi	r20, 0x64	; 100
    4074:	42 9f       	mul	r20, r18
    4076:	c0 01       	movw	r24, r0
    4078:	43 9f       	mul	r20, r19
    407a:	90 0d       	add	r25, r0
    407c:	11 24       	eor	r1, r1
    407e:	2a ef       	ldi	r18, 0xFA	; 250
    4080:	30 e0       	ldi	r19, 0x00	; 0
    4082:	b9 01       	movw	r22, r18
    4084:	0e 94 57 33 	call	0x66ae	; 0x66ae <__divmodhi4>
    4088:	cb 01       	movw	r24, r22
    408a:	0e 94 34 0d 	call	0x1a68	; 0x1a68 <LCD_Int>
        LCD_WriteText("%");
    408e:	8b e7       	ldi	r24, 0x7B	; 123
    4090:	92 e0       	ldi	r25, 0x02	; 2
    4092:	0e 94 ea 09 	call	0x13d4	; 0x13d4 <LCD_WriteText>
    }
}
    4096:	0f 90       	pop	r0
    4098:	0f 90       	pop	r0
    409a:	df 91       	pop	r29
    409c:	cf 91       	pop	r28
    409e:	08 95       	ret

000040a0 <wysw3>:

void wysw3( void )// funkcja wyświetlająca - interfejs dla każdego z podprogramów
{
    40a0:	cf 93       	push	r28
    40a2:	df 93       	push	r29
    40a4:	cd b7       	in	r28, 0x3d	; 61
    40a6:	de b7       	in	r29, 0x3e	; 62
    moveStep=0;
    40a8:	10 92 17 03 	sts	0x0317, r1
    PCF8583_get_wall_time();
    40ac:	0e 94 0d 31 	call	0x621a	; 0x621a <PCF8583_get_wall_time>
    LCD_EraseAll();
    40b0:	80 e0       	ldi	r24, 0x00	; 0
    40b2:	90 e0       	ldi	r25, 0x00	; 0
    40b4:	0e 94 2f 0f 	call	0x1e5e	; 0x1e5e <LCD_Erase>
    LCD_GoTo(11,0);
    40b8:	60 e0       	ldi	r22, 0x00	; 0
    40ba:	8b e0       	ldi	r24, 0x0B	; 11
    40bc:	0e 94 08 0a 	call	0x1410	; 0x1410 <LCD_GoTo>
    if(pilot_state == 0) LCD_WriteText("!");
    40c0:	80 91 18 03 	lds	r24, 0x0318
    40c4:	88 23       	and	r24, r24
    40c6:	29 f4       	brne	.+10     	; 0x40d2 <wysw3+0x32>
    40c8:	8d e7       	ldi	r24, 0x7D	; 125
    40ca:	92 e0       	ldi	r25, 0x02	; 2
    40cc:	0e 94 ea 09 	call	0x13d4	; 0x13d4 <LCD_WriteText>
    40d0:	08 c0       	rjmp	.+16     	; 0x40e2 <wysw3+0x42>
    else if(pilot_state == 1) LCD_WriteText("|");
    40d2:	80 91 18 03 	lds	r24, 0x0318
    40d6:	81 30       	cpi	r24, 0x01	; 1
    40d8:	21 f4       	brne	.+8      	; 0x40e2 <wysw3+0x42>
    40da:	8a e5       	ldi	r24, 0x5A	; 90
    40dc:	91 e0       	ldi	r25, 0x01	; 1
    40de:	0e 94 ea 09 	call	0x13d4	; 0x13d4 <LCD_WriteText>

    show_time_format();
    40e2:	0e 94 62 19 	call	0x32c4	; 0x32c4 <show_time_format>

    if(u != 0)
    40e6:	80 91 49 03 	lds	r24, 0x0349
    40ea:	88 23       	and	r24, r24
    40ec:	f1 f0       	breq	.+60     	; 0x412a <wysw3+0x8a>
    {
        PCF8583_get_wall_alarm();//wczytanie wartości umieszczonych w alarmie
    40ee:	0e 94 f6 30 	call	0x61ec	; 0x61ec <PCF8583_get_wall_alarm>

        moveStep=21;
    40f2:	85 e1       	ldi	r24, 0x15	; 21
    40f4:	80 93 17 03 	sts	0x0317, r24
        LCD_GoTo(18, 0);
    40f8:	60 e0       	ldi	r22, 0x00	; 0
    40fa:	82 e1       	ldi	r24, 0x12	; 18
    40fc:	0e 94 08 0a 	call	0x1410	; 0x1410 <LCD_GoTo>
        LCD_WriteText("|");
    4100:	8a e5       	ldi	r24, 0x5A	; 90
    4102:	91 e0       	ldi	r25, 0x01	; 1
    4104:	0e 94 ea 09 	call	0x13d4	; 0x13d4 <LCD_WriteText>

        LCD_GoTo(18, 1);
    4108:	61 e0       	ldi	r22, 0x01	; 1
    410a:	82 e1       	ldi	r24, 0x12	; 18
    410c:	0e 94 08 0a 	call	0x1410	; 0x1410 <LCD_GoTo>
        LCD_WriteText("|");
    4110:	8a e5       	ldi	r24, 0x5A	; 90
    4112:	91 e0       	ldi	r25, 0x01	; 1
    4114:	0e 94 ea 09 	call	0x13d4	; 0x13d4 <LCD_WriteText>
        LCD_GoTo( 0 + moveStep, 1 );
    4118:	80 91 17 03 	lds	r24, 0x0317
    411c:	61 e0       	ldi	r22, 0x01	; 1
    411e:	0e 94 08 0a 	call	0x1410	; 0x1410 <LCD_GoTo>
        show_alarm_format(u);
    4122:	80 91 49 03 	lds	r24, 0x0349
    4126:	0e 94 a4 19 	call	0x3348	; 0x3348 <show_alarm_format>
    }
    LCD_GoTo(12, 0);
    412a:	60 e0       	ldi	r22, 0x00	; 0
    412c:	8c e0       	ldi	r24, 0x0C	; 12
    412e:	0e 94 08 0a 	call	0x1410	; 0x1410 <LCD_GoTo>
    LCD_Double(ds18b20_temperature(),1);
    4132:	0e 94 da 32 	call	0x65b4	; 0x65b4 <ds18b20_temperature>
    4136:	dc 01       	movw	r26, r24
    4138:	cb 01       	movw	r24, r22
    413a:	41 e0       	ldi	r20, 0x01	; 1
    413c:	50 e0       	ldi	r21, 0x00	; 0
    413e:	bc 01       	movw	r22, r24
    4140:	cd 01       	movw	r24, r26
    4142:	0e 94 55 0d 	call	0x1aaa	; 0x1aaa <LCD_Double>

    //LCD_Int( pwm1 );
    //LCD_Int( pwm2 );
    //OCR0 = pwm1;//zmienna przepełnienia Timera 0
}
    4146:	df 91       	pop	r29
    4148:	cf 91       	pop	r28
    414a:	08 95       	ret

0000414c <wysw4>:

void wysw4( void )// funkcja wyświetlająca - interfejs dla każdego z podprogramów
{
    414c:	0f 93       	push	r16
    414e:	1f 93       	push	r17
    4150:	cf 93       	push	r28
    4152:	df 93       	push	r29
    4154:	cd b7       	in	r28, 0x3d	; 61
    4156:	de b7       	in	r29, 0x3e	; 62
    if (u < 0) u = 0;
    4158:	80 91 49 03 	lds	r24, 0x0349
    415c:	88 23       	and	r24, r24
    415e:	14 f4       	brge	.+4      	; 0x4164 <wysw4+0x18>
    4160:	10 92 49 03 	sts	0x0349, r1
    check_step_value(0, u);
    4164:	80 91 49 03 	lds	r24, 0x0349
    4168:	68 2f       	mov	r22, r24
    416a:	80 e0       	ldi	r24, 0x00	; 0
    416c:	0e 94 0d 1c 	call	0x381a	; 0x381a <check_step_value>
    LCD_EraseAll();
    4170:	80 e0       	ldi	r24, 0x00	; 0
    4172:	90 e0       	ldi	r25, 0x00	; 0
    4174:	0e 94 2f 0f 	call	0x1e5e	; 0x1e5e <LCD_Erase>

    if(u == end_of_settings(0))
    4178:	80 91 49 03 	lds	r24, 0x0349
    417c:	08 2f       	mov	r16, r24
    417e:	11 27       	eor	r17, r17
    4180:	07 fd       	sbrc	r16, 7
    4182:	10 95       	com	r17
    4184:	80 e0       	ldi	r24, 0x00	; 0
    4186:	0e 94 66 1c 	call	0x38cc	; 0x38cc <end_of_settings>
    418a:	88 2f       	mov	r24, r24
    418c:	90 e0       	ldi	r25, 0x00	; 0
    418e:	08 17       	cp	r16, r24
    4190:	19 07       	cpc	r17, r25
    4192:	51 f5       	brne	.+84     	; 0x41e8 <wysw4+0x9c>
    {
        PCF8583_set_time(godz,min,sek,hsek);
    4194:	80 91 32 03 	lds	r24, 0x0332
    4198:	28 2f       	mov	r18, r24
    419a:	80 91 43 03 	lds	r24, 0x0343
    419e:	38 2f       	mov	r19, r24
    41a0:	80 91 34 03 	lds	r24, 0x0334
    41a4:	98 2f       	mov	r25, r24
    41a6:	80 91 33 03 	lds	r24, 0x0333
    41aa:	43 2f       	mov	r20, r19
    41ac:	69 2f       	mov	r22, r25
    41ae:	0e 94 e4 2e 	call	0x5dc8	; 0x5dc8 <PCF8583_set_time>
        PCF8583_set_date(dzien,dzien_tygodnia,miesiac,rok);
    41b2:	80 91 44 03 	lds	r24, 0x0344
    41b6:	90 91 45 03 	lds	r25, 0x0345
    41ba:	20 91 35 03 	lds	r18, 0x0335
    41be:	42 2f       	mov	r20, r18
    41c0:	20 91 46 03 	lds	r18, 0x0346
    41c4:	62 2f       	mov	r22, r18
    41c6:	20 91 4a 03 	lds	r18, 0x034A
    41ca:	52 2f       	mov	r21, r18
    41cc:	9c 01       	movw	r18, r24
    41ce:	85 2f       	mov	r24, r21
    41d0:	0e 94 85 2f 	call	0x5f0a	; 0x5f0a <PCF8583_set_date>
        refresh_screen = 0;
    41d4:	10 92 1b 03 	sts	0x031B, r1
        LCD_Clear();
    41d8:	0e 94 1f 0a 	call	0x143e	; 0x143e <LCD_Clear>
        w = 1;
    41dc:	81 e0       	ldi	r24, 0x01	; 1
    41de:	80 93 29 03 	sts	0x0329, r24
        start = 1;
    41e2:	81 e0       	ldi	r24, 0x01	; 1
    41e4:	80 93 6f 00 	sts	0x006F, r24
    }

    if( s != 0 )
    41e8:	80 91 40 03 	lds	r24, 0x0340
    41ec:	88 23       	and	r24, r24
    41ee:	59 f0       	breq	.+22     	; 0x4206 <wysw4+0xba>
    {
        set_appropriate_values_of_time(0, u, s);
    41f0:	90 91 40 03 	lds	r25, 0x0340
    41f4:	80 91 49 03 	lds	r24, 0x0349
    41f8:	49 2f       	mov	r20, r25
    41fa:	68 2f       	mov	r22, r24
    41fc:	80 e0       	ldi	r24, 0x00	; 0
    41fe:	0e 94 e8 1a 	call	0x35d0	; 0x35d0 <set_appropriate_values_of_time>

        s = 0;
    4202:	10 92 40 03 	sts	0x0340, r1
    }

    correction_of_time();
    4206:	0e 94 ae 1c 	call	0x395c	; 0x395c <correction_of_time>

    correction_of_date(0);
    420a:	80 e0       	ldi	r24, 0x00	; 0
    420c:	0e 94 ed 1c 	call	0x39da	; 0x39da <correction_of_date>

    moveStep = 0;
    4210:	10 92 17 03 	sts	0x0317, r1
    show_time_format();
    4214:	0e 94 62 19 	call	0x32c4	; 0x32c4 <show_time_format>

    if( w == 1 )
    4218:	80 91 29 03 	lds	r24, 0x0329
    421c:	81 30       	cpi	r24, 0x01	; 1
    421e:	41 f4       	brne	.+16     	; 0x4230 <wysw4+0xe4>
    {
        setting_information(0, u);
    4220:	80 91 49 03 	lds	r24, 0x0349
    4224:	68 2f       	mov	r22, r24
    4226:	80 e0       	ldi	r24, 0x00	; 0
    4228:	0e 94 22 1a 	call	0x3444	; 0x3444 <setting_information>
        w = 0;
    422c:	10 92 29 03 	sts	0x0329, r1
    }
}
    4230:	df 91       	pop	r29
    4232:	cf 91       	pop	r28
    4234:	1f 91       	pop	r17
    4236:	0f 91       	pop	r16
    4238:	08 95       	ret

0000423a <wysw5>:

void wysw5( void )// funkcja wyświetlająca - interfejs dla każdego z podprogramów
{
    423a:	ef 92       	push	r14
    423c:	0f 93       	push	r16
    423e:	1f 93       	push	r17
    4240:	cf 93       	push	r28
    4242:	df 93       	push	r29
    4244:	cd b7       	in	r28, 0x3d	; 61
    4246:	de b7       	in	r29, 0x3e	; 62

    if (u < -1) u = -1;
    4248:	80 91 49 03 	lds	r24, 0x0349
    424c:	8f 3f       	cpi	r24, 0xFF	; 255
    424e:	1c f4       	brge	.+6      	; 0x4256 <wysw5+0x1c>
    4250:	8f ef       	ldi	r24, 0xFF	; 255
    4252:	80 93 49 03 	sts	0x0349, r24
    check_step_value(c, u);
    4256:	20 91 49 03 	lds	r18, 0x0349
    425a:	80 91 30 03 	lds	r24, 0x0330
    425e:	90 91 31 03 	lds	r25, 0x0331
    4262:	62 2f       	mov	r22, r18
    4264:	0e 94 0d 1c 	call	0x381a	; 0x381a <check_step_value>
    if(u == -1)
    4268:	80 91 49 03 	lds	r24, 0x0349
    426c:	8f 3f       	cpi	r24, 0xFF	; 255
    426e:	49 f5       	brne	.+82     	; 0x42c2 <wysw5+0x88>
    {
        LCD_EraseAll();
    4270:	80 e0       	ldi	r24, 0x00	; 0
    4272:	90 e0       	ldi	r25, 0x00	; 0
    4274:	0e 94 2f 0f 	call	0x1e5e	; 0x1e5e <LCD_Erase>
        if(c < -1) c = 3;
    4278:	80 91 30 03 	lds	r24, 0x0330
    427c:	90 91 31 03 	lds	r25, 0x0331
    4280:	8f 3f       	cpi	r24, 0xFF	; 255
    4282:	2f ef       	ldi	r18, 0xFF	; 255
    4284:	92 07       	cpc	r25, r18
    4286:	3c f4       	brge	.+14     	; 0x4296 <wysw5+0x5c>
    4288:	83 e0       	ldi	r24, 0x03	; 3
    428a:	90 e0       	ldi	r25, 0x00	; 0
    428c:	90 93 31 03 	sts	0x0331, r25
    4290:	80 93 30 03 	sts	0x0330, r24
    4294:	0d c0       	rjmp	.+26     	; 0x42b0 <wysw5+0x76>
        else if(c > 3) c = -1;
    4296:	80 91 30 03 	lds	r24, 0x0330
    429a:	90 91 31 03 	lds	r25, 0x0331
    429e:	84 30       	cpi	r24, 0x04	; 4
    42a0:	91 05       	cpc	r25, r1
    42a2:	34 f0       	brlt	.+12     	; 0x42b0 <wysw5+0x76>
    42a4:	8f ef       	ldi	r24, 0xFF	; 255
    42a6:	9f ef       	ldi	r25, 0xFF	; 255
    42a8:	90 93 31 03 	sts	0x0331, r25
    42ac:	80 93 30 03 	sts	0x0330, r24
        show_list(c, 3);
    42b0:	80 91 30 03 	lds	r24, 0x0330
    42b4:	90 91 31 03 	lds	r25, 0x0331
    42b8:	63 e0       	ldi	r22, 0x03	; 3
    42ba:	70 e0       	ldi	r23, 0x00	; 0
    42bc:	0e 94 76 1e 	call	0x3cec	; 0x3cec <show_list>
    42c0:	d1 c0       	rjmp	.+418    	; 0x4464 <wysw5+0x22a>
    }
    else
    {
        LCD_EraseAll();
    42c2:	80 e0       	ldi	r24, 0x00	; 0
    42c4:	90 e0       	ldi	r25, 0x00	; 0
    42c6:	0e 94 2f 0f 	call	0x1e5e	; 0x1e5e <LCD_Erase>
        if(u == end_of_settings(c) || c == 0 || c == -1)
    42ca:	80 91 49 03 	lds	r24, 0x0349
    42ce:	08 2f       	mov	r16, r24
    42d0:	11 27       	eor	r17, r17
    42d2:	07 fd       	sbrc	r16, 7
    42d4:	10 95       	com	r17
    42d6:	80 91 30 03 	lds	r24, 0x0330
    42da:	90 91 31 03 	lds	r25, 0x0331
    42de:	0e 94 66 1c 	call	0x38cc	; 0x38cc <end_of_settings>
    42e2:	88 2f       	mov	r24, r24
    42e4:	90 e0       	ldi	r25, 0x00	; 0
    42e6:	08 17       	cp	r16, r24
    42e8:	19 07       	cpc	r17, r25
    42ea:	79 f0       	breq	.+30     	; 0x430a <wysw5+0xd0>
    42ec:	80 91 30 03 	lds	r24, 0x0330
    42f0:	90 91 31 03 	lds	r25, 0x0331
    42f4:	00 97       	sbiw	r24, 0x00	; 0
    42f6:	49 f0       	breq	.+18     	; 0x430a <wysw5+0xd0>
    42f8:	80 91 30 03 	lds	r24, 0x0330
    42fc:	90 91 31 03 	lds	r25, 0x0331
    4300:	8f 3f       	cpi	r24, 0xFF	; 255
    4302:	2f ef       	ldi	r18, 0xFF	; 255
    4304:	92 07       	cpc	r25, r18
    4306:	09 f0       	breq	.+2      	; 0x430a <wysw5+0xd0>
    4308:	70 c0       	rjmp	.+224    	; 0x43ea <wysw5+0x1b0>
        {
            start = 1;
    430a:	81 e0       	ldi	r24, 0x01	; 1
    430c:	80 93 6f 00 	sts	0x006F, r24
            w = 1;
    4310:	81 e0       	ldi	r24, 0x01	; 1
    4312:	80 93 29 03 	sts	0x0329, r24
            if(c != -1)
    4316:	80 91 30 03 	lds	r24, 0x0330
    431a:	90 91 31 03 	lds	r25, 0x0331
    431e:	8f 3f       	cpi	r24, 0xFF	; 255
    4320:	2f ef       	ldi	r18, 0xFF	; 255
    4322:	92 07       	cpc	r25, r18
    4324:	09 f4       	brne	.+2      	; 0x4328 <wysw5+0xee>
    4326:	61 c0       	rjmp	.+194    	; 0x43ea <wysw5+0x1b0>
            {
                if(c == 0)
    4328:	80 91 30 03 	lds	r24, 0x0330
    432c:	90 91 31 03 	lds	r25, 0x0331
    4330:	00 97       	sbiw	r24, 0x00	; 0
    4332:	29 f4       	brne	.+10     	; 0x433e <wysw5+0x104>
                {
                    PCF8583_alarm_off();
    4334:	0e 94 43 30 	call	0x6086	; 0x6086 <PCF8583_alarm_off>
                    PCF8583_alarm_flag_off();
    4338:	0e 94 f8 2d 	call	0x5bf0	; 0x5bf0 <PCF8583_alarm_flag_off>
    433c:	56 c0       	rjmp	.+172    	; 0x43ea <wysw5+0x1b0>
                }
                else if(c == 1)
    433e:	80 91 30 03 	lds	r24, 0x0330
    4342:	90 91 31 03 	lds	r25, 0x0331
    4346:	81 30       	cpi	r24, 0x01	; 1
    4348:	91 05       	cpc	r25, r1
    434a:	91 f4       	brne	.+36     	; 0x4370 <wysw5+0x136>
                {
                    PCF8583_alarm_every_day();
    434c:	0e 94 52 30 	call	0x60a4	; 0x60a4 <PCF8583_alarm_every_day>
                    PCF8583_set_alarm_time(godz,min,sek,hsek);
    4350:	80 91 32 03 	lds	r24, 0x0332
    4354:	28 2f       	mov	r18, r24
    4356:	80 91 43 03 	lds	r24, 0x0343
    435a:	38 2f       	mov	r19, r24
    435c:	80 91 34 03 	lds	r24, 0x0334
    4360:	98 2f       	mov	r25, r24
    4362:	80 91 33 03 	lds	r24, 0x0333
    4366:	43 2f       	mov	r20, r19
    4368:	69 2f       	mov	r22, r25
    436a:	0e 94 8f 30 	call	0x611e	; 0x611e <PCF8583_set_alarm_time>
    436e:	3d c0       	rjmp	.+122    	; 0x43ea <wysw5+0x1b0>
                }
                else if(c == 2)
    4370:	80 91 30 03 	lds	r24, 0x0330
    4374:	90 91 31 03 	lds	r25, 0x0331
    4378:	82 30       	cpi	r24, 0x02	; 2
    437a:	91 05       	cpc	r25, r1
    437c:	b1 f4       	brne	.+44     	; 0x43aa <wysw5+0x170>
                {
                    PCF8583_alarm_weekly();
    437e:	0e 94 69 30 	call	0x60d2	; 0x60d2 <PCF8583_alarm_weekly>
                    PCF8583_set_weekly_alarm(miesiac,godz,min,sek,hsek);
    4382:	80 91 32 03 	lds	r24, 0x0332
    4386:	48 2f       	mov	r20, r24
    4388:	80 91 43 03 	lds	r24, 0x0343
    438c:	28 2f       	mov	r18, r24
    438e:	80 91 34 03 	lds	r24, 0x0334
    4392:	38 2f       	mov	r19, r24
    4394:	80 91 33 03 	lds	r24, 0x0333
    4398:	98 2f       	mov	r25, r24
    439a:	80 91 35 03 	lds	r24, 0x0335
    439e:	04 2f       	mov	r16, r20
    43a0:	43 2f       	mov	r20, r19
    43a2:	69 2f       	mov	r22, r25
    43a4:	0e 94 b0 30 	call	0x6160	; 0x6160 <PCF8583_set_weekly_alarm>
    43a8:	20 c0       	rjmp	.+64     	; 0x43ea <wysw5+0x1b0>
                }
                else if(c == 3)
    43aa:	80 91 30 03 	lds	r24, 0x0330
    43ae:	90 91 31 03 	lds	r25, 0x0331
    43b2:	83 30       	cpi	r24, 0x03	; 3
    43b4:	91 05       	cpc	r25, r1
    43b6:	c9 f4       	brne	.+50     	; 0x43ea <wysw5+0x1b0>
                {
                    PCF8583_alarm_monthly();
    43b8:	0e 94 80 30 	call	0x6100	; 0x6100 <PCF8583_alarm_monthly>
                    PCF8583_set_monthly_alarm(dzien,miesiac,godz,min,sek,hsek);
    43bc:	80 91 32 03 	lds	r24, 0x0332
    43c0:	58 2f       	mov	r21, r24
    43c2:	80 91 43 03 	lds	r24, 0x0343
    43c6:	48 2f       	mov	r20, r24
    43c8:	80 91 34 03 	lds	r24, 0x0334
    43cc:	28 2f       	mov	r18, r24
    43ce:	80 91 33 03 	lds	r24, 0x0333
    43d2:	38 2f       	mov	r19, r24
    43d4:	80 91 35 03 	lds	r24, 0x0335
    43d8:	98 2f       	mov	r25, r24
    43da:	80 91 4a 03 	lds	r24, 0x034A
    43de:	e5 2e       	mov	r14, r21
    43e0:	04 2f       	mov	r16, r20
    43e2:	43 2f       	mov	r20, r19
    43e4:	69 2f       	mov	r22, r25
    43e6:	0e 94 d2 30 	call	0x61a4	; 0x61a4 <PCF8583_set_monthly_alarm>
                }
            }
        }

        if( s != 0 )
    43ea:	80 91 40 03 	lds	r24, 0x0340
    43ee:	88 23       	and	r24, r24
    43f0:	71 f0       	breq	.+28     	; 0x440e <wysw5+0x1d4>
        {
            set_appropriate_values_of_time(c, u, s);
    43f2:	30 91 40 03 	lds	r19, 0x0340
    43f6:	20 91 49 03 	lds	r18, 0x0349
    43fa:	80 91 30 03 	lds	r24, 0x0330
    43fe:	90 91 31 03 	lds	r25, 0x0331
    4402:	43 2f       	mov	r20, r19
    4404:	62 2f       	mov	r22, r18
    4406:	0e 94 e8 1a 	call	0x35d0	; 0x35d0 <set_appropriate_values_of_time>

            s = 0;
    440a:	10 92 40 03 	sts	0x0340, r1
        }

        correction_of_time();
    440e:	0e 94 ae 1c 	call	0x395c	; 0x395c <correction_of_time>

        correction_of_date(c);
    4412:	80 91 30 03 	lds	r24, 0x0330
    4416:	90 91 31 03 	lds	r25, 0x0331
    441a:	0e 94 ed 1c 	call	0x39da	; 0x39da <correction_of_date>

        moveStep = 0;
    441e:	10 92 17 03 	sts	0x0317, r1
        show_alarm_format(c);
    4422:	80 91 30 03 	lds	r24, 0x0330
    4426:	90 91 31 03 	lds	r25, 0x0331
    442a:	0e 94 a4 19 	call	0x3348	; 0x3348 <show_alarm_format>

        if( w == 1 )
    442e:	80 91 29 03 	lds	r24, 0x0329
    4432:	81 30       	cpi	r24, 0x01	; 1
    4434:	b9 f4       	brne	.+46     	; 0x4464 <wysw5+0x22a>
        {
            if(c == 0)//specjalny warunek do poprawnego wyświetlenia ustawienia alarmu
    4436:	80 91 30 03 	lds	r24, 0x0330
    443a:	90 91 31 03 	lds	r25, 0x0331
    443e:	00 97       	sbiw	r24, 0x00	; 0
    4440:	31 f4       	brne	.+12     	; 0x444e <wysw5+0x214>
            {
                c = 5;
    4442:	85 e0       	ldi	r24, 0x05	; 5
    4444:	90 e0       	ldi	r25, 0x00	; 0
    4446:	90 93 31 03 	sts	0x0331, r25
    444a:	80 93 30 03 	sts	0x0330, r24
            }
            setting_information(c, u);
    444e:	20 91 49 03 	lds	r18, 0x0349
    4452:	80 91 30 03 	lds	r24, 0x0330
    4456:	90 91 31 03 	lds	r25, 0x0331
    445a:	62 2f       	mov	r22, r18
    445c:	0e 94 22 1a 	call	0x3444	; 0x3444 <setting_information>
            w = 0;
    4460:	10 92 29 03 	sts	0x0329, r1
        }
    }
}
    4464:	df 91       	pop	r29
    4466:	cf 91       	pop	r28
    4468:	1f 91       	pop	r17
    446a:	0f 91       	pop	r16
    446c:	ef 90       	pop	r14
    446e:	08 95       	ret

00004470 <wysw6>:

void wysw6( void )// funkcja wyświetlająca - interfejs dla każdego z podprogramów
{
    4470:	cf 93       	push	r28
    4472:	df 93       	push	r29
    4474:	cd b7       	in	r28, 0x3d	; 61
    4476:	de b7       	in	r29, 0x3e	; 62
    LCD_EraseAll();
    4478:	80 e0       	ldi	r24, 0x00	; 0
    447a:	90 e0       	ldi	r25, 0x00	; 0
    447c:	0e 94 2f 0f 	call	0x1e5e	; 0x1e5e <LCD_Erase>
    if(zwiekszanie > 10) wysw_skok(10);
    4480:	80 91 41 03 	lds	r24, 0x0341
    4484:	90 91 42 03 	lds	r25, 0x0342
    4488:	8b 30       	cpi	r24, 0x0B	; 11
    448a:	91 05       	cpc	r25, r1
    448c:	20 f0       	brcs	.+8      	; 0x4496 <wysw6+0x26>
    448e:	8a e0       	ldi	r24, 0x0A	; 10
    4490:	90 e0       	ldi	r25, 0x00	; 0
    4492:	0e 94 66 17 	call	0x2ecc	; 0x2ecc <wysw_skok>

    if(c < -1) c = lockers_number_of_frames() - 1;
    4496:	80 91 30 03 	lds	r24, 0x0330
    449a:	90 91 31 03 	lds	r25, 0x0331
    449e:	8f 3f       	cpi	r24, 0xFF	; 255
    44a0:	2f ef       	ldi	r18, 0xFF	; 255
    44a2:	92 07       	cpc	r25, r18
    44a4:	54 f4       	brge	.+20     	; 0x44ba <wysw6+0x4a>
    44a6:	0e 94 d0 12 	call	0x25a0	; 0x25a0 <lockers_number_of_frames>
    44aa:	88 2f       	mov	r24, r24
    44ac:	90 e0       	ldi	r25, 0x00	; 0
    44ae:	01 97       	sbiw	r24, 0x01	; 1
    44b0:	90 93 31 03 	sts	0x0331, r25
    44b4:	80 93 30 03 	sts	0x0330, r24
    44b8:	14 c0       	rjmp	.+40     	; 0x44e2 <wysw6+0x72>
    else if(c > lockers_number_of_frames() - 1) c = -1;
    44ba:	0e 94 d0 12 	call	0x25a0	; 0x25a0 <lockers_number_of_frames>
    44be:	88 2f       	mov	r24, r24
    44c0:	90 e0       	ldi	r25, 0x00	; 0
    44c2:	9c 01       	movw	r18, r24
    44c4:	21 50       	subi	r18, 0x01	; 1
    44c6:	31 09       	sbc	r19, r1
    44c8:	80 91 30 03 	lds	r24, 0x0330
    44cc:	90 91 31 03 	lds	r25, 0x0331
    44d0:	28 17       	cp	r18, r24
    44d2:	39 07       	cpc	r19, r25
    44d4:	34 f4       	brge	.+12     	; 0x44e2 <wysw6+0x72>
    44d6:	8f ef       	ldi	r24, 0xFF	; 255
    44d8:	9f ef       	ldi	r25, 0xFF	; 255
    44da:	90 93 31 03 	sts	0x0331, r25
    44de:	80 93 30 03 	sts	0x0330, r24
    show_list(c, lockers_number_of_frames() -1);
    44e2:	0e 94 d0 12 	call	0x25a0	; 0x25a0 <lockers_number_of_frames>
    44e6:	88 2f       	mov	r24, r24
    44e8:	90 e0       	ldi	r25, 0x00	; 0
    44ea:	9c 01       	movw	r18, r24
    44ec:	21 50       	subi	r18, 0x01	; 1
    44ee:	31 09       	sbc	r19, r1
    44f0:	80 91 30 03 	lds	r24, 0x0330
    44f4:	90 91 31 03 	lds	r25, 0x0331
    44f8:	b9 01       	movw	r22, r18
    44fa:	0e 94 76 1e 	call	0x3cec	; 0x3cec <show_list>
}
    44fe:	df 91       	pop	r29
    4500:	cf 91       	pop	r28
    4502:	08 95       	ret

00004504 <wysw>:

void wysw( void ) // funkcja wyświetlająca - interfejs dla każdego z podprogramów
{
    4504:	cf 93       	push	r28
    4506:	df 93       	push	r29
    4508:	cd b7       	in	r28, 0x3d	; 61
    450a:	de b7       	in	r29, 0x3e	; 62
    if( menu == 0 )
    450c:	80 91 16 03 	lds	r24, 0x0316
    4510:	88 23       	and	r24, r24
    4512:	19 f4       	brne	.+6      	; 0x451a <wysw+0x16>
    {
        wysw0();
    4514:	0e 94 bc 1f 	call	0x3f78	; 0x3f78 <wysw0>
    4518:	29 c0       	rjmp	.+82     	; 0x456c <wysw+0x68>
    }
    else if( menu == 1 )
    451a:	80 91 16 03 	lds	r24, 0x0316
    451e:	81 30       	cpi	r24, 0x01	; 1
    4520:	19 f4       	brne	.+6      	; 0x4528 <wysw+0x24>
    {
        wysw1();
    4522:	0e 94 f0 1f 	call	0x3fe0	; 0x3fe0 <wysw1>
    4526:	22 c0       	rjmp	.+68     	; 0x456c <wysw+0x68>
    }
    else if( menu == 2 )
    4528:	80 91 16 03 	lds	r24, 0x0316
    452c:	82 30       	cpi	r24, 0x02	; 2
    452e:	19 f4       	brne	.+6      	; 0x4536 <wysw+0x32>
    {
        wysw2();
    4530:	0e 94 19 20 	call	0x4032	; 0x4032 <wysw2>
    4534:	1b c0       	rjmp	.+54     	; 0x456c <wysw+0x68>
    }
    else if( menu == 3 )
    4536:	80 91 16 03 	lds	r24, 0x0316
    453a:	83 30       	cpi	r24, 0x03	; 3
    453c:	19 f4       	brne	.+6      	; 0x4544 <wysw+0x40>
    {
        wysw3();
    453e:	0e 94 50 20 	call	0x40a0	; 0x40a0 <wysw3>
    4542:	14 c0       	rjmp	.+40     	; 0x456c <wysw+0x68>
    }
    else if( menu == 4 )
    4544:	80 91 16 03 	lds	r24, 0x0316
    4548:	84 30       	cpi	r24, 0x04	; 4
    454a:	19 f4       	brne	.+6      	; 0x4552 <wysw+0x4e>
    {
        wysw4();
    454c:	0e 94 a6 20 	call	0x414c	; 0x414c <wysw4>
    4550:	0d c0       	rjmp	.+26     	; 0x456c <wysw+0x68>
    }
    else if( menu == 5 )
    4552:	80 91 16 03 	lds	r24, 0x0316
    4556:	85 30       	cpi	r24, 0x05	; 5
    4558:	19 f4       	brne	.+6      	; 0x4560 <wysw+0x5c>
    {
        wysw5();
    455a:	0e 94 1d 21 	call	0x423a	; 0x423a <wysw5>
    455e:	06 c0       	rjmp	.+12     	; 0x456c <wysw+0x68>

    }
    else if( menu == 6 )
    4560:	80 91 16 03 	lds	r24, 0x0316
    4564:	86 30       	cpi	r24, 0x06	; 6
    4566:	11 f4       	brne	.+4      	; 0x456c <wysw+0x68>
    {
        wysw6();
    4568:	0e 94 38 22 	call	0x4470	; 0x4470 <wysw6>
    }
}
    456c:	df 91       	pop	r29
    456e:	cf 91       	pop	r28
    4570:	08 95       	ret

00004572 <czynnosc0>:

void czynnosc0( int com, int tog )
{
    4572:	cf 93       	push	r28
    4574:	df 93       	push	r29
    4576:	00 d0       	rcall	.+0      	; 0x4578 <czynnosc0+0x6>
    4578:	00 d0       	rcall	.+0      	; 0x457a <czynnosc0+0x8>
    457a:	cd b7       	in	r28, 0x3d	; 61
    457c:	de b7       	in	r29, 0x3e	; 62
    457e:	9a 83       	std	Y+2, r25	; 0x02
    4580:	89 83       	std	Y+1, r24	; 0x01
    4582:	7c 83       	std	Y+4, r23	; 0x04
    4584:	6b 83       	std	Y+3, r22	; 0x03
    if( com == 32 )
    4586:	89 81       	ldd	r24, Y+1	; 0x01
    4588:	9a 81       	ldd	r25, Y+2	; 0x02
    458a:	80 32       	cpi	r24, 0x20	; 32
    458c:	91 05       	cpc	r25, r1
    458e:	51 f4       	brne	.+20     	; 0x45a4 <czynnosc0+0x32>
    {
        switch_menu += zwiekszanie;
    4590:	80 91 41 03 	lds	r24, 0x0341
    4594:	90 91 42 03 	lds	r25, 0x0342
    4598:	98 2f       	mov	r25, r24
    459a:	80 91 1c 03 	lds	r24, 0x031C
    459e:	89 0f       	add	r24, r25
    45a0:	80 93 1c 03 	sts	0x031C, r24
    }
    if( com == 33 )
    45a4:	89 81       	ldd	r24, Y+1	; 0x01
    45a6:	9a 81       	ldd	r25, Y+2	; 0x02
    45a8:	81 32       	cpi	r24, 0x21	; 33
    45aa:	91 05       	cpc	r25, r1
    45ac:	61 f4       	brne	.+24     	; 0x45c6 <czynnosc0+0x54>
    {
        switch_menu -= zwiekszanie;
    45ae:	80 91 1c 03 	lds	r24, 0x031C
    45b2:	28 2f       	mov	r18, r24
    45b4:	80 91 41 03 	lds	r24, 0x0341
    45b8:	90 91 42 03 	lds	r25, 0x0342
    45bc:	92 2f       	mov	r25, r18
    45be:	98 1b       	sub	r25, r24
    45c0:	89 2f       	mov	r24, r25
    45c2:	80 93 1c 03 	sts	0x031C, r24
    }

    refresh_screen = 1;
    45c6:	81 e0       	ldi	r24, 0x01	; 1
    45c8:	80 93 1b 03 	sts	0x031B, r24
}
    45cc:	0f 90       	pop	r0
    45ce:	0f 90       	pop	r0
    45d0:	0f 90       	pop	r0
    45d2:	0f 90       	pop	r0
    45d4:	df 91       	pop	r29
    45d6:	cf 91       	pop	r28
    45d8:	08 95       	ret

000045da <pisz.2537>:
        rozmiar = 6;

        char * i =  ( char* ) malloc( rozmiar * sizeof (*i) );

        void pisz( void )
        {
    45da:	2f 92       	push	r2
    45dc:	3f 92       	push	r3
    45de:	0f 93       	push	r16
    45e0:	1f 93       	push	r17
    45e2:	cf 93       	push	r28
    45e4:	df 93       	push	r29
    45e6:	cd b7       	in	r28, 0x3d	; 61
    45e8:	de b7       	in	r29, 0x3e	; 62
    45ea:	81 01       	movw	r16, r2
            for( t = 0; t < rozmiar; ++t )
    45ec:	10 92 27 03 	sts	0x0327, r1
    45f0:	10 92 26 03 	sts	0x0326, r1
    45f4:	1c c0       	rjmp	.+56     	; 0x462e <pisz.2537+0x54>
            {
                LCD_WriteData( i[t] );
    45f6:	80 91 26 03 	lds	r24, 0x0326
    45fa:	90 91 27 03 	lds	r25, 0x0327
    45fe:	f8 01       	movw	r30, r16
    4600:	20 81       	ld	r18, Z
    4602:	31 81       	ldd	r19, Z+1	; 0x01
    4604:	82 0f       	add	r24, r18
    4606:	93 1f       	adc	r25, r19
    4608:	fc 01       	movw	r30, r24
    460a:	80 81       	ld	r24, Z
    460c:	0e 94 c2 09 	call	0x1384	; 0x1384 <LCD_WriteData>
                delay_ms_var_double( 50 );
    4610:	60 e0       	ldi	r22, 0x00	; 0
    4612:	70 e0       	ldi	r23, 0x00	; 0
    4614:	88 e4       	ldi	r24, 0x48	; 72
    4616:	92 e4       	ldi	r25, 0x42	; 66
    4618:	0e 94 b5 05 	call	0xb6a	; 0xb6a <delay_ms_var_double>

        char * i =  ( char* ) malloc( rozmiar * sizeof (*i) );

        void pisz( void )
        {
            for( t = 0; t < rozmiar; ++t )
    461c:	80 91 26 03 	lds	r24, 0x0326
    4620:	90 91 27 03 	lds	r25, 0x0327
    4624:	01 96       	adiw	r24, 0x01	; 1
    4626:	90 93 27 03 	sts	0x0327, r25
    462a:	80 93 26 03 	sts	0x0326, r24
    462e:	20 91 26 03 	lds	r18, 0x0326
    4632:	30 91 27 03 	lds	r19, 0x0327
    4636:	80 91 36 03 	lds	r24, 0x0336
    463a:	90 91 37 03 	lds	r25, 0x0337
    463e:	28 17       	cp	r18, r24
    4640:	39 07       	cpc	r19, r25
    4642:	cc f2       	brlt	.-78     	; 0x45f6 <pisz.2537+0x1c>
            {
                LCD_WriteData( i[t] );
                delay_ms_var_double( 50 );
            }
        }
    4644:	df 91       	pop	r29
    4646:	cf 91       	pop	r28
    4648:	1f 91       	pop	r17
    464a:	0f 91       	pop	r16
    464c:	3f 90       	pop	r3
    464e:	2f 90       	pop	r2
    4650:	08 95       	ret

00004652 <czynnosc1>:

    refresh_screen = 1;
}

void czynnosc1( int com, int tog )
{
    4652:	2f 92       	push	r2
    4654:	3f 92       	push	r3
    4656:	0f 93       	push	r16
    4658:	1f 93       	push	r17
    465a:	cf 93       	push	r28
    465c:	df 93       	push	r29
    465e:	cd b7       	in	r28, 0x3d	; 61
    4660:	de b7       	in	r29, 0x3e	; 62
    4662:	ca 55       	subi	r28, 0x5A	; 90
    4664:	d1 09       	sbc	r29, r1
    4666:	0f b6       	in	r0, 0x3f	; 63
    4668:	f8 94       	cli
    466a:	de bf       	out	0x3e, r29	; 62
    466c:	0f be       	out	0x3f, r0	; 63
    466e:	cd bf       	out	0x3d, r28	; 61
    4670:	9e 01       	movw	r18, r28
    4672:	29 5a       	subi	r18, 0xA9	; 169
    4674:	3f 4f       	sbci	r19, 0xFF	; 255
    4676:	f9 01       	movw	r30, r18
    4678:	91 83       	std	Z+1, r25	; 0x01
    467a:	80 83       	st	Z, r24
    467c:	ce 01       	movw	r24, r28
    467e:	87 5a       	subi	r24, 0xA7	; 167
    4680:	9f 4f       	sbci	r25, 0xFF	; 255
    4682:	fc 01       	movw	r30, r24
    4684:	71 83       	std	Z+1, r23	; 0x01
    4686:	60 83       	st	Z, r22
    if ( com == 41 )
    4688:	ce 01       	movw	r24, r28
    468a:	89 5a       	subi	r24, 0xA9	; 169
    468c:	9f 4f       	sbci	r25, 0xFF	; 255
    468e:	fc 01       	movw	r30, r24
    4690:	80 81       	ld	r24, Z
    4692:	91 81       	ldd	r25, Z+1	; 0x01
    4694:	89 32       	cpi	r24, 0x29	; 41
    4696:	91 05       	cpc	r25, r1
    4698:	09 f0       	breq	.+2      	; 0x469c <czynnosc1+0x4a>
    469a:	8b c2       	rjmp	.+1302   	; 0x4bb2 <czynnosc1+0x560>
    {
        pilot_off();
    469c:	0e 94 45 10 	call	0x208a	; 0x208a <pilot_off>
        refresh_screen = 0;
    46a0:	10 92 1b 03 	sts	0x031B, r1
        LCD_Clear();
    46a4:	0e 94 1f 0a 	call	0x143e	; 0x143e <LCD_Clear>
        rozmiar = LCD_CHARSPERLINE;
    46a8:	88 e2       	ldi	r24, 0x28	; 40
    46aa:	90 e0       	ldi	r25, 0x00	; 0
    46ac:	90 93 37 03 	sts	0x0337, r25
    46b0:	80 93 36 03 	sts	0x0336, r24
        char original_text_static[2][40] = { {"ATmega32 programabcdefghijklmnopqrstuvwx"}, {"Dariusz M. proj.yz1234567890987654321!@$"}};
    46b4:	80 e5       	ldi	r24, 0x50	; 80
    46b6:	ea e9       	ldi	r30, 0x9A	; 154
    46b8:	f2 e0       	ldi	r31, 0x02	; 2
    46ba:	de 01       	movw	r26, r28
    46bc:	17 96       	adiw	r26, 0x07	; 7
    46be:	01 90       	ld	r0, Z+
    46c0:	0d 92       	st	X+, r0
    46c2:	8a 95       	dec	r24
    46c4:	e1 f7       	brne	.-8      	; 0x46be <czynnosc1+0x6c>

        char** original_text = ( char** ) malloc( 2 * sizeof (*original_text) );//tablica dwuwymiarowa z testowym napisem
    46c6:	84 e0       	ldi	r24, 0x04	; 4
    46c8:	90 e0       	ldi	r25, 0x00	; 0
    46ca:	0e 94 a0 35 	call	0x6b40	; 0x6b40 <malloc>
    46ce:	9a 83       	std	Y+2, r25	; 0x02
    46d0:	89 83       	std	Y+1, r24	; 0x01

        for ( t = 0; t < 2; ++t )
    46d2:	10 92 27 03 	sts	0x0327, r1
    46d6:	10 92 26 03 	sts	0x0326, r1
    46da:	61 c0       	rjmp	.+194    	; 0x479e <czynnosc1+0x14c>
        {
            original_text[t] = ( char* ) malloc ( LCD_CHARSPERLINE * sizeof ( *original_text ) );
    46dc:	80 91 26 03 	lds	r24, 0x0326
    46e0:	90 91 27 03 	lds	r25, 0x0327
    46e4:	88 0f       	add	r24, r24
    46e6:	99 1f       	adc	r25, r25
    46e8:	29 81       	ldd	r18, Y+1	; 0x01
    46ea:	3a 81       	ldd	r19, Y+2	; 0x02
    46ec:	89 01       	movw	r16, r18
    46ee:	08 0f       	add	r16, r24
    46f0:	19 1f       	adc	r17, r25
    46f2:	80 e5       	ldi	r24, 0x50	; 80
    46f4:	90 e0       	ldi	r25, 0x00	; 0
    46f6:	0e 94 a0 35 	call	0x6b40	; 0x6b40 <malloc>
    46fa:	f8 01       	movw	r30, r16
    46fc:	91 83       	std	Z+1, r25	; 0x01
    46fe:	80 83       	st	Z, r24
            for (u = 0; u < rozmiar; ++u)
    4700:	10 92 49 03 	sts	0x0349, r1
    4704:	35 c0       	rjmp	.+106    	; 0x4770 <czynnosc1+0x11e>
            {
                original_text[t][u] = original_text_static[t][u];
    4706:	80 91 26 03 	lds	r24, 0x0326
    470a:	90 91 27 03 	lds	r25, 0x0327
    470e:	88 0f       	add	r24, r24
    4710:	99 1f       	adc	r25, r25
    4712:	29 81       	ldd	r18, Y+1	; 0x01
    4714:	3a 81       	ldd	r19, Y+2	; 0x02
    4716:	82 0f       	add	r24, r18
    4718:	93 1f       	adc	r25, r19
    471a:	fc 01       	movw	r30, r24
    471c:	20 81       	ld	r18, Z
    471e:	31 81       	ldd	r19, Z+1	; 0x01
    4720:	80 91 49 03 	lds	r24, 0x0349
    4724:	99 27       	eor	r25, r25
    4726:	87 fd       	sbrc	r24, 7
    4728:	90 95       	com	r25
    472a:	82 0f       	add	r24, r18
    472c:	93 1f       	adc	r25, r19
    472e:	60 91 26 03 	lds	r22, 0x0326
    4732:	70 91 27 03 	lds	r23, 0x0327
    4736:	20 91 49 03 	lds	r18, 0x0349
    473a:	33 27       	eor	r19, r19
    473c:	27 fd       	sbrc	r18, 7
    473e:	30 95       	com	r19
    4740:	e8 e2       	ldi	r30, 0x28	; 40
    4742:	e6 9f       	mul	r30, r22
    4744:	a0 01       	movw	r20, r0
    4746:	e7 9f       	mul	r30, r23
    4748:	50 0d       	add	r21, r0
    474a:	11 24       	eor	r1, r1
    474c:	be 01       	movw	r22, r28
    474e:	6f 5f       	subi	r22, 0xFF	; 255
    4750:	7f 4f       	sbci	r23, 0xFF	; 255
    4752:	46 0f       	add	r20, r22
    4754:	57 1f       	adc	r21, r23
    4756:	24 0f       	add	r18, r20
    4758:	35 1f       	adc	r19, r21
    475a:	2a 5f       	subi	r18, 0xFA	; 250
    475c:	3f 4f       	sbci	r19, 0xFF	; 255
    475e:	f9 01       	movw	r30, r18
    4760:	20 81       	ld	r18, Z
    4762:	fc 01       	movw	r30, r24
    4764:	20 83       	st	Z, r18
        char** original_text = ( char** ) malloc( 2 * sizeof (*original_text) );//tablica dwuwymiarowa z testowym napisem

        for ( t = 0; t < 2; ++t )
        {
            original_text[t] = ( char* ) malloc ( LCD_CHARSPERLINE * sizeof ( *original_text ) );
            for (u = 0; u < rozmiar; ++u)
    4766:	80 91 49 03 	lds	r24, 0x0349
    476a:	8f 5f       	subi	r24, 0xFF	; 255
    476c:	80 93 49 03 	sts	0x0349, r24
    4770:	80 91 49 03 	lds	r24, 0x0349
    4774:	28 2f       	mov	r18, r24
    4776:	33 27       	eor	r19, r19
    4778:	27 fd       	sbrc	r18, 7
    477a:	30 95       	com	r19
    477c:	80 91 36 03 	lds	r24, 0x0336
    4780:	90 91 37 03 	lds	r25, 0x0337
    4784:	28 17       	cp	r18, r24
    4786:	39 07       	cpc	r19, r25
    4788:	0c f4       	brge	.+2      	; 0x478c <czynnosc1+0x13a>
    478a:	bd cf       	rjmp	.-134    	; 0x4706 <czynnosc1+0xb4>
        rozmiar = LCD_CHARSPERLINE;
        char original_text_static[2][40] = { {"ATmega32 programabcdefghijklmnopqrstuvwx"}, {"Dariusz M. proj.yz1234567890987654321!@$"}};

        char** original_text = ( char** ) malloc( 2 * sizeof (*original_text) );//tablica dwuwymiarowa z testowym napisem

        for ( t = 0; t < 2; ++t )
    478c:	80 91 26 03 	lds	r24, 0x0326
    4790:	90 91 27 03 	lds	r25, 0x0327
    4794:	01 96       	adiw	r24, 0x01	; 1
    4796:	90 93 27 03 	sts	0x0327, r25
    479a:	80 93 26 03 	sts	0x0326, r24
    479e:	80 91 26 03 	lds	r24, 0x0326
    47a2:	90 91 27 03 	lds	r25, 0x0327
    47a6:	82 30       	cpi	r24, 0x02	; 2
    47a8:	91 05       	cpc	r25, r1
    47aa:	0c f4       	brge	.+2      	; 0x47ae <czynnosc1+0x15c>
    47ac:	97 cf       	rjmp	.-210    	; 0x46dc <czynnosc1+0x8a>
        }

        /*original_text[0] = "ATmega32 programabcdefghijklmnopqrstuvwx";//błąd, bo nie działa przy powtórnym użyciu
        original_text[1] = "Dariusz M. proj.yz1234567890987654321!@$";*/

        for( t = 0; t < LCD_CHARSPERLINE; ++t )
    47ae:	10 92 27 03 	sts	0x0327, r1
    47b2:	10 92 26 03 	sts	0x0326, r1
    47b6:	18 c0       	rjmp	.+48     	; 0x47e8 <czynnosc1+0x196>
        {
            LCD_WriteData( original_text[0][t] );
    47b8:	89 81       	ldd	r24, Y+1	; 0x01
    47ba:	9a 81       	ldd	r25, Y+2	; 0x02
    47bc:	fc 01       	movw	r30, r24
    47be:	20 81       	ld	r18, Z
    47c0:	31 81       	ldd	r19, Z+1	; 0x01
    47c2:	80 91 26 03 	lds	r24, 0x0326
    47c6:	90 91 27 03 	lds	r25, 0x0327
    47ca:	82 0f       	add	r24, r18
    47cc:	93 1f       	adc	r25, r19
    47ce:	fc 01       	movw	r30, r24
    47d0:	80 81       	ld	r24, Z
    47d2:	0e 94 c2 09 	call	0x1384	; 0x1384 <LCD_WriteData>
        }

        /*original_text[0] = "ATmega32 programabcdefghijklmnopqrstuvwx";//błąd, bo nie działa przy powtórnym użyciu
        original_text[1] = "Dariusz M. proj.yz1234567890987654321!@$";*/

        for( t = 0; t < LCD_CHARSPERLINE; ++t )
    47d6:	80 91 26 03 	lds	r24, 0x0326
    47da:	90 91 27 03 	lds	r25, 0x0327
    47de:	01 96       	adiw	r24, 0x01	; 1
    47e0:	90 93 27 03 	sts	0x0327, r25
    47e4:	80 93 26 03 	sts	0x0326, r24
    47e8:	80 91 26 03 	lds	r24, 0x0326
    47ec:	90 91 27 03 	lds	r25, 0x0327
    47f0:	88 32       	cpi	r24, 0x28	; 40
    47f2:	91 05       	cpc	r25, r1
    47f4:	0c f3       	brlt	.-62     	; 0x47b8 <czynnosc1+0x166>
        {
            LCD_WriteData( original_text[0][t] );
        }

        LCD_GoTo( 0, 1 );
    47f6:	61 e0       	ldi	r22, 0x01	; 1
    47f8:	80 e0       	ldi	r24, 0x00	; 0
    47fa:	0e 94 08 0a 	call	0x1410	; 0x1410 <LCD_GoTo>

        for( t = 0; t < LCD_CHARSPERLINE; ++t )
    47fe:	10 92 27 03 	sts	0x0327, r1
    4802:	10 92 26 03 	sts	0x0326, r1
    4806:	19 c0       	rjmp	.+50     	; 0x483a <czynnosc1+0x1e8>
        {
            LCD_WriteData( original_text[1][t] );
    4808:	89 81       	ldd	r24, Y+1	; 0x01
    480a:	9a 81       	ldd	r25, Y+2	; 0x02
    480c:	02 96       	adiw	r24, 0x02	; 2
    480e:	fc 01       	movw	r30, r24
    4810:	20 81       	ld	r18, Z
    4812:	31 81       	ldd	r19, Z+1	; 0x01
    4814:	80 91 26 03 	lds	r24, 0x0326
    4818:	90 91 27 03 	lds	r25, 0x0327
    481c:	82 0f       	add	r24, r18
    481e:	93 1f       	adc	r25, r19
    4820:	fc 01       	movw	r30, r24
    4822:	80 81       	ld	r24, Z
    4824:	0e 94 c2 09 	call	0x1384	; 0x1384 <LCD_WriteData>
            LCD_WriteData( original_text[0][t] );
        }

        LCD_GoTo( 0, 1 );

        for( t = 0; t < LCD_CHARSPERLINE; ++t )
    4828:	80 91 26 03 	lds	r24, 0x0326
    482c:	90 91 27 03 	lds	r25, 0x0327
    4830:	01 96       	adiw	r24, 0x01	; 1
    4832:	90 93 27 03 	sts	0x0327, r25
    4836:	80 93 26 03 	sts	0x0326, r24
    483a:	80 91 26 03 	lds	r24, 0x0326
    483e:	90 91 27 03 	lds	r25, 0x0327
    4842:	88 32       	cpi	r24, 0x28	; 40
    4844:	91 05       	cpc	r25, r1
    4846:	04 f3       	brlt	.-64     	; 0x4808 <czynnosc1+0x1b6>
        {
            LCD_WriteData( original_text[1][t] );
        }

        rozmiar = 40;
    4848:	88 e2       	ldi	r24, 0x28	; 40
    484a:	90 e0       	ldi	r25, 0x00	; 0
    484c:	90 93 37 03 	sts	0x0337, r25
    4850:	80 93 36 03 	sts	0x0336, r24
        u = 1;
    4854:	81 e0       	ldi	r24, 0x01	; 1
    4856:	80 93 49 03 	sts	0x0349, r24

        while( u )
    485a:	6a c1       	rjmp	.+724    	; 0x4b30 <czynnosc1+0x4de>
        {
            char** buffer_table = ( char** ) malloc( 2 * sizeof (*buffer_table) );//tablia dwuwymiarowa jako bufor do odczytu z wyświetlacza
    485c:	84 e0       	ldi	r24, 0x04	; 4
    485e:	90 e0       	ldi	r25, 0x00	; 0
    4860:	0e 94 a0 35 	call	0x6b40	; 0x6b40 <malloc>
    4864:	9c 83       	std	Y+4, r25	; 0x04
    4866:	8b 83       	std	Y+3, r24	; 0x03

            for ( t = 0; t < 2; ++t )
    4868:	10 92 27 03 	sts	0x0327, r1
    486c:	10 92 26 03 	sts	0x0326, r1
    4870:	1f c0       	rjmp	.+62     	; 0x48b0 <czynnosc1+0x25e>
            {
                buffer_table[t] = ( char* ) malloc ( rozmiar * sizeof ( *buffer_table ) );
    4872:	80 91 26 03 	lds	r24, 0x0326
    4876:	90 91 27 03 	lds	r25, 0x0327
    487a:	88 0f       	add	r24, r24
    487c:	99 1f       	adc	r25, r25
    487e:	2b 81       	ldd	r18, Y+3	; 0x03
    4880:	3c 81       	ldd	r19, Y+4	; 0x04
    4882:	89 01       	movw	r16, r18
    4884:	08 0f       	add	r16, r24
    4886:	19 1f       	adc	r17, r25
    4888:	80 91 36 03 	lds	r24, 0x0336
    488c:	90 91 37 03 	lds	r25, 0x0337
    4890:	88 0f       	add	r24, r24
    4892:	99 1f       	adc	r25, r25
    4894:	0e 94 a0 35 	call	0x6b40	; 0x6b40 <malloc>
    4898:	f8 01       	movw	r30, r16
    489a:	91 83       	std	Z+1, r25	; 0x01
    489c:	80 83       	st	Z, r24

        while( u )
        {
            char** buffer_table = ( char** ) malloc( 2 * sizeof (*buffer_table) );//tablia dwuwymiarowa jako bufor do odczytu z wyświetlacza

            for ( t = 0; t < 2; ++t )
    489e:	80 91 26 03 	lds	r24, 0x0326
    48a2:	90 91 27 03 	lds	r25, 0x0327
    48a6:	01 96       	adiw	r24, 0x01	; 1
    48a8:	90 93 27 03 	sts	0x0327, r25
    48ac:	80 93 26 03 	sts	0x0326, r24
    48b0:	80 91 26 03 	lds	r24, 0x0326
    48b4:	90 91 27 03 	lds	r25, 0x0327
    48b8:	82 30       	cpi	r24, 0x02	; 2
    48ba:	91 05       	cpc	r25, r1
    48bc:	d4 f2       	brlt	.-76     	; 0x4872 <czynnosc1+0x220>
            {
                buffer_table[t] = ( char* ) malloc ( rozmiar * sizeof ( *buffer_table ) );
            }

            LCD_Home();
    48be:	0e 94 a7 0a 	call	0x154e	; 0x154e <LCD_Home>

            for( t = 0; t < rozmiar; ++t )
    48c2:	10 92 27 03 	sts	0x0327, r1
    48c6:	10 92 26 03 	sts	0x0326, r1
    48ca:	19 c0       	rjmp	.+50     	; 0x48fe <czynnosc1+0x2ac>
            {
                buffer_table[0][t] = LCD_ReadData();
    48cc:	8b 81       	ldd	r24, Y+3	; 0x03
    48ce:	9c 81       	ldd	r25, Y+4	; 0x04
    48d0:	fc 01       	movw	r30, r24
    48d2:	20 81       	ld	r18, Z
    48d4:	31 81       	ldd	r19, Z+1	; 0x01
    48d6:	80 91 26 03 	lds	r24, 0x0326
    48da:	90 91 27 03 	lds	r25, 0x0327
    48de:	89 01       	movw	r16, r18
    48e0:	08 0f       	add	r16, r24
    48e2:	19 1f       	adc	r17, r25
    48e4:	0e 94 d8 09 	call	0x13b0	; 0x13b0 <LCD_ReadData>
    48e8:	f8 01       	movw	r30, r16
    48ea:	80 83       	st	Z, r24
                buffer_table[t] = ( char* ) malloc ( rozmiar * sizeof ( *buffer_table ) );
            }

            LCD_Home();

            for( t = 0; t < rozmiar; ++t )
    48ec:	80 91 26 03 	lds	r24, 0x0326
    48f0:	90 91 27 03 	lds	r25, 0x0327
    48f4:	01 96       	adiw	r24, 0x01	; 1
    48f6:	90 93 27 03 	sts	0x0327, r25
    48fa:	80 93 26 03 	sts	0x0326, r24
    48fe:	20 91 26 03 	lds	r18, 0x0326
    4902:	30 91 27 03 	lds	r19, 0x0327
    4906:	80 91 36 03 	lds	r24, 0x0336
    490a:	90 91 37 03 	lds	r25, 0x0337
    490e:	28 17       	cp	r18, r24
    4910:	39 07       	cpc	r19, r25
    4912:	e4 f2       	brlt	.-72     	; 0x48cc <czynnosc1+0x27a>
            {
                buffer_table[0][t] = LCD_ReadData();
            }

            LCD_GoTo( 0, 1 );
    4914:	61 e0       	ldi	r22, 0x01	; 1
    4916:	80 e0       	ldi	r24, 0x00	; 0
    4918:	0e 94 08 0a 	call	0x1410	; 0x1410 <LCD_GoTo>

            for( t = 0; t < rozmiar; ++t )
    491c:	10 92 27 03 	sts	0x0327, r1
    4920:	10 92 26 03 	sts	0x0326, r1
    4924:	1a c0       	rjmp	.+52     	; 0x495a <czynnosc1+0x308>
            {
                buffer_table[1][t] = LCD_ReadData();
    4926:	8b 81       	ldd	r24, Y+3	; 0x03
    4928:	9c 81       	ldd	r25, Y+4	; 0x04
    492a:	02 96       	adiw	r24, 0x02	; 2
    492c:	fc 01       	movw	r30, r24
    492e:	20 81       	ld	r18, Z
    4930:	31 81       	ldd	r19, Z+1	; 0x01
    4932:	80 91 26 03 	lds	r24, 0x0326
    4936:	90 91 27 03 	lds	r25, 0x0327
    493a:	89 01       	movw	r16, r18
    493c:	08 0f       	add	r16, r24
    493e:	19 1f       	adc	r17, r25
    4940:	0e 94 d8 09 	call	0x13b0	; 0x13b0 <LCD_ReadData>
    4944:	f8 01       	movw	r30, r16
    4946:	80 83       	st	Z, r24
                buffer_table[0][t] = LCD_ReadData();
            }

            LCD_GoTo( 0, 1 );

            for( t = 0; t < rozmiar; ++t )
    4948:	80 91 26 03 	lds	r24, 0x0326
    494c:	90 91 27 03 	lds	r25, 0x0327
    4950:	01 96       	adiw	r24, 0x01	; 1
    4952:	90 93 27 03 	sts	0x0327, r25
    4956:	80 93 26 03 	sts	0x0326, r24
    495a:	20 91 26 03 	lds	r18, 0x0326
    495e:	30 91 27 03 	lds	r19, 0x0327
    4962:	80 91 36 03 	lds	r24, 0x0336
    4966:	90 91 37 03 	lds	r25, 0x0337
    496a:	28 17       	cp	r18, r24
    496c:	39 07       	cpc	r19, r25
    496e:	dc f2       	brlt	.-74     	; 0x4926 <czynnosc1+0x2d4>
            {
                buffer_table[1][t] = LCD_ReadData();
            }

            LCD_Clear();
    4970:	0e 94 1f 0a 	call	0x143e	; 0x143e <LCD_Clear>

            for( t = 0; t < rozmiar; ++t )
    4974:	10 92 27 03 	sts	0x0327, r1
    4978:	10 92 26 03 	sts	0x0326, r1
    497c:	45 c0       	rjmp	.+138    	; 0x4a08 <czynnosc1+0x3b6>
            {
                if( buffer_table[0][t] != original_text[0][t] || buffer_table[1][t] != original_text[1][t]) u = 0;
    497e:	8b 81       	ldd	r24, Y+3	; 0x03
    4980:	9c 81       	ldd	r25, Y+4	; 0x04
    4982:	fc 01       	movw	r30, r24
    4984:	20 81       	ld	r18, Z
    4986:	31 81       	ldd	r19, Z+1	; 0x01
    4988:	80 91 26 03 	lds	r24, 0x0326
    498c:	90 91 27 03 	lds	r25, 0x0327
    4990:	82 0f       	add	r24, r18
    4992:	93 1f       	adc	r25, r19
    4994:	fc 01       	movw	r30, r24
    4996:	40 81       	ld	r20, Z
    4998:	89 81       	ldd	r24, Y+1	; 0x01
    499a:	9a 81       	ldd	r25, Y+2	; 0x02
    499c:	fc 01       	movw	r30, r24
    499e:	20 81       	ld	r18, Z
    49a0:	31 81       	ldd	r19, Z+1	; 0x01
    49a2:	80 91 26 03 	lds	r24, 0x0326
    49a6:	90 91 27 03 	lds	r25, 0x0327
    49aa:	82 0f       	add	r24, r18
    49ac:	93 1f       	adc	r25, r19
    49ae:	fc 01       	movw	r30, r24
    49b0:	80 81       	ld	r24, Z
    49b2:	48 17       	cp	r20, r24
    49b4:	f1 f4       	brne	.+60     	; 0x49f2 <czynnosc1+0x3a0>
    49b6:	8b 81       	ldd	r24, Y+3	; 0x03
    49b8:	9c 81       	ldd	r25, Y+4	; 0x04
    49ba:	02 96       	adiw	r24, 0x02	; 2
    49bc:	fc 01       	movw	r30, r24
    49be:	20 81       	ld	r18, Z
    49c0:	31 81       	ldd	r19, Z+1	; 0x01
    49c2:	80 91 26 03 	lds	r24, 0x0326
    49c6:	90 91 27 03 	lds	r25, 0x0327
    49ca:	82 0f       	add	r24, r18
    49cc:	93 1f       	adc	r25, r19
    49ce:	fc 01       	movw	r30, r24
    49d0:	40 81       	ld	r20, Z
    49d2:	89 81       	ldd	r24, Y+1	; 0x01
    49d4:	9a 81       	ldd	r25, Y+2	; 0x02
    49d6:	02 96       	adiw	r24, 0x02	; 2
    49d8:	fc 01       	movw	r30, r24
    49da:	20 81       	ld	r18, Z
    49dc:	31 81       	ldd	r19, Z+1	; 0x01
    49de:	80 91 26 03 	lds	r24, 0x0326
    49e2:	90 91 27 03 	lds	r25, 0x0327
    49e6:	82 0f       	add	r24, r18
    49e8:	93 1f       	adc	r25, r19
    49ea:	fc 01       	movw	r30, r24
    49ec:	80 81       	ld	r24, Z
    49ee:	48 17       	cp	r20, r24
    49f0:	11 f0       	breq	.+4      	; 0x49f6 <czynnosc1+0x3a4>
    49f2:	10 92 49 03 	sts	0x0349, r1
                buffer_table[1][t] = LCD_ReadData();
            }

            LCD_Clear();

            for( t = 0; t < rozmiar; ++t )
    49f6:	80 91 26 03 	lds	r24, 0x0326
    49fa:	90 91 27 03 	lds	r25, 0x0327
    49fe:	01 96       	adiw	r24, 0x01	; 1
    4a00:	90 93 27 03 	sts	0x0327, r25
    4a04:	80 93 26 03 	sts	0x0326, r24
    4a08:	20 91 26 03 	lds	r18, 0x0326
    4a0c:	30 91 27 03 	lds	r19, 0x0327
    4a10:	80 91 36 03 	lds	r24, 0x0336
    4a14:	90 91 37 03 	lds	r25, 0x0337
    4a18:	28 17       	cp	r18, r24
    4a1a:	39 07       	cpc	r19, r25
    4a1c:	0c f4       	brge	.+2      	; 0x4a20 <czynnosc1+0x3ce>
    4a1e:	af cf       	rjmp	.-162    	; 0x497e <czynnosc1+0x32c>
            {
                if( buffer_table[0][t] != original_text[0][t] || buffer_table[1][t] != original_text[1][t]) u = 0;
            }

            if ( stop_button() )//jeśli przycisk zatrzymania został wciśnięty
    4a20:	0e 94 ab 11 	call	0x2356	; 0x2356 <stop_button>
    4a24:	00 97       	sbiw	r24, 0x00	; 0
    4a26:	11 f0       	breq	.+4      	; 0x4a2c <czynnosc1+0x3da>
            {
                u = 0;
    4a28:	10 92 49 03 	sts	0x0349, r1
            }

            if( u )
    4a2c:	80 91 49 03 	lds	r24, 0x0349
    4a30:	88 23       	and	r24, r24
    4a32:	09 f4       	brne	.+2      	; 0x4a36 <czynnosc1+0x3e4>
    4a34:	55 c0       	rjmp	.+170    	; 0x4ae0 <czynnosc1+0x48e>
            {
                for( t = 0; t < rozmiar; ++t )
    4a36:	10 92 27 03 	sts	0x0327, r1
    4a3a:	10 92 26 03 	sts	0x0326, r1
    4a3e:	18 c0       	rjmp	.+48     	; 0x4a70 <czynnosc1+0x41e>
                {
                    LCD_WriteData( buffer_table[0][t] );
    4a40:	8b 81       	ldd	r24, Y+3	; 0x03
    4a42:	9c 81       	ldd	r25, Y+4	; 0x04
    4a44:	fc 01       	movw	r30, r24
    4a46:	20 81       	ld	r18, Z
    4a48:	31 81       	ldd	r19, Z+1	; 0x01
    4a4a:	80 91 26 03 	lds	r24, 0x0326
    4a4e:	90 91 27 03 	lds	r25, 0x0327
    4a52:	82 0f       	add	r24, r18
    4a54:	93 1f       	adc	r25, r19
    4a56:	fc 01       	movw	r30, r24
    4a58:	80 81       	ld	r24, Z
    4a5a:	0e 94 c2 09 	call	0x1384	; 0x1384 <LCD_WriteData>
                u = 0;
            }

            if( u )
            {
                for( t = 0; t < rozmiar; ++t )
    4a5e:	80 91 26 03 	lds	r24, 0x0326
    4a62:	90 91 27 03 	lds	r25, 0x0327
    4a66:	01 96       	adiw	r24, 0x01	; 1
    4a68:	90 93 27 03 	sts	0x0327, r25
    4a6c:	80 93 26 03 	sts	0x0326, r24
    4a70:	20 91 26 03 	lds	r18, 0x0326
    4a74:	30 91 27 03 	lds	r19, 0x0327
    4a78:	80 91 36 03 	lds	r24, 0x0336
    4a7c:	90 91 37 03 	lds	r25, 0x0337
    4a80:	28 17       	cp	r18, r24
    4a82:	39 07       	cpc	r19, r25
    4a84:	ec f2       	brlt	.-70     	; 0x4a40 <czynnosc1+0x3ee>
                {
                    LCD_WriteData( buffer_table[0][t] );
                }

                LCD_GoTo( 0, 1 );
    4a86:	61 e0       	ldi	r22, 0x01	; 1
    4a88:	80 e0       	ldi	r24, 0x00	; 0
    4a8a:	0e 94 08 0a 	call	0x1410	; 0x1410 <LCD_GoTo>

                for( t = 0; t < rozmiar; ++t )
    4a8e:	10 92 27 03 	sts	0x0327, r1
    4a92:	10 92 26 03 	sts	0x0326, r1
    4a96:	19 c0       	rjmp	.+50     	; 0x4aca <czynnosc1+0x478>
                {
                    LCD_WriteData( buffer_table[1][t] );
    4a98:	8b 81       	ldd	r24, Y+3	; 0x03
    4a9a:	9c 81       	ldd	r25, Y+4	; 0x04
    4a9c:	02 96       	adiw	r24, 0x02	; 2
    4a9e:	fc 01       	movw	r30, r24
    4aa0:	20 81       	ld	r18, Z
    4aa2:	31 81       	ldd	r19, Z+1	; 0x01
    4aa4:	80 91 26 03 	lds	r24, 0x0326
    4aa8:	90 91 27 03 	lds	r25, 0x0327
    4aac:	82 0f       	add	r24, r18
    4aae:	93 1f       	adc	r25, r19
    4ab0:	fc 01       	movw	r30, r24
    4ab2:	80 81       	ld	r24, Z
    4ab4:	0e 94 c2 09 	call	0x1384	; 0x1384 <LCD_WriteData>
                    LCD_WriteData( buffer_table[0][t] );
                }

                LCD_GoTo( 0, 1 );

                for( t = 0; t < rozmiar; ++t )
    4ab8:	80 91 26 03 	lds	r24, 0x0326
    4abc:	90 91 27 03 	lds	r25, 0x0327
    4ac0:	01 96       	adiw	r24, 0x01	; 1
    4ac2:	90 93 27 03 	sts	0x0327, r25
    4ac6:	80 93 26 03 	sts	0x0326, r24
    4aca:	20 91 26 03 	lds	r18, 0x0326
    4ace:	30 91 27 03 	lds	r19, 0x0327
    4ad2:	80 91 36 03 	lds	r24, 0x0336
    4ad6:	90 91 37 03 	lds	r25, 0x0337
    4ada:	28 17       	cp	r18, r24
    4adc:	39 07       	cpc	r19, r25
    4ade:	e4 f2       	brlt	.-72     	; 0x4a98 <czynnosc1+0x446>
                {
                    LCD_WriteData( buffer_table[1][t] );
                }
            }

            for ( t = 0; t < 2; ++t )
    4ae0:	10 92 27 03 	sts	0x0327, r1
    4ae4:	10 92 26 03 	sts	0x0326, r1
    4ae8:	18 c0       	rjmp	.+48     	; 0x4b1a <czynnosc1+0x4c8>
            {
                free( buffer_table[t] );
    4aea:	80 91 26 03 	lds	r24, 0x0326
    4aee:	90 91 27 03 	lds	r25, 0x0327
    4af2:	88 0f       	add	r24, r24
    4af4:	99 1f       	adc	r25, r25
    4af6:	2b 81       	ldd	r18, Y+3	; 0x03
    4af8:	3c 81       	ldd	r19, Y+4	; 0x04
    4afa:	82 0f       	add	r24, r18
    4afc:	93 1f       	adc	r25, r19
    4afe:	fc 01       	movw	r30, r24
    4b00:	80 81       	ld	r24, Z
    4b02:	91 81       	ldd	r25, Z+1	; 0x01
    4b04:	0e 94 38 36 	call	0x6c70	; 0x6c70 <free>
                {
                    LCD_WriteData( buffer_table[1][t] );
                }
            }

            for ( t = 0; t < 2; ++t )
    4b08:	80 91 26 03 	lds	r24, 0x0326
    4b0c:	90 91 27 03 	lds	r25, 0x0327
    4b10:	01 96       	adiw	r24, 0x01	; 1
    4b12:	90 93 27 03 	sts	0x0327, r25
    4b16:	80 93 26 03 	sts	0x0326, r24
    4b1a:	80 91 26 03 	lds	r24, 0x0326
    4b1e:	90 91 27 03 	lds	r25, 0x0327
    4b22:	82 30       	cpi	r24, 0x02	; 2
    4b24:	91 05       	cpc	r25, r1
    4b26:	0c f3       	brlt	.-62     	; 0x4aea <czynnosc1+0x498>
            {
                free( buffer_table[t] );
            }
            free( buffer_table );
    4b28:	8b 81       	ldd	r24, Y+3	; 0x03
    4b2a:	9c 81       	ldd	r25, Y+4	; 0x04
    4b2c:	0e 94 38 36 	call	0x6c70	; 0x6c70 <free>
        }

        rozmiar = 40;
        u = 1;

        while( u )
    4b30:	80 91 49 03 	lds	r24, 0x0349
    4b34:	88 23       	and	r24, r24
    4b36:	09 f0       	breq	.+2      	; 0x4b3a <czynnosc1+0x4e8>
    4b38:	91 ce       	rjmp	.-734    	; 0x485c <czynnosc1+0x20a>
                free( buffer_table[t] );
            }
            free( buffer_table );
        }

        for ( t = 0; t < 2; ++t )
    4b3a:	10 92 27 03 	sts	0x0327, r1
    4b3e:	10 92 26 03 	sts	0x0326, r1
    4b42:	18 c0       	rjmp	.+48     	; 0x4b74 <czynnosc1+0x522>
        {
            free( original_text[t] );
    4b44:	80 91 26 03 	lds	r24, 0x0326
    4b48:	90 91 27 03 	lds	r25, 0x0327
    4b4c:	88 0f       	add	r24, r24
    4b4e:	99 1f       	adc	r25, r25
    4b50:	29 81       	ldd	r18, Y+1	; 0x01
    4b52:	3a 81       	ldd	r19, Y+2	; 0x02
    4b54:	82 0f       	add	r24, r18
    4b56:	93 1f       	adc	r25, r19
    4b58:	fc 01       	movw	r30, r24
    4b5a:	80 81       	ld	r24, Z
    4b5c:	91 81       	ldd	r25, Z+1	; 0x01
    4b5e:	0e 94 38 36 	call	0x6c70	; 0x6c70 <free>
                free( buffer_table[t] );
            }
            free( buffer_table );
        }

        for ( t = 0; t < 2; ++t )
    4b62:	80 91 26 03 	lds	r24, 0x0326
    4b66:	90 91 27 03 	lds	r25, 0x0327
    4b6a:	01 96       	adiw	r24, 0x01	; 1
    4b6c:	90 93 27 03 	sts	0x0327, r25
    4b70:	80 93 26 03 	sts	0x0326, r24
    4b74:	80 91 26 03 	lds	r24, 0x0326
    4b78:	90 91 27 03 	lds	r25, 0x0327
    4b7c:	82 30       	cpi	r24, 0x02	; 2
    4b7e:	91 05       	cpc	r25, r1
    4b80:	0c f3       	brlt	.-62     	; 0x4b44 <czynnosc1+0x4f2>
        {
            free( original_text[t] );
        }
        free( original_text );
    4b82:	89 81       	ldd	r24, Y+1	; 0x01
    4b84:	9a 81       	ldd	r25, Y+2	; 0x02
    4b86:	0e 94 38 36 	call	0x6c70	; 0x6c70 <free>

        buzzer();
    4b8a:	0e 94 1c 17 	call	0x2e38	; 0x2e38 <buzzer>
        delay_ms_var_double(10);
    4b8e:	60 e0       	ldi	r22, 0x00	; 0
    4b90:	70 e0       	ldi	r23, 0x00	; 0
    4b92:	80 e2       	ldi	r24, 0x20	; 32
    4b94:	91 e4       	ldi	r25, 0x41	; 65
    4b96:	0e 94 b5 05 	call	0xb6a	; 0xb6a <delay_ms_var_double>
        buzzer();
    4b9a:	0e 94 1c 17 	call	0x2e38	; 0x2e38 <buzzer>
        delay_ms_var_double(10);
    4b9e:	60 e0       	ldi	r22, 0x00	; 0
    4ba0:	70 e0       	ldi	r23, 0x00	; 0
    4ba2:	80 e2       	ldi	r24, 0x20	; 32
    4ba4:	91 e4       	ldi	r25, 0x41	; 65
    4ba6:	0e 94 b5 05 	call	0xb6a	; 0xb6a <delay_ms_var_double>
        buzzer();
    4baa:	0e 94 1c 17 	call	0x2e38	; 0x2e38 <buzzer>
        pilot_on();
    4bae:	0e 94 55 10 	call	0x20aa	; 0x20aa <pilot_on>

    }
    if ( com == 12 )
    4bb2:	ce 01       	movw	r24, r28
    4bb4:	89 5a       	subi	r24, 0xA9	; 169
    4bb6:	9f 4f       	sbci	r25, 0xFF	; 255
    4bb8:	fc 01       	movw	r30, r24
    4bba:	80 81       	ld	r24, Z
    4bbc:	91 81       	ldd	r25, Z+1	; 0x01
    4bbe:	8c 30       	cpi	r24, 0x0C	; 12
    4bc0:	91 05       	cpc	r25, r1
    4bc2:	09 f0       	breq	.+2      	; 0x4bc6 <czynnosc1+0x574>
    4bc4:	68 c1       	rjmp	.+720    	; 0x4e96 <czynnosc1+0x844>
    {
        pilot_off();
    4bc6:	0e 94 45 10 	call	0x208a	; 0x208a <pilot_off>
        refresh_screen = 0;
    4bca:	10 92 1b 03 	sts	0x031B, r1
        LCD_Clear();
    4bce:	0e 94 1f 0a 	call	0x143e	; 0x143e <LCD_Clear>
        LCD_Blink();
    4bd2:	84 e0       	ldi	r24, 0x04	; 4
    4bd4:	90 e0       	ldi	r25, 0x00	; 0
    4bd6:	0e 94 78 0f 	call	0x1ef0	; 0x1ef0 <LCD_Displaying>
        LCD_GoTo( 9, 1 );
    4bda:	61 e0       	ldi	r22, 0x01	; 1
    4bdc:	89 e0       	ldi	r24, 0x09	; 9
    4bde:	0e 94 08 0a 	call	0x1410	; 0x1410 <LCD_GoTo>
        LCD_WriteText( "Witaj!" );
    4be2:	8f e7       	ldi	r24, 0x7F	; 127
    4be4:	92 e0       	ldi	r25, 0x02	; 2
    4be6:	0e 94 ea 09 	call	0x13d4	; 0x13d4 <LCD_WriteText>
        delay_ms_var_double( 500 );
    4bea:	60 e0       	ldi	r22, 0x00	; 0
    4bec:	70 e0       	ldi	r23, 0x00	; 0
    4bee:	8a ef       	ldi	r24, 0xFA	; 250
    4bf0:	93 e4       	ldi	r25, 0x43	; 67
    4bf2:	0e 94 b5 05 	call	0xb6a	; 0xb6a <delay_ms_var_double>
        LCD_Home();
    4bf6:	0e 94 a7 0a 	call	0x154e	; 0x154e <LCD_Home>
        LCD_WriteText( "LCD HD44780" );
    4bfa:	86 e8       	ldi	r24, 0x86	; 134
    4bfc:	92 e0       	ldi	r25, 0x02	; 2
    4bfe:	0e 94 ea 09 	call	0x13d4	; 0x13d4 <LCD_WriteText>
        delay_ms_var_double( 500 );
    4c02:	60 e0       	ldi	r22, 0x00	; 0
    4c04:	70 e0       	ldi	r23, 0x00	; 0
    4c06:	8a ef       	ldi	r24, 0xFA	; 250
    4c08:	93 e4       	ldi	r25, 0x43	; 67
    4c0a:	0e 94 b5 05 	call	0xb6a	; 0xb6a <delay_ms_var_double>

        LCD_ShiftRightScreen();
    4c0e:	41 e0       	ldi	r20, 0x01	; 1
    4c10:	50 e0       	ldi	r21, 0x00	; 0
    4c12:	61 e0       	ldi	r22, 0x01	; 1
    4c14:	70 e0       	ldi	r23, 0x00	; 0
    4c16:	80 e0       	ldi	r24, 0x00	; 0
    4c18:	90 e0       	ldi	r25, 0x00	; 0
    4c1a:	0e 94 b9 0e 	call	0x1d72	; 0x1d72 <LCD_MoveRight>
        delay_ms_var_double( 700 );
    4c1e:	60 e0       	ldi	r22, 0x00	; 0
    4c20:	70 e0       	ldi	r23, 0x00	; 0
    4c22:	8f e2       	ldi	r24, 0x2F	; 47
    4c24:	94 e4       	ldi	r25, 0x44	; 68
    4c26:	0e 94 b5 05 	call	0xb6a	; 0xb6a <delay_ms_var_double>

        LCD_ScreenOff();
    4c2a:	82 e0       	ldi	r24, 0x02	; 2
    4c2c:	90 e0       	ldi	r25, 0x00	; 0
    4c2e:	0e 94 78 0f 	call	0x1ef0	; 0x1ef0 <LCD_Displaying>
        delay_ms_var_double( 700 );
    4c32:	60 e0       	ldi	r22, 0x00	; 0
    4c34:	70 e0       	ldi	r23, 0x00	; 0
    4c36:	8f e2       	ldi	r24, 0x2F	; 47
    4c38:	94 e4       	ldi	r25, 0x44	; 68
    4c3a:	0e 94 b5 05 	call	0xb6a	; 0xb6a <delay_ms_var_double>
        LCD_ScreenOn();
    4c3e:	81 e0       	ldi	r24, 0x01	; 1
    4c40:	90 e0       	ldi	r25, 0x00	; 0
    4c42:	0e 94 78 0f 	call	0x1ef0	; 0x1ef0 <LCD_Displaying>
        delay_ms_var_double( 700 );
    4c46:	60 e0       	ldi	r22, 0x00	; 0
    4c48:	70 e0       	ldi	r23, 0x00	; 0
    4c4a:	8f e2       	ldi	r24, 0x2F	; 47
    4c4c:	94 e4       	ldi	r25, 0x44	; 68
    4c4e:	0e 94 b5 05 	call	0xb6a	; 0xb6a <delay_ms_var_double>

        LCD_ScreenOff();
    4c52:	82 e0       	ldi	r24, 0x02	; 2
    4c54:	90 e0       	ldi	r25, 0x00	; 0
    4c56:	0e 94 78 0f 	call	0x1ef0	; 0x1ef0 <LCD_Displaying>
        delay_ms_var_double( 700 );
    4c5a:	60 e0       	ldi	r22, 0x00	; 0
    4c5c:	70 e0       	ldi	r23, 0x00	; 0
    4c5e:	8f e2       	ldi	r24, 0x2F	; 47
    4c60:	94 e4       	ldi	r25, 0x44	; 68
    4c62:	0e 94 b5 05 	call	0xb6a	; 0xb6a <delay_ms_var_double>
        LCD_CursorBlink();
    4c66:	85 e0       	ldi	r24, 0x05	; 5
    4c68:	90 e0       	ldi	r25, 0x00	; 0
    4c6a:	0e 94 78 0f 	call	0x1ef0	; 0x1ef0 <LCD_Displaying>
        delay_ms_var_double( 1000 );
    4c6e:	60 e0       	ldi	r22, 0x00	; 0
    4c70:	70 e0       	ldi	r23, 0x00	; 0
    4c72:	8a e7       	ldi	r24, 0x7A	; 122
    4c74:	94 e4       	ldi	r25, 0x44	; 68
    4c76:	0e 94 b5 05 	call	0xb6a	; 0xb6a <delay_ms_var_double>
        LCD_Blink() ;
    4c7a:	84 e0       	ldi	r24, 0x04	; 4
    4c7c:	90 e0       	ldi	r25, 0x00	; 0
    4c7e:	0e 94 78 0f 	call	0x1ef0	; 0x1ef0 <LCD_Displaying>
        LCD_ShiftRightCursor();
    4c82:	40 e0       	ldi	r20, 0x00	; 0
    4c84:	50 e0       	ldi	r21, 0x00	; 0
    4c86:	61 e0       	ldi	r22, 0x01	; 1
    4c88:	70 e0       	ldi	r23, 0x00	; 0
    4c8a:	80 e0       	ldi	r24, 0x00	; 0
    4c8c:	90 e0       	ldi	r25, 0x00	; 0
    4c8e:	0e 94 b9 0e 	call	0x1d72	; 0x1d72 <LCD_MoveRight>
        delay_ms_var_double( 1000 );
    4c92:	60 e0       	ldi	r22, 0x00	; 0
    4c94:	70 e0       	ldi	r23, 0x00	; 0
    4c96:	8a e7       	ldi	r24, 0x7A	; 122
    4c98:	94 e4       	ldi	r25, 0x44	; 68
    4c9a:	0e 94 b5 05 	call	0xb6a	; 0xb6a <delay_ms_var_double>
        LCD_ShiftLeftCursor();
    4c9e:	40 e0       	ldi	r20, 0x00	; 0
    4ca0:	50 e0       	ldi	r21, 0x00	; 0
    4ca2:	61 e0       	ldi	r22, 0x01	; 1
    4ca4:	70 e0       	ldi	r23, 0x00	; 0
    4ca6:	80 e0       	ldi	r24, 0x00	; 0
    4ca8:	90 e0       	ldi	r25, 0x00	; 0
    4caa:	0e 94 f4 0e 	call	0x1de8	; 0x1de8 <LCD_MoveLeft>
        LCD_Cursor();
    4cae:	83 e0       	ldi	r24, 0x03	; 3
    4cb0:	90 e0       	ldi	r25, 0x00	; 0
    4cb2:	0e 94 78 0f 	call	0x1ef0	; 0x1ef0 <LCD_Displaying>
        delay_ms_var_double( 1000 );
    4cb6:	60 e0       	ldi	r22, 0x00	; 0
    4cb8:	70 e0       	ldi	r23, 0x00	; 0
    4cba:	8a e7       	ldi	r24, 0x7A	; 122
    4cbc:	94 e4       	ldi	r25, 0x44	; 68
    4cbe:	0e 94 b5 05 	call	0xb6a	; 0xb6a <delay_ms_var_double>
        LCD_CursorBlink() ;
    4cc2:	85 e0       	ldi	r24, 0x05	; 5
    4cc4:	90 e0       	ldi	r25, 0x00	; 0
    4cc6:	0e 94 78 0f 	call	0x1ef0	; 0x1ef0 <LCD_Displaying>
        LCD_GoTo( 0, 1 );
    4cca:	61 e0       	ldi	r22, 0x01	; 1
    4ccc:	80 e0       	ldi	r24, 0x00	; 0
    4cce:	0e 94 08 0a 	call	0x1410	; 0x1410 <LCD_GoTo>
        LCD_WriteText( "Czytam:" );
    4cd2:	82 e9       	ldi	r24, 0x92	; 146
    4cd4:	92 e0       	ldi	r25, 0x02	; 2
    4cd6:	0e 94 ea 09 	call	0x13d4	; 0x13d4 <LCD_WriteText>
        delay_ms_var_double( 1500 );
    4cda:	60 e0       	ldi	r22, 0x00	; 0
    4cdc:	70 e8       	ldi	r23, 0x80	; 128
    4cde:	8b eb       	ldi	r24, 0xBB	; 187
    4ce0:	94 e4       	ldi	r25, 0x44	; 68
    4ce2:	0e 94 b5 05 	call	0xb6a	; 0xb6a <delay_ms_var_double>

        LCD_GoTo( 9, 1 );
    4ce6:	61 e0       	ldi	r22, 0x01	; 1
    4ce8:	89 e0       	ldi	r24, 0x09	; 9
    4cea:	0e 94 08 0a 	call	0x1410	; 0x1410 <LCD_GoTo>

        rozmiar = 6;
    4cee:	86 e0       	ldi	r24, 0x06	; 6
    4cf0:	90 e0       	ldi	r25, 0x00	; 0
    4cf2:	90 93 37 03 	sts	0x0337, r25
    4cf6:	80 93 36 03 	sts	0x0336, r24

        char * i =  ( char* ) malloc( rozmiar * sizeof (*i) );
    4cfa:	80 91 36 03 	lds	r24, 0x0336
    4cfe:	90 91 37 03 	lds	r25, 0x0337
    4d02:	0e 94 a0 35 	call	0x6b40	; 0x6b40 <malloc>
    4d06:	9e 83       	std	Y+6, r25	; 0x06
    4d08:	8d 83       	std	Y+5, r24	; 0x05
                LCD_WriteData( i[t] );
                delay_ms_var_double( 50 );
            }
        }

        for( t = 0; t < rozmiar; ++t )
    4d0a:	10 92 27 03 	sts	0x0327, r1
    4d0e:	10 92 26 03 	sts	0x0326, r1
    4d12:	1c c0       	rjmp	.+56     	; 0x4d4c <czynnosc1+0x6fa>
        {
            i[t] = LCD_ReadData();
    4d14:	80 91 26 03 	lds	r24, 0x0326
    4d18:	90 91 27 03 	lds	r25, 0x0327
    4d1c:	2d 81       	ldd	r18, Y+5	; 0x05
    4d1e:	3e 81       	ldd	r19, Y+6	; 0x06
    4d20:	89 01       	movw	r16, r18
    4d22:	08 0f       	add	r16, r24
    4d24:	19 1f       	adc	r17, r25
    4d26:	0e 94 d8 09 	call	0x13b0	; 0x13b0 <LCD_ReadData>
    4d2a:	f8 01       	movw	r30, r16
    4d2c:	80 83       	st	Z, r24
            delay_ms_var_double( 100 );
    4d2e:	60 e0       	ldi	r22, 0x00	; 0
    4d30:	70 e0       	ldi	r23, 0x00	; 0
    4d32:	88 ec       	ldi	r24, 0xC8	; 200
    4d34:	92 e4       	ldi	r25, 0x42	; 66
    4d36:	0e 94 b5 05 	call	0xb6a	; 0xb6a <delay_ms_var_double>
                LCD_WriteData( i[t] );
                delay_ms_var_double( 50 );
            }
        }

        for( t = 0; t < rozmiar; ++t )
    4d3a:	80 91 26 03 	lds	r24, 0x0326
    4d3e:	90 91 27 03 	lds	r25, 0x0327
    4d42:	01 96       	adiw	r24, 0x01	; 1
    4d44:	90 93 27 03 	sts	0x0327, r25
    4d48:	80 93 26 03 	sts	0x0326, r24
    4d4c:	20 91 26 03 	lds	r18, 0x0326
    4d50:	30 91 27 03 	lds	r19, 0x0327
    4d54:	80 91 36 03 	lds	r24, 0x0336
    4d58:	90 91 37 03 	lds	r25, 0x0337
    4d5c:	28 17       	cp	r18, r24
    4d5e:	39 07       	cpc	r19, r25
    4d60:	cc f2       	brlt	.-78     	; 0x4d14 <czynnosc1+0x6c2>
        {
            i[t] = LCD_ReadData();
            delay_ms_var_double( 100 );
        }

        LCD_ShiftLeftScreen();
    4d62:	41 e0       	ldi	r20, 0x01	; 1
    4d64:	50 e0       	ldi	r21, 0x00	; 0
    4d66:	61 e0       	ldi	r22, 0x01	; 1
    4d68:	70 e0       	ldi	r23, 0x00	; 0
    4d6a:	80 e0       	ldi	r24, 0x00	; 0
    4d6c:	90 e0       	ldi	r25, 0x00	; 0
    4d6e:	0e 94 f4 0e 	call	0x1de8	; 0x1de8 <LCD_MoveLeft>
        delay_ms_var_double( 1500 );
    4d72:	60 e0       	ldi	r22, 0x00	; 0
    4d74:	70 e8       	ldi	r23, 0x80	; 128
    4d76:	8b eb       	ldi	r24, 0xBB	; 187
    4d78:	94 e4       	ldi	r25, 0x44	; 68
    4d7a:	0e 94 b5 05 	call	0xb6a	; 0xb6a <delay_ms_var_double>

        LCD_Cursor();
    4d7e:	83 e0       	ldi	r24, 0x03	; 3
    4d80:	90 e0       	ldi	r25, 0x00	; 0
    4d82:	0e 94 78 0f 	call	0x1ef0	; 0x1ef0 <LCD_Displaying>
        LCD_EraseAll();
    4d86:	80 e0       	ldi	r24, 0x00	; 0
    4d88:	90 e0       	ldi	r25, 0x00	; 0
    4d8a:	0e 94 2f 0f 	call	0x1e5e	; 0x1e5e <LCD_Erase>
        delay_ms_var_double( 1500 );
    4d8e:	60 e0       	ldi	r22, 0x00	; 0
    4d90:	70 e8       	ldi	r23, 0x80	; 128
    4d92:	8b eb       	ldi	r24, 0xBB	; 187
    4d94:	94 e4       	ldi	r25, 0x44	; 68
    4d96:	0e 94 b5 05 	call	0xb6a	; 0xb6a <delay_ms_var_double>
        LCD_GoTo( 0, 1 );
    4d9a:	61 e0       	ldi	r22, 0x01	; 1
    4d9c:	80 e0       	ldi	r24, 0x00	; 0
    4d9e:	0e 94 08 0a 	call	0x1410	; 0x1410 <LCD_GoTo>
        pisz();
    4da2:	ce 01       	movw	r24, r28
    4da4:	05 96       	adiw	r24, 0x05	; 5
    4da6:	1c 01       	movw	r2, r24
    4da8:	0e 94 ed 22 	call	0x45da	; 0x45da <pisz.2537>
        LCD_Blink();
    4dac:	84 e0       	ldi	r24, 0x04	; 4
    4dae:	90 e0       	ldi	r25, 0x00	; 0
    4db0:	0e 94 78 0f 	call	0x1ef0	; 0x1ef0 <LCD_Displaying>
        LCD_GoTo( 9, 0 );
    4db4:	60 e0       	ldi	r22, 0x00	; 0
    4db6:	89 e0       	ldi	r24, 0x09	; 9
    4db8:	0e 94 08 0a 	call	0x1410	; 0x1410 <LCD_GoTo>
        pisz();
    4dbc:	ce 01       	movw	r24, r28
    4dbe:	05 96       	adiw	r24, 0x05	; 5
    4dc0:	1c 01       	movw	r2, r24
    4dc2:	0e 94 ed 22 	call	0x45da	; 0x45da <pisz.2537>
        LCD_GoTo( 8, 1 );
    4dc6:	61 e0       	ldi	r22, 0x01	; 1
    4dc8:	88 e0       	ldi	r24, 0x08	; 8
    4dca:	0e 94 08 0a 	call	0x1410	; 0x1410 <LCD_GoTo>
        LCD_CursorBlink();
    4dce:	85 e0       	ldi	r24, 0x05	; 5
    4dd0:	90 e0       	ldi	r25, 0x00	; 0
    4dd2:	0e 94 78 0f 	call	0x1ef0	; 0x1ef0 <LCD_Displaying>
        pisz();
    4dd6:	ce 01       	movw	r24, r28
    4dd8:	05 96       	adiw	r24, 0x05	; 5
    4dda:	1c 01       	movw	r2, r24
    4ddc:	0e 94 ed 22 	call	0x45da	; 0x45da <pisz.2537>
        LCD_GoTo( 1, 0 );
    4de0:	60 e0       	ldi	r22, 0x00	; 0
    4de2:	81 e0       	ldi	r24, 0x01	; 1
    4de4:	0e 94 08 0a 	call	0x1410	; 0x1410 <LCD_GoTo>
        pisz();
    4de8:	ce 01       	movw	r24, r28
    4dea:	05 96       	adiw	r24, 0x05	; 5
    4dec:	1c 01       	movw	r2, r24
    4dee:	0e 94 ed 22 	call	0x45da	; 0x45da <pisz.2537>

        free( i );
    4df2:	8d 81       	ldd	r24, Y+5	; 0x05
    4df4:	9e 81       	ldd	r25, Y+6	; 0x06
    4df6:	0e 94 38 36 	call	0x6c70	; 0x6c70 <free>

        LCD_Cursor();
    4dfa:	83 e0       	ldi	r24, 0x03	; 3
    4dfc:	90 e0       	ldi	r25, 0x00	; 0
    4dfe:	0e 94 78 0f 	call	0x1ef0	; 0x1ef0 <LCD_Displaying>
        delay_ms_var_double( 1500 );
    4e02:	60 e0       	ldi	r22, 0x00	; 0
    4e04:	70 e8       	ldi	r23, 0x80	; 128
    4e06:	8b eb       	ldi	r24, 0xBB	; 187
    4e08:	94 e4       	ldi	r25, 0x44	; 68
    4e0a:	0e 94 b5 05 	call	0xb6a	; 0xb6a <delay_ms_var_double>
        LCD_PageUpScreen ();
    4e0e:	41 e0       	ldi	r20, 0x01	; 1
    4e10:	50 e0       	ldi	r21, 0x00	; 0
    4e12:	6f e0       	ldi	r22, 0x0F	; 15
    4e14:	70 e0       	ldi	r23, 0x00	; 0
    4e16:	84 e1       	ldi	r24, 0x14	; 20
    4e18:	90 e0       	ldi	r25, 0x00	; 0
    4e1a:	0e 94 b9 0e 	call	0x1d72	; 0x1d72 <LCD_MoveRight>
        LCD_PageDownScreen();
    4e1e:	41 e0       	ldi	r20, 0x01	; 1
    4e20:	50 e0       	ldi	r21, 0x00	; 0
    4e22:	6f e0       	ldi	r22, 0x0F	; 15
    4e24:	70 e0       	ldi	r23, 0x00	; 0
    4e26:	84 e1       	ldi	r24, 0x14	; 20
    4e28:	90 e0       	ldi	r25, 0x00	; 0
    4e2a:	0e 94 f4 0e 	call	0x1de8	; 0x1de8 <LCD_MoveLeft>
        LCD_EraseUp();
    4e2e:	81 e0       	ldi	r24, 0x01	; 1
    4e30:	90 e0       	ldi	r25, 0x00	; 0
    4e32:	0e 94 2f 0f 	call	0x1e5e	; 0x1e5e <LCD_Erase>
        LCD_Blink();
    4e36:	84 e0       	ldi	r24, 0x04	; 4
    4e38:	90 e0       	ldi	r25, 0x00	; 0
    4e3a:	0e 94 78 0f 	call	0x1ef0	; 0x1ef0 <LCD_Displaying>
        delay_ms_var_double( 1000 );
    4e3e:	60 e0       	ldi	r22, 0x00	; 0
    4e40:	70 e0       	ldi	r23, 0x00	; 0
    4e42:	8a e7       	ldi	r24, 0x7A	; 122
    4e44:	94 e4       	ldi	r25, 0x44	; 68
    4e46:	0e 94 b5 05 	call	0xb6a	; 0xb6a <delay_ms_var_double>
        LCD_PageDownScreen();
    4e4a:	41 e0       	ldi	r20, 0x01	; 1
    4e4c:	50 e0       	ldi	r21, 0x00	; 0
    4e4e:	6f e0       	ldi	r22, 0x0F	; 15
    4e50:	70 e0       	ldi	r23, 0x00	; 0
    4e52:	84 e1       	ldi	r24, 0x14	; 20
    4e54:	90 e0       	ldi	r25, 0x00	; 0
    4e56:	0e 94 f4 0e 	call	0x1de8	; 0x1de8 <LCD_MoveLeft>
        LCD_PageUpScreen();
    4e5a:	41 e0       	ldi	r20, 0x01	; 1
    4e5c:	50 e0       	ldi	r21, 0x00	; 0
    4e5e:	6f e0       	ldi	r22, 0x0F	; 15
    4e60:	70 e0       	ldi	r23, 0x00	; 0
    4e62:	84 e1       	ldi	r24, 0x14	; 20
    4e64:	90 e0       	ldi	r25, 0x00	; 0
    4e66:	0e 94 b9 0e 	call	0x1d72	; 0x1d72 <LCD_MoveRight>
        LCD_Cursor();
    4e6a:	83 e0       	ldi	r24, 0x03	; 3
    4e6c:	90 e0       	ldi	r25, 0x00	; 0
    4e6e:	0e 94 78 0f 	call	0x1ef0	; 0x1ef0 <LCD_Displaying>
        LCD_EraseDown();
    4e72:	82 e0       	ldi	r24, 0x02	; 2
    4e74:	90 e0       	ldi	r25, 0x00	; 0
    4e76:	0e 94 2f 0f 	call	0x1e5e	; 0x1e5e <LCD_Erase>
        delay_ms_var_double( 500 );
    4e7a:	60 e0       	ldi	r22, 0x00	; 0
    4e7c:	70 e0       	ldi	r23, 0x00	; 0
    4e7e:	8a ef       	ldi	r24, 0xFA	; 250
    4e80:	93 e4       	ldi	r25, 0x43	; 67
    4e82:	0e 94 b5 05 	call	0xb6a	; 0xb6a <delay_ms_var_double>

        LCD_Clear();
    4e86:	0e 94 1f 0a 	call	0x143e	; 0x143e <LCD_Clear>
        LCD_ScreenOn();
    4e8a:	81 e0       	ldi	r24, 0x01	; 1
    4e8c:	90 e0       	ldi	r25, 0x00	; 0
    4e8e:	0e 94 78 0f 	call	0x1ef0	; 0x1ef0 <LCD_Displaying>
        pilot_on();
    4e92:	0e 94 55 10 	call	0x20aa	; 0x20aa <pilot_on>
    }
    LCD_Displaying( com );
    4e96:	ce 01       	movw	r24, r28
    4e98:	89 5a       	subi	r24, 0xA9	; 169
    4e9a:	9f 4f       	sbci	r25, 0xFF	; 255
    4e9c:	fc 01       	movw	r30, r24
    4e9e:	80 81       	ld	r24, Z
    4ea0:	91 81       	ldd	r25, Z+1	; 0x01
    4ea2:	0e 94 78 0f 	call	0x1ef0	; 0x1ef0 <LCD_Displaying>
    wysw();
    4ea6:	0e 94 82 22 	call	0x4504	; 0x4504 <wysw>
}
    4eaa:	c6 5a       	subi	r28, 0xA6	; 166
    4eac:	df 4f       	sbci	r29, 0xFF	; 255
    4eae:	0f b6       	in	r0, 0x3f	; 63
    4eb0:	f8 94       	cli
    4eb2:	de bf       	out	0x3e, r29	; 62
    4eb4:	0f be       	out	0x3f, r0	; 63
    4eb6:	cd bf       	out	0x3d, r28	; 61
    4eb8:	df 91       	pop	r29
    4eba:	cf 91       	pop	r28
    4ebc:	1f 91       	pop	r17
    4ebe:	0f 91       	pop	r16
    4ec0:	3f 90       	pop	r3
    4ec2:	2f 90       	pop	r2
    4ec4:	08 95       	ret

00004ec6 <czynnosc2>:

void czynnosc2( int com, int tog )
{
    4ec6:	cf 93       	push	r28
    4ec8:	df 93       	push	r29
    4eca:	cd b7       	in	r28, 0x3d	; 61
    4ecc:	de b7       	in	r29, 0x3e	; 62
    4ece:	62 97       	sbiw	r28, 0x12	; 18
    4ed0:	0f b6       	in	r0, 0x3f	; 63
    4ed2:	f8 94       	cli
    4ed4:	de bf       	out	0x3e, r29	; 62
    4ed6:	0f be       	out	0x3f, r0	; 63
    4ed8:	cd bf       	out	0x3d, r28	; 61
    4eda:	9a 83       	std	Y+2, r25	; 0x02
    4edc:	89 83       	std	Y+1, r24	; 0x01
    4ede:	7c 83       	std	Y+4, r23	; 0x04
    4ee0:	6b 83       	std	Y+3, r22	; 0x03
    if ( com == 41 || com == 100)
    4ee2:	89 81       	ldd	r24, Y+1	; 0x01
    4ee4:	9a 81       	ldd	r25, Y+2	; 0x02
    4ee6:	89 32       	cpi	r24, 0x29	; 41
    4ee8:	91 05       	cpc	r25, r1
    4eea:	31 f0       	breq	.+12     	; 0x4ef8 <czynnosc2+0x32>
    4eec:	89 81       	ldd	r24, Y+1	; 0x01
    4eee:	9a 81       	ldd	r25, Y+2	; 0x02
    4ef0:	84 36       	cpi	r24, 0x64	; 100
    4ef2:	91 05       	cpc	r25, r1
    4ef4:	09 f0       	breq	.+2      	; 0x4ef8 <czynnosc2+0x32>
    4ef6:	04 c1       	rjmp	.+520    	; 0x5100 <czynnosc2+0x23a>
    {
        //reakcja na naciśnięcie przycisku "stop"
        //reakcja na naciśnięcie przyciku z pilota RC5

        t = 1;//zmienna odpowiedzialna za ilość podjętych prób losowań
    4ef8:	81 e0       	ldi	r24, 0x01	; 1
    4efa:	90 e0       	ldi	r25, 0x00	; 0
    4efc:	90 93 27 03 	sts	0x0327, r25
    4f00:	80 93 26 03 	sts	0x0326, r24
        u = 1;//zmienna pomocnicza, pamięta wylosowaną liczbę kropek na kostce, przydaje się w różnych trybach wyświetlania
    4f04:	81 e0       	ldi	r24, 0x01	; 1
    4f06:	80 93 49 03 	sts	0x0349, r24

        do
        {
            buzzer_time(0.4);
    4f0a:	6d ec       	ldi	r22, 0xCD	; 205
    4f0c:	7c ec       	ldi	r23, 0xCC	; 204
    4f0e:	8c ec       	ldi	r24, 0xCC	; 204
    4f10:	9e e3       	ldi	r25, 0x3E	; 62
    4f12:	0e 94 3b 17 	call	0x2e76	; 0x2e76 <buzzer_time>
            ++t;
    4f16:	80 91 26 03 	lds	r24, 0x0326
    4f1a:	90 91 27 03 	lds	r25, 0x0327
    4f1e:	01 96       	adiw	r24, 0x01	; 1
    4f20:	90 93 27 03 	sts	0x0327, r25
    4f24:	80 93 26 03 	sts	0x0326, r24
            wysw();
    4f28:	0e 94 82 22 	call	0x4504	; 0x4504 <wysw>
            delay_ms_var_double(750/t+10);//rozpędzanie kostki im dalej, tym szybciej
    4f2c:	20 91 26 03 	lds	r18, 0x0326
    4f30:	30 91 27 03 	lds	r19, 0x0327
    4f34:	8e ee       	ldi	r24, 0xEE	; 238
    4f36:	92 e0       	ldi	r25, 0x02	; 2
    4f38:	b9 01       	movw	r22, r18
    4f3a:	0e 94 57 33 	call	0x66ae	; 0x66ae <__divmodhi4>
    4f3e:	cb 01       	movw	r24, r22
    4f40:	0a 96       	adiw	r24, 0x0a	; 10
    4f42:	aa 27       	eor	r26, r26
    4f44:	97 fd       	sbrc	r25, 7
    4f46:	a0 95       	com	r26
    4f48:	ba 2f       	mov	r27, r26
    4f4a:	bc 01       	movw	r22, r24
    4f4c:	cd 01       	movw	r24, r26
    4f4e:	0e 94 89 34 	call	0x6912	; 0x6912 <__floatsisf>
    4f52:	dc 01       	movw	r26, r24
    4f54:	cb 01       	movw	r24, r22
    4f56:	bc 01       	movw	r22, r24
    4f58:	cd 01       	movw	r24, r26
    4f5a:	0e 94 b5 05 	call	0xb6a	; 0xb6a <delay_ms_var_double>
        }
        while (stop_button() && t != 250);//przerwanie rozpędzania po puszczeniu przyciksu lub po przekroczniu zakresu
    4f5e:	0e 94 ab 11 	call	0x2356	; 0x2356 <stop_button>
    4f62:	00 97       	sbiw	r24, 0x00	; 0
    4f64:	39 f0       	breq	.+14     	; 0x4f74 <czynnosc2+0xae>
    4f66:	80 91 26 03 	lds	r24, 0x0326
    4f6a:	90 91 27 03 	lds	r25, 0x0327
    4f6e:	8a 3f       	cpi	r24, 0xFA	; 250
    4f70:	91 05       	cpc	r25, r1
    4f72:	59 f6       	brne	.-106    	; 0x4f0a <czynnosc2+0x44>

        delay_ms_var_double(200);
    4f74:	60 e0       	ldi	r22, 0x00	; 0
    4f76:	70 e0       	ldi	r23, 0x00	; 0
    4f78:	88 e4       	ldi	r24, 0x48	; 72
    4f7a:	93 e4       	ldi	r25, 0x43	; 67
    4f7c:	0e 94 b5 05 	call	0xb6a	; 0xb6a <delay_ms_var_double>
        PCF8583_get_wall_time();
    4f80:	0e 94 0d 31 	call	0x621a	; 0x621a <PCF8583_get_wall_time>
        for(w = 0; w < hsek; ++w)
    4f84:	10 92 29 03 	sts	0x0329, r1
    4f88:	07 c0       	rjmp	.+14     	; 0x4f98 <czynnosc2+0xd2>
        {
            rand();
    4f8a:	0e 94 15 37 	call	0x6e2a	; 0x6e2a <rand>
        }
        while (stop_button() && t != 250);//przerwanie rozpędzania po puszczeniu przyciksu lub po przekroczniu zakresu

        delay_ms_var_double(200);
        PCF8583_get_wall_time();
        for(w = 0; w < hsek; ++w)
    4f8e:	80 91 29 03 	lds	r24, 0x0329
    4f92:	8f 5f       	subi	r24, 0xFF	; 255
    4f94:	80 93 29 03 	sts	0x0329, r24
    4f98:	90 91 29 03 	lds	r25, 0x0329
    4f9c:	80 91 32 03 	lds	r24, 0x0332
    4fa0:	98 17       	cp	r25, r24
    4fa2:	9c f3       	brlt	.-26     	; 0x4f8a <czynnosc2+0xc4>
        {
            rand();
        }

        while ( t != 1 )
    4fa4:	65 c0       	rjmp	.+202    	; 0x5070 <czynnosc2+0x1aa>
        {
            u=rand()%6 + 1;//wylosowanie liczby oczek na kostce
    4fa6:	0e 94 15 37 	call	0x6e2a	; 0x6e2a <rand>
    4faa:	26 e0       	ldi	r18, 0x06	; 6
    4fac:	30 e0       	ldi	r19, 0x00	; 0
    4fae:	b9 01       	movw	r22, r18
    4fb0:	0e 94 57 33 	call	0x66ae	; 0x66ae <__divmodhi4>
    4fb4:	8f 5f       	subi	r24, 0xFF	; 255
    4fb6:	80 93 49 03 	sts	0x0349, r24

            for(w = 1; w <= u; ++w)//przekulnięcia kostki w danej próbie
    4fba:	81 e0       	ldi	r24, 0x01	; 1
    4fbc:	80 93 29 03 	sts	0x0329, r24
    4fc0:	47 c0       	rjmp	.+142    	; 0x5050 <czynnosc2+0x18a>
            {
                delay_ms_var_double((1+2500/t)/(7-w));//specjalny interwał zwalniający
    4fc2:	20 91 26 03 	lds	r18, 0x0326
    4fc6:	30 91 27 03 	lds	r19, 0x0327
    4fca:	84 ec       	ldi	r24, 0xC4	; 196
    4fcc:	99 e0       	ldi	r25, 0x09	; 9
    4fce:	b9 01       	movw	r22, r18
    4fd0:	0e 94 57 33 	call	0x66ae	; 0x66ae <__divmodhi4>
    4fd4:	cb 01       	movw	r24, r22
    4fd6:	01 96       	adiw	r24, 0x01	; 1
    4fd8:	20 91 29 03 	lds	r18, 0x0329
    4fdc:	33 27       	eor	r19, r19
    4fde:	27 fd       	sbrc	r18, 7
    4fe0:	30 95       	com	r19
    4fe2:	47 e0       	ldi	r20, 0x07	; 7
    4fe4:	50 e0       	ldi	r21, 0x00	; 0
    4fe6:	ba 01       	movw	r22, r20
    4fe8:	62 1b       	sub	r22, r18
    4fea:	73 0b       	sbc	r23, r19
    4fec:	9b 01       	movw	r18, r22
    4fee:	b9 01       	movw	r22, r18
    4ff0:	0e 94 57 33 	call	0x66ae	; 0x66ae <__divmodhi4>
    4ff4:	cb 01       	movw	r24, r22
    4ff6:	aa 27       	eor	r26, r26
    4ff8:	97 fd       	sbrc	r25, 7
    4ffa:	a0 95       	com	r26
    4ffc:	ba 2f       	mov	r27, r26
    4ffe:	bc 01       	movw	r22, r24
    5000:	cd 01       	movw	r24, r26
    5002:	0e 94 89 34 	call	0x6912	; 0x6912 <__floatsisf>
    5006:	dc 01       	movw	r26, r24
    5008:	cb 01       	movw	r24, r22
    500a:	bc 01       	movw	r22, r24
    500c:	cd 01       	movw	r24, r26
    500e:	0e 94 b5 05 	call	0xb6a	; 0xb6a <delay_ms_var_double>
                pozycja = rand() % rozmiar;//wylosowanie pozycji na wyświetlaczu;
    5012:	0e 94 15 37 	call	0x6e2a	; 0x6e2a <rand>
    5016:	20 91 36 03 	lds	r18, 0x0336
    501a:	30 91 37 03 	lds	r19, 0x0337
    501e:	b9 01       	movw	r22, r18
    5020:	0e 94 57 33 	call	0x66ae	; 0x66ae <__divmodhi4>
    5024:	80 93 19 03 	sts	0x0319, r24
                cyfra = w;
    5028:	80 91 29 03 	lds	r24, 0x0329
    502c:	80 93 1a 03 	sts	0x031A, r24
                cube_position(0);
    5030:	80 e0       	ldi	r24, 0x00	; 0
    5032:	0e 94 a5 1e 	call	0x3d4a	; 0x3d4a <cube_position>
                wysw();
    5036:	0e 94 82 22 	call	0x4504	; 0x4504 <wysw>
                buzzer_time(0.8);
    503a:	6d ec       	ldi	r22, 0xCD	; 205
    503c:	7c ec       	ldi	r23, 0xCC	; 204
    503e:	8c e4       	ldi	r24, 0x4C	; 76
    5040:	9f e3       	ldi	r25, 0x3F	; 63
    5042:	0e 94 3b 17 	call	0x2e76	; 0x2e76 <buzzer_time>

        while ( t != 1 )
        {
            u=rand()%6 + 1;//wylosowanie liczby oczek na kostce

            for(w = 1; w <= u; ++w)//przekulnięcia kostki w danej próbie
    5046:	80 91 29 03 	lds	r24, 0x0329
    504a:	8f 5f       	subi	r24, 0xFF	; 255
    504c:	80 93 29 03 	sts	0x0329, r24
    5050:	90 91 29 03 	lds	r25, 0x0329
    5054:	80 91 49 03 	lds	r24, 0x0349
    5058:	89 17       	cp	r24, r25
    505a:	0c f0       	brlt	.+2      	; 0x505e <czynnosc2+0x198>
    505c:	b2 cf       	rjmp	.-156    	; 0x4fc2 <czynnosc2+0xfc>
                cyfra = w;
                cube_position(0);
                wysw();
                buzzer_time(0.8);
            }
            --t;
    505e:	80 91 26 03 	lds	r24, 0x0326
    5062:	90 91 27 03 	lds	r25, 0x0327
    5066:	01 97       	sbiw	r24, 0x01	; 1
    5068:	90 93 27 03 	sts	0x0327, r25
    506c:	80 93 26 03 	sts	0x0326, r24
        for(w = 0; w < hsek; ++w)
        {
            rand();
        }

        while ( t != 1 )
    5070:	80 91 26 03 	lds	r24, 0x0326
    5074:	90 91 27 03 	lds	r25, 0x0327
    5078:	81 30       	cpi	r24, 0x01	; 1
    507a:	91 05       	cpc	r25, r1
    507c:	09 f0       	breq	.+2      	; 0x5080 <czynnosc2+0x1ba>
    507e:	93 cf       	rjmp	.-218    	; 0x4fa6 <czynnosc2+0xe0>
                wysw();
                buzzer_time(0.8);
            }
            --t;
        }
        t++;//przywrócenie efektu z ostatniej tury
    5080:	80 91 26 03 	lds	r24, 0x0326
    5084:	90 91 27 03 	lds	r25, 0x0327
    5088:	01 96       	adiw	r24, 0x01	; 1
    508a:	90 93 27 03 	sts	0x0327, r25
    508e:	80 93 26 03 	sts	0x0326, r24
        if( w < 7 )delay_ms_var_double((1+2500/t)/(7-w));//jeszcze jedno opóźnienie
    5092:	80 91 29 03 	lds	r24, 0x0329
    5096:	87 30       	cpi	r24, 0x07	; 7
    5098:	44 f5       	brge	.+80     	; 0x50ea <czynnosc2+0x224>
    509a:	20 91 26 03 	lds	r18, 0x0326
    509e:	30 91 27 03 	lds	r19, 0x0327
    50a2:	84 ec       	ldi	r24, 0xC4	; 196
    50a4:	99 e0       	ldi	r25, 0x09	; 9
    50a6:	b9 01       	movw	r22, r18
    50a8:	0e 94 57 33 	call	0x66ae	; 0x66ae <__divmodhi4>
    50ac:	cb 01       	movw	r24, r22
    50ae:	01 96       	adiw	r24, 0x01	; 1
    50b0:	20 91 29 03 	lds	r18, 0x0329
    50b4:	33 27       	eor	r19, r19
    50b6:	27 fd       	sbrc	r18, 7
    50b8:	30 95       	com	r19
    50ba:	47 e0       	ldi	r20, 0x07	; 7
    50bc:	50 e0       	ldi	r21, 0x00	; 0
    50be:	fa 01       	movw	r30, r20
    50c0:	e2 1b       	sub	r30, r18
    50c2:	f3 0b       	sbc	r31, r19
    50c4:	9f 01       	movw	r18, r30
    50c6:	b9 01       	movw	r22, r18
    50c8:	0e 94 57 33 	call	0x66ae	; 0x66ae <__divmodhi4>
    50cc:	cb 01       	movw	r24, r22
    50ce:	aa 27       	eor	r26, r26
    50d0:	97 fd       	sbrc	r25, 7
    50d2:	a0 95       	com	r26
    50d4:	ba 2f       	mov	r27, r26
    50d6:	bc 01       	movw	r22, r24
    50d8:	cd 01       	movw	r24, r26
    50da:	0e 94 89 34 	call	0x6912	; 0x6912 <__floatsisf>
    50de:	dc 01       	movw	r26, r24
    50e0:	cb 01       	movw	r24, r22
    50e2:	bc 01       	movw	r22, r24
    50e4:	cd 01       	movw	r24, r26
    50e6:	0e 94 b5 05 	call	0xb6a	; 0xb6a <delay_ms_var_double>
        u = -1;//tryb wyświetlania
    50ea:	8f ef       	ldi	r24, 0xFF	; 255
    50ec:	80 93 49 03 	sts	0x0349, r24

        cube_position(1);
    50f0:	81 e0       	ldi	r24, 0x01	; 1
    50f2:	0e 94 a5 1e 	call	0x3d4a	; 0x3d4a <cube_position>

        u = 0;
    50f6:	10 92 49 03 	sts	0x0349, r1
        refresh_screen = 1;
    50fa:	81 e0       	ldi	r24, 0x01	; 1
    50fc:	80 93 1b 03 	sts	0x031B, r24

        //cy1 = 8;
    }
    if ( com == 59 )
    5100:	89 81       	ldd	r24, Y+1	; 0x01
    5102:	9a 81       	ldd	r25, Y+2	; 0x02
    5104:	8b 33       	cpi	r24, 0x3B	; 59
    5106:	91 05       	cpc	r25, r1
    5108:	61 f4       	brne	.+24     	; 0x5122 <czynnosc2+0x25c>
    {
        cyfra = 0;
    510a:	10 92 1a 03 	sts	0x031A, r1
        pozycja = 0;
    510e:	10 92 19 03 	sts	0x0319, r1
        u = 0;
    5112:	10 92 49 03 	sts	0x0349, r1
        cube_position(1);
    5116:	81 e0       	ldi	r24, 0x01	; 1
    5118:	0e 94 a5 1e 	call	0x3d4a	; 0x3d4a <cube_position>
        refresh_screen = 1;
    511c:	81 e0       	ldi	r24, 0x01	; 1
    511e:	80 93 1b 03 	sts	0x031B, r24
    }
    if ( com == 55 )
    5122:	89 81       	ldd	r24, Y+1	; 0x01
    5124:	9a 81       	ldd	r25, Y+2	; 0x02
    5126:	87 33       	cpi	r24, 0x37	; 55
    5128:	91 05       	cpc	r25, r1
    512a:	21 f4       	brne	.+8      	; 0x5134 <czynnosc2+0x26e>
    {
        wysw_skok( 1000 );
    512c:	88 ee       	ldi	r24, 0xE8	; 232
    512e:	93 e0       	ldi	r25, 0x03	; 3
    5130:	0e 94 66 17 	call	0x2ecc	; 0x2ecc <wysw_skok>
    }
    if ( com == 54 )
    5134:	89 81       	ldd	r24, Y+1	; 0x01
    5136:	9a 81       	ldd	r25, Y+2	; 0x02
    5138:	86 33       	cpi	r24, 0x36	; 54
    513a:	91 05       	cpc	r25, r1
    513c:	21 f4       	brne	.+8      	; 0x5146 <czynnosc2+0x280>
    {
        wysw_skok( 100 );
    513e:	84 e6       	ldi	r24, 0x64	; 100
    5140:	90 e0       	ldi	r25, 0x00	; 0
    5142:	0e 94 66 17 	call	0x2ecc	; 0x2ecc <wysw_skok>
    }
    if ( com == 50 )
    5146:	89 81       	ldd	r24, Y+1	; 0x01
    5148:	9a 81       	ldd	r25, Y+2	; 0x02
    514a:	82 33       	cpi	r24, 0x32	; 50
    514c:	91 05       	cpc	r25, r1
    514e:	21 f4       	brne	.+8      	; 0x5158 <czynnosc2+0x292>
    {
        wysw_skok( 10 );
    5150:	8a e0       	ldi	r24, 0x0A	; 10
    5152:	90 e0       	ldi	r25, 0x00	; 0
    5154:	0e 94 66 17 	call	0x2ecc	; 0x2ecc <wysw_skok>
    }
    if ( com == 52 )
    5158:	89 81       	ldd	r24, Y+1	; 0x01
    515a:	9a 81       	ldd	r25, Y+2	; 0x02
    515c:	84 33       	cpi	r24, 0x34	; 52
    515e:	91 05       	cpc	r25, r1
    5160:	21 f4       	brne	.+8      	; 0x516a <czynnosc2+0x2a4>
    {
        wysw_skok( 1 );
    5162:	81 e0       	ldi	r24, 0x01	; 1
    5164:	90 e0       	ldi	r25, 0x00	; 0
    5166:	0e 94 66 17 	call	0x2ecc	; 0x2ecc <wysw_skok>
    }
    if ( com == 32 )
    516a:	89 81       	ldd	r24, Y+1	; 0x01
    516c:	9a 81       	ldd	r25, Y+2	; 0x02
    516e:	80 32       	cpi	r24, 0x20	; 32
    5170:	91 05       	cpc	r25, r1
    5172:	49 f4       	brne	.+18     	; 0x5186 <czynnosc2+0x2c0>
    {
        TCCR0 |= ( 1 << CS02 ) | ( 1 << CS00 ); // timer włączony
    5174:	83 e5       	ldi	r24, 0x53	; 83
    5176:	90 e0       	ldi	r25, 0x00	; 0
    5178:	23 e5       	ldi	r18, 0x53	; 83
    517a:	30 e0       	ldi	r19, 0x00	; 0
    517c:	f9 01       	movw	r30, r18
    517e:	20 81       	ld	r18, Z
    5180:	25 60       	ori	r18, 0x05	; 5
    5182:	fc 01       	movw	r30, r24
    5184:	20 83       	st	Z, r18
    }
    if ( com == 33 )
    5186:	89 81       	ldd	r24, Y+1	; 0x01
    5188:	9a 81       	ldd	r25, Y+2	; 0x02
    518a:	81 32       	cpi	r24, 0x21	; 33
    518c:	91 05       	cpc	r25, r1
    518e:	49 f4       	brne	.+18     	; 0x51a2 <czynnosc2+0x2dc>
    {
        TCCR0 &= ~( ( 1 << CS02 ) | ( 1 << CS00 ) ); // timer wyłączony
    5190:	83 e5       	ldi	r24, 0x53	; 83
    5192:	90 e0       	ldi	r25, 0x00	; 0
    5194:	23 e5       	ldi	r18, 0x53	; 83
    5196:	30 e0       	ldi	r19, 0x00	; 0
    5198:	f9 01       	movw	r30, r18
    519a:	20 81       	ld	r18, Z
    519c:	2a 7f       	andi	r18, 0xFA	; 250
    519e:	fc 01       	movw	r30, r24
    51a0:	20 83       	st	Z, r18
    }
    if ( com == 16 )
    {
        //cyfry += zwiekszanie;
    }
    if ( com == 14 )
    51a2:	89 81       	ldd	r24, Y+1	; 0x01
    51a4:	9a 81       	ldd	r25, Y+2	; 0x02
    51a6:	8e 30       	cpi	r24, 0x0E	; 14
    51a8:	91 05       	cpc	r25, r1
    51aa:	d1 f4       	brne	.+52     	; 0x51e0 <czynnosc2+0x31a>
    {
        if( tog == 0)
        {
        }
        if( tog == 1)
    51ac:	8b 81       	ldd	r24, Y+3	; 0x03
    51ae:	9c 81       	ldd	r25, Y+4	; 0x04
    51b0:	81 30       	cpi	r24, 0x01	; 1
    51b2:	91 05       	cpc	r25, r1
    51b4:	a9 f4       	brne	.+42     	; 0x51e0 <czynnosc2+0x31a>
        {
            //wygaszenie elementów wyświetlacza podczas opuszczania podprogramu
            TCCR0 |= ( 1 << CS02 ) | ( 1 << CS00 ); // timer włączony
    51b6:	83 e5       	ldi	r24, 0x53	; 83
    51b8:	90 e0       	ldi	r25, 0x00	; 0
    51ba:	23 e5       	ldi	r18, 0x53	; 83
    51bc:	30 e0       	ldi	r19, 0x00	; 0
    51be:	f9 01       	movw	r30, r18
    51c0:	20 81       	ld	r18, Z
    51c2:	25 60       	ori	r18, 0x05	; 5
    51c4:	fc 01       	movw	r30, r24
    51c6:	20 83       	st	Z, r18
            cy1 = 10;
    51c8:	8a e0       	ldi	r24, 0x0A	; 10
    51ca:	80 93 1e 03 	sts	0x031E, r24
            cy2 = 10;
    51ce:	8a e0       	ldi	r24, 0x0A	; 10
    51d0:	80 93 1f 03 	sts	0x031F, r24
            cy3 = 10;
    51d4:	8a e0       	ldi	r24, 0x0A	; 10
    51d6:	80 93 20 03 	sts	0x0320, r24
            cy4 = 10;
    51da:	8a e0       	ldi	r24, 0x0A	; 10
    51dc:	80 93 1d 03 	sts	0x031D, r24

        }
    }
    refresh_screen = 1;
    51e0:	81 e0       	ldi	r24, 0x01	; 1
    51e2:	80 93 1b 03 	sts	0x031B, r24
}
    51e6:	62 96       	adiw	r28, 0x12	; 18
    51e8:	0f b6       	in	r0, 0x3f	; 63
    51ea:	f8 94       	cli
    51ec:	de bf       	out	0x3e, r29	; 62
    51ee:	0f be       	out	0x3f, r0	; 63
    51f0:	cd bf       	out	0x3d, r28	; 61
    51f2:	df 91       	pop	r29
    51f4:	cf 91       	pop	r28
    51f6:	08 95       	ret

000051f8 <czynnosc3>:

void czynnosc3( int com, int tog )
{
    51f8:	cf 93       	push	r28
    51fa:	df 93       	push	r29
    51fc:	00 d0       	rcall	.+0      	; 0x51fe <czynnosc3+0x6>
    51fe:	00 d0       	rcall	.+0      	; 0x5200 <czynnosc3+0x8>
    5200:	cd b7       	in	r28, 0x3d	; 61
    5202:	de b7       	in	r29, 0x3e	; 62
    5204:	9a 83       	std	Y+2, r25	; 0x02
    5206:	89 83       	std	Y+1, r24	; 0x01
    5208:	7c 83       	std	Y+4, r23	; 0x04
    520a:	6b 83       	std	Y+3, r22	; 0x03
    if( com == 42 )
    520c:	89 81       	ldd	r24, Y+1	; 0x01
    520e:	9a 81       	ldd	r25, Y+2	; 0x02
    5210:	8a 32       	cpi	r24, 0x2A	; 42
    5212:	91 05       	cpc	r25, r1
    5214:	11 f4       	brne	.+4      	; 0x521a <czynnosc3+0x22>
    {
        PCF8583_alarm_flag_on();
    5216:	0e 94 07 2e 	call	0x5c0e	; 0x5c0e <PCF8583_alarm_flag_on>
    }

    if ( com == 59 )
    521a:	89 81       	ldd	r24, Y+1	; 0x01
    521c:	9a 81       	ldd	r25, Y+2	; 0x02
    521e:	8b 33       	cpi	r24, 0x3B	; 59
    5220:	91 05       	cpc	r25, r1
    5222:	11 f4       	brne	.+4      	; 0x5228 <czynnosc3+0x30>
    {
        PCF8583_alarm_flag_off();
    5224:	0e 94 f8 2d 	call	0x5bf0	; 0x5bf0 <PCF8583_alarm_flag_off>
    }
    if( com == 12 )
    5228:	89 81       	ldd	r24, Y+1	; 0x01
    522a:	9a 81       	ldd	r25, Y+2	; 0x02
    522c:	8c 30       	cpi	r24, 0x0C	; 12
    522e:	91 05       	cpc	r25, r1
    5230:	11 f4       	brne	.+4      	; 0x5236 <czynnosc3+0x3e>
    {
        lockers_print_all_memory();
    5232:	0e 94 92 14 	call	0x2924	; 0x2924 <lockers_print_all_memory>
    }
    if ( com == 100 )
    5236:	89 81       	ldd	r24, Y+1	; 0x01
    5238:	9a 81       	ldd	r25, Y+2	; 0x02
    523a:	84 36       	cpi	r24, 0x64	; 100
    523c:	91 05       	cpc	r25, r1
    523e:	71 f4       	brne	.+28     	; 0x525c <czynnosc3+0x64>
    {
        if(pilot_state == 1)
    5240:	80 91 18 03 	lds	r24, 0x0318
    5244:	81 30       	cpi	r24, 0x01	; 1
    5246:	19 f4       	brne	.+6      	; 0x524e <czynnosc3+0x56>
        {
            pilot_state = 0;
    5248:	10 92 18 03 	sts	0x0318, r1
    524c:	07 c0       	rjmp	.+14     	; 0x525c <czynnosc3+0x64>
        }
        else if(pilot_state == 0)
    524e:	80 91 18 03 	lds	r24, 0x0318
    5252:	88 23       	and	r24, r24
    5254:	19 f4       	brne	.+6      	; 0x525c <czynnosc3+0x64>
        {
            pilot_state = 1;
    5256:	81 e0       	ldi	r24, 0x01	; 1
    5258:	80 93 18 03 	sts	0x0318, r24
        }
    }
    refresh_screen = 1;
    525c:	81 e0       	ldi	r24, 0x01	; 1
    525e:	80 93 1b 03 	sts	0x031B, r24
}
    5262:	0f 90       	pop	r0
    5264:	0f 90       	pop	r0
    5266:	0f 90       	pop	r0
    5268:	0f 90       	pop	r0
    526a:	df 91       	pop	r29
    526c:	cf 91       	pop	r28
    526e:	08 95       	ret

00005270 <czynnosc4>:

void czynnosc4( int com, int tog )
{
    5270:	cf 93       	push	r28
    5272:	df 93       	push	r29
    5274:	00 d0       	rcall	.+0      	; 0x5276 <czynnosc4+0x6>
    5276:	00 d0       	rcall	.+0      	; 0x5278 <czynnosc4+0x8>
    5278:	cd b7       	in	r28, 0x3d	; 61
    527a:	de b7       	in	r29, 0x3e	; 62
    527c:	9a 83       	std	Y+2, r25	; 0x02
    527e:	89 83       	std	Y+1, r24	; 0x01
    5280:	7c 83       	std	Y+4, r23	; 0x04
    5282:	6b 83       	std	Y+3, r22	; 0x03
    if ( com == 16 )
    5284:	89 81       	ldd	r24, Y+1	; 0x01
    5286:	9a 81       	ldd	r25, Y+2	; 0x02
    5288:	80 31       	cpi	r24, 0x10	; 16
    528a:	91 05       	cpc	r25, r1
    528c:	41 f4       	brne	.+16     	; 0x529e <czynnosc4+0x2e>
    {
        ++u;
    528e:	80 91 49 03 	lds	r24, 0x0349
    5292:	8f 5f       	subi	r24, 0xFF	; 255
    5294:	80 93 49 03 	sts	0x0349, r24
        w = 1;//wymuszenie wyświetlenia komunikatu
    5298:	81 e0       	ldi	r24, 0x01	; 1
    529a:	80 93 29 03 	sts	0x0329, r24
    }
    if ( com == 17 )
    529e:	89 81       	ldd	r24, Y+1	; 0x01
    52a0:	9a 81       	ldd	r25, Y+2	; 0x02
    52a2:	81 31       	cpi	r24, 0x11	; 17
    52a4:	91 05       	cpc	r25, r1
    52a6:	41 f4       	brne	.+16     	; 0x52b8 <czynnosc4+0x48>
    {
        --u;
    52a8:	80 91 49 03 	lds	r24, 0x0349
    52ac:	81 50       	subi	r24, 0x01	; 1
    52ae:	80 93 49 03 	sts	0x0349, r24
        w = 1;//wymuszenie wyświetlenia komunikatu
    52b2:	81 e0       	ldi	r24, 0x01	; 1
    52b4:	80 93 29 03 	sts	0x0329, r24
    }
    if ( com == 32 )
    52b8:	89 81       	ldd	r24, Y+1	; 0x01
    52ba:	9a 81       	ldd	r25, Y+2	; 0x02
    52bc:	80 32       	cpi	r24, 0x20	; 32
    52be:	91 05       	cpc	r25, r1
    52c0:	19 f4       	brne	.+6      	; 0x52c8 <czynnosc4+0x58>
    {
        s = 1;
    52c2:	81 e0       	ldi	r24, 0x01	; 1
    52c4:	80 93 40 03 	sts	0x0340, r24
    }
    if ( com == 33 )
    52c8:	89 81       	ldd	r24, Y+1	; 0x01
    52ca:	9a 81       	ldd	r25, Y+2	; 0x02
    52cc:	81 32       	cpi	r24, 0x21	; 33
    52ce:	91 05       	cpc	r25, r1
    52d0:	19 f4       	brne	.+6      	; 0x52d8 <czynnosc4+0x68>
    {
        s = 2;
    52d2:	82 e0       	ldi	r24, 0x02	; 2
    52d4:	80 93 40 03 	sts	0x0340, r24
    }
    if ( com == 59 )
    52d8:	89 81       	ldd	r24, Y+1	; 0x01
    52da:	9a 81       	ldd	r25, Y+2	; 0x02
    52dc:	8b 33       	cpi	r24, 0x3B	; 59
    52de:	91 05       	cpc	r25, r1
    52e0:	29 f4       	brne	.+10     	; 0x52ec <czynnosc4+0x7c>
    {
        u = end_of_settings(0);
    52e2:	80 e0       	ldi	r24, 0x00	; 0
    52e4:	0e 94 66 1c 	call	0x38cc	; 0x38cc <end_of_settings>
    52e8:	80 93 49 03 	sts	0x0349, r24
    }
    refresh_screen = 1;
    52ec:	81 e0       	ldi	r24, 0x01	; 1
    52ee:	80 93 1b 03 	sts	0x031B, r24
}
    52f2:	0f 90       	pop	r0
    52f4:	0f 90       	pop	r0
    52f6:	0f 90       	pop	r0
    52f8:	0f 90       	pop	r0
    52fa:	df 91       	pop	r29
    52fc:	cf 91       	pop	r28
    52fe:	08 95       	ret

00005300 <czynnosc5>:

void czynnosc5( int com, int tog )
{
    5300:	cf 93       	push	r28
    5302:	df 93       	push	r29
    5304:	00 d0       	rcall	.+0      	; 0x5306 <czynnosc5+0x6>
    5306:	00 d0       	rcall	.+0      	; 0x5308 <czynnosc5+0x8>
    5308:	cd b7       	in	r28, 0x3d	; 61
    530a:	de b7       	in	r29, 0x3e	; 62
    530c:	9a 83       	std	Y+2, r25	; 0x02
    530e:	89 83       	std	Y+1, r24	; 0x01
    5310:	7c 83       	std	Y+4, r23	; 0x04
    5312:	6b 83       	std	Y+3, r22	; 0x03
    if ( com == 16 )
    5314:	89 81       	ldd	r24, Y+1	; 0x01
    5316:	9a 81       	ldd	r25, Y+2	; 0x02
    5318:	80 31       	cpi	r24, 0x10	; 16
    531a:	91 05       	cpc	r25, r1
    531c:	41 f4       	brne	.+16     	; 0x532e <czynnosc5+0x2e>
    {
        ++u;
    531e:	80 91 49 03 	lds	r24, 0x0349
    5322:	8f 5f       	subi	r24, 0xFF	; 255
    5324:	80 93 49 03 	sts	0x0349, r24
        w = 1;//wymuszenie wyświetlenia komunikatu
    5328:	81 e0       	ldi	r24, 0x01	; 1
    532a:	80 93 29 03 	sts	0x0329, r24
    }
    if ( com == 17 )
    532e:	89 81       	ldd	r24, Y+1	; 0x01
    5330:	9a 81       	ldd	r25, Y+2	; 0x02
    5332:	81 31       	cpi	r24, 0x11	; 17
    5334:	91 05       	cpc	r25, r1
    5336:	41 f4       	brne	.+16     	; 0x5348 <czynnosc5+0x48>
    {
        --u;
    5338:	80 91 49 03 	lds	r24, 0x0349
    533c:	81 50       	subi	r24, 0x01	; 1
    533e:	80 93 49 03 	sts	0x0349, r24
        w = 1;//wymuszenie wyświetlenia komunikatu
    5342:	81 e0       	ldi	r24, 0x01	; 1
    5344:	80 93 29 03 	sts	0x0329, r24
    }
    if ( com == 32 )
    5348:	89 81       	ldd	r24, Y+1	; 0x01
    534a:	9a 81       	ldd	r25, Y+2	; 0x02
    534c:	80 32       	cpi	r24, 0x20	; 32
    534e:	91 05       	cpc	r25, r1
    5350:	c9 f4       	brne	.+50     	; 0x5384 <czynnosc5+0x84>
    {
        if(u == -1) c -= zwiekszanie;
    5352:	80 91 49 03 	lds	r24, 0x0349
    5356:	8f 3f       	cpi	r24, 0xFF	; 255
    5358:	91 f4       	brne	.+36     	; 0x537e <czynnosc5+0x7e>
    535a:	80 91 30 03 	lds	r24, 0x0330
    535e:	90 91 31 03 	lds	r25, 0x0331
    5362:	9c 01       	movw	r18, r24
    5364:	80 91 41 03 	lds	r24, 0x0341
    5368:	90 91 42 03 	lds	r25, 0x0342
    536c:	a9 01       	movw	r20, r18
    536e:	48 1b       	sub	r20, r24
    5370:	59 0b       	sbc	r21, r25
    5372:	ca 01       	movw	r24, r20
    5374:	90 93 31 03 	sts	0x0331, r25
    5378:	80 93 30 03 	sts	0x0330, r24
    537c:	03 c0       	rjmp	.+6      	; 0x5384 <czynnosc5+0x84>
        else s = 1;
    537e:	81 e0       	ldi	r24, 0x01	; 1
    5380:	80 93 40 03 	sts	0x0340, r24
    }
    if ( com == 33 )
    5384:	89 81       	ldd	r24, Y+1	; 0x01
    5386:	9a 81       	ldd	r25, Y+2	; 0x02
    5388:	81 32       	cpi	r24, 0x21	; 33
    538a:	91 05       	cpc	r25, r1
    538c:	b9 f4       	brne	.+46     	; 0x53bc <czynnosc5+0xbc>
    {
        if(u == -1) c += zwiekszanie;
    538e:	80 91 49 03 	lds	r24, 0x0349
    5392:	8f 3f       	cpi	r24, 0xFF	; 255
    5394:	81 f4       	brne	.+32     	; 0x53b6 <czynnosc5+0xb6>
    5396:	80 91 30 03 	lds	r24, 0x0330
    539a:	90 91 31 03 	lds	r25, 0x0331
    539e:	9c 01       	movw	r18, r24
    53a0:	80 91 41 03 	lds	r24, 0x0341
    53a4:	90 91 42 03 	lds	r25, 0x0342
    53a8:	82 0f       	add	r24, r18
    53aa:	93 1f       	adc	r25, r19
    53ac:	90 93 31 03 	sts	0x0331, r25
    53b0:	80 93 30 03 	sts	0x0330, r24
    53b4:	03 c0       	rjmp	.+6      	; 0x53bc <czynnosc5+0xbc>
        else s = 2;
    53b6:	82 e0       	ldi	r24, 0x02	; 2
    53b8:	80 93 40 03 	sts	0x0340, r24
    }
    if ( com == 59 )
    53bc:	89 81       	ldd	r24, Y+1	; 0x01
    53be:	9a 81       	ldd	r25, Y+2	; 0x02
    53c0:	8b 33       	cpi	r24, 0x3B	; 59
    53c2:	91 05       	cpc	r25, r1
    53c4:	41 f4       	brne	.+16     	; 0x53d6 <czynnosc5+0xd6>
    {
        u = end_of_settings(c);
    53c6:	80 91 30 03 	lds	r24, 0x0330
    53ca:	90 91 31 03 	lds	r25, 0x0331
    53ce:	0e 94 66 1c 	call	0x38cc	; 0x38cc <end_of_settings>
    53d2:	80 93 49 03 	sts	0x0349, r24

    }
    refresh_screen = 1;
    53d6:	81 e0       	ldi	r24, 0x01	; 1
    53d8:	80 93 1b 03 	sts	0x031B, r24
}
    53dc:	0f 90       	pop	r0
    53de:	0f 90       	pop	r0
    53e0:	0f 90       	pop	r0
    53e2:	0f 90       	pop	r0
    53e4:	df 91       	pop	r29
    53e6:	cf 91       	pop	r28
    53e8:	08 95       	ret

000053ea <czynnosc6>:

void czynnosc6( int com, int tog )
{
    53ea:	cf 93       	push	r28
    53ec:	df 93       	push	r29
    53ee:	00 d0       	rcall	.+0      	; 0x53f0 <czynnosc6+0x6>
    53f0:	00 d0       	rcall	.+0      	; 0x53f2 <czynnosc6+0x8>
    53f2:	cd b7       	in	r28, 0x3d	; 61
    53f4:	de b7       	in	r29, 0x3e	; 62
    53f6:	9a 83       	std	Y+2, r25	; 0x02
    53f8:	89 83       	std	Y+1, r24	; 0x01
    53fa:	7c 83       	std	Y+4, r23	; 0x04
    53fc:	6b 83       	std	Y+3, r22	; 0x03
    if ( com == 12 )
    53fe:	89 81       	ldd	r24, Y+1	; 0x01
    5400:	9a 81       	ldd	r25, Y+2	; 0x02
    5402:	8c 30       	cpi	r24, 0x0C	; 12
    5404:	91 05       	cpc	r25, r1
    5406:	89 f4       	brne	.+34     	; 0x542a <czynnosc6+0x40>
    {
        if( tog == 0)
        {
        }
        if( tog == 1)
    5408:	8b 81       	ldd	r24, Y+3	; 0x03
    540a:	9c 81       	ldd	r25, Y+4	; 0x04
    540c:	81 30       	cpi	r24, 0x01	; 1
    540e:	91 05       	cpc	r25, r1
    5410:	61 f4       	brne	.+24     	; 0x542a <czynnosc6+0x40>
        {
            LCD_Clear();
    5412:	0e 94 1f 0a 	call	0x143e	; 0x143e <LCD_Clear>
            LCD_WriteText("Czyszczenie...");
    5416:	8a ee       	ldi	r24, 0xEA	; 234
    5418:	92 e0       	ldi	r25, 0x02	; 2
    541a:	0e 94 ea 09 	call	0x13d4	; 0x13d4 <LCD_WriteText>
            lockers_clear_all_memory();
    541e:	0e 94 de 16 	call	0x2dbc	; 0x2dbc <lockers_clear_all_memory>
            c = 0;
    5422:	10 92 31 03 	sts	0x0331, r1
    5426:	10 92 30 03 	sts	0x0330, r1
        }
    }
    if ( com == 32 )
    542a:	89 81       	ldd	r24, Y+1	; 0x01
    542c:	9a 81       	ldd	r25, Y+2	; 0x02
    542e:	80 32       	cpi	r24, 0x20	; 32
    5430:	91 05       	cpc	r25, r1
    5432:	89 f4       	brne	.+34     	; 0x5456 <czynnosc6+0x6c>
    {
        c -= zwiekszanie;
    5434:	80 91 30 03 	lds	r24, 0x0330
    5438:	90 91 31 03 	lds	r25, 0x0331
    543c:	9c 01       	movw	r18, r24
    543e:	80 91 41 03 	lds	r24, 0x0341
    5442:	90 91 42 03 	lds	r25, 0x0342
    5446:	a9 01       	movw	r20, r18
    5448:	48 1b       	sub	r20, r24
    544a:	59 0b       	sbc	r21, r25
    544c:	ca 01       	movw	r24, r20
    544e:	90 93 31 03 	sts	0x0331, r25
    5452:	80 93 30 03 	sts	0x0330, r24
    }
    if ( com == 33 )
    5456:	89 81       	ldd	r24, Y+1	; 0x01
    5458:	9a 81       	ldd	r25, Y+2	; 0x02
    545a:	81 32       	cpi	r24, 0x21	; 33
    545c:	91 05       	cpc	r25, r1
    545e:	79 f4       	brne	.+30     	; 0x547e <czynnosc6+0x94>
    {
        c += zwiekszanie;
    5460:	80 91 30 03 	lds	r24, 0x0330
    5464:	90 91 31 03 	lds	r25, 0x0331
    5468:	9c 01       	movw	r18, r24
    546a:	80 91 41 03 	lds	r24, 0x0341
    546e:	90 91 42 03 	lds	r25, 0x0342
    5472:	82 0f       	add	r24, r18
    5474:	93 1f       	adc	r25, r19
    5476:	90 93 31 03 	sts	0x0331, r25
    547a:	80 93 30 03 	sts	0x0330, r24
    }
    if ( com == 59 )
    547e:	89 81       	ldd	r24, Y+1	; 0x01
    5480:	9a 81       	ldd	r25, Y+2	; 0x02
    5482:	8b 33       	cpi	r24, 0x3B	; 59
    5484:	91 05       	cpc	r25, r1
    5486:	59 f4       	brne	.+22     	; 0x549e <czynnosc6+0xb4>
    {
        c = lockers_convert_address_to_index_of_frame(PCF8583_read_word(PCF8583_CELL));
    5488:	8e ef       	ldi	r24, 0xFE	; 254
    548a:	0e 94 35 2e 	call	0x5c6a	; 0x5c6a <PCF8583_read_word>
    548e:	0e 94 f0 12 	call	0x25e0	; 0x25e0 <lockers_convert_address_to_index_of_frame>
    5492:	88 2f       	mov	r24, r24
    5494:	90 e0       	ldi	r25, 0x00	; 0
    5496:	90 93 31 03 	sts	0x0331, r25
    549a:	80 93 30 03 	sts	0x0330, r24
    }

    refresh_screen = 1;
    549e:	81 e0       	ldi	r24, 0x01	; 1
    54a0:	80 93 1b 03 	sts	0x031B, r24
}
    54a4:	0f 90       	pop	r0
    54a6:	0f 90       	pop	r0
    54a8:	0f 90       	pop	r0
    54aa:	0f 90       	pop	r0
    54ac:	df 91       	pop	r29
    54ae:	cf 91       	pop	r28
    54b0:	08 95       	ret

000054b2 <czynnosc>:




void czynnosc( int com, int tog ) //funkcja odpowiedzialna za wywołanie odpowiedniej czynności (pierwszy argument musi być przez wskaźnik, ponieważ, może być dokonana zmiana zmiennej "menu")
{
    54b2:	cf 93       	push	r28
    54b4:	df 93       	push	r29
    54b6:	00 d0       	rcall	.+0      	; 0x54b8 <czynnosc+0x6>
    54b8:	00 d0       	rcall	.+0      	; 0x54ba <czynnosc+0x8>
    54ba:	cd b7       	in	r28, 0x3d	; 61
    54bc:	de b7       	in	r29, 0x3e	; 62
    54be:	9a 83       	std	Y+2, r25	; 0x02
    54c0:	89 83       	std	Y+1, r24	; 0x01
    54c2:	7c 83       	std	Y+4, r23	; 0x04
    54c4:	6b 83       	std	Y+3, r22	; 0x03
    buzzer();
    54c6:	0e 94 1c 17 	call	0x2e38	; 0x2e38 <buzzer>

    if( menu == 0)
    54ca:	80 91 16 03 	lds	r24, 0x0316
    54ce:	88 23       	and	r24, r24
    54d0:	41 f4       	brne	.+16     	; 0x54e2 <czynnosc+0x30>
    {
        czynnosc0(com, tog);
    54d2:	2b 81       	ldd	r18, Y+3	; 0x03
    54d4:	3c 81       	ldd	r19, Y+4	; 0x04
    54d6:	89 81       	ldd	r24, Y+1	; 0x01
    54d8:	9a 81       	ldd	r25, Y+2	; 0x02
    54da:	b9 01       	movw	r22, r18
    54dc:	0e 94 b9 22 	call	0x4572	; 0x4572 <czynnosc0>
    54e0:	47 c0       	rjmp	.+142    	; 0x5570 <czynnosc+0xbe>
    }
    else if( menu == 1 )
    54e2:	80 91 16 03 	lds	r24, 0x0316
    54e6:	81 30       	cpi	r24, 0x01	; 1
    54e8:	41 f4       	brne	.+16     	; 0x54fa <czynnosc+0x48>
    {
        czynnosc1(com, tog);
    54ea:	2b 81       	ldd	r18, Y+3	; 0x03
    54ec:	3c 81       	ldd	r19, Y+4	; 0x04
    54ee:	89 81       	ldd	r24, Y+1	; 0x01
    54f0:	9a 81       	ldd	r25, Y+2	; 0x02
    54f2:	b9 01       	movw	r22, r18
    54f4:	0e 94 29 23 	call	0x4652	; 0x4652 <czynnosc1>
    54f8:	3b c0       	rjmp	.+118    	; 0x5570 <czynnosc+0xbe>
    }
    else if( menu == 2 )
    54fa:	80 91 16 03 	lds	r24, 0x0316
    54fe:	82 30       	cpi	r24, 0x02	; 2
    5500:	41 f4       	brne	.+16     	; 0x5512 <czynnosc+0x60>
    {
        czynnosc2(com, tog);
    5502:	2b 81       	ldd	r18, Y+3	; 0x03
    5504:	3c 81       	ldd	r19, Y+4	; 0x04
    5506:	89 81       	ldd	r24, Y+1	; 0x01
    5508:	9a 81       	ldd	r25, Y+2	; 0x02
    550a:	b9 01       	movw	r22, r18
    550c:	0e 94 63 27 	call	0x4ec6	; 0x4ec6 <czynnosc2>
    5510:	2f c0       	rjmp	.+94     	; 0x5570 <czynnosc+0xbe>
    }
    else if( menu == 3 )
    5512:	80 91 16 03 	lds	r24, 0x0316
    5516:	83 30       	cpi	r24, 0x03	; 3
    5518:	41 f4       	brne	.+16     	; 0x552a <czynnosc+0x78>
    {
        czynnosc3(com, tog);
    551a:	2b 81       	ldd	r18, Y+3	; 0x03
    551c:	3c 81       	ldd	r19, Y+4	; 0x04
    551e:	89 81       	ldd	r24, Y+1	; 0x01
    5520:	9a 81       	ldd	r25, Y+2	; 0x02
    5522:	b9 01       	movw	r22, r18
    5524:	0e 94 fc 28 	call	0x51f8	; 0x51f8 <czynnosc3>
    5528:	23 c0       	rjmp	.+70     	; 0x5570 <czynnosc+0xbe>
    }

    else if( menu == 4 )
    552a:	80 91 16 03 	lds	r24, 0x0316
    552e:	84 30       	cpi	r24, 0x04	; 4
    5530:	41 f4       	brne	.+16     	; 0x5542 <czynnosc+0x90>
    {
        czynnosc4(com, tog);
    5532:	2b 81       	ldd	r18, Y+3	; 0x03
    5534:	3c 81       	ldd	r19, Y+4	; 0x04
    5536:	89 81       	ldd	r24, Y+1	; 0x01
    5538:	9a 81       	ldd	r25, Y+2	; 0x02
    553a:	b9 01       	movw	r22, r18
    553c:	0e 94 38 29 	call	0x5270	; 0x5270 <czynnosc4>
    5540:	17 c0       	rjmp	.+46     	; 0x5570 <czynnosc+0xbe>
    }
    else if( menu == 5 )
    5542:	80 91 16 03 	lds	r24, 0x0316
    5546:	85 30       	cpi	r24, 0x05	; 5
    5548:	41 f4       	brne	.+16     	; 0x555a <czynnosc+0xa8>
    {
        czynnosc5(com, tog);
    554a:	2b 81       	ldd	r18, Y+3	; 0x03
    554c:	3c 81       	ldd	r19, Y+4	; 0x04
    554e:	89 81       	ldd	r24, Y+1	; 0x01
    5550:	9a 81       	ldd	r25, Y+2	; 0x02
    5552:	b9 01       	movw	r22, r18
    5554:	0e 94 80 29 	call	0x5300	; 0x5300 <czynnosc5>
    5558:	0b c0       	rjmp	.+22     	; 0x5570 <czynnosc+0xbe>
    }
    else if( menu == 6 )
    555a:	80 91 16 03 	lds	r24, 0x0316
    555e:	86 30       	cpi	r24, 0x06	; 6
    5560:	39 f4       	brne	.+14     	; 0x5570 <czynnosc+0xbe>
    {
        czynnosc6(com, tog);
    5562:	2b 81       	ldd	r18, Y+3	; 0x03
    5564:	3c 81       	ldd	r19, Y+4	; 0x04
    5566:	89 81       	ldd	r24, Y+1	; 0x01
    5568:	9a 81       	ldd	r25, Y+2	; 0x02
    556a:	b9 01       	movw	r22, r18
    556c:	0e 94 f5 29 	call	0x53ea	; 0x53ea <czynnosc6>
    }


//komendy wspólne dla wszystkich podprogramów

    if ( com == 38 )
    5570:	89 81       	ldd	r24, Y+1	; 0x01
    5572:	9a 81       	ldd	r25, Y+2	; 0x02
    5574:	86 32       	cpi	r24, 0x26	; 38
    5576:	91 05       	cpc	r25, r1
    5578:	49 f5       	brne	.+82     	; 0x55cc <czynnosc+0x11a>
    {
        refresh_screen = 0;
    557a:	10 92 1b 03 	sts	0x031B, r1
        LCD_Clear();
    557e:	0e 94 1f 0a 	call	0x143e	; 0x143e <LCD_Clear>
        LCD_WriteText( "Na poczatek" );
    5582:	89 ef       	ldi	r24, 0xF9	; 249
    5584:	92 e0       	ldi	r25, 0x02	; 2
    5586:	0e 94 ea 09 	call	0x13d4	; 0x13d4 <LCD_WriteText>
        LCD_GoTo( 0, 1 );
    558a:	61 e0       	ldi	r22, 0x01	; 1
    558c:	80 e0       	ldi	r24, 0x00	; 0
    558e:	0e 94 08 0a 	call	0x1410	; 0x1410 <LCD_GoTo>
        LCD_WriteText( "ekranu..." );
    5592:	85 e0       	ldi	r24, 0x05	; 5
    5594:	93 e0       	ldi	r25, 0x03	; 3
    5596:	0e 94 ea 09 	call	0x13d4	; 0x13d4 <LCD_WriteText>
        delay_ms_var_double( 250 );
    559a:	60 e0       	ldi	r22, 0x00	; 0
    559c:	70 e0       	ldi	r23, 0x00	; 0
    559e:	8a e7       	ldi	r24, 0x7A	; 122
    55a0:	93 e4       	ldi	r25, 0x43	; 67
    55a2:	0e 94 b5 05 	call	0xb6a	; 0xb6a <delay_ms_var_double>
        LCD_PageUpScreen();
    55a6:	41 e0       	ldi	r20, 0x01	; 1
    55a8:	50 e0       	ldi	r21, 0x00	; 0
    55aa:	6f e0       	ldi	r22, 0x0F	; 15
    55ac:	70 e0       	ldi	r23, 0x00	; 0
    55ae:	84 e1       	ldi	r24, 0x14	; 20
    55b0:	90 e0       	ldi	r25, 0x00	; 0
    55b2:	0e 94 b9 0e 	call	0x1d72	; 0x1d72 <LCD_MoveRight>
        LCD_PageDownScreen();
    55b6:	41 e0       	ldi	r20, 0x01	; 1
    55b8:	50 e0       	ldi	r21, 0x00	; 0
    55ba:	6f e0       	ldi	r22, 0x0F	; 15
    55bc:	70 e0       	ldi	r23, 0x00	; 0
    55be:	84 e1       	ldi	r24, 0x14	; 20
    55c0:	90 e0       	ldi	r25, 0x00	; 0
    55c2:	0e 94 f4 0e 	call	0x1de8	; 0x1de8 <LCD_MoveLeft>
        refresh_screen = 1;
    55c6:	81 e0       	ldi	r24, 0x01	; 1
    55c8:	80 93 1b 03 	sts	0x031B, r24
    }
    if ( com == 46 )
    55cc:	89 81       	ldd	r24, Y+1	; 0x01
    55ce:	9a 81       	ldd	r25, Y+2	; 0x02
    55d0:	8e 32       	cpi	r24, 0x2E	; 46
    55d2:	91 05       	cpc	r25, r1
    55d4:	41 f4       	brne	.+16     	; 0x55e6 <czynnosc+0x134>
    {
        LCD_ShiftRightScreen();
    55d6:	41 e0       	ldi	r20, 0x01	; 1
    55d8:	50 e0       	ldi	r21, 0x00	; 0
    55da:	61 e0       	ldi	r22, 0x01	; 1
    55dc:	70 e0       	ldi	r23, 0x00	; 0
    55de:	80 e0       	ldi	r24, 0x00	; 0
    55e0:	90 e0       	ldi	r25, 0x00	; 0
    55e2:	0e 94 b9 0e 	call	0x1d72	; 0x1d72 <LCD_MoveRight>
    }
    if ( com == 34 )
    55e6:	89 81       	ldd	r24, Y+1	; 0x01
    55e8:	9a 81       	ldd	r25, Y+2	; 0x02
    55ea:	82 32       	cpi	r24, 0x22	; 34
    55ec:	91 05       	cpc	r25, r1
    55ee:	41 f4       	brne	.+16     	; 0x5600 <czynnosc+0x14e>
    {
        LCD_ShiftLeftScreen();
    55f0:	41 e0       	ldi	r20, 0x01	; 1
    55f2:	50 e0       	ldi	r21, 0x00	; 0
    55f4:	61 e0       	ldi	r22, 0x01	; 1
    55f6:	70 e0       	ldi	r23, 0x00	; 0
    55f8:	80 e0       	ldi	r24, 0x00	; 0
    55fa:	90 e0       	ldi	r25, 0x00	; 0
    55fc:	0e 94 f4 0e 	call	0x1de8	; 0x1de8 <LCD_MoveLeft>
    }
    if ( com == 36 )
    5600:	89 81       	ldd	r24, Y+1	; 0x01
    5602:	9a 81       	ldd	r25, Y+2	; 0x02
    5604:	84 32       	cpi	r24, 0x24	; 36
    5606:	91 05       	cpc	r25, r1
    5608:	41 f4       	brne	.+16     	; 0x561a <czynnosc+0x168>
    {
        LCD_PageUpScreen();
    560a:	41 e0       	ldi	r20, 0x01	; 1
    560c:	50 e0       	ldi	r21, 0x00	; 0
    560e:	6f e0       	ldi	r22, 0x0F	; 15
    5610:	70 e0       	ldi	r23, 0x00	; 0
    5612:	84 e1       	ldi	r24, 0x14	; 20
    5614:	90 e0       	ldi	r25, 0x00	; 0
    5616:	0e 94 b9 0e 	call	0x1d72	; 0x1d72 <LCD_MoveRight>

    }
    if ( com == 35 )
    561a:	89 81       	ldd	r24, Y+1	; 0x01
    561c:	9a 81       	ldd	r25, Y+2	; 0x02
    561e:	83 32       	cpi	r24, 0x23	; 35
    5620:	91 05       	cpc	r25, r1
    5622:	41 f4       	brne	.+16     	; 0x5634 <czynnosc+0x182>
    {
        LCD_PageDownScreen();
    5624:	41 e0       	ldi	r20, 0x01	; 1
    5626:	50 e0       	ldi	r21, 0x00	; 0
    5628:	6f e0       	ldi	r22, 0x0F	; 15
    562a:	70 e0       	ldi	r23, 0x00	; 0
    562c:	84 e1       	ldi	r24, 0x14	; 20
    562e:	90 e0       	ldi	r25, 0x00	; 0
    5630:	0e 94 f4 0e 	call	0x1de8	; 0x1de8 <LCD_MoveLeft>
    }
    if ( com == 44 )
    5634:	89 81       	ldd	r24, Y+1	; 0x01
    5636:	9a 81       	ldd	r25, Y+2	; 0x02
    5638:	8c 32       	cpi	r24, 0x2C	; 44
    563a:	91 05       	cpc	r25, r1
    563c:	11 f4       	brne	.+4      	; 0x5642 <czynnosc+0x190>
    {
        step_increase();
    563e:	0e 94 eb 17 	call	0x2fd6	; 0x2fd6 <step_increase>
    }
    if ( com == 45 )
    5642:	89 81       	ldd	r24, Y+1	; 0x01
    5644:	9a 81       	ldd	r25, Y+2	; 0x02
    5646:	8d 32       	cpi	r24, 0x2D	; 45
    5648:	91 05       	cpc	r25, r1
    564a:	11 f4       	brne	.+4      	; 0x5650 <czynnosc+0x19e>
    {
        step_decrease();
    564c:	0e 94 17 18 	call	0x302e	; 0x302e <step_decrease>
    }
    if ( com == 14 )
    5650:	89 81       	ldd	r24, Y+1	; 0x01
    5652:	9a 81       	ldd	r25, Y+2	; 0x02
    5654:	8e 30       	cpi	r24, 0x0E	; 14
    5656:	91 05       	cpc	r25, r1
    5658:	41 f4       	brne	.+16     	; 0x566a <czynnosc+0x1b8>
    {
        if( tog == 0)
        {
        }
        if( tog == 1)
    565a:	8b 81       	ldd	r24, Y+3	; 0x03
    565c:	9c 81       	ldd	r25, Y+4	; 0x04
    565e:	81 30       	cpi	r24, 0x01	; 1
    5660:	91 05       	cpc	r25, r1
    5662:	19 f4       	brne	.+6      	; 0x566a <czynnosc+0x1b8>
        {
            start = 1;//oznaka wyjścia z podprogramów
    5664:	81 e0       	ldi	r24, 0x01	; 1
    5666:	80 93 6f 00 	sts	0x006F, r24
        }
    }
}
    566a:	0f 90       	pop	r0
    566c:	0f 90       	pop	r0
    566e:	0f 90       	pop	r0
    5670:	0f 90       	pop	r0
    5672:	df 91       	pop	r29
    5674:	cf 91       	pop	r28
    5676:	08 95       	ret

00005678 <pilot>:


// funkcja obsługująca menu dwupoziomowe

void pilot( int com, int tog )//
{
    5678:	cf 93       	push	r28
    567a:	df 93       	push	r29
    567c:	00 d0       	rcall	.+0      	; 0x567e <pilot+0x6>
    567e:	00 d0       	rcall	.+0      	; 0x5680 <pilot+0x8>
    5680:	cd b7       	in	r28, 0x3d	; 61
    5682:	de b7       	in	r29, 0x3e	; 62
    5684:	9a 83       	std	Y+2, r25	; 0x02
    5686:	89 83       	std	Y+1, r24	; 0x01
    5688:	7c 83       	std	Y+4, r23	; 0x04
    568a:	6b 83       	std	Y+3, r22	; 0x03
    if(pilot_state == 1) pilot_off();
    568c:	80 91 18 03 	lds	r24, 0x0318
    5690:	81 30       	cpi	r24, 0x01	; 1
    5692:	11 f4       	brne	.+4      	; 0x5698 <pilot+0x20>
    5694:	0e 94 45 10 	call	0x208a	; 0x208a <pilot_off>
    if( menu == 0 )//jeśli wyszliśmy z podprogramu lub weszliśmy do podprogramu
    5698:	80 91 16 03 	lds	r24, 0x0316
    569c:	88 23       	and	r24, r24
    569e:	09 f0       	breq	.+2      	; 0x56a2 <pilot+0x2a>
    56a0:	95 c0       	rjmp	.+298    	; 0x57cc <pilot+0x154>
    {
//ważne opcje przy wchodzeniu/wychodzeniu z podprogramów

        if( com == 59 )//wybieramy środkowy przycisk
    56a2:	89 81       	ldd	r24, Y+1	; 0x01
    56a4:	9a 81       	ldd	r25, Y+2	; 0x02
    56a6:	8b 33       	cpi	r24, 0x3B	; 59
    56a8:	91 05       	cpc	r25, r1
    56aa:	09 f0       	breq	.+2      	; 0x56ae <pilot+0x36>
    56ac:	84 c0       	rjmp	.+264    	; 0x57b6 <pilot+0x13e>
        {
            menu = switch_menu;//przypisanie zmiennej menu nowej wartości
    56ae:	80 91 1c 03 	lds	r24, 0x031C
    56b2:	80 93 16 03 	sts	0x0316, r24
            wybor( menu );
    56b6:	80 91 16 03 	lds	r24, 0x0316
    56ba:	88 2f       	mov	r24, r24
    56bc:	90 e0       	ldi	r25, 0x00	; 0
    56be:	0e 94 43 18 	call	0x3086	; 0x3086 <wybor>

            if ( menu == 1 )
    56c2:	80 91 16 03 	lds	r24, 0x0316
    56c6:	81 30       	cpi	r24, 0x01	; 1
    56c8:	21 f4       	brne	.+8      	; 0x56d2 <pilot+0x5a>
            {
                refresh_screen = 1;//niepotrzebne, gdy mają być wywoływane jakieś przyciski
    56ca:	81 e0       	ldi	r24, 0x01	; 1
    56cc:	80 93 1b 03 	sts	0x031B, r24
    56d0:	7d c0       	rjmp	.+250    	; 0x57cc <pilot+0x154>
            }
            else if ( menu == 2 )
    56d2:	80 91 16 03 	lds	r24, 0x0316
    56d6:	82 30       	cpi	r24, 0x02	; 2
    56d8:	e1 f4       	brne	.+56     	; 0x5712 <pilot+0x9a>
            {
                rozmiar = 4;
    56da:	84 e0       	ldi	r24, 0x04	; 4
    56dc:	90 e0       	ldi	r25, 0x00	; 0
    56de:	90 93 37 03 	sts	0x0337, r25
    56e2:	80 93 36 03 	sts	0x0336, r24
                u = 0;
    56e6:	10 92 49 03 	sts	0x0349, r1

                t = 0;
    56ea:	10 92 27 03 	sts	0x0327, r1
    56ee:	10 92 26 03 	sts	0x0326, r1
                TCCR0 |= ( 1 << CS02 ) | ( 1 << CS00 ); // timer włączony od wyświetlacza alfanumerycznego
    56f2:	83 e5       	ldi	r24, 0x53	; 83
    56f4:	90 e0       	ldi	r25, 0x00	; 0
    56f6:	23 e5       	ldi	r18, 0x53	; 83
    56f8:	30 e0       	ldi	r19, 0x00	; 0
    56fa:	f9 01       	movw	r30, r18
    56fc:	20 81       	ld	r18, Z
    56fe:	25 60       	ori	r18, 0x05	; 5
    5700:	fc 01       	movw	r30, r24
    5702:	20 83       	st	Z, r18
                cube_position(1);
    5704:	81 e0       	ldi	r24, 0x01	; 1
    5706:	0e 94 a5 1e 	call	0x3d4a	; 0x3d4a <cube_position>
                refresh_screen = 1;//niepotrzebne, gdy mają być wywoływane jakieś przyciski
    570a:	81 e0       	ldi	r24, 0x01	; 1
    570c:	80 93 1b 03 	sts	0x031B, r24
    5710:	5d c0       	rjmp	.+186    	; 0x57cc <pilot+0x154>
            }
            else if ( menu == 3 )
    5712:	80 91 16 03 	lds	r24, 0x0316
    5716:	83 30       	cpi	r24, 0x03	; 3
    5718:	81 f4       	brne	.+32     	; 0x573a <pilot+0xc2>
            {

                lockers_beginning_actions();
    571a:	0e 94 3f 12 	call	0x247e	; 0x247e <lockers_beginning_actions>
                //TCCR2 |= ( 1 << CS20 ) | ( 1 << CS21 ) | ( 1 << CS22 ); // preskaler 1024, timer do odświeżania
//                checking_lockers_state = 1;
                refreshing_interrupt_on();
    571e:	0e 94 46 31 	call	0x628c	; 0x628c <refreshing_interrupt_on>
                u = PCF8583_recognise_type_of_alarm();
    5722:	0e 94 2d 30 	call	0x605a	; 0x605a <PCF8583_recognise_type_of_alarm>
    5726:	80 93 49 03 	sts	0x0349, r24
                czynnosc( 100, tog );
    572a:	8b 81       	ldd	r24, Y+3	; 0x03
    572c:	9c 81       	ldd	r25, Y+4	; 0x04
    572e:	bc 01       	movw	r22, r24
    5730:	84 e6       	ldi	r24, 0x64	; 100
    5732:	90 e0       	ldi	r25, 0x00	; 0
    5734:	0e 94 59 2a 	call	0x54b2	; 0x54b2 <czynnosc>
    5738:	49 c0       	rjmp	.+146    	; 0x57cc <pilot+0x154>
                //refresh_screen = 1;//niepotrzebne, gdy mają być wywoływane jakieś przyciski
            }
            else if ( menu == 4 )
    573a:	80 91 16 03 	lds	r24, 0x0316
    573e:	84 30       	cpi	r24, 0x04	; 4
    5740:	69 f4       	brne	.+26     	; 0x575c <pilot+0xe4>
            {
                u = 0;
    5742:	10 92 49 03 	sts	0x0349, r1
                w = 1;//wymuszenie wyświetlenia komunikatu
    5746:	81 e0       	ldi	r24, 0x01	; 1
    5748:	80 93 29 03 	sts	0x0329, r24
                s = 0;
    574c:	10 92 40 03 	sts	0x0340, r1
                PCF8583_get_wall_time();
    5750:	0e 94 0d 31 	call	0x621a	; 0x621a <PCF8583_get_wall_time>
                //czynnosc( 52, tog );
                refresh_screen = 1;//niepotrzebne, gdy mają być wywoływane jakieś przyciski
    5754:	81 e0       	ldi	r24, 0x01	; 1
    5756:	80 93 1b 03 	sts	0x031B, r24
    575a:	38 c0       	rjmp	.+112    	; 0x57cc <pilot+0x154>
            }
            else if ( menu == 5 )
    575c:	80 91 16 03 	lds	r24, 0x0316
    5760:	85 30       	cpi	r24, 0x05	; 5
    5762:	b1 f4       	brne	.+44     	; 0x5790 <pilot+0x118>
            {
                PCF8583_get_wall_alarm();
    5764:	0e 94 f6 30 	call	0x61ec	; 0x61ec <PCF8583_get_wall_alarm>
                //czynnosc( men, 50, tog );
                u = -1;
    5768:	8f ef       	ldi	r24, 0xFF	; 255
    576a:	80 93 49 03 	sts	0x0349, r24
                w = 1;//wymuszenie wyświetlenia komunikatu
    576e:	81 e0       	ldi	r24, 0x01	; 1
    5770:	80 93 29 03 	sts	0x0329, r24
                s = 0;
    5774:	10 92 40 03 	sts	0x0340, r1
                c = PCF8583_recognise_type_of_alarm();
    5778:	0e 94 2d 30 	call	0x605a	; 0x605a <PCF8583_recognise_type_of_alarm>
    577c:	88 2f       	mov	r24, r24
    577e:	90 e0       	ldi	r25, 0x00	; 0
    5780:	90 93 31 03 	sts	0x0331, r25
    5784:	80 93 30 03 	sts	0x0330, r24
                refresh_screen = 1;//niepotrzebne, gdy mają być wywoływane jakieś przyciski
    5788:	81 e0       	ldi	r24, 0x01	; 1
    578a:	80 93 1b 03 	sts	0x031B, r24
    578e:	1e c0       	rjmp	.+60     	; 0x57cc <pilot+0x154>
            }
            else if ( menu == 6 )
    5790:	80 91 16 03 	lds	r24, 0x0316
    5794:	86 30       	cpi	r24, 0x06	; 6
    5796:	d1 f4       	brne	.+52     	; 0x57cc <pilot+0x154>
            {
                //czynnosc( men, 50, tog );
                //lockers_find_latest_data();
                c = lockers_convert_address_to_index_of_frame(PCF8583_read_word(PCF8583_CELL));
    5798:	8e ef       	ldi	r24, 0xFE	; 254
    579a:	0e 94 35 2e 	call	0x5c6a	; 0x5c6a <PCF8583_read_word>
    579e:	0e 94 f0 12 	call	0x25e0	; 0x25e0 <lockers_convert_address_to_index_of_frame>
    57a2:	88 2f       	mov	r24, r24
    57a4:	90 e0       	ldi	r25, 0x00	; 0
    57a6:	90 93 31 03 	sts	0x0331, r25
    57aa:	80 93 30 03 	sts	0x0330, r24
                refresh_screen = 1;//niepotrzebne, gdy mają być wywoływane jakieś przyciski
    57ae:	81 e0       	ldi	r24, 0x01	; 1
    57b0:	80 93 1b 03 	sts	0x031B, r24
    57b4:	0b c0       	rjmp	.+22     	; 0x57cc <pilot+0x154>
            }
        }
        else if( start == 0 ) czynnosc( com, tog );//jeśli jest się już w menu głównym, a nie idzie się właśnie do jakiegoś podprogramu
    57b6:	80 91 6f 00 	lds	r24, 0x006F
    57ba:	88 23       	and	r24, r24
    57bc:	39 f4       	brne	.+14     	; 0x57cc <pilot+0x154>
    57be:	2b 81       	ldd	r18, Y+3	; 0x03
    57c0:	3c 81       	ldd	r19, Y+4	; 0x04
    57c2:	89 81       	ldd	r24, Y+1	; 0x01
    57c4:	9a 81       	ldd	r25, Y+2	; 0x02
    57c6:	b9 01       	movw	r22, r18
    57c8:	0e 94 59 2a 	call	0x54b2	; 0x54b2 <czynnosc>
    }
    if(pilot_state == 1) pilot_on();
    57cc:	80 91 18 03 	lds	r24, 0x0318
    57d0:	81 30       	cpi	r24, 0x01	; 1
    57d2:	11 f4       	brne	.+4      	; 0x57d8 <pilot+0x160>
    57d4:	0e 94 55 10 	call	0x20aa	; 0x20aa <pilot_on>
}
    57d8:	0f 90       	pop	r0
    57da:	0f 90       	pop	r0
    57dc:	0f 90       	pop	r0
    57de:	0f 90       	pop	r0
    57e0:	df 91       	pop	r29
    57e2:	cf 91       	pop	r28
    57e4:	08 95       	ret

000057e6 <zczytaj_komende>:

// funkcja odpowiedzialna za odczytanie komend z pilota i przekazaniu ich do fukcji pilot, dopóki nie zostaną wykonane wszystkie rozkazy, nie będzie można odzczytać innego przysisku

void zczytaj_komende( void )
{
    57e6:	cf 93       	push	r28
    57e8:	df 93       	push	r29
    57ea:	cd b7       	in	r28, 0x3d	; 61
    57ec:	de b7       	in	r29, 0x3e	; 62
    if( interr == 1 && menu == 3 )
    57ee:	80 91 2e 03 	lds	r24, 0x032E
    57f2:	81 30       	cpi	r24, 0x01	; 1
    57f4:	61 f4       	brne	.+24     	; 0x580e <zczytaj_komende+0x28>
    57f6:	80 91 16 03 	lds	r24, 0x0316
    57fa:	83 30       	cpi	r24, 0x03	; 3
    57fc:	41 f4       	brne	.+16     	; 0x580e <zczytaj_komende+0x28>
    {
        interr = 0;
    57fe:	10 92 2e 03 	sts	0x032E, r1
        cnt = 0;
    5802:	10 92 28 03 	sts	0x0328, r1
        lockers_check_events();
    5806:	0e 94 77 12 	call	0x24ee	; 0x24ee <lockers_check_events>
        wysw();
    580a:	0e 94 82 22 	call	0x4504	; 0x4504 <wysw>
    }

    if(refresh_screen == 1 )
    580e:	80 91 1b 03 	lds	r24, 0x031B
    5812:	81 30       	cpi	r24, 0x01	; 1
    5814:	81 f4       	brne	.+32     	; 0x5836 <zczytaj_komende+0x50>
    {
        if(pilot_state == 1) pilot_off();
    5816:	80 91 18 03 	lds	r24, 0x0318
    581a:	81 30       	cpi	r24, 0x01	; 1
    581c:	11 f4       	brne	.+4      	; 0x5822 <zczytaj_komende+0x3c>
    581e:	0e 94 45 10 	call	0x208a	; 0x208a <pilot_off>
        refresh_screen = 0;
    5822:	10 92 1b 03 	sts	0x031B, r1
        wysw();
    5826:	0e 94 82 22 	call	0x4504	; 0x4504 <wysw>
        if(pilot_state == 1) pilot_on();
    582a:	80 91 18 03 	lds	r24, 0x0318
    582e:	81 30       	cpi	r24, 0x01	; 1
    5830:	11 f4       	brne	.+4      	; 0x5836 <zczytaj_komende+0x50>
    5832:	0e 94 55 10 	call	0x20aa	; 0x20aa <pilot_on>
    }

    if ( start == 1 )//jeśli było się w jakimś podprogramie i właśnie przechodzimy do podprogramu głównego
    5836:	80 91 6f 00 	lds	r24, 0x006F
    583a:	81 30       	cpi	r24, 0x01	; 1
    583c:	59 f5       	brne	.+86     	; 0x5894 <zczytaj_komende+0xae>
    {
        cy1 = 10;
    583e:	8a e0       	ldi	r24, 0x0A	; 10
    5840:	80 93 1e 03 	sts	0x031E, r24
        cy1 = 10;
    5844:	8a e0       	ldi	r24, 0x0A	; 10
    5846:	80 93 1e 03 	sts	0x031E, r24
        cy1 = 10;
    584a:	8a e0       	ldi	r24, 0x0A	; 10
    584c:	80 93 1e 03 	sts	0x031E, r24
        cy1 = 10;
    5850:	8a e0       	ldi	r24, 0x0A	; 10
    5852:	80 93 1e 03 	sts	0x031E, r24
        start = 0;//informacja, że zaraz będziemy "chwilę" w menu głównym
    5856:	10 92 6f 00 	sts	0x006F, r1
        menu = 0;//
    585a:	10 92 16 03 	sts	0x0316, r1
        zwiekszanie = 1;
    585e:	81 e0       	ldi	r24, 0x01	; 1
    5860:	90 e0       	ldi	r25, 0x00	; 0
    5862:	90 93 42 03 	sts	0x0342, r25
    5866:	80 93 41 03 	sts	0x0341, r24
//        checking_lockers_state = 0;
        delay_ms_var(10);//chwilowe odczekanie na wygaszenie się wyświetlacza
    586a:	8a e0       	ldi	r24, 0x0A	; 10
    586c:	90 e0       	ldi	r25, 0x00	; 0
    586e:	0e 94 10 04 	call	0x820	; 0x820 <delay_ms_var>
        TCCR0 &= ~( ( 1 << CS02 ) | ( 1 << CS00 ) ); // timer 0 od wyświetlacza alfanumerycznego wyłączony
    5872:	83 e5       	ldi	r24, 0x53	; 83
    5874:	90 e0       	ldi	r25, 0x00	; 0
    5876:	23 e5       	ldi	r18, 0x53	; 83
    5878:	30 e0       	ldi	r19, 0x00	; 0
    587a:	f9 01       	movw	r30, r18
    587c:	20 81       	ld	r18, Z
    587e:	2a 7f       	andi	r18, 0xFA	; 250
    5880:	fc 01       	movw	r30, r24
    5882:	20 83       	st	Z, r18
        refreshing_interrupt_off();
    5884:	0e 94 56 31 	call	0x62ac	; 0x62ac <refreshing_interrupt_off>
        pilot(59,0);
    5888:	60 e0       	ldi	r22, 0x00	; 0
    588a:	70 e0       	ldi	r23, 0x00	; 0
    588c:	8b e3       	ldi	r24, 0x3B	; 59
    588e:	90 e0       	ldi	r25, 0x00	; 0
    5890:	0e 94 3c 2b 	call	0x5678	; 0x5678 <pilot>
        //refresh_screen = 1;// wyświetlenie ekranu
    }

    if ( stop_button())
    5894:	0e 94 ab 11 	call	0x2356	; 0x2356 <stop_button>
    5898:	00 97       	sbiw	r24, 0x00	; 0
    589a:	91 f0       	breq	.+36     	; 0x58c0 <zczytaj_komende+0xda>
    {
        delay_ms_var(30);
    589c:	8e e1       	ldi	r24, 0x1E	; 30
    589e:	90 e0       	ldi	r25, 0x00	; 0
    58a0:	0e 94 10 04 	call	0x820	; 0x820 <delay_ms_var>
        if (stop_button())
    58a4:	0e 94 ab 11 	call	0x2356	; 0x2356 <stop_button>
    58a8:	00 97       	sbiw	r24, 0x00	; 0
    58aa:	51 f0       	breq	.+20     	; 0x58c0 <zczytaj_komende+0xda>
        {
            pilot( 100, 0 );//wywołanie funkcji pilot przez naciśnięcie przycisku
    58ac:	60 e0       	ldi	r22, 0x00	; 0
    58ae:	70 e0       	ldi	r23, 0x00	; 0
    58b0:	84 e6       	ldi	r24, 0x64	; 100
    58b2:	90 e0       	ldi	r25, 0x00	; 0
    58b4:	0e 94 3c 2b 	call	0x5678	; 0x5678 <pilot>
            delay_ms_var(100);
    58b8:	84 e6       	ldi	r24, 0x64	; 100
    58ba:	90 e0       	ldi	r25, 0x00	; 0
    58bc:	0e 94 10 04 	call	0x820	; 0x820 <delay_ms_var>
        }
    }

    if( Ir_key_press_flag )
    58c0:	80 91 25 03 	lds	r24, 0x0325
    58c4:	88 23       	and	r24, r24
    58c6:	c9 f0       	breq	.+50     	; 0x58fa <zczytaj_komende+0x114>
    {
        if( !address )
    58c8:	80 91 22 03 	lds	r24, 0x0322
    58cc:	88 23       	and	r24, r24
    58ce:	a9 f4       	brne	.+42     	; 0x58fa <zczytaj_komende+0x114>
        {
            //TCCR1B &= ~( ( 1 << CS12 ) | ( 1 << CS11 ) | ( 1 << CS10 ) ); //wyłączenie Timera1 (prescaler na zero)
            toggle_action();
    58d0:	0e 94 80 2c 	call	0x5900	; 0x5900 <toggle_action>
            Ir_key_press_flag = 0;
    58d4:	10 92 25 03 	sts	0x0325, r1
            pilot( command, t );//wywołanie funkcji pilot
    58d8:	20 91 26 03 	lds	r18, 0x0326
    58dc:	30 91 27 03 	lds	r19, 0x0327
    58e0:	80 91 23 03 	lds	r24, 0x0323
    58e4:	88 2f       	mov	r24, r24
    58e6:	90 e0       	ldi	r25, 0x00	; 0
    58e8:	b9 01       	movw	r22, r18
    58ea:	0e 94 3c 2b 	call	0x5678	; 0x5678 <pilot>
            command = 0xff;
    58ee:	8f ef       	ldi	r24, 0xFF	; 255
    58f0:	80 93 23 03 	sts	0x0323, r24
            address = 0xff;
    58f4:	8f ef       	ldi	r24, 0xFF	; 255
    58f6:	80 93 22 03 	sts	0x0322, r24
        }
    }
}
    58fa:	df 91       	pop	r29
    58fc:	cf 91       	pop	r28
    58fe:	08 95       	ret

00005900 <toggle_action>:

void toggle_action(void)
{
    5900:	cf 93       	push	r28
    5902:	df 93       	push	r29
    5904:	cd b7       	in	r28, 0x3d	; 61
    5906:	de b7       	in	r29, 0x3e	; 62
    t = 0;//zmienna pomocnicza
    5908:	10 92 27 03 	sts	0x0327, r1
    590c:	10 92 26 03 	sts	0x0326, r1
    if(toggle != 2)//jeśli zmiaenna "toggle" ma wartość inną niż na samym początku programu
    5910:	80 91 70 00 	lds	r24, 0x0070
    5914:	82 30       	cpi	r24, 0x02	; 2
    5916:	c1 f0       	breq	.+48     	; 0x5948 <toggle_action+0x48>
    {
        if(toggle == toggle_bit)//jeśli stara zapamiętana wartość zmiennej "toggle" jest taka sama jak "toggle_bit", to oznacza to, że przycisk pilota zotał dłużej przytrzymany
    5918:	80 91 70 00 	lds	r24, 0x0070
    591c:	28 2f       	mov	r18, r24
    591e:	33 27       	eor	r19, r19
    5920:	27 fd       	sbrc	r18, 7
    5922:	30 95       	com	r19
    5924:	80 91 21 03 	lds	r24, 0x0321
    5928:	88 2f       	mov	r24, r24
    592a:	90 e0       	ldi	r25, 0x00	; 0
    592c:	28 17       	cp	r18, r24
    592e:	39 07       	cpc	r19, r25
    5930:	31 f4       	brne	.+12     	; 0x593e <toggle_action+0x3e>
        {
            t = 1;//przypisanie jednynki - przycisk zostal dłużej przyciśnięty
    5932:	81 e0       	ldi	r24, 0x01	; 1
    5934:	90 e0       	ldi	r25, 0x00	; 0
    5936:	90 93 27 03 	sts	0x0327, r25
    593a:	80 93 26 03 	sts	0x0326, r24
        }
        toggle = toggle_bit;//przypiwanie obecnej wartości do zmiennej "toggle"
    593e:	80 91 21 03 	lds	r24, 0x0321
    5942:	80 93 70 00 	sts	0x0070, r24
    5946:	04 c0       	rjmp	.+8      	; 0x5950 <toggle_action+0x50>
    }
    else toggle = toggle_bit;//przypisanie obecnej wartości do zmiennej "toggle"
    5948:	80 91 21 03 	lds	r24, 0x0321
    594c:	80 93 70 00 	sts	0x0070, r24
}
    5950:	df 91       	pop	r29
    5952:	cf 91       	pop	r28
    5954:	08 95       	ret

00005956 <main>:
//Koniec definicji metod

//Program glowny:

int main( void )
{
    5956:	cf 93       	push	r28
    5958:	df 93       	push	r29
    595a:	cd b7       	in	r28, 0x3d	; 61
    595c:	de b7       	in	r29, 0x3e	; 62

//Inicjalizacja
    LCD_Initalize();//inicjalizacja wyświetlacza
    595e:	0e 94 2f 0b 	call	0x165e	; 0x165e <LCD_Initalize>

    i2cSetBitrate(100);//inicjalizacja i2c - utawienie częstotliwości w kHz
    5962:	84 e6       	ldi	r24, 0x64	; 100
    5964:	90 e0       	ldi	r25, 0x00	; 0
    5966:	0e 94 ae 0f 	call	0x1f5c	; 0x1f5c <i2cSetBitrate>
    PCF8583_init();//inicjlalizacja wyświetlacza
    596a:	0e 94 73 2d 	call	0x5ae6	; 0x5ae6 <PCF8583_init>

    DDRD |= ( 1 << PD7 );// PORTD7 jako wyjście do buzzera
    596e:	81 e3       	ldi	r24, 0x31	; 49
    5970:	90 e0       	ldi	r25, 0x00	; 0
    5972:	21 e3       	ldi	r18, 0x31	; 49
    5974:	30 e0       	ldi	r19, 0x00	; 0
    5976:	f9 01       	movw	r30, r18
    5978:	20 81       	ld	r18, Z
    597a:	20 68       	ori	r18, 0x80	; 128
    597c:	fc 01       	movw	r30, r24
    597e:	20 83       	st	Z, r18
    ds18b20_temperature();//zmierzenie temperatury
    5980:	0e 94 da 32 	call	0x65b4	; 0x65b4 <ds18b20_temperature>
    random_generator_init();//włączenie losowaniacyfr
    5984:	0e 94 28 31 	call	0x6250	; 0x6250 <random_generator_init>
    ir_init();//inicjalizacja odbioru sygnału z pilota
    5988:	0e 94 65 10 	call	0x20ca	; 0x20ca <ir_init>
    d_led_init();//inicjalizacja wyświetlacza alfanumerycznego
    598c:	0e 94 4f 00 	call	0x9e	; 0x9e <d_led_init>
    lockers_init();//inicjalizacja przycisku wejściowego oraz wejścia i wyjcia
    5990:	0e 94 0a 12 	call	0x2414	; 0x2414 <lockers_init>


    //eeprom_write_word((uint16_t*)257,5);


    pilot_on();
    5994:	0e 94 55 10 	call	0x20aa	; 0x20aa <pilot_on>
    pilot_state = 1;
    5998:	81 e0       	ldi	r24, 0x01	; 1
    599a:	80 93 18 03 	sts	0x0318, r24

    sei();//włącza przerwania
    599e:	78 94       	sei
    zczytaj_komende();
    59a0:	0e 94 f3 2b 	call	0x57e6	; 0x57e6 <zczytaj_komende>

    //główna pętla programu

    while( 1 )
    {
        zczytaj_komende();
    59a4:	0e 94 f3 2b 	call	0x57e6	; 0x57e6 <zczytaj_komende>
    }
    59a8:	fd cf       	rjmp	.-6      	; 0x59a4 <main+0x4e>

000059aa <bcd2bin>:

  Return value :  kod binarny z kodu BCD

--------------------------------------------------------------------------------------------------*/
uint8_t bcd2bin(uint8_t bcd)
{
    59aa:	cf 93       	push	r28
    59ac:	df 93       	push	r29
    59ae:	1f 92       	push	r1
    59b0:	cd b7       	in	r28, 0x3d	; 61
    59b2:	de b7       	in	r29, 0x3e	; 62
    59b4:	89 83       	std	Y+1, r24	; 0x01
    return ( 10 * ( bcd >> 4 ) + ( bcd & 0x0f ) );
    59b6:	89 81       	ldd	r24, Y+1	; 0x01
    59b8:	82 95       	swap	r24
    59ba:	8f 70       	andi	r24, 0x0F	; 15
    59bc:	88 0f       	add	r24, r24
    59be:	98 2f       	mov	r25, r24
    59c0:	99 0f       	add	r25, r25
    59c2:	99 0f       	add	r25, r25
    59c4:	98 0f       	add	r25, r24
    59c6:	89 81       	ldd	r24, Y+1	; 0x01
    59c8:	8f 70       	andi	r24, 0x0F	; 15
    59ca:	89 0f       	add	r24, r25
}
    59cc:	0f 90       	pop	r0
    59ce:	df 91       	pop	r29
    59d0:	cf 91       	pop	r28
    59d2:	08 95       	ret

000059d4 <bin2bcd>:

  Return value :  kod BCD, bity: 7654 - dziesiatki, 3210 -jednosci

--------------------------------------------------------------------------------------------------*/
uint8_t bin2bcd(uint8_t bin)
{
    59d4:	cf 93       	push	r28
    59d6:	df 93       	push	r29
    59d8:	1f 92       	push	r1
    59da:	cd b7       	in	r28, 0x3d	; 61
    59dc:	de b7       	in	r29, 0x3e	; 62
    59de:	89 83       	std	Y+1, r24	; 0x01
    return ( ( ( bin / 10 ) << 4) | ( bin % 10 ) );
    59e0:	99 81       	ldd	r25, Y+1	; 0x01
    59e2:	8d ec       	ldi	r24, 0xCD	; 205
    59e4:	98 9f       	mul	r25, r24
    59e6:	81 2d       	mov	r24, r1
    59e8:	11 24       	eor	r1, r1
    59ea:	86 95       	lsr	r24
    59ec:	86 95       	lsr	r24
    59ee:	86 95       	lsr	r24
    59f0:	88 2f       	mov	r24, r24
    59f2:	90 e0       	ldi	r25, 0x00	; 0
    59f4:	82 95       	swap	r24
    59f6:	92 95       	swap	r25
    59f8:	90 7f       	andi	r25, 0xF0	; 240
    59fa:	98 27       	eor	r25, r24
    59fc:	80 7f       	andi	r24, 0xF0	; 240
    59fe:	98 27       	eor	r25, r24
    5a00:	28 2f       	mov	r18, r24
    5a02:	99 81       	ldd	r25, Y+1	; 0x01
    5a04:	8d ec       	ldi	r24, 0xCD	; 205
    5a06:	98 9f       	mul	r25, r24
    5a08:	81 2d       	mov	r24, r1
    5a0a:	11 24       	eor	r1, r1
    5a0c:	86 95       	lsr	r24
    5a0e:	86 95       	lsr	r24
    5a10:	86 95       	lsr	r24
    5a12:	88 0f       	add	r24, r24
    5a14:	38 2f       	mov	r19, r24
    5a16:	33 0f       	add	r19, r19
    5a18:	33 0f       	add	r19, r19
    5a1a:	83 0f       	add	r24, r19
    5a1c:	39 2f       	mov	r19, r25
    5a1e:	38 1b       	sub	r19, r24
    5a20:	83 2f       	mov	r24, r19
    5a22:	82 2b       	or	r24, r18
}
    5a24:	0f 90       	pop	r0
    5a26:	df 91       	pop	r29
    5a28:	cf 91       	pop	r28
    5a2a:	08 95       	ret

00005a2c <PCF8583_read>:
 Czyta bajt z układu
 \param address adres komórki w układzie
 \return odczytany bajt
*/
uint8_t PCF8583_read(uint8_t address)
{
    5a2c:	cf 93       	push	r28
    5a2e:	df 93       	push	r29
    5a30:	00 d0       	rcall	.+0      	; 0x5a32 <PCF8583_read+0x6>
    5a32:	cd b7       	in	r28, 0x3d	; 61
    5a34:	de b7       	in	r29, 0x3e	; 62
    5a36:	8a 83       	std	Y+2, r24	; 0x02
    uint8_t a;
    a = (PCF8583_A0 << 1) | PCF8583_ADDRESS;
    5a38:	82 ea       	ldi	r24, 0xA2	; 162
    5a3a:	89 83       	std	Y+1, r24	; 0x01
    i2cStart();
    5a3c:	0e 94 da 0f 	call	0x1fb4	; 0x1fb4 <i2cStart>
    i2cWrite(a);
    5a40:	89 81       	ldd	r24, Y+1	; 0x01
    5a42:	0e 94 04 10 	call	0x2008	; 0x2008 <i2cWrite>
    i2cWrite(address);
    5a46:	8a 81       	ldd	r24, Y+2	; 0x02
    5a48:	0e 94 04 10 	call	0x2008	; 0x2008 <i2cWrite>
    i2cStart();
    5a4c:	0e 94 da 0f 	call	0x1fb4	; 0x1fb4 <i2cStart>
    i2cWrite(a | 1);
    5a50:	89 81       	ldd	r24, Y+1	; 0x01
    5a52:	81 60       	ori	r24, 0x01	; 1
    5a54:	0e 94 04 10 	call	0x2008	; 0x2008 <i2cWrite>
    a = i2cRead(NOACK);
    5a58:	80 e0       	ldi	r24, 0x00	; 0
    5a5a:	0e 94 1f 10 	call	0x203e	; 0x203e <i2cRead>
    5a5e:	89 83       	std	Y+1, r24	; 0x01
    i2cStop();
    5a60:	0e 94 ed 0f 	call	0x1fda	; 0x1fda <i2cStop>
    return a;
    5a64:	89 81       	ldd	r24, Y+1	; 0x01
}
    5a66:	0f 90       	pop	r0
    5a68:	0f 90       	pop	r0
    5a6a:	df 91       	pop	r29
    5a6c:	cf 91       	pop	r28
    5a6e:	08 95       	ret

00005a70 <PCF8583_write>:
 Zapisuje bajt do układu
 \param address adres komórki w układzie
 \param data bajt do wpisania
*/
void PCF8583_write(uint8_t address,uint8_t data)
{
    5a70:	cf 93       	push	r28
    5a72:	df 93       	push	r29
    5a74:	00 d0       	rcall	.+0      	; 0x5a76 <PCF8583_write+0x6>
    5a76:	cd b7       	in	r28, 0x3d	; 61
    5a78:	de b7       	in	r29, 0x3e	; 62
    5a7a:	89 83       	std	Y+1, r24	; 0x01
    5a7c:	6a 83       	std	Y+2, r22	; 0x02
    i2cStart();
    5a7e:	0e 94 da 0f 	call	0x1fb4	; 0x1fb4 <i2cStart>
    i2cWrite((PCF8583_A0 << 1) | PCF8583_ADDRESS);
    5a82:	82 ea       	ldi	r24, 0xA2	; 162
    5a84:	0e 94 04 10 	call	0x2008	; 0x2008 <i2cWrite>
    i2cWrite(address);
    5a88:	89 81       	ldd	r24, Y+1	; 0x01
    5a8a:	0e 94 04 10 	call	0x2008	; 0x2008 <i2cWrite>
    i2cWrite(data);
    5a8e:	8a 81       	ldd	r24, Y+2	; 0x02
    5a90:	0e 94 04 10 	call	0x2008	; 0x2008 <i2cWrite>
    i2cStop();
    5a94:	0e 94 ed 0f 	call	0x1fda	; 0x1fda <i2cStop>
}
    5a98:	0f 90       	pop	r0
    5a9a:	0f 90       	pop	r0
    5a9c:	df 91       	pop	r29
    5a9e:	cf 91       	pop	r28
    5aa0:	08 95       	ret

00005aa2 <PCF8583_read_bcd>:
 Czyta bajt z układu w formacie BCD
 \param address adres komórki w układzie
 \return odczytany bajt
*/
uint8_t PCF8583_read_bcd(uint8_t address)
{
    5aa2:	cf 93       	push	r28
    5aa4:	df 93       	push	r29
    5aa6:	1f 92       	push	r1
    5aa8:	cd b7       	in	r28, 0x3d	; 61
    5aaa:	de b7       	in	r29, 0x3e	; 62
    5aac:	89 83       	std	Y+1, r24	; 0x01
    return bcd2bin(PCF8583_read(address));
    5aae:	89 81       	ldd	r24, Y+1	; 0x01
    5ab0:	0e 94 16 2d 	call	0x5a2c	; 0x5a2c <PCF8583_read>
    5ab4:	0e 94 d5 2c 	call	0x59aa	; 0x59aa <bcd2bin>
}
    5ab8:	0f 90       	pop	r0
    5aba:	df 91       	pop	r29
    5abc:	cf 91       	pop	r28
    5abe:	08 95       	ret

00005ac0 <PCF8583_write_bcd>:
 Zapisuje bajt do układu w formacie BCD
 \param address adres komórki w układzie
 \param data bajt do wpisania
*/
void PCF8583_write_bcd(uint8_t address,uint8_t data)
{
    5ac0:	cf 93       	push	r28
    5ac2:	df 93       	push	r29
    5ac4:	00 d0       	rcall	.+0      	; 0x5ac6 <PCF8583_write_bcd+0x6>
    5ac6:	cd b7       	in	r28, 0x3d	; 61
    5ac8:	de b7       	in	r29, 0x3e	; 62
    5aca:	89 83       	std	Y+1, r24	; 0x01
    5acc:	6a 83       	std	Y+2, r22	; 0x02
    PCF8583_write(address,bin2bcd(data));
    5ace:	8a 81       	ldd	r24, Y+2	; 0x02
    5ad0:	0e 94 ea 2c 	call	0x59d4	; 0x59d4 <bin2bcd>
    5ad4:	68 2f       	mov	r22, r24
    5ad6:	89 81       	ldd	r24, Y+1	; 0x01
    5ad8:	0e 94 38 2d 	call	0x5a70	; 0x5a70 <PCF8583_write>
}
    5adc:	0f 90       	pop	r0
    5ade:	0f 90       	pop	r0
    5ae0:	df 91       	pop	r29
    5ae2:	cf 91       	pop	r28
    5ae4:	08 95       	ret

00005ae6 <PCF8583_init>:

/**
 Inicjalizuje układ
*/
void PCF8583_init(void)
{
    5ae6:	cf 93       	push	r28
    5ae8:	df 93       	push	r29
    5aea:	cd b7       	in	r28, 0x3d	; 61
    5aec:	de b7       	in	r29, 0x3e	; 62
//    PCF8583_alarm=0;
    PCF8583_write(0, PCF8583_read(0) & ~0b11111101);//bez zerowania flagi alarmu
    5aee:	80 e0       	ldi	r24, 0x00	; 0
    5af0:	0e 94 16 2d 	call	0x5a2c	; 0x5a2c <PCF8583_read>
    5af4:	82 70       	andi	r24, 0x02	; 2
    5af6:	68 2f       	mov	r22, r24
    5af8:	80 e0       	ldi	r24, 0x00	; 0
    5afa:	0e 94 38 2d 	call	0x5a70	; 0x5a70 <PCF8583_write>
    PCF8583_write(0, PCF8583_read(0) | 0b00000100);//komórki do alarmu dozwolone
    5afe:	80 e0       	ldi	r24, 0x00	; 0
    5b00:	0e 94 16 2d 	call	0x5a2c	; 0x5a2c <PCF8583_read>
    5b04:	84 60       	ori	r24, 0x04	; 4
    5b06:	68 2f       	mov	r22, r24
    5b08:	80 e0       	ldi	r24, 0x00	; 0
    5b0a:	0e 94 38 2d 	call	0x5a70	; 0x5a70 <PCF8583_write>
    PCF8583_hold_off();//normalne zliczanie, bez zatrzasków
    5b0e:	0e 94 bc 2d 	call	0x5b78	; 0x5b78 <PCF8583_hold_off>
    PCF8583_mask_off();//maskowanie dni i roku wyłączone
    5b12:	0e 94 da 2d 	call	0x5bb4	; 0x5bb4 <PCF8583_mask_off>
    PCF8583_write(4, PCF8583_read(4) & ~0xC0);//1100 0000 (wskaźnik am, 24 godzinny format)
    5b16:	84 e0       	ldi	r24, 0x04	; 4
    5b18:	0e 94 16 2d 	call	0x5a2c	; 0x5a2c <PCF8583_read>
    5b1c:	8f 73       	andi	r24, 0x3F	; 63
    5b1e:	68 2f       	mov	r22, r24
    5b20:	84 e0       	ldi	r24, 0x04	; 4
    5b22:	0e 94 38 2d 	call	0x5a70	; 0x5a70 <PCF8583_write>
    PCF8583_write(8, PCF8583_read(8) | 0b10000000);//przerwania alarmu dozwolone
    5b26:	88 e0       	ldi	r24, 0x08	; 8
    5b28:	0e 94 16 2d 	call	0x5a2c	; 0x5a2c <PCF8583_read>
    5b2c:	80 68       	ori	r24, 0x80	; 128
    5b2e:	68 2f       	mov	r22, r24
    5b30:	88 e0       	ldi	r24, 0x08	; 8
    5b32:	0e 94 38 2d 	call	0x5a70	; 0x5a70 <PCF8583_write>

    //PCF8583_write(8, 0x80);//1000 0000 alarm wyłączony
}
    5b36:	df 91       	pop	r29
    5b38:	cf 91       	pop	r28
    5b3a:	08 95       	ret

00005b3c <PCF8583_stop>:

/**
 Zatrzymuje układ
*/
void PCF8583_stop(void)
{
    5b3c:	cf 93       	push	r28
    5b3e:	df 93       	push	r29
    5b40:	cd b7       	in	r28, 0x3d	; 61
    5b42:	de b7       	in	r29, 0x3e	; 62
    PCF8583_write(0, PCF8583_read(0) | 0x80);
    5b44:	80 e0       	ldi	r24, 0x00	; 0
    5b46:	0e 94 16 2d 	call	0x5a2c	; 0x5a2c <PCF8583_read>
    5b4a:	80 68       	ori	r24, 0x80	; 128
    5b4c:	68 2f       	mov	r22, r24
    5b4e:	80 e0       	ldi	r24, 0x00	; 0
    5b50:	0e 94 38 2d 	call	0x5a70	; 0x5a70 <PCF8583_write>
}
    5b54:	df 91       	pop	r29
    5b56:	cf 91       	pop	r28
    5b58:	08 95       	ret

00005b5a <PCF8583_start>:

/**
 Startuje układ
*/
void PCF8583_start(void)
{
    5b5a:	cf 93       	push	r28
    5b5c:	df 93       	push	r29
    5b5e:	cd b7       	in	r28, 0x3d	; 61
    5b60:	de b7       	in	r29, 0x3e	; 62
    PCF8583_write(0, PCF8583_read(0) & ~0x80);
    5b62:	80 e0       	ldi	r24, 0x00	; 0
    5b64:	0e 94 16 2d 	call	0x5a2c	; 0x5a2c <PCF8583_read>
    5b68:	8f 77       	andi	r24, 0x7F	; 127
    5b6a:	68 2f       	mov	r22, r24
    5b6c:	80 e0       	ldi	r24, 0x00	; 0
    5b6e:	0e 94 38 2d 	call	0x5a70	; 0x5a70 <PCF8583_write>
}
    5b72:	df 91       	pop	r29
    5b74:	cf 91       	pop	r28
    5b76:	08 95       	ret

00005b78 <PCF8583_hold_off>:

/**
 Odwiesza układ
*/
void PCF8583_hold_off(void)
{
    5b78:	cf 93       	push	r28
    5b7a:	df 93       	push	r29
    5b7c:	cd b7       	in	r28, 0x3d	; 61
    5b7e:	de b7       	in	r29, 0x3e	; 62
    PCF8583_write(0, PCF8583_read(0) & ~0x40);//pozwala dalej zliczać układowi
    5b80:	80 e0       	ldi	r24, 0x00	; 0
    5b82:	0e 94 16 2d 	call	0x5a2c	; 0x5a2c <PCF8583_read>
    5b86:	8f 7b       	andi	r24, 0xBF	; 191
    5b88:	68 2f       	mov	r22, r24
    5b8a:	80 e0       	ldi	r24, 0x00	; 0
    5b8c:	0e 94 38 2d 	call	0x5a70	; 0x5a70 <PCF8583_write>
}
    5b90:	df 91       	pop	r29
    5b92:	cf 91       	pop	r28
    5b94:	08 95       	ret

00005b96 <PCF8583_hold_on>:

/**
 Zawiesza układu
*/
void PCF8583_hold_on(void)//przechowanie w zatrzaskach wyniku ostatniego zliczania
{
    5b96:	cf 93       	push	r28
    5b98:	df 93       	push	r29
    5b9a:	cd b7       	in	r28, 0x3d	; 61
    5b9c:	de b7       	in	r29, 0x3e	; 62
    PCF8583_write(0, PCF8583_read(0) | 0x40);
    5b9e:	80 e0       	ldi	r24, 0x00	; 0
    5ba0:	0e 94 16 2d 	call	0x5a2c	; 0x5a2c <PCF8583_read>
    5ba4:	80 64       	ori	r24, 0x40	; 64
    5ba6:	68 2f       	mov	r22, r24
    5ba8:	80 e0       	ldi	r24, 0x00	; 0
    5baa:	0e 94 38 2d 	call	0x5a70	; 0x5a70 <PCF8583_write>
}
    5bae:	df 91       	pop	r29
    5bb0:	cf 91       	pop	r28
    5bb2:	08 95       	ret

00005bb4 <PCF8583_mask_off>:

/**
 Odwiesza układ
*/
void PCF8583_mask_off(void)
{
    5bb4:	cf 93       	push	r28
    5bb6:	df 93       	push	r29
    5bb8:	cd b7       	in	r28, 0x3d	; 61
    5bba:	de b7       	in	r29, 0x3e	; 62
    PCF8583_write(0, PCF8583_read(0) & ~0x08);//wyłącza maskę - dostępne są wszystkie rejestry
    5bbc:	80 e0       	ldi	r24, 0x00	; 0
    5bbe:	0e 94 16 2d 	call	0x5a2c	; 0x5a2c <PCF8583_read>
    5bc2:	87 7f       	andi	r24, 0xF7	; 247
    5bc4:	68 2f       	mov	r22, r24
    5bc6:	80 e0       	ldi	r24, 0x00	; 0
    5bc8:	0e 94 38 2d 	call	0x5a70	; 0x5a70 <PCF8583_write>
}
    5bcc:	df 91       	pop	r29
    5bce:	cf 91       	pop	r28
    5bd0:	08 95       	ret

00005bd2 <PCF8583_mask_on>:

/**
 Zawiesza układu
*/
void PCF8583_mask_on(void)//maskuje dane - można bezpośrednio odczytywać
{
    5bd2:	cf 93       	push	r28
    5bd4:	df 93       	push	r29
    5bd6:	cd b7       	in	r28, 0x3d	; 61
    5bd8:	de b7       	in	r29, 0x3e	; 62
    PCF8583_write(0, PCF8583_read(0) | 0x08);
    5bda:	80 e0       	ldi	r24, 0x00	; 0
    5bdc:	0e 94 16 2d 	call	0x5a2c	; 0x5a2c <PCF8583_read>
    5be0:	88 60       	ori	r24, 0x08	; 8
    5be2:	68 2f       	mov	r22, r24
    5be4:	80 e0       	ldi	r24, 0x00	; 0
    5be6:	0e 94 38 2d 	call	0x5a70	; 0x5a70 <PCF8583_write>
}
    5bea:	df 91       	pop	r29
    5bec:	cf 91       	pop	r28
    5bee:	08 95       	ret

00005bf0 <PCF8583_alarm_flag_off>:

/**
 Wyłacza wskaźnik alarmu
*/
void PCF8583_alarm_flag_off(void)
{
    5bf0:	cf 93       	push	r28
    5bf2:	df 93       	push	r29
    5bf4:	cd b7       	in	r28, 0x3d	; 61
    5bf6:	de b7       	in	r29, 0x3e	; 62
    PCF8583_write(0, PCF8583_read(0) & ~0b00000010);//alarm codzienny
    5bf8:	80 e0       	ldi	r24, 0x00	; 0
    5bfa:	0e 94 16 2d 	call	0x5a2c	; 0x5a2c <PCF8583_read>
    5bfe:	8d 7f       	andi	r24, 0xFD	; 253
    5c00:	68 2f       	mov	r22, r24
    5c02:	80 e0       	ldi	r24, 0x00	; 0
    5c04:	0e 94 38 2d 	call	0x5a70	; 0x5a70 <PCF8583_write>
}
    5c08:	df 91       	pop	r29
    5c0a:	cf 91       	pop	r28
    5c0c:	08 95       	ret

00005c0e <PCF8583_alarm_flag_on>:

/**
 Włącza wskaźnik alarmu
*/
void PCF8583_alarm_flag_on(void)
{
    5c0e:	cf 93       	push	r28
    5c10:	df 93       	push	r29
    5c12:	cd b7       	in	r28, 0x3d	; 61
    5c14:	de b7       	in	r29, 0x3e	; 62
    PCF8583_write(0, PCF8583_read(0) | 0b00000010);//alarm codzienny
    5c16:	80 e0       	ldi	r24, 0x00	; 0
    5c18:	0e 94 16 2d 	call	0x5a2c	; 0x5a2c <PCF8583_read>
    5c1c:	82 60       	ori	r24, 0x02	; 2
    5c1e:	68 2f       	mov	r22, r24
    5c20:	80 e0       	ldi	r24, 0x00	; 0
    5c22:	0e 94 38 2d 	call	0x5a70	; 0x5a70 <PCF8583_write>
}
    5c26:	df 91       	pop	r29
    5c28:	cf 91       	pop	r28
    5c2a:	08 95       	ret

00005c2c <PCF8583_write_word>:
 Zapisuje słowo do układu
 \param address adres komórki w układzie
 \param data słowo do wpisania
*/
void PCF8583_write_word(uint8_t address,uint16_t data)
{
    5c2c:	cf 93       	push	r28
    5c2e:	df 93       	push	r29
    5c30:	00 d0       	rcall	.+0      	; 0x5c32 <PCF8583_write_word+0x6>
    5c32:	1f 92       	push	r1
    5c34:	cd b7       	in	r28, 0x3d	; 61
    5c36:	de b7       	in	r29, 0x3e	; 62
    5c38:	89 83       	std	Y+1, r24	; 0x01
    5c3a:	7b 83       	std	Y+3, r23	; 0x03
    5c3c:	6a 83       	std	Y+2, r22	; 0x02
    PCF8583_write(address, (uint8_t)(data & 0xFF));
    5c3e:	8a 81       	ldd	r24, Y+2	; 0x02
    5c40:	68 2f       	mov	r22, r24
    5c42:	89 81       	ldd	r24, Y+1	; 0x01
    5c44:	0e 94 38 2d 	call	0x5a70	; 0x5a70 <PCF8583_write>
    PCF8583_write(++address, (uint8_t)(data >> 8));
    5c48:	8a 81       	ldd	r24, Y+2	; 0x02
    5c4a:	9b 81       	ldd	r25, Y+3	; 0x03
    5c4c:	89 2f       	mov	r24, r25
    5c4e:	99 27       	eor	r25, r25
    5c50:	99 81       	ldd	r25, Y+1	; 0x01
    5c52:	9f 5f       	subi	r25, 0xFF	; 255
    5c54:	99 83       	std	Y+1, r25	; 0x01
    5c56:	68 2f       	mov	r22, r24
    5c58:	89 81       	ldd	r24, Y+1	; 0x01
    5c5a:	0e 94 38 2d 	call	0x5a70	; 0x5a70 <PCF8583_write>
}
    5c5e:	0f 90       	pop	r0
    5c60:	0f 90       	pop	r0
    5c62:	0f 90       	pop	r0
    5c64:	df 91       	pop	r29
    5c66:	cf 91       	pop	r28
    5c68:	08 95       	ret

00005c6a <PCF8583_read_word>:

uint16_t PCF8583_read_word(uint8_t address)
{
    5c6a:	cf 93       	push	r28
    5c6c:	df 93       	push	r29
    5c6e:	00 d0       	rcall	.+0      	; 0x5c70 <PCF8583_read_word+0x6>
    5c70:	1f 92       	push	r1
    5c72:	cd b7       	in	r28, 0x3d	; 61
    5c74:	de b7       	in	r29, 0x3e	; 62
    5c76:	8b 83       	std	Y+3, r24	; 0x03
    uint16_t temp;
    temp = PCF8583_read(address) & 0xFF;
    5c78:	8b 81       	ldd	r24, Y+3	; 0x03
    5c7a:	0e 94 16 2d 	call	0x5a2c	; 0x5a2c <PCF8583_read>
    5c7e:	88 2f       	mov	r24, r24
    5c80:	90 e0       	ldi	r25, 0x00	; 0
    5c82:	99 27       	eor	r25, r25
    5c84:	9a 83       	std	Y+2, r25	; 0x02
    5c86:	89 83       	std	Y+1, r24	; 0x01
    temp |= PCF8583_read(++address) << 8;
    5c88:	8b 81       	ldd	r24, Y+3	; 0x03
    5c8a:	8f 5f       	subi	r24, 0xFF	; 255
    5c8c:	8b 83       	std	Y+3, r24	; 0x03
    5c8e:	8b 81       	ldd	r24, Y+3	; 0x03
    5c90:	0e 94 16 2d 	call	0x5a2c	; 0x5a2c <PCF8583_read>
    5c94:	88 2f       	mov	r24, r24
    5c96:	90 e0       	ldi	r25, 0x00	; 0
    5c98:	98 2f       	mov	r25, r24
    5c9a:	88 27       	eor	r24, r24
    5c9c:	29 81       	ldd	r18, Y+1	; 0x01
    5c9e:	3a 81       	ldd	r19, Y+2	; 0x02
    5ca0:	82 2b       	or	r24, r18
    5ca2:	93 2b       	or	r25, r19
    5ca4:	9a 83       	std	Y+2, r25	; 0x02
    5ca6:	89 83       	std	Y+1, r24	; 0x01
    return temp;
    5ca8:	89 81       	ldd	r24, Y+1	; 0x01
    5caa:	9a 81       	ldd	r25, Y+2	; 0x02
}
    5cac:	0f 90       	pop	r0
    5cae:	0f 90       	pop	r0
    5cb0:	0f 90       	pop	r0
    5cb2:	df 91       	pop	r29
    5cb4:	cf 91       	pop	r28
    5cb6:	08 95       	ret

00005cb8 <PCF8583_write_date>:
 \param address adres komórki w układzie
 \param day dzień
 \param year rok
*/
void PCF8583_write_date(uint8_t address,uint8_t day,uint16_t year)
{
    5cb8:	cf 93       	push	r28
    5cba:	df 93       	push	r29
    5cbc:	00 d0       	rcall	.+0      	; 0x5cbe <PCF8583_write_date+0x6>
    5cbe:	00 d0       	rcall	.+0      	; 0x5cc0 <PCF8583_write_date+0x8>
    5cc0:	cd b7       	in	r28, 0x3d	; 61
    5cc2:	de b7       	in	r29, 0x3e	; 62
    5cc4:	89 83       	std	Y+1, r24	; 0x01
    5cc6:	6a 83       	std	Y+2, r22	; 0x02
    5cc8:	5c 83       	std	Y+4, r21	; 0x04
    5cca:	4b 83       	std	Y+3, r20	; 0x03
    PCF8583_write(address, bin2bcd(day) | ( ( (uint8_t)year & 0x03) << 6 ) );
    5ccc:	8a 81       	ldd	r24, Y+2	; 0x02
    5cce:	0e 94 ea 2c 	call	0x59d4	; 0x59d4 <bin2bcd>
    5cd2:	28 2f       	mov	r18, r24
    5cd4:	8b 81       	ldd	r24, Y+3	; 0x03
    5cd6:	88 2f       	mov	r24, r24
    5cd8:	90 e0       	ldi	r25, 0x00	; 0
    5cda:	00 24       	eor	r0, r0
    5cdc:	96 95       	lsr	r25
    5cde:	87 95       	ror	r24
    5ce0:	07 94       	ror	r0
    5ce2:	96 95       	lsr	r25
    5ce4:	87 95       	ror	r24
    5ce6:	07 94       	ror	r0
    5ce8:	98 2f       	mov	r25, r24
    5cea:	80 2d       	mov	r24, r0
    5cec:	82 2b       	or	r24, r18
    5cee:	68 2f       	mov	r22, r24
    5cf0:	89 81       	ldd	r24, Y+1	; 0x01
    5cf2:	0e 94 38 2d 	call	0x5a70	; 0x5a70 <PCF8583_write>
}
    5cf6:	0f 90       	pop	r0
    5cf8:	0f 90       	pop	r0
    5cfa:	0f 90       	pop	r0
    5cfc:	0f 90       	pop	r0
    5cfe:	df 91       	pop	r29
    5d00:	cf 91       	pop	r28
    5d02:	08 95       	ret

00005d04 <PCF8583_write_month_dayOfWeek>:
 \param address adres komórki w układzie
 \param day dzień
 \param month miesiąc
*/
void PCF8583_write_month_dayOfWeek(uint8_t address,uint8_t month,uint8_t day_of_week)
{
    5d04:	cf 93       	push	r28
    5d06:	df 93       	push	r29
    5d08:	00 d0       	rcall	.+0      	; 0x5d0a <PCF8583_write_month_dayOfWeek+0x6>
    5d0a:	1f 92       	push	r1
    5d0c:	cd b7       	in	r28, 0x3d	; 61
    5d0e:	de b7       	in	r29, 0x3e	; 62
    5d10:	89 83       	std	Y+1, r24	; 0x01
    5d12:	6a 83       	std	Y+2, r22	; 0x02
    5d14:	4b 83       	std	Y+3, r20	; 0x03
    PCF8583_write(address, bin2bcd(month) | ( ( (uint8_t)day_of_week & 0x07) << 5 ) );
    5d16:	8a 81       	ldd	r24, Y+2	; 0x02
    5d18:	0e 94 ea 2c 	call	0x59d4	; 0x59d4 <bin2bcd>
    5d1c:	28 2f       	mov	r18, r24
    5d1e:	8b 81       	ldd	r24, Y+3	; 0x03
    5d20:	88 2f       	mov	r24, r24
    5d22:	90 e0       	ldi	r25, 0x00	; 0
    5d24:	88 0f       	add	r24, r24
    5d26:	99 1f       	adc	r25, r25
    5d28:	82 95       	swap	r24
    5d2a:	92 95       	swap	r25
    5d2c:	90 7f       	andi	r25, 0xF0	; 240
    5d2e:	98 27       	eor	r25, r24
    5d30:	80 7f       	andi	r24, 0xF0	; 240
    5d32:	98 27       	eor	r25, r24
    5d34:	82 2b       	or	r24, r18
    5d36:	68 2f       	mov	r22, r24
    5d38:	89 81       	ldd	r24, Y+1	; 0x01
    5d3a:	0e 94 38 2d 	call	0x5a70	; 0x5a70 <PCF8583_write>
}
    5d3e:	0f 90       	pop	r0
    5d40:	0f 90       	pop	r0
    5d42:	0f 90       	pop	r0
    5d44:	df 91       	pop	r29
    5d46:	cf 91       	pop	r28
    5d48:	08 95       	ret

00005d4a <PCF8583_get_time>:
 \param min minuta
 \param sec sekunda
 \param hsec setne części sekundy
*/
void PCF8583_get_time(int8_t *hour,int8_t *min,int8_t *sec,int8_t *hsec)
{
    5d4a:	cf 93       	push	r28
    5d4c:	df 93       	push	r29
    5d4e:	cd b7       	in	r28, 0x3d	; 61
    5d50:	de b7       	in	r29, 0x3e	; 62
    5d52:	28 97       	sbiw	r28, 0x08	; 8
    5d54:	0f b6       	in	r0, 0x3f	; 63
    5d56:	f8 94       	cli
    5d58:	de bf       	out	0x3e, r29	; 62
    5d5a:	0f be       	out	0x3f, r0	; 63
    5d5c:	cd bf       	out	0x3d, r28	; 61
    5d5e:	9a 83       	std	Y+2, r25	; 0x02
    5d60:	89 83       	std	Y+1, r24	; 0x01
    5d62:	7c 83       	std	Y+4, r23	; 0x04
    5d64:	6b 83       	std	Y+3, r22	; 0x03
    5d66:	5e 83       	std	Y+6, r21	; 0x06
    5d68:	4d 83       	std	Y+5, r20	; 0x05
    5d6a:	38 87       	std	Y+8, r19	; 0x08
    5d6c:	2f 83       	std	Y+7, r18	; 0x07
    PCF8583_hold_on();
    5d6e:	0e 94 cb 2d 	call	0x5b96	; 0x5b96 <PCF8583_hold_on>
    *hsec=PCF8583_read_bcd(1);
    5d72:	81 e0       	ldi	r24, 0x01	; 1
    5d74:	0e 94 51 2d 	call	0x5aa2	; 0x5aa2 <PCF8583_read_bcd>
    5d78:	28 2f       	mov	r18, r24
    5d7a:	8f 81       	ldd	r24, Y+7	; 0x07
    5d7c:	98 85       	ldd	r25, Y+8	; 0x08
    5d7e:	fc 01       	movw	r30, r24
    5d80:	20 83       	st	Z, r18
    *sec=PCF8583_read_bcd(2);
    5d82:	82 e0       	ldi	r24, 0x02	; 2
    5d84:	0e 94 51 2d 	call	0x5aa2	; 0x5aa2 <PCF8583_read_bcd>
    5d88:	28 2f       	mov	r18, r24
    5d8a:	8d 81       	ldd	r24, Y+5	; 0x05
    5d8c:	9e 81       	ldd	r25, Y+6	; 0x06
    5d8e:	fc 01       	movw	r30, r24
    5d90:	20 83       	st	Z, r18
    *min=PCF8583_read_bcd(3);
    5d92:	83 e0       	ldi	r24, 0x03	; 3
    5d94:	0e 94 51 2d 	call	0x5aa2	; 0x5aa2 <PCF8583_read_bcd>
    5d98:	28 2f       	mov	r18, r24
    5d9a:	8b 81       	ldd	r24, Y+3	; 0x03
    5d9c:	9c 81       	ldd	r25, Y+4	; 0x04
    5d9e:	fc 01       	movw	r30, r24
    5da0:	20 83       	st	Z, r18
    *hour=PCF8583_read_bcd(4);
    5da2:	84 e0       	ldi	r24, 0x04	; 4
    5da4:	0e 94 51 2d 	call	0x5aa2	; 0x5aa2 <PCF8583_read_bcd>
    5da8:	28 2f       	mov	r18, r24
    5daa:	89 81       	ldd	r24, Y+1	; 0x01
    5dac:	9a 81       	ldd	r25, Y+2	; 0x02
    5dae:	fc 01       	movw	r30, r24
    5db0:	20 83       	st	Z, r18
    PCF8583_hold_off();
    5db2:	0e 94 bc 2d 	call	0x5b78	; 0x5b78 <PCF8583_hold_off>
}
    5db6:	28 96       	adiw	r28, 0x08	; 8
    5db8:	0f b6       	in	r0, 0x3f	; 63
    5dba:	f8 94       	cli
    5dbc:	de bf       	out	0x3e, r29	; 62
    5dbe:	0f be       	out	0x3f, r0	; 63
    5dc0:	cd bf       	out	0x3d, r28	; 61
    5dc2:	df 91       	pop	r29
    5dc4:	cf 91       	pop	r28
    5dc6:	08 95       	ret

00005dc8 <PCF8583_set_time>:
 \param min minuta
 \param sec sekunda
 \param hsec setne części sekundy
*/
void PCF8583_set_time(uint8_t hour,uint8_t min,uint8_t sec,uint8_t hsec)
{
    5dc8:	cf 93       	push	r28
    5dca:	df 93       	push	r29
    5dcc:	00 d0       	rcall	.+0      	; 0x5dce <PCF8583_set_time+0x6>
    5dce:	00 d0       	rcall	.+0      	; 0x5dd0 <PCF8583_set_time+0x8>
    5dd0:	cd b7       	in	r28, 0x3d	; 61
    5dd2:	de b7       	in	r29, 0x3e	; 62
    5dd4:	89 83       	std	Y+1, r24	; 0x01
    5dd6:	6a 83       	std	Y+2, r22	; 0x02
    5dd8:	4b 83       	std	Y+3, r20	; 0x03
    5dda:	2c 83       	std	Y+4, r18	; 0x04
    PCF8583_stop();
    5ddc:	0e 94 9e 2d 	call	0x5b3c	; 0x5b3c <PCF8583_stop>
    PCF8583_write_bcd(1,hsec);
    5de0:	6c 81       	ldd	r22, Y+4	; 0x04
    5de2:	81 e0       	ldi	r24, 0x01	; 1
    5de4:	0e 94 60 2d 	call	0x5ac0	; 0x5ac0 <PCF8583_write_bcd>
    PCF8583_write_bcd(2,sec);
    5de8:	6b 81       	ldd	r22, Y+3	; 0x03
    5dea:	82 e0       	ldi	r24, 0x02	; 2
    5dec:	0e 94 60 2d 	call	0x5ac0	; 0x5ac0 <PCF8583_write_bcd>
    PCF8583_write_bcd(3,min);
    5df0:	6a 81       	ldd	r22, Y+2	; 0x02
    5df2:	83 e0       	ldi	r24, 0x03	; 3
    5df4:	0e 94 60 2d 	call	0x5ac0	; 0x5ac0 <PCF8583_write_bcd>
    PCF8583_write_bcd(4,hour);
    5df8:	69 81       	ldd	r22, Y+1	; 0x01
    5dfa:	84 e0       	ldi	r24, 0x04	; 4
    5dfc:	0e 94 60 2d 	call	0x5ac0	; 0x5ac0 <PCF8583_write_bcd>
    PCF8583_start();
    5e00:	0e 94 ad 2d 	call	0x5b5a	; 0x5b5a <PCF8583_start>
}
    5e04:	0f 90       	pop	r0
    5e06:	0f 90       	pop	r0
    5e08:	0f 90       	pop	r0
    5e0a:	0f 90       	pop	r0
    5e0c:	df 91       	pop	r29
    5e0e:	cf 91       	pop	r28
    5e10:	08 95       	ret

00005e12 <PCF8583_get_date>:
 \param day dzień
 \param month miesiąc
 \param year rok
*/
void PCF8583_get_date(int8_t *day, int8_t *day_of_week, int8_t *month, int16_t *year)
{
    5e12:	0f 93       	push	r16
    5e14:	1f 93       	push	r17
    5e16:	cf 93       	push	r28
    5e18:	df 93       	push	r29
    5e1a:	cd b7       	in	r28, 0x3d	; 61
    5e1c:	de b7       	in	r29, 0x3e	; 62
    5e1e:	2b 97       	sbiw	r28, 0x0b	; 11
    5e20:	0f b6       	in	r0, 0x3f	; 63
    5e22:	f8 94       	cli
    5e24:	de bf       	out	0x3e, r29	; 62
    5e26:	0f be       	out	0x3f, r0	; 63
    5e28:	cd bf       	out	0x3d, r28	; 61
    5e2a:	9d 83       	std	Y+5, r25	; 0x05
    5e2c:	8c 83       	std	Y+4, r24	; 0x04
    5e2e:	7f 83       	std	Y+7, r23	; 0x07
    5e30:	6e 83       	std	Y+6, r22	; 0x06
    5e32:	59 87       	std	Y+9, r21	; 0x09
    5e34:	48 87       	std	Y+8, r20	; 0x08
    5e36:	3b 87       	std	Y+11, r19	; 0x0b
    5e38:	2a 87       	std	Y+10, r18	; 0x0a
    uint16_t y1;
    uint8_t dy;
    PCF8583_mask_on();
    5e3a:	0e 94 e9 2d 	call	0x5bd2	; 0x5bd2 <PCF8583_mask_on>
    PCF8583_hold_on();
    5e3e:	0e 94 cb 2d 	call	0x5b96	; 0x5b96 <PCF8583_hold_on>
    *day = bcd2bin(PCF8583_read(5));
    5e42:	85 e0       	ldi	r24, 0x05	; 5
    5e44:	0e 94 16 2d 	call	0x5a2c	; 0x5a2c <PCF8583_read>
    5e48:	0e 94 d5 2c 	call	0x59aa	; 0x59aa <bcd2bin>
    5e4c:	28 2f       	mov	r18, r24
    5e4e:	8c 81       	ldd	r24, Y+4	; 0x04
    5e50:	9d 81       	ldd	r25, Y+5	; 0x05
    5e52:	fc 01       	movw	r30, r24
    5e54:	20 83       	st	Z, r18
    *month = bcd2bin(PCF8583_read(6));
    5e56:	86 e0       	ldi	r24, 0x06	; 6
    5e58:	0e 94 16 2d 	call	0x5a2c	; 0x5a2c <PCF8583_read>
    5e5c:	0e 94 d5 2c 	call	0x59aa	; 0x59aa <bcd2bin>
    5e60:	28 2f       	mov	r18, r24
    5e62:	88 85       	ldd	r24, Y+8	; 0x08
    5e64:	99 85       	ldd	r25, Y+9	; 0x09
    5e66:	fc 01       	movw	r30, r24
    5e68:	20 83       	st	Z, r18
    PCF8583_mask_off();
    5e6a:	0e 94 da 2d 	call	0x5bb4	; 0x5bb4 <PCF8583_mask_off>
    *day_of_week = (PCF8583_read(6) & 0b11100000) >> 5;
    5e6e:	86 e0       	ldi	r24, 0x06	; 6
    5e70:	0e 94 16 2d 	call	0x5a2c	; 0x5a2c <PCF8583_read>
    5e74:	82 95       	swap	r24
    5e76:	86 95       	lsr	r24
    5e78:	87 70       	andi	r24, 0x07	; 7
    5e7a:	28 2f       	mov	r18, r24
    5e7c:	8e 81       	ldd	r24, Y+6	; 0x06
    5e7e:	9f 81       	ldd	r25, Y+7	; 0x07
    5e80:	fc 01       	movw	r30, r24
    5e82:	20 83       	st	Z, r18

    dy = (PCF8583_read(5) & 0b11000000) >> 6;
    5e84:	85 e0       	ldi	r24, 0x05	; 5
    5e86:	0e 94 16 2d 	call	0x5a2c	; 0x5a2c <PCF8583_read>
    5e8a:	82 95       	swap	r24
    5e8c:	86 95       	lsr	r24
    5e8e:	86 95       	lsr	r24
    5e90:	83 70       	andi	r24, 0x03	; 3
    5e92:	8b 83       	std	Y+3, r24	; 0x03
    y1 = PCF8583_read(16) | ( (uint16_t)PCF8583_read(17) << 8);
    5e94:	80 e1       	ldi	r24, 0x10	; 16
    5e96:	0e 94 16 2d 	call	0x5a2c	; 0x5a2c <PCF8583_read>
    5e9a:	08 2f       	mov	r16, r24
    5e9c:	10 e0       	ldi	r17, 0x00	; 0
    5e9e:	81 e1       	ldi	r24, 0x11	; 17
    5ea0:	0e 94 16 2d 	call	0x5a2c	; 0x5a2c <PCF8583_read>
    5ea4:	88 2f       	mov	r24, r24
    5ea6:	90 e0       	ldi	r25, 0x00	; 0
    5ea8:	98 2f       	mov	r25, r24
    5eaa:	88 27       	eor	r24, r24
    5eac:	80 2b       	or	r24, r16
    5eae:	91 2b       	or	r25, r17
    5eb0:	9a 83       	std	Y+2, r25	; 0x02
    5eb2:	89 83       	std	Y+1, r24	; 0x01
    if ( ( (uint8_t) y1 & 3 ) != dy )
    5eb4:	89 81       	ldd	r24, Y+1	; 0x01
    5eb6:	88 2f       	mov	r24, r24
    5eb8:	90 e0       	ldi	r25, 0x00	; 0
    5eba:	9c 01       	movw	r18, r24
    5ebc:	23 70       	andi	r18, 0x03	; 3
    5ebe:	33 27       	eor	r19, r19
    5ec0:	8b 81       	ldd	r24, Y+3	; 0x03
    5ec2:	88 2f       	mov	r24, r24
    5ec4:	90 e0       	ldi	r25, 0x00	; 0
    5ec6:	28 17       	cp	r18, r24
    5ec8:	39 07       	cpc	r19, r25
    5eca:	59 f0       	breq	.+22     	; 0x5ee2 <PCF8583_get_date+0xd0>
        PCF8583_write_word(16, ++y1);
    5ecc:	89 81       	ldd	r24, Y+1	; 0x01
    5ece:	9a 81       	ldd	r25, Y+2	; 0x02
    5ed0:	01 96       	adiw	r24, 0x01	; 1
    5ed2:	9a 83       	std	Y+2, r25	; 0x02
    5ed4:	89 83       	std	Y+1, r24	; 0x01
    5ed6:	89 81       	ldd	r24, Y+1	; 0x01
    5ed8:	9a 81       	ldd	r25, Y+2	; 0x02
    5eda:	bc 01       	movw	r22, r24
    5edc:	80 e1       	ldi	r24, 0x10	; 16
    5ede:	0e 94 16 2e 	call	0x5c2c	; 0x5c2c <PCF8583_write_word>
    *year = y1;
    5ee2:	29 81       	ldd	r18, Y+1	; 0x01
    5ee4:	3a 81       	ldd	r19, Y+2	; 0x02
    5ee6:	8a 85       	ldd	r24, Y+10	; 0x0a
    5ee8:	9b 85       	ldd	r25, Y+11	; 0x0b
    5eea:	fc 01       	movw	r30, r24
    5eec:	31 83       	std	Z+1, r19	; 0x01
    5eee:	20 83       	st	Z, r18
    PCF8583_hold_off();
    5ef0:	0e 94 bc 2d 	call	0x5b78	; 0x5b78 <PCF8583_hold_off>
}
    5ef4:	2b 96       	adiw	r28, 0x0b	; 11
    5ef6:	0f b6       	in	r0, 0x3f	; 63
    5ef8:	f8 94       	cli
    5efa:	de bf       	out	0x3e, r29	; 62
    5efc:	0f be       	out	0x3f, r0	; 63
    5efe:	cd bf       	out	0x3d, r28	; 61
    5f00:	df 91       	pop	r29
    5f02:	cf 91       	pop	r28
    5f04:	1f 91       	pop	r17
    5f06:	0f 91       	pop	r16
    5f08:	08 95       	ret

00005f0a <PCF8583_set_date>:
 \param day dzień
 \param month miesiąc
 \param year rok
*/
void PCF8583_set_date(uint8_t day, uint8_t day_of_week, uint8_t month,uint16_t year)
{
    5f0a:	cf 93       	push	r28
    5f0c:	df 93       	push	r29
    5f0e:	00 d0       	rcall	.+0      	; 0x5f10 <PCF8583_set_date+0x6>
    5f10:	00 d0       	rcall	.+0      	; 0x5f12 <PCF8583_set_date+0x8>
    5f12:	1f 92       	push	r1
    5f14:	cd b7       	in	r28, 0x3d	; 61
    5f16:	de b7       	in	r29, 0x3e	; 62
    5f18:	89 83       	std	Y+1, r24	; 0x01
    5f1a:	6a 83       	std	Y+2, r22	; 0x02
    5f1c:	4b 83       	std	Y+3, r20	; 0x03
    5f1e:	3d 83       	std	Y+5, r19	; 0x05
    5f20:	2c 83       	std	Y+4, r18	; 0x04
    PCF8583_write_word(16, year);
    5f22:	8c 81       	ldd	r24, Y+4	; 0x04
    5f24:	9d 81       	ldd	r25, Y+5	; 0x05
    5f26:	bc 01       	movw	r22, r24
    5f28:	80 e1       	ldi	r24, 0x10	; 16
    5f2a:	0e 94 16 2e 	call	0x5c2c	; 0x5c2c <PCF8583_write_word>
    PCF8583_stop();
    5f2e:	0e 94 9e 2d 	call	0x5b3c	; 0x5b3c <PCF8583_stop>
    PCF8583_write_date(5, day, year);
    5f32:	8c 81       	ldd	r24, Y+4	; 0x04
    5f34:	9d 81       	ldd	r25, Y+5	; 0x05
    5f36:	ac 01       	movw	r20, r24
    5f38:	69 81       	ldd	r22, Y+1	; 0x01
    5f3a:	85 e0       	ldi	r24, 0x05	; 5
    5f3c:	0e 94 5c 2e 	call	0x5cb8	; 0x5cb8 <PCF8583_write_date>
    PCF8583_write_month_dayOfWeek(6, month, day_of_week);
    5f40:	4a 81       	ldd	r20, Y+2	; 0x02
    5f42:	6b 81       	ldd	r22, Y+3	; 0x03
    5f44:	86 e0       	ldi	r24, 0x06	; 6
    5f46:	0e 94 82 2e 	call	0x5d04	; 0x5d04 <PCF8583_write_month_dayOfWeek>
    PCF8583_start();
    5f4a:	0e 94 ad 2d 	call	0x5b5a	; 0x5b5a <PCF8583_start>
}
    5f4e:	0f 90       	pop	r0
    5f50:	0f 90       	pop	r0
    5f52:	0f 90       	pop	r0
    5f54:	0f 90       	pop	r0
    5f56:	0f 90       	pop	r0
    5f58:	df 91       	pop	r29
    5f5a:	cf 91       	pop	r28
    5f5c:	08 95       	ret

00005f5e <PCF8583_get_alarm_time>:
 \param min minuta
 \param sec sekunda
 \param hsec setne części sekundy
*/
void PCF8583_get_alarm_time(int8_t *hour, int8_t *min, int8_t *sec, int8_t *hsec)
{
    5f5e:	cf 93       	push	r28
    5f60:	df 93       	push	r29
    5f62:	cd b7       	in	r28, 0x3d	; 61
    5f64:	de b7       	in	r29, 0x3e	; 62
    5f66:	28 97       	sbiw	r28, 0x08	; 8
    5f68:	0f b6       	in	r0, 0x3f	; 63
    5f6a:	f8 94       	cli
    5f6c:	de bf       	out	0x3e, r29	; 62
    5f6e:	0f be       	out	0x3f, r0	; 63
    5f70:	cd bf       	out	0x3d, r28	; 61
    5f72:	9a 83       	std	Y+2, r25	; 0x02
    5f74:	89 83       	std	Y+1, r24	; 0x01
    5f76:	7c 83       	std	Y+4, r23	; 0x04
    5f78:	6b 83       	std	Y+3, r22	; 0x03
    5f7a:	5e 83       	std	Y+6, r21	; 0x06
    5f7c:	4d 83       	std	Y+5, r20	; 0x05
    5f7e:	38 87       	std	Y+8, r19	; 0x08
    5f80:	2f 83       	std	Y+7, r18	; 0x07
    *hsec=PCF8583_read_bcd(0x9);
    5f82:	89 e0       	ldi	r24, 0x09	; 9
    5f84:	0e 94 51 2d 	call	0x5aa2	; 0x5aa2 <PCF8583_read_bcd>
    5f88:	28 2f       	mov	r18, r24
    5f8a:	8f 81       	ldd	r24, Y+7	; 0x07
    5f8c:	98 85       	ldd	r25, Y+8	; 0x08
    5f8e:	fc 01       	movw	r30, r24
    5f90:	20 83       	st	Z, r18
    *sec=PCF8583_read_bcd(0xA);
    5f92:	8a e0       	ldi	r24, 0x0A	; 10
    5f94:	0e 94 51 2d 	call	0x5aa2	; 0x5aa2 <PCF8583_read_bcd>
    5f98:	28 2f       	mov	r18, r24
    5f9a:	8d 81       	ldd	r24, Y+5	; 0x05
    5f9c:	9e 81       	ldd	r25, Y+6	; 0x06
    5f9e:	fc 01       	movw	r30, r24
    5fa0:	20 83       	st	Z, r18
    *min=PCF8583_read_bcd(0xB);
    5fa2:	8b e0       	ldi	r24, 0x0B	; 11
    5fa4:	0e 94 51 2d 	call	0x5aa2	; 0x5aa2 <PCF8583_read_bcd>
    5fa8:	28 2f       	mov	r18, r24
    5faa:	8b 81       	ldd	r24, Y+3	; 0x03
    5fac:	9c 81       	ldd	r25, Y+4	; 0x04
    5fae:	fc 01       	movw	r30, r24
    5fb0:	20 83       	st	Z, r18
    *hour=PCF8583_read_bcd(0xC);
    5fb2:	8c e0       	ldi	r24, 0x0C	; 12
    5fb4:	0e 94 51 2d 	call	0x5aa2	; 0x5aa2 <PCF8583_read_bcd>
    5fb8:	28 2f       	mov	r18, r24
    5fba:	89 81       	ldd	r24, Y+1	; 0x01
    5fbc:	9a 81       	ldd	r25, Y+2	; 0x02
    5fbe:	fc 01       	movw	r30, r24
    5fc0:	20 83       	st	Z, r18
}
    5fc2:	28 96       	adiw	r28, 0x08	; 8
    5fc4:	0f b6       	in	r0, 0x3f	; 63
    5fc6:	f8 94       	cli
    5fc8:	de bf       	out	0x3e, r29	; 62
    5fca:	0f be       	out	0x3f, r0	; 63
    5fcc:	cd bf       	out	0x3d, r28	; 61
    5fce:	df 91       	pop	r29
    5fd0:	cf 91       	pop	r28
    5fd2:	08 95       	ret

00005fd4 <PCF8583_get_alarm_date>:
 Czyta datê alarmu z układu
 \param day dzień
 \param month miesiąc
*/
void PCF8583_get_alarm_date(int8_t *day, int8_t *month)
{
    5fd4:	cf 93       	push	r28
    5fd6:	df 93       	push	r29
    5fd8:	00 d0       	rcall	.+0      	; 0x5fda <PCF8583_get_alarm_date+0x6>
    5fda:	00 d0       	rcall	.+0      	; 0x5fdc <PCF8583_get_alarm_date+0x8>
    5fdc:	cd b7       	in	r28, 0x3d	; 61
    5fde:	de b7       	in	r29, 0x3e	; 62
    5fe0:	9a 83       	std	Y+2, r25	; 0x02
    5fe2:	89 83       	std	Y+1, r24	; 0x01
    5fe4:	7c 83       	std	Y+4, r23	; 0x04
    5fe6:	6b 83       	std	Y+3, r22	; 0x03
    *day = PCF8583_read_bcd(0xD);
    5fe8:	8d e0       	ldi	r24, 0x0D	; 13
    5fea:	0e 94 51 2d 	call	0x5aa2	; 0x5aa2 <PCF8583_read_bcd>
    5fee:	28 2f       	mov	r18, r24
    5ff0:	89 81       	ldd	r24, Y+1	; 0x01
    5ff2:	9a 81       	ldd	r25, Y+2	; 0x02
    5ff4:	fc 01       	movw	r30, r24
    5ff6:	20 83       	st	Z, r18
    if(PCF8583_recognise_type_of_alarm() == 2)
    5ff8:	0e 94 2d 30 	call	0x605a	; 0x605a <PCF8583_recognise_type_of_alarm>
    5ffc:	82 30       	cpi	r24, 0x02	; 2
    5ffe:	51 f4       	brne	.+20     	; 0x6014 <PCF8583_get_alarm_date+0x40>
    {
        *month = PCF8583_read(0xe) & 0b01111111;
    6000:	8e e0       	ldi	r24, 0x0E	; 14
    6002:	0e 94 16 2d 	call	0x5a2c	; 0x5a2c <PCF8583_read>
    6006:	28 2f       	mov	r18, r24
    6008:	2f 77       	andi	r18, 0x7F	; 127
    600a:	8b 81       	ldd	r24, Y+3	; 0x03
    600c:	9c 81       	ldd	r25, Y+4	; 0x04
    600e:	fc 01       	movw	r30, r24
    6010:	20 83       	st	Z, r18
    6012:	08 c0       	rjmp	.+16     	; 0x6024 <PCF8583_get_alarm_date+0x50>
    }
    else *month = PCF8583_read_bcd(0xE);
    6014:	8e e0       	ldi	r24, 0x0E	; 14
    6016:	0e 94 51 2d 	call	0x5aa2	; 0x5aa2 <PCF8583_read_bcd>
    601a:	28 2f       	mov	r18, r24
    601c:	8b 81       	ldd	r24, Y+3	; 0x03
    601e:	9c 81       	ldd	r25, Y+4	; 0x04
    6020:	fc 01       	movw	r30, r24
    6022:	20 83       	st	Z, r18
}
    6024:	0f 90       	pop	r0
    6026:	0f 90       	pop	r0
    6028:	0f 90       	pop	r0
    602a:	0f 90       	pop	r0
    602c:	df 91       	pop	r29
    602e:	cf 91       	pop	r28
    6030:	08 95       	ret

00006032 <PCF8583_set_alarm_date>:
 Ustawia datę alarmu w układzie
 \param day dzień
 \param month miesiąc
*/
void PCF8583_set_alarm_date (uint8_t day, uint8_t month )
{
    6032:	cf 93       	push	r28
    6034:	df 93       	push	r29
    6036:	00 d0       	rcall	.+0      	; 0x6038 <PCF8583_set_alarm_date+0x6>
    6038:	cd b7       	in	r28, 0x3d	; 61
    603a:	de b7       	in	r29, 0x3e	; 62
    603c:	89 83       	std	Y+1, r24	; 0x01
    603e:	6a 83       	std	Y+2, r22	; 0x02
    PCF8583_write_bcd( 0xD, day );
    6040:	69 81       	ldd	r22, Y+1	; 0x01
    6042:	8d e0       	ldi	r24, 0x0D	; 13
    6044:	0e 94 60 2d 	call	0x5ac0	; 0x5ac0 <PCF8583_write_bcd>
    PCF8583_write_bcd( 0xE, month );
    6048:	6a 81       	ldd	r22, Y+2	; 0x02
    604a:	8e e0       	ldi	r24, 0x0E	; 14
    604c:	0e 94 60 2d 	call	0x5ac0	; 0x5ac0 <PCF8583_write_bcd>
}
    6050:	0f 90       	pop	r0
    6052:	0f 90       	pop	r0
    6054:	df 91       	pop	r29
    6056:	cf 91       	pop	r28
    6058:	08 95       	ret

0000605a <PCF8583_recognise_type_of_alarm>:


/*****************************PRZYDATNE FUNKCJE ZEWNĘTRZNE********************************/

uint8_t PCF8583_recognise_type_of_alarm(void)
{
    605a:	cf 93       	push	r28
    605c:	df 93       	push	r29
    605e:	cd b7       	in	r28, 0x3d	; 61
    6060:	de b7       	in	r29, 0x3e	; 62
    return ((PCF8583_read(8) & 0x30) >> 4);
    6062:	88 e0       	ldi	r24, 0x08	; 8
    6064:	0e 94 16 2d 	call	0x5a2c	; 0x5a2c <PCF8583_read>
    6068:	88 2f       	mov	r24, r24
    606a:	90 e0       	ldi	r25, 0x00	; 0
    606c:	80 73       	andi	r24, 0x30	; 48
    606e:	99 27       	eor	r25, r25
    6070:	95 95       	asr	r25
    6072:	87 95       	ror	r24
    6074:	95 95       	asr	r25
    6076:	87 95       	ror	r24
    6078:	95 95       	asr	r25
    607a:	87 95       	ror	r24
    607c:	95 95       	asr	r25
    607e:	87 95       	ror	r24
}
    6080:	df 91       	pop	r29
    6082:	cf 91       	pop	r28
    6084:	08 95       	ret

00006086 <PCF8583_alarm_off>:

/**
 Wyłącza alarm
*/
void PCF8583_alarm_off(void)
{
    6086:	cf 93       	push	r28
    6088:	df 93       	push	r29
    608a:	cd b7       	in	r28, 0x3d	; 61
    608c:	de b7       	in	r29, 0x3e	; 62
    PCF8583_write(8, PCF8583_read(8) & ~0b00110000);//wyłączenie alarmu
    608e:	88 e0       	ldi	r24, 0x08	; 8
    6090:	0e 94 16 2d 	call	0x5a2c	; 0x5a2c <PCF8583_read>
    6094:	8f 7c       	andi	r24, 0xCF	; 207
    6096:	68 2f       	mov	r22, r24
    6098:	88 e0       	ldi	r24, 0x08	; 8
    609a:	0e 94 38 2d 	call	0x5a70	; 0x5a70 <PCF8583_write>
}
    609e:	df 91       	pop	r29
    60a0:	cf 91       	pop	r28
    60a2:	08 95       	ret

000060a4 <PCF8583_alarm_every_day>:

/**
 Załącza alarm codzienny
*/
void PCF8583_alarm_every_day(void)
{
    60a4:	cf 93       	push	r28
    60a6:	df 93       	push	r29
    60a8:	cd b7       	in	r28, 0x3d	; 61
    60aa:	de b7       	in	r29, 0x3e	; 62
    PCF8583_write(8, PCF8583_read(8) | 0b00010000);//alarm codzienny
    60ac:	88 e0       	ldi	r24, 0x08	; 8
    60ae:	0e 94 16 2d 	call	0x5a2c	; 0x5a2c <PCF8583_read>
    60b2:	80 61       	ori	r24, 0x10	; 16
    60b4:	68 2f       	mov	r22, r24
    60b6:	88 e0       	ldi	r24, 0x08	; 8
    60b8:	0e 94 38 2d 	call	0x5a70	; 0x5a70 <PCF8583_write>
    PCF8583_write(8, PCF8583_read(8) & ~0b00100000);//alarm codzienny
    60bc:	88 e0       	ldi	r24, 0x08	; 8
    60be:	0e 94 16 2d 	call	0x5a2c	; 0x5a2c <PCF8583_read>
    60c2:	8f 7d       	andi	r24, 0xDF	; 223
    60c4:	68 2f       	mov	r22, r24
    60c6:	88 e0       	ldi	r24, 0x08	; 8
    60c8:	0e 94 38 2d 	call	0x5a70	; 0x5a70 <PCF8583_write>
}
    60cc:	df 91       	pop	r29
    60ce:	cf 91       	pop	r28
    60d0:	08 95       	ret

000060d2 <PCF8583_alarm_weekly>:

/**
 Załącza alarm dla dni w tygodniu - niewygodna opcja, ponieważ inaczej porównuje bity (zajrzeć do dokumantacji)
*/
void PCF8583_alarm_weekly(void)
{
    60d2:	cf 93       	push	r28
    60d4:	df 93       	push	r29
    60d6:	cd b7       	in	r28, 0x3d	; 61
    60d8:	de b7       	in	r29, 0x3e	; 62
    PCF8583_write(8, PCF8583_read(8) & ~0b00010000);//alarm codzienny
    60da:	88 e0       	ldi	r24, 0x08	; 8
    60dc:	0e 94 16 2d 	call	0x5a2c	; 0x5a2c <PCF8583_read>
    60e0:	8f 7e       	andi	r24, 0xEF	; 239
    60e2:	68 2f       	mov	r22, r24
    60e4:	88 e0       	ldi	r24, 0x08	; 8
    60e6:	0e 94 38 2d 	call	0x5a70	; 0x5a70 <PCF8583_write>
    PCF8583_write(8, PCF8583_read(8) | 0b00100000);//alarm codzienny
    60ea:	88 e0       	ldi	r24, 0x08	; 8
    60ec:	0e 94 16 2d 	call	0x5a2c	; 0x5a2c <PCF8583_read>
    60f0:	80 62       	ori	r24, 0x20	; 32
    60f2:	68 2f       	mov	r22, r24
    60f4:	88 e0       	ldi	r24, 0x08	; 8
    60f6:	0e 94 38 2d 	call	0x5a70	; 0x5a70 <PCF8583_write>
}
    60fa:	df 91       	pop	r29
    60fc:	cf 91       	pop	r28
    60fe:	08 95       	ret

00006100 <PCF8583_alarm_monthly>:

/**
 Załącza alarm dla dni w miesiącu
*/
void PCF8583_alarm_monthly(void)
{
    6100:	cf 93       	push	r28
    6102:	df 93       	push	r29
    6104:	cd b7       	in	r28, 0x3d	; 61
    6106:	de b7       	in	r29, 0x3e	; 62
    PCF8583_write(8, PCF8583_read(8) | 0b00110000);//alarm codzienny
    6108:	88 e0       	ldi	r24, 0x08	; 8
    610a:	0e 94 16 2d 	call	0x5a2c	; 0x5a2c <PCF8583_read>
    610e:	80 63       	ori	r24, 0x30	; 48
    6110:	68 2f       	mov	r22, r24
    6112:	88 e0       	ldi	r24, 0x08	; 8
    6114:	0e 94 38 2d 	call	0x5a70	; 0x5a70 <PCF8583_write>
}
    6118:	df 91       	pop	r29
    611a:	cf 91       	pop	r28
    611c:	08 95       	ret

0000611e <PCF8583_set_alarm_time>:
 \param min minuta
 \param sec sekunda
 \param hsec setne części sekundy
*/
void PCF8583_set_alarm_time(uint8_t hour, uint8_t min, uint8_t sec, uint8_t hsec)
{
    611e:	cf 93       	push	r28
    6120:	df 93       	push	r29
    6122:	00 d0       	rcall	.+0      	; 0x6124 <PCF8583_set_alarm_time+0x6>
    6124:	00 d0       	rcall	.+0      	; 0x6126 <PCF8583_set_alarm_time+0x8>
    6126:	cd b7       	in	r28, 0x3d	; 61
    6128:	de b7       	in	r29, 0x3e	; 62
    612a:	89 83       	std	Y+1, r24	; 0x01
    612c:	6a 83       	std	Y+2, r22	; 0x02
    612e:	4b 83       	std	Y+3, r20	; 0x03
    6130:	2c 83       	std	Y+4, r18	; 0x04
    PCF8583_write_bcd(0x9, hsec);
    6132:	6c 81       	ldd	r22, Y+4	; 0x04
    6134:	89 e0       	ldi	r24, 0x09	; 9
    6136:	0e 94 60 2d 	call	0x5ac0	; 0x5ac0 <PCF8583_write_bcd>
    PCF8583_write_bcd(0xA, sec);
    613a:	6b 81       	ldd	r22, Y+3	; 0x03
    613c:	8a e0       	ldi	r24, 0x0A	; 10
    613e:	0e 94 60 2d 	call	0x5ac0	; 0x5ac0 <PCF8583_write_bcd>
    PCF8583_write_bcd(0xB, min);
    6142:	6a 81       	ldd	r22, Y+2	; 0x02
    6144:	8b e0       	ldi	r24, 0x0B	; 11
    6146:	0e 94 60 2d 	call	0x5ac0	; 0x5ac0 <PCF8583_write_bcd>
    PCF8583_write_bcd(0xC, hour);
    614a:	69 81       	ldd	r22, Y+1	; 0x01
    614c:	8c e0       	ldi	r24, 0x0C	; 12
    614e:	0e 94 60 2d 	call	0x5ac0	; 0x5ac0 <PCF8583_write_bcd>
}
    6152:	0f 90       	pop	r0
    6154:	0f 90       	pop	r0
    6156:	0f 90       	pop	r0
    6158:	0f 90       	pop	r0
    615a:	df 91       	pop	r29
    615c:	cf 91       	pop	r28
    615e:	08 95       	ret

00006160 <PCF8583_set_weekly_alarm>:

void PCF8583_set_weekly_alarm(uint8_t days_of_week, uint8_t hour, uint8_t min, uint8_t sec, uint8_t hsec)
{
    6160:	0f 93       	push	r16
    6162:	cf 93       	push	r28
    6164:	df 93       	push	r29
    6166:	00 d0       	rcall	.+0      	; 0x6168 <PCF8583_set_weekly_alarm+0x8>
    6168:	00 d0       	rcall	.+0      	; 0x616a <PCF8583_set_weekly_alarm+0xa>
    616a:	1f 92       	push	r1
    616c:	cd b7       	in	r28, 0x3d	; 61
    616e:	de b7       	in	r29, 0x3e	; 62
    6170:	89 83       	std	Y+1, r24	; 0x01
    6172:	6a 83       	std	Y+2, r22	; 0x02
    6174:	4b 83       	std	Y+3, r20	; 0x03
    6176:	2c 83       	std	Y+4, r18	; 0x04
    6178:	0d 83       	std	Y+5, r16	; 0x05
    PCF8583_set_alarm_time( hour,  min,  sec,  hsec );
    617a:	2d 81       	ldd	r18, Y+5	; 0x05
    617c:	4c 81       	ldd	r20, Y+4	; 0x04
    617e:	6b 81       	ldd	r22, Y+3	; 0x03
    6180:	8a 81       	ldd	r24, Y+2	; 0x02
    6182:	0e 94 8f 30 	call	0x611e	; 0x611e <PCF8583_set_alarm_time>
    PCF8583_write( 0xE, days_of_week & 0b01111111 );
    6186:	89 81       	ldd	r24, Y+1	; 0x01
    6188:	8f 77       	andi	r24, 0x7F	; 127
    618a:	68 2f       	mov	r22, r24
    618c:	8e e0       	ldi	r24, 0x0E	; 14
    618e:	0e 94 38 2d 	call	0x5a70	; 0x5a70 <PCF8583_write>
}
    6192:	0f 90       	pop	r0
    6194:	0f 90       	pop	r0
    6196:	0f 90       	pop	r0
    6198:	0f 90       	pop	r0
    619a:	0f 90       	pop	r0
    619c:	df 91       	pop	r29
    619e:	cf 91       	pop	r28
    61a0:	0f 91       	pop	r16
    61a2:	08 95       	ret

000061a4 <PCF8583_set_monthly_alarm>:

void PCF8583_set_monthly_alarm(uint8_t day, uint8_t month, uint8_t hour, uint8_t min, uint8_t sec, uint8_t hsec)
{
    61a4:	ef 92       	push	r14
    61a6:	0f 93       	push	r16
    61a8:	cf 93       	push	r28
    61aa:	df 93       	push	r29
    61ac:	00 d0       	rcall	.+0      	; 0x61ae <PCF8583_set_monthly_alarm+0xa>
    61ae:	00 d0       	rcall	.+0      	; 0x61b0 <PCF8583_set_monthly_alarm+0xc>
    61b0:	00 d0       	rcall	.+0      	; 0x61b2 <PCF8583_set_monthly_alarm+0xe>
    61b2:	cd b7       	in	r28, 0x3d	; 61
    61b4:	de b7       	in	r29, 0x3e	; 62
    61b6:	89 83       	std	Y+1, r24	; 0x01
    61b8:	6a 83       	std	Y+2, r22	; 0x02
    61ba:	4b 83       	std	Y+3, r20	; 0x03
    61bc:	2c 83       	std	Y+4, r18	; 0x04
    61be:	0d 83       	std	Y+5, r16	; 0x05
    61c0:	ee 82       	std	Y+6, r14	; 0x06
    PCF8583_set_alarm_time( hour,  min,  sec,  hsec );
    61c2:	2e 81       	ldd	r18, Y+6	; 0x06
    61c4:	4d 81       	ldd	r20, Y+5	; 0x05
    61c6:	6c 81       	ldd	r22, Y+4	; 0x04
    61c8:	8b 81       	ldd	r24, Y+3	; 0x03
    61ca:	0e 94 8f 30 	call	0x611e	; 0x611e <PCF8583_set_alarm_time>
    PCF8583_set_alarm_date( day, month );
    61ce:	6a 81       	ldd	r22, Y+2	; 0x02
    61d0:	89 81       	ldd	r24, Y+1	; 0x01
    61d2:	0e 94 19 30 	call	0x6032	; 0x6032 <PCF8583_set_alarm_date>
}
    61d6:	26 96       	adiw	r28, 0x06	; 6
    61d8:	0f b6       	in	r0, 0x3f	; 63
    61da:	f8 94       	cli
    61dc:	de bf       	out	0x3e, r29	; 62
    61de:	0f be       	out	0x3f, r0	; 63
    61e0:	cd bf       	out	0x3d, r28	; 61
    61e2:	df 91       	pop	r29
    61e4:	cf 91       	pop	r28
    61e6:	0f 91       	pop	r16
    61e8:	ef 90       	pop	r14
    61ea:	08 95       	ret

000061ec <PCF8583_get_wall_alarm>:

void PCF8583_get_wall_alarm(void)//pobiera jedynie te zmienne, które należą do alarmu
{
    61ec:	cf 93       	push	r28
    61ee:	df 93       	push	r29
    61f0:	cd b7       	in	r28, 0x3d	; 61
    61f2:	de b7       	in	r29, 0x3e	; 62
    PCF8583_get_alarm_time( &godz, &min, &sek, &hsek );//należy pamiętać, że w trybie alarmu dziennego w zmiennej miesac przechowywane są dni tygodnia, w których będzie aktywny alarm
    61f4:	22 e3       	ldi	r18, 0x32	; 50
    61f6:	33 e0       	ldi	r19, 0x03	; 3
    61f8:	43 e4       	ldi	r20, 0x43	; 67
    61fa:	53 e0       	ldi	r21, 0x03	; 3
    61fc:	64 e3       	ldi	r22, 0x34	; 52
    61fe:	73 e0       	ldi	r23, 0x03	; 3
    6200:	83 e3       	ldi	r24, 0x33	; 51
    6202:	93 e0       	ldi	r25, 0x03	; 3
    6204:	0e 94 af 2f 	call	0x5f5e	; 0x5f5e <PCF8583_get_alarm_time>
    PCF8583_get_alarm_date( &dzien, &miesiac );
    6208:	65 e3       	ldi	r22, 0x35	; 53
    620a:	73 e0       	ldi	r23, 0x03	; 3
    620c:	8a e4       	ldi	r24, 0x4A	; 74
    620e:	93 e0       	ldi	r25, 0x03	; 3
    6210:	0e 94 ea 2f 	call	0x5fd4	; 0x5fd4 <PCF8583_get_alarm_date>
}
    6214:	df 91       	pop	r29
    6216:	cf 91       	pop	r28
    6218:	08 95       	ret

0000621a <PCF8583_get_wall_time>:

void PCF8583_get_wall_time(void)
{
    621a:	cf 93       	push	r28
    621c:	df 93       	push	r29
    621e:	cd b7       	in	r28, 0x3d	; 61
    6220:	de b7       	in	r29, 0x3e	; 62
    PCF8583_get_time( &godz, &min, &sek, &hsek );
    6222:	22 e3       	ldi	r18, 0x32	; 50
    6224:	33 e0       	ldi	r19, 0x03	; 3
    6226:	43 e4       	ldi	r20, 0x43	; 67
    6228:	53 e0       	ldi	r21, 0x03	; 3
    622a:	64 e3       	ldi	r22, 0x34	; 52
    622c:	73 e0       	ldi	r23, 0x03	; 3
    622e:	83 e3       	ldi	r24, 0x33	; 51
    6230:	93 e0       	ldi	r25, 0x03	; 3
    6232:	0e 94 a5 2e 	call	0x5d4a	; 0x5d4a <PCF8583_get_time>
    PCF8583_get_date( &dzien,&dzien_tygodnia, &miesiac, &rok );
    6236:	24 e4       	ldi	r18, 0x44	; 68
    6238:	33 e0       	ldi	r19, 0x03	; 3
    623a:	45 e3       	ldi	r20, 0x35	; 53
    623c:	53 e0       	ldi	r21, 0x03	; 3
    623e:	66 e4       	ldi	r22, 0x46	; 70
    6240:	73 e0       	ldi	r23, 0x03	; 3
    6242:	8a e4       	ldi	r24, 0x4A	; 74
    6244:	93 e0       	ldi	r25, 0x03	; 3
    6246:	0e 94 09 2f 	call	0x5e12	; 0x5e12 <PCF8583_get_date>
}
    624a:	df 91       	pop	r29
    624c:	cf 91       	pop	r28
    624e:	08 95       	ret

00006250 <random_generator_init>:
#include "random_generator.h"

volatile uint8_t pwm1, pwm2;

void random_generator_init ( void )
{
    6250:	cf 93       	push	r28
    6252:	df 93       	push	r29
    6254:	cd b7       	in	r28, 0x3d	; 61
    6256:	de b7       	in	r29, 0x3e	; 62
    TCCR2 |= ( 1 << WGM21 );// tryb CTC
    6258:	85 e4       	ldi	r24, 0x45	; 69
    625a:	90 e0       	ldi	r25, 0x00	; 0
    625c:	25 e4       	ldi	r18, 0x45	; 69
    625e:	30 e0       	ldi	r19, 0x00	; 0
    6260:	f9 01       	movw	r30, r18
    6262:	20 81       	ld	r18, Z
    6264:	28 60       	ori	r18, 0x08	; 8
    6266:	fc 01       	movw	r30, r24
    6268:	20 83       	st	Z, r18
    //TCCR2 |= ( 1 << CS20 ) | ( 1 << CS21 ) | ( 1 << CS22 ); // preskaler 1024
    OCR2 = 255;
    626a:	83 e4       	ldi	r24, 0x43	; 67
    626c:	90 e0       	ldi	r25, 0x00	; 0
    626e:	2f ef       	ldi	r18, 0xFF	; 255
    6270:	fc 01       	movw	r30, r24
    6272:	20 83       	st	Z, r18
    TIMSK |= ( 1 << OCIE2 );
    6274:	89 e5       	ldi	r24, 0x59	; 89
    6276:	90 e0       	ldi	r25, 0x00	; 0
    6278:	29 e5       	ldi	r18, 0x59	; 89
    627a:	30 e0       	ldi	r19, 0x00	; 0
    627c:	f9 01       	movw	r30, r18
    627e:	20 81       	ld	r18, Z
    6280:	20 68       	ori	r18, 0x80	; 128
    6282:	fc 01       	movw	r30, r24
    6284:	20 83       	st	Z, r18
}
    6286:	df 91       	pop	r29
    6288:	cf 91       	pop	r28
    628a:	08 95       	ret

0000628c <refreshing_interrupt_on>:

void refreshing_interrupt_on()
{
    628c:	cf 93       	push	r28
    628e:	df 93       	push	r29
    6290:	cd b7       	in	r28, 0x3d	; 61
    6292:	de b7       	in	r29, 0x3e	; 62
TCCR2 |= ( 1 << CS20 ) | ( 1 << CS21 ) | ( 1 << CS22 ); // preskaler 1024, timer do odświeżania
    6294:	85 e4       	ldi	r24, 0x45	; 69
    6296:	90 e0       	ldi	r25, 0x00	; 0
    6298:	25 e4       	ldi	r18, 0x45	; 69
    629a:	30 e0       	ldi	r19, 0x00	; 0
    629c:	f9 01       	movw	r30, r18
    629e:	20 81       	ld	r18, Z
    62a0:	27 60       	ori	r18, 0x07	; 7
    62a2:	fc 01       	movw	r30, r24
    62a4:	20 83       	st	Z, r18
}
    62a6:	df 91       	pop	r29
    62a8:	cf 91       	pop	r28
    62aa:	08 95       	ret

000062ac <refreshing_interrupt_off>:

void refreshing_interrupt_off()
{
    62ac:	cf 93       	push	r28
    62ae:	df 93       	push	r29
    62b0:	cd b7       	in	r28, 0x3d	; 61
    62b2:	de b7       	in	r29, 0x3e	; 62
TCCR2 &= ~( 1 << CS20 ) | ( 1 << CS21 ) | ( 1 << CS22 ); // wyłączenie timera preskaler 1024, timer do odświeżania
    62b4:	85 e4       	ldi	r24, 0x45	; 69
    62b6:	90 e0       	ldi	r25, 0x00	; 0
    62b8:	25 e4       	ldi	r18, 0x45	; 69
    62ba:	30 e0       	ldi	r19, 0x00	; 0
    62bc:	f9 01       	movw	r30, r18
    62be:	20 81       	ld	r18, Z
    62c0:	2e 7f       	andi	r18, 0xFE	; 254
    62c2:	fc 01       	movw	r30, r24
    62c4:	20 83       	st	Z, r18

}
    62c6:	df 91       	pop	r29
    62c8:	cf 91       	pop	r28
    62ca:	08 95       	ret

000062cc <__vector_4>:

ISR( _VECTOR( 4 ) )
{
    62cc:	1f 92       	push	r1
    62ce:	0f 92       	push	r0
    62d0:	00 90 5f 00 	lds	r0, 0x005F
    62d4:	0f 92       	push	r0
    62d6:	11 24       	eor	r1, r1
    62d8:	8f 93       	push	r24
    62da:	cf 93       	push	r28
    62dc:	df 93       	push	r29
    62de:	cd b7       	in	r28, 0x3d	; 61
    62e0:	de b7       	in	r29, 0x3e	; 62
    if( cnt == 20) interr = 1;
    62e2:	80 91 28 03 	lds	r24, 0x0328
    62e6:	84 31       	cpi	r24, 0x14	; 20
    62e8:	19 f4       	brne	.+6      	; 0x62f0 <__vector_4+0x24>
    62ea:	81 e0       	ldi	r24, 0x01	; 1
    62ec:	80 93 2e 03 	sts	0x032E, r24
    ++cnt;
    62f0:	80 91 28 03 	lds	r24, 0x0328
    62f4:	8f 5f       	subi	r24, 0xFF	; 255
    62f6:	80 93 28 03 	sts	0x0328, r24
}
    62fa:	df 91       	pop	r29
    62fc:	cf 91       	pop	r28
    62fe:	8f 91       	pop	r24
    6300:	0f 90       	pop	r0
    6302:	00 92 5f 00 	sts	0x005F, r0
    6306:	0f 90       	pop	r0
    6308:	1f 90       	pop	r1
    630a:	18 95       	reti

0000630c <ds18b20_ConvertT>:


/**********************************************************/

unsigned char ds18b20_ConvertT(void)
{
    630c:	cf 93       	push	r28
    630e:	df 93       	push	r29
    6310:	cd b7       	in	r28, 0x3d	; 61
    6312:	de b7       	in	r29, 0x3e	; 62
    if (!OneWireReset()) return 0;
    6314:	0e 94 f2 31 	call	0x63e4	; 0x63e4 <OneWireReset>
    6318:	88 23       	and	r24, r24
    631a:	11 f4       	brne	.+4      	; 0x6320 <ds18b20_ConvertT+0x14>
    631c:	80 e0       	ldi	r24, 0x00	; 0
    631e:	07 c0       	rjmp	.+14     	; 0x632e <ds18b20_ConvertT+0x22>

    OneWireWriteByte(0xcc); // SKIP ROM
    6320:	8c ec       	ldi	r24, 0xCC	; 204
    6322:	0e 94 3d 32 	call	0x647a	; 0x647a <OneWireWriteByte>
    OneWireWriteByte(0x44); // CONVERT T
    6326:	84 e4       	ldi	r24, 0x44	; 68
    6328:	0e 94 3d 32 	call	0x647a	; 0x647a <OneWireWriteByte>

    return -1;
    632c:	8f ef       	ldi	r24, 0xFF	; 255
}
    632e:	df 91       	pop	r29
    6330:	cf 91       	pop	r28
    6332:	08 95       	ret

00006334 <ds18b20_Read>:

/***********************************************************/

int ds18b20_Read()
{
    6334:	0f 93       	push	r16
    6336:	1f 93       	push	r17
    6338:	cf 93       	push	r28
    633a:	df 93       	push	r29
    633c:	1f 92       	push	r1
    633e:	cd b7       	in	r28, 0x3d	; 61
    6340:	de b7       	in	r29, 0x3e	; 62
    unsigned char i;

    if (!OneWireReset()) return 0;
    6342:	0e 94 f2 31 	call	0x63e4	; 0x63e4 <OneWireReset>
    6346:	88 23       	and	r24, r24
    6348:	19 f4       	brne	.+6      	; 0x6350 <ds18b20_Read+0x1c>
    634a:	80 e0       	ldi	r24, 0x00	; 0
    634c:	90 e0       	ldi	r25, 0x00	; 0
    634e:	1b c0       	rjmp	.+54     	; 0x6386 <ds18b20_Read+0x52>

    OneWireWriteByte(0xcc); // SKIP ROM
    6350:	8c ec       	ldi	r24, 0xCC	; 204
    6352:	0e 94 3d 32 	call	0x647a	; 0x647a <OneWireWriteByte>
    OneWireWriteByte(0xbe); // READ SCRATCHPAD
    6356:	8e eb       	ldi	r24, 0xBE	; 190
    6358:	0e 94 3d 32 	call	0x647a	; 0x647a <OneWireWriteByte>

    for(i=0; i<2; i++) ds18b20_pad[i] = OneWireReadByte();
    635c:	19 82       	std	Y+1, r1	; 0x01
    635e:	0e c0       	rjmp	.+28     	; 0x637c <ds18b20_Read+0x48>
    6360:	89 81       	ldd	r24, Y+1	; 0x01
    6362:	08 2f       	mov	r16, r24
    6364:	10 e0       	ldi	r17, 0x00	; 0
    6366:	0e 94 8f 32 	call	0x651e	; 0x651e <OneWireReadByte>
    636a:	28 2f       	mov	r18, r24
    636c:	c8 01       	movw	r24, r16
    636e:	89 5b       	subi	r24, 0xB9	; 185
    6370:	9c 4f       	sbci	r25, 0xFC	; 252
    6372:	fc 01       	movw	r30, r24
    6374:	20 83       	st	Z, r18
    6376:	89 81       	ldd	r24, Y+1	; 0x01
    6378:	8f 5f       	subi	r24, 0xFF	; 255
    637a:	89 83       	std	Y+1, r24	; 0x01
    637c:	89 81       	ldd	r24, Y+1	; 0x01
    637e:	82 30       	cpi	r24, 0x02	; 2
    6380:	78 f3       	brcs	.-34     	; 0x6360 <ds18b20_Read+0x2c>

    return 1;
    6382:	81 e0       	ldi	r24, 0x01	; 1
    6384:	90 e0       	ldi	r25, 0x00	; 0
}
    6386:	0f 90       	pop	r0
    6388:	df 91       	pop	r29
    638a:	cf 91       	pop	r28
    638c:	1f 91       	pop	r17
    638e:	0f 91       	pop	r16
    6390:	08 95       	ret

00006392 <OneWireStrong>:

/**********************************************************/

void OneWireStrong(char s)
{
    6392:	cf 93       	push	r28
    6394:	df 93       	push	r29
    6396:	1f 92       	push	r1
    6398:	cd b7       	in	r28, 0x3d	; 61
    639a:	de b7       	in	r29, 0x3e	; 62
    639c:	89 83       	std	Y+1, r24	; 0x01
    if (s)
    639e:	89 81       	ldd	r24, Y+1	; 0x01
    63a0:	88 23       	and	r24, r24
    63a2:	99 f0       	breq	.+38     	; 0x63ca <OneWireStrong+0x38>
    {
        ONEWIRE_PORT  |=  ONEWIRE;
    63a4:	8b e3       	ldi	r24, 0x3B	; 59
    63a6:	90 e0       	ldi	r25, 0x00	; 0
    63a8:	2b e3       	ldi	r18, 0x3B	; 59
    63aa:	30 e0       	ldi	r19, 0x00	; 0
    63ac:	f9 01       	movw	r30, r18
    63ae:	20 81       	ld	r18, Z
    63b0:	21 60       	ori	r18, 0x01	; 1
    63b2:	fc 01       	movw	r30, r24
    63b4:	20 83       	st	Z, r18
        ONEWIRE_DIR   |=  ONEWIRE;
    63b6:	8a e3       	ldi	r24, 0x3A	; 58
    63b8:	90 e0       	ldi	r25, 0x00	; 0
    63ba:	2a e3       	ldi	r18, 0x3A	; 58
    63bc:	30 e0       	ldi	r19, 0x00	; 0
    63be:	f9 01       	movw	r30, r18
    63c0:	20 81       	ld	r18, Z
    63c2:	21 60       	ori	r18, 0x01	; 1
    63c4:	fc 01       	movw	r30, r24
    63c6:	20 83       	st	Z, r18
    63c8:	09 c0       	rjmp	.+18     	; 0x63dc <OneWireStrong+0x4a>
    }
    else
    {
        ONEWIRE_DIR   &= ~ONEWIRE;
    63ca:	8a e3       	ldi	r24, 0x3A	; 58
    63cc:	90 e0       	ldi	r25, 0x00	; 0
    63ce:	2a e3       	ldi	r18, 0x3A	; 58
    63d0:	30 e0       	ldi	r19, 0x00	; 0
    63d2:	f9 01       	movw	r30, r18
    63d4:	20 81       	ld	r18, Z
    63d6:	2e 7f       	andi	r18, 0xFE	; 254
    63d8:	fc 01       	movw	r30, r24
    63da:	20 83       	st	Z, r18
    }
}
    63dc:	0f 90       	pop	r0
    63de:	df 91       	pop	r29
    63e0:	cf 91       	pop	r28
    63e2:	08 95       	ret

000063e4 <OneWireReset>:

/**********************************************************/

unsigned char OneWireReset()
{
    63e4:	cf 93       	push	r28
    63e6:	df 93       	push	r29
    63e8:	cd b7       	in	r28, 0x3d	; 61
    63ea:	de b7       	in	r29, 0x3e	; 62
    ONEWIRE_PORT  &= ~ONEWIRE;
    63ec:	8b e3       	ldi	r24, 0x3B	; 59
    63ee:	90 e0       	ldi	r25, 0x00	; 0
    63f0:	2b e3       	ldi	r18, 0x3B	; 59
    63f2:	30 e0       	ldi	r19, 0x00	; 0
    63f4:	f9 01       	movw	r30, r18
    63f6:	20 81       	ld	r18, Z
    63f8:	2e 7f       	andi	r18, 0xFE	; 254
    63fa:	fc 01       	movw	r30, r24
    63fc:	20 83       	st	Z, r18

    if (!(ONEWIRE_PIN   &   ONEWIRE)) return 0;
    63fe:	89 e3       	ldi	r24, 0x39	; 57
    6400:	90 e0       	ldi	r25, 0x00	; 0
    6402:	fc 01       	movw	r30, r24
    6404:	80 81       	ld	r24, Z
    6406:	88 2f       	mov	r24, r24
    6408:	90 e0       	ldi	r25, 0x00	; 0
    640a:	81 70       	andi	r24, 0x01	; 1
    640c:	99 27       	eor	r25, r25
    640e:	00 97       	sbiw	r24, 0x00	; 0
    6410:	11 f4       	brne	.+4      	; 0x6416 <OneWireReset+0x32>
    6412:	80 e0       	ldi	r24, 0x00	; 0
    6414:	2f c0       	rjmp	.+94     	; 0x6474 <OneWireReset+0x90>

    ONEWIRE_DIR   |=  ONEWIRE;
    6416:	8a e3       	ldi	r24, 0x3A	; 58
    6418:	90 e0       	ldi	r25, 0x00	; 0
    641a:	2a e3       	ldi	r18, 0x3A	; 58
    641c:	30 e0       	ldi	r19, 0x00	; 0
    641e:	f9 01       	movw	r30, r18
    6420:	20 81       	ld	r18, Z
    6422:	21 60       	ori	r18, 0x01	; 1
    6424:	fc 01       	movw	r30, r24
    6426:	20 83       	st	Z, r18
    delay_us_var(500);
    6428:	84 ef       	ldi	r24, 0xF4	; 244
    642a:	91 e0       	ldi	r25, 0x01	; 1
    642c:	0e 94 a2 04 	call	0x944	; 0x944 <delay_us_var>
    ONEWIRE_DIR   &= ~ONEWIRE;
    6430:	8a e3       	ldi	r24, 0x3A	; 58
    6432:	90 e0       	ldi	r25, 0x00	; 0
    6434:	2a e3       	ldi	r18, 0x3A	; 58
    6436:	30 e0       	ldi	r19, 0x00	; 0
    6438:	f9 01       	movw	r30, r18
    643a:	20 81       	ld	r18, Z
    643c:	2e 7f       	andi	r18, 0xFE	; 254
    643e:	fc 01       	movw	r30, r24
    6440:	20 83       	st	Z, r18
    delay_us_var(70);
    6442:	86 e4       	ldi	r24, 0x46	; 70
    6444:	90 e0       	ldi	r25, 0x00	; 0
    6446:	0e 94 a2 04 	call	0x944	; 0x944 <delay_us_var>

    if(!(ONEWIRE_PIN   &   ONEWIRE))
    644a:	89 e3       	ldi	r24, 0x39	; 57
    644c:	90 e0       	ldi	r25, 0x00	; 0
    644e:	fc 01       	movw	r30, r24
    6450:	80 81       	ld	r24, Z
    6452:	88 2f       	mov	r24, r24
    6454:	90 e0       	ldi	r25, 0x00	; 0
    6456:	81 70       	andi	r24, 0x01	; 1
    6458:	99 27       	eor	r25, r25
    645a:	00 97       	sbiw	r24, 0x00	; 0
    645c:	31 f4       	brne	.+12     	; 0x646a <OneWireReset+0x86>
    {
        delay_us_var(500);
    645e:	84 ef       	ldi	r24, 0xF4	; 244
    6460:	91 e0       	ldi	r25, 0x01	; 1
    6462:	0e 94 a2 04 	call	0x944	; 0x944 <delay_us_var>
        return(1);
    6466:	81 e0       	ldi	r24, 0x01	; 1
    6468:	05 c0       	rjmp	.+10     	; 0x6474 <OneWireReset+0x90>
    }

    delay_us_var(500);
    646a:	84 ef       	ldi	r24, 0xF4	; 244
    646c:	91 e0       	ldi	r25, 0x01	; 1
    646e:	0e 94 a2 04 	call	0x944	; 0x944 <delay_us_var>

    return(0);
    6472:	80 e0       	ldi	r24, 0x00	; 0
}
    6474:	df 91       	pop	r29
    6476:	cf 91       	pop	r28
    6478:	08 95       	ret

0000647a <OneWireWriteByte>:

/**********************************************************/

void OneWireWriteByte(unsigned char byte)
{
    647a:	cf 93       	push	r28
    647c:	df 93       	push	r29
    647e:	00 d0       	rcall	.+0      	; 0x6480 <OneWireWriteByte+0x6>
    6480:	cd b7       	in	r28, 0x3d	; 61
    6482:	de b7       	in	r29, 0x3e	; 62
    6484:	8a 83       	std	Y+2, r24	; 0x02
    unsigned char i;

    ONEWIRE_PORT  &= ~ONEWIRE;
    6486:	8b e3       	ldi	r24, 0x3B	; 59
    6488:	90 e0       	ldi	r25, 0x00	; 0
    648a:	2b e3       	ldi	r18, 0x3B	; 59
    648c:	30 e0       	ldi	r19, 0x00	; 0
    648e:	f9 01       	movw	r30, r18
    6490:	20 81       	ld	r18, Z
    6492:	2e 7f       	andi	r18, 0xFE	; 254
    6494:	fc 01       	movw	r30, r24
    6496:	20 83       	st	Z, r18

    for (i=0; i<8; i++)
    6498:	19 82       	std	Y+1, r1	; 0x01
    649a:	39 c0       	rjmp	.+114    	; 0x650e <OneWireWriteByte+0x94>
    {
        ONEWIRE_DIR   |=  ONEWIRE;
    649c:	8a e3       	ldi	r24, 0x3A	; 58
    649e:	90 e0       	ldi	r25, 0x00	; 0
    64a0:	2a e3       	ldi	r18, 0x3A	; 58
    64a2:	30 e0       	ldi	r19, 0x00	; 0
    64a4:	f9 01       	movw	r30, r18
    64a6:	20 81       	ld	r18, Z
    64a8:	21 60       	ori	r18, 0x01	; 1
    64aa:	fc 01       	movw	r30, r24
    64ac:	20 83       	st	Z, r18

        if (byte & 0x01)
    64ae:	8a 81       	ldd	r24, Y+2	; 0x02
    64b0:	88 2f       	mov	r24, r24
    64b2:	90 e0       	ldi	r25, 0x00	; 0
    64b4:	81 70       	andi	r24, 0x01	; 1
    64b6:	99 27       	eor	r25, r25
    64b8:	00 97       	sbiw	r24, 0x00	; 0
    64ba:	91 f0       	breq	.+36     	; 0x64e0 <OneWireWriteByte+0x66>
        {
            delay_us_var(7);
    64bc:	87 e0       	ldi	r24, 0x07	; 7
    64be:	90 e0       	ldi	r25, 0x00	; 0
    64c0:	0e 94 a2 04 	call	0x944	; 0x944 <delay_us_var>
            ONEWIRE_DIR   &= ~ONEWIRE;
    64c4:	8a e3       	ldi	r24, 0x3A	; 58
    64c6:	90 e0       	ldi	r25, 0x00	; 0
    64c8:	2a e3       	ldi	r18, 0x3A	; 58
    64ca:	30 e0       	ldi	r19, 0x00	; 0
    64cc:	f9 01       	movw	r30, r18
    64ce:	20 81       	ld	r18, Z
    64d0:	2e 7f       	andi	r18, 0xFE	; 254
    64d2:	fc 01       	movw	r30, r24
    64d4:	20 83       	st	Z, r18
            delay_us_var(70);
    64d6:	86 e4       	ldi	r24, 0x46	; 70
    64d8:	90 e0       	ldi	r25, 0x00	; 0
    64da:	0e 94 a2 04 	call	0x944	; 0x944 <delay_us_var>
    64de:	11 c0       	rjmp	.+34     	; 0x6502 <OneWireWriteByte+0x88>
        }
        else
        {
            delay_us_var(70);
    64e0:	86 e4       	ldi	r24, 0x46	; 70
    64e2:	90 e0       	ldi	r25, 0x00	; 0
    64e4:	0e 94 a2 04 	call	0x944	; 0x944 <delay_us_var>
            ONEWIRE_DIR   &= ~ONEWIRE;
    64e8:	8a e3       	ldi	r24, 0x3A	; 58
    64ea:	90 e0       	ldi	r25, 0x00	; 0
    64ec:	2a e3       	ldi	r18, 0x3A	; 58
    64ee:	30 e0       	ldi	r19, 0x00	; 0
    64f0:	f9 01       	movw	r30, r18
    64f2:	20 81       	ld	r18, Z
    64f4:	2e 7f       	andi	r18, 0xFE	; 254
    64f6:	fc 01       	movw	r30, r24
    64f8:	20 83       	st	Z, r18
            delay_us_var(7);
    64fa:	87 e0       	ldi	r24, 0x07	; 7
    64fc:	90 e0       	ldi	r25, 0x00	; 0
    64fe:	0e 94 a2 04 	call	0x944	; 0x944 <delay_us_var>
        }

        byte >>= 1;
    6502:	8a 81       	ldd	r24, Y+2	; 0x02
    6504:	86 95       	lsr	r24
    6506:	8a 83       	std	Y+2, r24	; 0x02
{
    unsigned char i;

    ONEWIRE_PORT  &= ~ONEWIRE;

    for (i=0; i<8; i++)
    6508:	89 81       	ldd	r24, Y+1	; 0x01
    650a:	8f 5f       	subi	r24, 0xFF	; 255
    650c:	89 83       	std	Y+1, r24	; 0x01
    650e:	89 81       	ldd	r24, Y+1	; 0x01
    6510:	88 30       	cpi	r24, 0x08	; 8
    6512:	20 f2       	brcs	.-120    	; 0x649c <OneWireWriteByte+0x22>
            delay_us_var(7);
        }

        byte >>= 1;
    }
}
    6514:	0f 90       	pop	r0
    6516:	0f 90       	pop	r0
    6518:	df 91       	pop	r29
    651a:	cf 91       	pop	r28
    651c:	08 95       	ret

0000651e <OneWireReadByte>:

/***********************************************************/

unsigned char OneWireReadByte(void)
{
    651e:	cf 93       	push	r28
    6520:	df 93       	push	r29
    6522:	00 d0       	rcall	.+0      	; 0x6524 <OneWireReadByte+0x6>
    6524:	cd b7       	in	r28, 0x3d	; 61
    6526:	de b7       	in	r29, 0x3e	; 62
    unsigned char i, byte = 0;
    6528:	1a 82       	std	Y+2, r1	; 0x02

    ONEWIRE_DIR   &= ~ONEWIRE;
    652a:	8a e3       	ldi	r24, 0x3A	; 58
    652c:	90 e0       	ldi	r25, 0x00	; 0
    652e:	2a e3       	ldi	r18, 0x3A	; 58
    6530:	30 e0       	ldi	r19, 0x00	; 0
    6532:	f9 01       	movw	r30, r18
    6534:	20 81       	ld	r18, Z
    6536:	2e 7f       	andi	r18, 0xFE	; 254
    6538:	fc 01       	movw	r30, r24
    653a:	20 83       	st	Z, r18

    for (i=0; i<8; i++)
    653c:	19 82       	std	Y+1, r1	; 0x01
    653e:	31 c0       	rjmp	.+98     	; 0x65a2 <OneWireReadByte+0x84>
    {
        ONEWIRE_DIR   |=  ONEWIRE;
    6540:	8a e3       	ldi	r24, 0x3A	; 58
    6542:	90 e0       	ldi	r25, 0x00	; 0
    6544:	2a e3       	ldi	r18, 0x3A	; 58
    6546:	30 e0       	ldi	r19, 0x00	; 0
    6548:	f9 01       	movw	r30, r18
    654a:	20 81       	ld	r18, Z
    654c:	21 60       	ori	r18, 0x01	; 1
    654e:	fc 01       	movw	r30, r24
    6550:	20 83       	st	Z, r18
        delay_us_var(7);
    6552:	87 e0       	ldi	r24, 0x07	; 7
    6554:	90 e0       	ldi	r25, 0x00	; 0
    6556:	0e 94 a2 04 	call	0x944	; 0x944 <delay_us_var>
        ONEWIRE_DIR   &= ~ONEWIRE;
    655a:	8a e3       	ldi	r24, 0x3A	; 58
    655c:	90 e0       	ldi	r25, 0x00	; 0
    655e:	2a e3       	ldi	r18, 0x3A	; 58
    6560:	30 e0       	ldi	r19, 0x00	; 0
    6562:	f9 01       	movw	r30, r18
    6564:	20 81       	ld	r18, Z
    6566:	2e 7f       	andi	r18, 0xFE	; 254
    6568:	fc 01       	movw	r30, r24
    656a:	20 83       	st	Z, r18
        delay_us_var(7);
    656c:	87 e0       	ldi	r24, 0x07	; 7
    656e:	90 e0       	ldi	r25, 0x00	; 0
    6570:	0e 94 a2 04 	call	0x944	; 0x944 <delay_us_var>
        byte >>= 1;
    6574:	8a 81       	ldd	r24, Y+2	; 0x02
    6576:	86 95       	lsr	r24
    6578:	8a 83       	std	Y+2, r24	; 0x02

        if(ONEWIRE_PIN   &   ONEWIRE) byte |= 0x80;
    657a:	89 e3       	ldi	r24, 0x39	; 57
    657c:	90 e0       	ldi	r25, 0x00	; 0
    657e:	fc 01       	movw	r30, r24
    6580:	80 81       	ld	r24, Z
    6582:	88 2f       	mov	r24, r24
    6584:	90 e0       	ldi	r25, 0x00	; 0
    6586:	81 70       	andi	r24, 0x01	; 1
    6588:	99 27       	eor	r25, r25
    658a:	00 97       	sbiw	r24, 0x00	; 0
    658c:	19 f0       	breq	.+6      	; 0x6594 <OneWireReadByte+0x76>
    658e:	8a 81       	ldd	r24, Y+2	; 0x02
    6590:	80 68       	ori	r24, 0x80	; 128
    6592:	8a 83       	std	Y+2, r24	; 0x02

        delay_us_var(70);
    6594:	86 e4       	ldi	r24, 0x46	; 70
    6596:	90 e0       	ldi	r25, 0x00	; 0
    6598:	0e 94 a2 04 	call	0x944	; 0x944 <delay_us_var>
{
    unsigned char i, byte = 0;

    ONEWIRE_DIR   &= ~ONEWIRE;

    for (i=0; i<8; i++)
    659c:	89 81       	ldd	r24, Y+1	; 0x01
    659e:	8f 5f       	subi	r24, 0xFF	; 255
    65a0:	89 83       	std	Y+1, r24	; 0x01
    65a2:	89 81       	ldd	r24, Y+1	; 0x01
    65a4:	88 30       	cpi	r24, 0x08	; 8
    65a6:	60 f2       	brcs	.-104    	; 0x6540 <OneWireReadByte+0x22>
        if(ONEWIRE_PIN   &   ONEWIRE) byte |= 0x80;

        delay_us_var(70);
    }

    return byte;
    65a8:	8a 81       	ldd	r24, Y+2	; 0x02
}
    65aa:	0f 90       	pop	r0
    65ac:	0f 90       	pop	r0
    65ae:	df 91       	pop	r29
    65b0:	cf 91       	pop	r28
    65b2:	08 95       	ret

000065b4 <ds18b20_temperature>:
/***********************************************************/

double ds18b20_temperature(void)
{
    65b4:	cf 93       	push	r28
    65b6:	df 93       	push	r29
    65b8:	00 d0       	rcall	.+0      	; 0x65ba <ds18b20_temperature+0x6>
    65ba:	00 d0       	rcall	.+0      	; 0x65bc <ds18b20_temperature+0x8>
    65bc:	00 d0       	rcall	.+0      	; 0x65be <ds18b20_temperature+0xa>
    65be:	cd b7       	in	r28, 0x3d	; 61
    65c0:	de b7       	in	r29, 0x3e	; 62
    double temp = 0;
    65c2:	19 82       	std	Y+1, r1	; 0x01
    65c4:	1a 82       	std	Y+2, r1	; 0x02
    65c6:	1b 82       	std	Y+3, r1	; 0x03
    65c8:	1c 82       	std	Y+4, r1	; 0x04
    if(ds18b20_ConvertT())
    65ca:	0e 94 86 31 	call	0x630c	; 0x630c <ds18b20_ConvertT>
    65ce:	88 23       	and	r24, r24
    65d0:	d9 f1       	breq	.+118    	; 0x6648 <ds18b20_temperature+0x94>
        //delay_ms_var(750);

        /* Odczyt z układu ds18b20, dane zapisywane są w tablicy ds18b20_pad.
           Dwie pierwsze pozycje w tablicy to kolejno mniej znaczący bajt i bardziej
        znaczący bajt wartość zmierzonej temperatury */
        ds18b20_Read(ds18b20_pad);
    65d2:	87 e4       	ldi	r24, 0x47	; 71
    65d4:	93 e0       	ldi	r25, 0x03	; 3
    65d6:	0e 94 9a 31 	call	0x6334	; 0x6334 <ds18b20_Read>

        /* Składa dwa bajty wyniku pomiaru w całość. Cztery pierwsze bity mniej
           znaczącego bajtu to część ułamkowa wartości temperatury, więc całość
           dzielona jest przez 16 */
        temp = ((ds18b20_pad[1] << 8) + ds18b20_pad[0]) / 16.0 ;
    65da:	80 91 48 03 	lds	r24, 0x0348
    65de:	88 2f       	mov	r24, r24
    65e0:	90 e0       	ldi	r25, 0x00	; 0
    65e2:	38 2f       	mov	r19, r24
    65e4:	22 27       	eor	r18, r18
    65e6:	80 91 47 03 	lds	r24, 0x0347
    65ea:	88 2f       	mov	r24, r24
    65ec:	90 e0       	ldi	r25, 0x00	; 0
    65ee:	82 0f       	add	r24, r18
    65f0:	93 1f       	adc	r25, r19
    65f2:	aa 27       	eor	r26, r26
    65f4:	97 fd       	sbrc	r25, 7
    65f6:	a0 95       	com	r26
    65f8:	ba 2f       	mov	r27, r26
    65fa:	bc 01       	movw	r22, r24
    65fc:	cd 01       	movw	r24, r26
    65fe:	0e 94 89 34 	call	0x6912	; 0x6912 <__floatsisf>
    6602:	dc 01       	movw	r26, r24
    6604:	cb 01       	movw	r24, r22
    6606:	20 e0       	ldi	r18, 0x00	; 0
    6608:	30 e0       	ldi	r19, 0x00	; 0
    660a:	40 e8       	ldi	r20, 0x80	; 128
    660c:	51 e4       	ldi	r21, 0x41	; 65
    660e:	bc 01       	movw	r22, r24
    6610:	cd 01       	movw	r24, r26
    6612:	0e 94 ee 33 	call	0x67dc	; 0x67dc <__divsf3>
    6616:	dc 01       	movw	r26, r24
    6618:	cb 01       	movw	r24, r22
    661a:	89 83       	std	Y+1, r24	; 0x01
    661c:	9a 83       	std	Y+2, r25	; 0x02
    661e:	ab 83       	std	Y+3, r26	; 0x03
    6620:	bc 83       	std	Y+4, r27	; 0x04
        /* Formułuje komunikat w tablicy 'str' */
        int i = 0;
    6622:	1e 82       	std	Y+6, r1	; 0x06
    6624:	1d 82       	std	Y+5, r1	; 0x05
        for(; i<2; i++) ds18b20_pad[i] = 0;
    6626:	0b c0       	rjmp	.+22     	; 0x663e <ds18b20_temperature+0x8a>
    6628:	8d 81       	ldd	r24, Y+5	; 0x05
    662a:	9e 81       	ldd	r25, Y+6	; 0x06
    662c:	89 5b       	subi	r24, 0xB9	; 185
    662e:	9c 4f       	sbci	r25, 0xFC	; 252
    6630:	fc 01       	movw	r30, r24
    6632:	10 82       	st	Z, r1
    6634:	8d 81       	ldd	r24, Y+5	; 0x05
    6636:	9e 81       	ldd	r25, Y+6	; 0x06
    6638:	01 96       	adiw	r24, 0x01	; 1
    663a:	9e 83       	std	Y+6, r25	; 0x06
    663c:	8d 83       	std	Y+5, r24	; 0x05
    663e:	8d 81       	ldd	r24, Y+5	; 0x05
    6640:	9e 81       	ldd	r25, Y+6	; 0x06
    6642:	82 30       	cpi	r24, 0x02	; 2
    6644:	91 05       	cpc	r25, r1
    6646:	84 f3       	brlt	.-32     	; 0x6628 <ds18b20_temperature+0x74>
    }
    return temp;
    6648:	89 81       	ldd	r24, Y+1	; 0x01
    664a:	9a 81       	ldd	r25, Y+2	; 0x02
    664c:	ab 81       	ldd	r26, Y+3	; 0x03
    664e:	bc 81       	ldd	r27, Y+4	; 0x04

}
    6650:	bc 01       	movw	r22, r24
    6652:	cd 01       	movw	r24, r26
    6654:	26 96       	adiw	r28, 0x06	; 6
    6656:	0f b6       	in	r0, 0x3f	; 63
    6658:	f8 94       	cli
    665a:	de bf       	out	0x3e, r29	; 62
    665c:	0f be       	out	0x3f, r0	; 63
    665e:	cd bf       	out	0x3d, r28	; 61
    6660:	df 91       	pop	r29
    6662:	cf 91       	pop	r28
    6664:	08 95       	ret

00006666 <__mulsi3>:
    6666:	db 01       	movw	r26, r22
    6668:	8f 93       	push	r24
    666a:	9f 93       	push	r25
    666c:	0e 94 7a 33 	call	0x66f4	; 0x66f4 <__muluhisi3>
    6670:	bf 91       	pop	r27
    6672:	af 91       	pop	r26
    6674:	a2 9f       	mul	r26, r18
    6676:	80 0d       	add	r24, r0
    6678:	91 1d       	adc	r25, r1
    667a:	a3 9f       	mul	r26, r19
    667c:	90 0d       	add	r25, r0
    667e:	b2 9f       	mul	r27, r18
    6680:	90 0d       	add	r25, r0
    6682:	11 24       	eor	r1, r1
    6684:	08 95       	ret

00006686 <__udivmodhi4>:
    6686:	aa 1b       	sub	r26, r26
    6688:	bb 1b       	sub	r27, r27
    668a:	51 e1       	ldi	r21, 0x11	; 17
    668c:	07 c0       	rjmp	.+14     	; 0x669c <__udivmodhi4_ep>

0000668e <__udivmodhi4_loop>:
    668e:	aa 1f       	adc	r26, r26
    6690:	bb 1f       	adc	r27, r27
    6692:	a6 17       	cp	r26, r22
    6694:	b7 07       	cpc	r27, r23
    6696:	10 f0       	brcs	.+4      	; 0x669c <__udivmodhi4_ep>
    6698:	a6 1b       	sub	r26, r22
    669a:	b7 0b       	sbc	r27, r23

0000669c <__udivmodhi4_ep>:
    669c:	88 1f       	adc	r24, r24
    669e:	99 1f       	adc	r25, r25
    66a0:	5a 95       	dec	r21
    66a2:	a9 f7       	brne	.-22     	; 0x668e <__udivmodhi4_loop>
    66a4:	80 95       	com	r24
    66a6:	90 95       	com	r25
    66a8:	bc 01       	movw	r22, r24
    66aa:	cd 01       	movw	r24, r26
    66ac:	08 95       	ret

000066ae <__divmodhi4>:
    66ae:	97 fb       	bst	r25, 7
    66b0:	07 2e       	mov	r0, r23
    66b2:	16 f4       	brtc	.+4      	; 0x66b8 <__divmodhi4+0xa>
    66b4:	00 94       	com	r0
    66b6:	07 d0       	rcall	.+14     	; 0x66c6 <__divmodhi4_neg1>
    66b8:	77 fd       	sbrc	r23, 7
    66ba:	09 d0       	rcall	.+18     	; 0x66ce <__divmodhi4_neg2>
    66bc:	0e 94 43 33 	call	0x6686	; 0x6686 <__udivmodhi4>
    66c0:	07 fc       	sbrc	r0, 7
    66c2:	05 d0       	rcall	.+10     	; 0x66ce <__divmodhi4_neg2>
    66c4:	3e f4       	brtc	.+14     	; 0x66d4 <__divmodhi4_exit>

000066c6 <__divmodhi4_neg1>:
    66c6:	90 95       	com	r25
    66c8:	81 95       	neg	r24
    66ca:	9f 4f       	sbci	r25, 0xFF	; 255
    66cc:	08 95       	ret

000066ce <__divmodhi4_neg2>:
    66ce:	70 95       	com	r23
    66d0:	61 95       	neg	r22
    66d2:	7f 4f       	sbci	r23, 0xFF	; 255

000066d4 <__divmodhi4_exit>:
    66d4:	08 95       	ret

000066d6 <__umulhisi3>:
    66d6:	a2 9f       	mul	r26, r18
    66d8:	b0 01       	movw	r22, r0
    66da:	b3 9f       	mul	r27, r19
    66dc:	c0 01       	movw	r24, r0
    66de:	a3 9f       	mul	r26, r19
    66e0:	70 0d       	add	r23, r0
    66e2:	81 1d       	adc	r24, r1
    66e4:	11 24       	eor	r1, r1
    66e6:	91 1d       	adc	r25, r1
    66e8:	b2 9f       	mul	r27, r18
    66ea:	70 0d       	add	r23, r0
    66ec:	81 1d       	adc	r24, r1
    66ee:	11 24       	eor	r1, r1
    66f0:	91 1d       	adc	r25, r1
    66f2:	08 95       	ret

000066f4 <__muluhisi3>:
    66f4:	0e 94 6b 33 	call	0x66d6	; 0x66d6 <__umulhisi3>
    66f8:	a5 9f       	mul	r26, r21
    66fa:	90 0d       	add	r25, r0
    66fc:	b4 9f       	mul	r27, r20
    66fe:	90 0d       	add	r25, r0
    6700:	a4 9f       	mul	r26, r20
    6702:	80 0d       	add	r24, r0
    6704:	91 1d       	adc	r25, r1
    6706:	11 24       	eor	r1, r1
    6708:	08 95       	ret

0000670a <__subsf3>:
    670a:	50 58       	subi	r21, 0x80	; 128

0000670c <__addsf3>:
    670c:	bb 27       	eor	r27, r27
    670e:	aa 27       	eor	r26, r26
    6710:	0e d0       	rcall	.+28     	; 0x672e <__addsf3x>
    6712:	75 c1       	rjmp	.+746    	; 0x69fe <__fp_round>
    6714:	66 d1       	rcall	.+716    	; 0x69e2 <__fp_pscA>
    6716:	30 f0       	brcs	.+12     	; 0x6724 <__addsf3+0x18>
    6718:	6b d1       	rcall	.+726    	; 0x69f0 <__fp_pscB>
    671a:	20 f0       	brcs	.+8      	; 0x6724 <__addsf3+0x18>
    671c:	31 f4       	brne	.+12     	; 0x672a <__addsf3+0x1e>
    671e:	9f 3f       	cpi	r25, 0xFF	; 255
    6720:	11 f4       	brne	.+4      	; 0x6726 <__addsf3+0x1a>
    6722:	1e f4       	brtc	.+6      	; 0x672a <__addsf3+0x1e>
    6724:	5b c1       	rjmp	.+694    	; 0x69dc <__fp_nan>
    6726:	0e f4       	brtc	.+2      	; 0x672a <__addsf3+0x1e>
    6728:	e0 95       	com	r30
    672a:	e7 fb       	bst	r30, 7
    672c:	51 c1       	rjmp	.+674    	; 0x69d0 <__fp_inf>

0000672e <__addsf3x>:
    672e:	e9 2f       	mov	r30, r25
    6730:	77 d1       	rcall	.+750    	; 0x6a20 <__fp_split3>
    6732:	80 f3       	brcs	.-32     	; 0x6714 <__addsf3+0x8>
    6734:	ba 17       	cp	r27, r26
    6736:	62 07       	cpc	r22, r18
    6738:	73 07       	cpc	r23, r19
    673a:	84 07       	cpc	r24, r20
    673c:	95 07       	cpc	r25, r21
    673e:	18 f0       	brcs	.+6      	; 0x6746 <__addsf3x+0x18>
    6740:	71 f4       	brne	.+28     	; 0x675e <__addsf3x+0x30>
    6742:	9e f5       	brtc	.+102    	; 0x67aa <__addsf3x+0x7c>
    6744:	8f c1       	rjmp	.+798    	; 0x6a64 <__fp_zero>
    6746:	0e f4       	brtc	.+2      	; 0x674a <__addsf3x+0x1c>
    6748:	e0 95       	com	r30
    674a:	0b 2e       	mov	r0, r27
    674c:	ba 2f       	mov	r27, r26
    674e:	a0 2d       	mov	r26, r0
    6750:	0b 01       	movw	r0, r22
    6752:	b9 01       	movw	r22, r18
    6754:	90 01       	movw	r18, r0
    6756:	0c 01       	movw	r0, r24
    6758:	ca 01       	movw	r24, r20
    675a:	a0 01       	movw	r20, r0
    675c:	11 24       	eor	r1, r1
    675e:	ff 27       	eor	r31, r31
    6760:	59 1b       	sub	r21, r25
    6762:	99 f0       	breq	.+38     	; 0x678a <__addsf3x+0x5c>
    6764:	59 3f       	cpi	r21, 0xF9	; 249
    6766:	50 f4       	brcc	.+20     	; 0x677c <__addsf3x+0x4e>
    6768:	50 3e       	cpi	r21, 0xE0	; 224
    676a:	68 f1       	brcs	.+90     	; 0x67c6 <__addsf3x+0x98>
    676c:	1a 16       	cp	r1, r26
    676e:	f0 40       	sbci	r31, 0x00	; 0
    6770:	a2 2f       	mov	r26, r18
    6772:	23 2f       	mov	r18, r19
    6774:	34 2f       	mov	r19, r20
    6776:	44 27       	eor	r20, r20
    6778:	58 5f       	subi	r21, 0xF8	; 248
    677a:	f3 cf       	rjmp	.-26     	; 0x6762 <__addsf3x+0x34>
    677c:	46 95       	lsr	r20
    677e:	37 95       	ror	r19
    6780:	27 95       	ror	r18
    6782:	a7 95       	ror	r26
    6784:	f0 40       	sbci	r31, 0x00	; 0
    6786:	53 95       	inc	r21
    6788:	c9 f7       	brne	.-14     	; 0x677c <__addsf3x+0x4e>
    678a:	7e f4       	brtc	.+30     	; 0x67aa <__addsf3x+0x7c>
    678c:	1f 16       	cp	r1, r31
    678e:	ba 0b       	sbc	r27, r26
    6790:	62 0b       	sbc	r22, r18
    6792:	73 0b       	sbc	r23, r19
    6794:	84 0b       	sbc	r24, r20
    6796:	ba f0       	brmi	.+46     	; 0x67c6 <__addsf3x+0x98>
    6798:	91 50       	subi	r25, 0x01	; 1
    679a:	a1 f0       	breq	.+40     	; 0x67c4 <__addsf3x+0x96>
    679c:	ff 0f       	add	r31, r31
    679e:	bb 1f       	adc	r27, r27
    67a0:	66 1f       	adc	r22, r22
    67a2:	77 1f       	adc	r23, r23
    67a4:	88 1f       	adc	r24, r24
    67a6:	c2 f7       	brpl	.-16     	; 0x6798 <__addsf3x+0x6a>
    67a8:	0e c0       	rjmp	.+28     	; 0x67c6 <__addsf3x+0x98>
    67aa:	ba 0f       	add	r27, r26
    67ac:	62 1f       	adc	r22, r18
    67ae:	73 1f       	adc	r23, r19
    67b0:	84 1f       	adc	r24, r20
    67b2:	48 f4       	brcc	.+18     	; 0x67c6 <__addsf3x+0x98>
    67b4:	87 95       	ror	r24
    67b6:	77 95       	ror	r23
    67b8:	67 95       	ror	r22
    67ba:	b7 95       	ror	r27
    67bc:	f7 95       	ror	r31
    67be:	9e 3f       	cpi	r25, 0xFE	; 254
    67c0:	08 f0       	brcs	.+2      	; 0x67c4 <__addsf3x+0x96>
    67c2:	b3 cf       	rjmp	.-154    	; 0x672a <__addsf3+0x1e>
    67c4:	93 95       	inc	r25
    67c6:	88 0f       	add	r24, r24
    67c8:	08 f0       	brcs	.+2      	; 0x67cc <__addsf3x+0x9e>
    67ca:	99 27       	eor	r25, r25
    67cc:	ee 0f       	add	r30, r30
    67ce:	97 95       	ror	r25
    67d0:	87 95       	ror	r24
    67d2:	08 95       	ret

000067d4 <__cmpsf2>:
    67d4:	d9 d0       	rcall	.+434    	; 0x6988 <__fp_cmp>
    67d6:	08 f4       	brcc	.+2      	; 0x67da <__cmpsf2+0x6>
    67d8:	81 e0       	ldi	r24, 0x01	; 1
    67da:	08 95       	ret

000067dc <__divsf3>:
    67dc:	0c d0       	rcall	.+24     	; 0x67f6 <__divsf3x>
    67de:	0f c1       	rjmp	.+542    	; 0x69fe <__fp_round>
    67e0:	07 d1       	rcall	.+526    	; 0x69f0 <__fp_pscB>
    67e2:	40 f0       	brcs	.+16     	; 0x67f4 <__divsf3+0x18>
    67e4:	fe d0       	rcall	.+508    	; 0x69e2 <__fp_pscA>
    67e6:	30 f0       	brcs	.+12     	; 0x67f4 <__divsf3+0x18>
    67e8:	21 f4       	brne	.+8      	; 0x67f2 <__divsf3+0x16>
    67ea:	5f 3f       	cpi	r21, 0xFF	; 255
    67ec:	19 f0       	breq	.+6      	; 0x67f4 <__divsf3+0x18>
    67ee:	f0 c0       	rjmp	.+480    	; 0x69d0 <__fp_inf>
    67f0:	51 11       	cpse	r21, r1
    67f2:	39 c1       	rjmp	.+626    	; 0x6a66 <__fp_szero>
    67f4:	f3 c0       	rjmp	.+486    	; 0x69dc <__fp_nan>

000067f6 <__divsf3x>:
    67f6:	14 d1       	rcall	.+552    	; 0x6a20 <__fp_split3>
    67f8:	98 f3       	brcs	.-26     	; 0x67e0 <__divsf3+0x4>

000067fa <__divsf3_pse>:
    67fa:	99 23       	and	r25, r25
    67fc:	c9 f3       	breq	.-14     	; 0x67f0 <__divsf3+0x14>
    67fe:	55 23       	and	r21, r21
    6800:	b1 f3       	breq	.-20     	; 0x67ee <__divsf3+0x12>
    6802:	95 1b       	sub	r25, r21
    6804:	55 0b       	sbc	r21, r21
    6806:	bb 27       	eor	r27, r27
    6808:	aa 27       	eor	r26, r26
    680a:	62 17       	cp	r22, r18
    680c:	73 07       	cpc	r23, r19
    680e:	84 07       	cpc	r24, r20
    6810:	38 f0       	brcs	.+14     	; 0x6820 <__divsf3_pse+0x26>
    6812:	9f 5f       	subi	r25, 0xFF	; 255
    6814:	5f 4f       	sbci	r21, 0xFF	; 255
    6816:	22 0f       	add	r18, r18
    6818:	33 1f       	adc	r19, r19
    681a:	44 1f       	adc	r20, r20
    681c:	aa 1f       	adc	r26, r26
    681e:	a9 f3       	breq	.-22     	; 0x680a <__divsf3_pse+0x10>
    6820:	33 d0       	rcall	.+102    	; 0x6888 <__divsf3_pse+0x8e>
    6822:	0e 2e       	mov	r0, r30
    6824:	3a f0       	brmi	.+14     	; 0x6834 <__divsf3_pse+0x3a>
    6826:	e0 e8       	ldi	r30, 0x80	; 128
    6828:	30 d0       	rcall	.+96     	; 0x688a <__divsf3_pse+0x90>
    682a:	91 50       	subi	r25, 0x01	; 1
    682c:	50 40       	sbci	r21, 0x00	; 0
    682e:	e6 95       	lsr	r30
    6830:	00 1c       	adc	r0, r0
    6832:	ca f7       	brpl	.-14     	; 0x6826 <__divsf3_pse+0x2c>
    6834:	29 d0       	rcall	.+82     	; 0x6888 <__divsf3_pse+0x8e>
    6836:	fe 2f       	mov	r31, r30
    6838:	27 d0       	rcall	.+78     	; 0x6888 <__divsf3_pse+0x8e>
    683a:	66 0f       	add	r22, r22
    683c:	77 1f       	adc	r23, r23
    683e:	88 1f       	adc	r24, r24
    6840:	bb 1f       	adc	r27, r27
    6842:	26 17       	cp	r18, r22
    6844:	37 07       	cpc	r19, r23
    6846:	48 07       	cpc	r20, r24
    6848:	ab 07       	cpc	r26, r27
    684a:	b0 e8       	ldi	r27, 0x80	; 128
    684c:	09 f0       	breq	.+2      	; 0x6850 <__divsf3_pse+0x56>
    684e:	bb 0b       	sbc	r27, r27
    6850:	80 2d       	mov	r24, r0
    6852:	bf 01       	movw	r22, r30
    6854:	ff 27       	eor	r31, r31
    6856:	93 58       	subi	r25, 0x83	; 131
    6858:	5f 4f       	sbci	r21, 0xFF	; 255
    685a:	2a f0       	brmi	.+10     	; 0x6866 <__divsf3_pse+0x6c>
    685c:	9e 3f       	cpi	r25, 0xFE	; 254
    685e:	51 05       	cpc	r21, r1
    6860:	68 f0       	brcs	.+26     	; 0x687c <__divsf3_pse+0x82>
    6862:	b6 c0       	rjmp	.+364    	; 0x69d0 <__fp_inf>
    6864:	00 c1       	rjmp	.+512    	; 0x6a66 <__fp_szero>
    6866:	5f 3f       	cpi	r21, 0xFF	; 255
    6868:	ec f3       	brlt	.-6      	; 0x6864 <__divsf3_pse+0x6a>
    686a:	98 3e       	cpi	r25, 0xE8	; 232
    686c:	dc f3       	brlt	.-10     	; 0x6864 <__divsf3_pse+0x6a>
    686e:	86 95       	lsr	r24
    6870:	77 95       	ror	r23
    6872:	67 95       	ror	r22
    6874:	b7 95       	ror	r27
    6876:	f7 95       	ror	r31
    6878:	9f 5f       	subi	r25, 0xFF	; 255
    687a:	c9 f7       	brne	.-14     	; 0x686e <__divsf3_pse+0x74>
    687c:	88 0f       	add	r24, r24
    687e:	91 1d       	adc	r25, r1
    6880:	96 95       	lsr	r25
    6882:	87 95       	ror	r24
    6884:	97 f9       	bld	r25, 7
    6886:	08 95       	ret
    6888:	e1 e0       	ldi	r30, 0x01	; 1
    688a:	66 0f       	add	r22, r22
    688c:	77 1f       	adc	r23, r23
    688e:	88 1f       	adc	r24, r24
    6890:	bb 1f       	adc	r27, r27
    6892:	62 17       	cp	r22, r18
    6894:	73 07       	cpc	r23, r19
    6896:	84 07       	cpc	r24, r20
    6898:	ba 07       	cpc	r27, r26
    689a:	20 f0       	brcs	.+8      	; 0x68a4 <__divsf3_pse+0xaa>
    689c:	62 1b       	sub	r22, r18
    689e:	73 0b       	sbc	r23, r19
    68a0:	84 0b       	sbc	r24, r20
    68a2:	ba 0b       	sbc	r27, r26
    68a4:	ee 1f       	adc	r30, r30
    68a6:	88 f7       	brcc	.-30     	; 0x688a <__divsf3_pse+0x90>
    68a8:	e0 95       	com	r30
    68aa:	08 95       	ret

000068ac <__fixsfsi>:
    68ac:	04 d0       	rcall	.+8      	; 0x68b6 <__fixunssfsi>
    68ae:	68 94       	set
    68b0:	b1 11       	cpse	r27, r1
    68b2:	d9 c0       	rjmp	.+434    	; 0x6a66 <__fp_szero>
    68b4:	08 95       	ret

000068b6 <__fixunssfsi>:
    68b6:	bc d0       	rcall	.+376    	; 0x6a30 <__fp_splitA>
    68b8:	88 f0       	brcs	.+34     	; 0x68dc <__fixunssfsi+0x26>
    68ba:	9f 57       	subi	r25, 0x7F	; 127
    68bc:	90 f0       	brcs	.+36     	; 0x68e2 <__fixunssfsi+0x2c>
    68be:	b9 2f       	mov	r27, r25
    68c0:	99 27       	eor	r25, r25
    68c2:	b7 51       	subi	r27, 0x17	; 23
    68c4:	a0 f0       	brcs	.+40     	; 0x68ee <__fixunssfsi+0x38>
    68c6:	d1 f0       	breq	.+52     	; 0x68fc <__fixunssfsi+0x46>
    68c8:	66 0f       	add	r22, r22
    68ca:	77 1f       	adc	r23, r23
    68cc:	88 1f       	adc	r24, r24
    68ce:	99 1f       	adc	r25, r25
    68d0:	1a f0       	brmi	.+6      	; 0x68d8 <__fixunssfsi+0x22>
    68d2:	ba 95       	dec	r27
    68d4:	c9 f7       	brne	.-14     	; 0x68c8 <__fixunssfsi+0x12>
    68d6:	12 c0       	rjmp	.+36     	; 0x68fc <__fixunssfsi+0x46>
    68d8:	b1 30       	cpi	r27, 0x01	; 1
    68da:	81 f0       	breq	.+32     	; 0x68fc <__fixunssfsi+0x46>
    68dc:	c3 d0       	rcall	.+390    	; 0x6a64 <__fp_zero>
    68de:	b1 e0       	ldi	r27, 0x01	; 1
    68e0:	08 95       	ret
    68e2:	c0 c0       	rjmp	.+384    	; 0x6a64 <__fp_zero>
    68e4:	67 2f       	mov	r22, r23
    68e6:	78 2f       	mov	r23, r24
    68e8:	88 27       	eor	r24, r24
    68ea:	b8 5f       	subi	r27, 0xF8	; 248
    68ec:	39 f0       	breq	.+14     	; 0x68fc <__fixunssfsi+0x46>
    68ee:	b9 3f       	cpi	r27, 0xF9	; 249
    68f0:	cc f3       	brlt	.-14     	; 0x68e4 <__fixunssfsi+0x2e>
    68f2:	86 95       	lsr	r24
    68f4:	77 95       	ror	r23
    68f6:	67 95       	ror	r22
    68f8:	b3 95       	inc	r27
    68fa:	d9 f7       	brne	.-10     	; 0x68f2 <__fixunssfsi+0x3c>
    68fc:	3e f4       	brtc	.+14     	; 0x690c <__fixunssfsi+0x56>
    68fe:	90 95       	com	r25
    6900:	80 95       	com	r24
    6902:	70 95       	com	r23
    6904:	61 95       	neg	r22
    6906:	7f 4f       	sbci	r23, 0xFF	; 255
    6908:	8f 4f       	sbci	r24, 0xFF	; 255
    690a:	9f 4f       	sbci	r25, 0xFF	; 255
    690c:	08 95       	ret

0000690e <__floatunsisf>:
    690e:	e8 94       	clt
    6910:	09 c0       	rjmp	.+18     	; 0x6924 <__floatsisf+0x12>

00006912 <__floatsisf>:
    6912:	97 fb       	bst	r25, 7
    6914:	3e f4       	brtc	.+14     	; 0x6924 <__floatsisf+0x12>
    6916:	90 95       	com	r25
    6918:	80 95       	com	r24
    691a:	70 95       	com	r23
    691c:	61 95       	neg	r22
    691e:	7f 4f       	sbci	r23, 0xFF	; 255
    6920:	8f 4f       	sbci	r24, 0xFF	; 255
    6922:	9f 4f       	sbci	r25, 0xFF	; 255
    6924:	99 23       	and	r25, r25
    6926:	a9 f0       	breq	.+42     	; 0x6952 <__floatsisf+0x40>
    6928:	f9 2f       	mov	r31, r25
    692a:	96 e9       	ldi	r25, 0x96	; 150
    692c:	bb 27       	eor	r27, r27
    692e:	93 95       	inc	r25
    6930:	f6 95       	lsr	r31
    6932:	87 95       	ror	r24
    6934:	77 95       	ror	r23
    6936:	67 95       	ror	r22
    6938:	b7 95       	ror	r27
    693a:	f1 11       	cpse	r31, r1
    693c:	f8 cf       	rjmp	.-16     	; 0x692e <__floatsisf+0x1c>
    693e:	fa f4       	brpl	.+62     	; 0x697e <__floatsisf+0x6c>
    6940:	bb 0f       	add	r27, r27
    6942:	11 f4       	brne	.+4      	; 0x6948 <__floatsisf+0x36>
    6944:	60 ff       	sbrs	r22, 0
    6946:	1b c0       	rjmp	.+54     	; 0x697e <__floatsisf+0x6c>
    6948:	6f 5f       	subi	r22, 0xFF	; 255
    694a:	7f 4f       	sbci	r23, 0xFF	; 255
    694c:	8f 4f       	sbci	r24, 0xFF	; 255
    694e:	9f 4f       	sbci	r25, 0xFF	; 255
    6950:	16 c0       	rjmp	.+44     	; 0x697e <__floatsisf+0x6c>
    6952:	88 23       	and	r24, r24
    6954:	11 f0       	breq	.+4      	; 0x695a <__floatsisf+0x48>
    6956:	96 e9       	ldi	r25, 0x96	; 150
    6958:	11 c0       	rjmp	.+34     	; 0x697c <__floatsisf+0x6a>
    695a:	77 23       	and	r23, r23
    695c:	21 f0       	breq	.+8      	; 0x6966 <__floatsisf+0x54>
    695e:	9e e8       	ldi	r25, 0x8E	; 142
    6960:	87 2f       	mov	r24, r23
    6962:	76 2f       	mov	r23, r22
    6964:	05 c0       	rjmp	.+10     	; 0x6970 <__floatsisf+0x5e>
    6966:	66 23       	and	r22, r22
    6968:	71 f0       	breq	.+28     	; 0x6986 <__floatsisf+0x74>
    696a:	96 e8       	ldi	r25, 0x86	; 134
    696c:	86 2f       	mov	r24, r22
    696e:	70 e0       	ldi	r23, 0x00	; 0
    6970:	60 e0       	ldi	r22, 0x00	; 0
    6972:	2a f0       	brmi	.+10     	; 0x697e <__floatsisf+0x6c>
    6974:	9a 95       	dec	r25
    6976:	66 0f       	add	r22, r22
    6978:	77 1f       	adc	r23, r23
    697a:	88 1f       	adc	r24, r24
    697c:	da f7       	brpl	.-10     	; 0x6974 <__floatsisf+0x62>
    697e:	88 0f       	add	r24, r24
    6980:	96 95       	lsr	r25
    6982:	87 95       	ror	r24
    6984:	97 f9       	bld	r25, 7
    6986:	08 95       	ret

00006988 <__fp_cmp>:
    6988:	99 0f       	add	r25, r25
    698a:	00 08       	sbc	r0, r0
    698c:	55 0f       	add	r21, r21
    698e:	aa 0b       	sbc	r26, r26
    6990:	e0 e8       	ldi	r30, 0x80	; 128
    6992:	fe ef       	ldi	r31, 0xFE	; 254
    6994:	16 16       	cp	r1, r22
    6996:	17 06       	cpc	r1, r23
    6998:	e8 07       	cpc	r30, r24
    699a:	f9 07       	cpc	r31, r25
    699c:	c0 f0       	brcs	.+48     	; 0x69ce <__fp_cmp+0x46>
    699e:	12 16       	cp	r1, r18
    69a0:	13 06       	cpc	r1, r19
    69a2:	e4 07       	cpc	r30, r20
    69a4:	f5 07       	cpc	r31, r21
    69a6:	98 f0       	brcs	.+38     	; 0x69ce <__fp_cmp+0x46>
    69a8:	62 1b       	sub	r22, r18
    69aa:	73 0b       	sbc	r23, r19
    69ac:	84 0b       	sbc	r24, r20
    69ae:	95 0b       	sbc	r25, r21
    69b0:	39 f4       	brne	.+14     	; 0x69c0 <__fp_cmp+0x38>
    69b2:	0a 26       	eor	r0, r26
    69b4:	61 f0       	breq	.+24     	; 0x69ce <__fp_cmp+0x46>
    69b6:	23 2b       	or	r18, r19
    69b8:	24 2b       	or	r18, r20
    69ba:	25 2b       	or	r18, r21
    69bc:	21 f4       	brne	.+8      	; 0x69c6 <__fp_cmp+0x3e>
    69be:	08 95       	ret
    69c0:	0a 26       	eor	r0, r26
    69c2:	09 f4       	brne	.+2      	; 0x69c6 <__fp_cmp+0x3e>
    69c4:	a1 40       	sbci	r26, 0x01	; 1
    69c6:	a6 95       	lsr	r26
    69c8:	8f ef       	ldi	r24, 0xFF	; 255
    69ca:	81 1d       	adc	r24, r1
    69cc:	81 1d       	adc	r24, r1
    69ce:	08 95       	ret

000069d0 <__fp_inf>:
    69d0:	97 f9       	bld	r25, 7
    69d2:	9f 67       	ori	r25, 0x7F	; 127
    69d4:	80 e8       	ldi	r24, 0x80	; 128
    69d6:	70 e0       	ldi	r23, 0x00	; 0
    69d8:	60 e0       	ldi	r22, 0x00	; 0
    69da:	08 95       	ret

000069dc <__fp_nan>:
    69dc:	9f ef       	ldi	r25, 0xFF	; 255
    69de:	80 ec       	ldi	r24, 0xC0	; 192
    69e0:	08 95       	ret

000069e2 <__fp_pscA>:
    69e2:	00 24       	eor	r0, r0
    69e4:	0a 94       	dec	r0
    69e6:	16 16       	cp	r1, r22
    69e8:	17 06       	cpc	r1, r23
    69ea:	18 06       	cpc	r1, r24
    69ec:	09 06       	cpc	r0, r25
    69ee:	08 95       	ret

000069f0 <__fp_pscB>:
    69f0:	00 24       	eor	r0, r0
    69f2:	0a 94       	dec	r0
    69f4:	12 16       	cp	r1, r18
    69f6:	13 06       	cpc	r1, r19
    69f8:	14 06       	cpc	r1, r20
    69fa:	05 06       	cpc	r0, r21
    69fc:	08 95       	ret

000069fe <__fp_round>:
    69fe:	09 2e       	mov	r0, r25
    6a00:	03 94       	inc	r0
    6a02:	00 0c       	add	r0, r0
    6a04:	11 f4       	brne	.+4      	; 0x6a0a <__fp_round+0xc>
    6a06:	88 23       	and	r24, r24
    6a08:	52 f0       	brmi	.+20     	; 0x6a1e <__fp_round+0x20>
    6a0a:	bb 0f       	add	r27, r27
    6a0c:	40 f4       	brcc	.+16     	; 0x6a1e <__fp_round+0x20>
    6a0e:	bf 2b       	or	r27, r31
    6a10:	11 f4       	brne	.+4      	; 0x6a16 <__fp_round+0x18>
    6a12:	60 ff       	sbrs	r22, 0
    6a14:	04 c0       	rjmp	.+8      	; 0x6a1e <__fp_round+0x20>
    6a16:	6f 5f       	subi	r22, 0xFF	; 255
    6a18:	7f 4f       	sbci	r23, 0xFF	; 255
    6a1a:	8f 4f       	sbci	r24, 0xFF	; 255
    6a1c:	9f 4f       	sbci	r25, 0xFF	; 255
    6a1e:	08 95       	ret

00006a20 <__fp_split3>:
    6a20:	57 fd       	sbrc	r21, 7
    6a22:	90 58       	subi	r25, 0x80	; 128
    6a24:	44 0f       	add	r20, r20
    6a26:	55 1f       	adc	r21, r21
    6a28:	59 f0       	breq	.+22     	; 0x6a40 <__fp_splitA+0x10>
    6a2a:	5f 3f       	cpi	r21, 0xFF	; 255
    6a2c:	71 f0       	breq	.+28     	; 0x6a4a <__fp_splitA+0x1a>
    6a2e:	47 95       	ror	r20

00006a30 <__fp_splitA>:
    6a30:	88 0f       	add	r24, r24
    6a32:	97 fb       	bst	r25, 7
    6a34:	99 1f       	adc	r25, r25
    6a36:	61 f0       	breq	.+24     	; 0x6a50 <__fp_splitA+0x20>
    6a38:	9f 3f       	cpi	r25, 0xFF	; 255
    6a3a:	79 f0       	breq	.+30     	; 0x6a5a <__fp_splitA+0x2a>
    6a3c:	87 95       	ror	r24
    6a3e:	08 95       	ret
    6a40:	12 16       	cp	r1, r18
    6a42:	13 06       	cpc	r1, r19
    6a44:	14 06       	cpc	r1, r20
    6a46:	55 1f       	adc	r21, r21
    6a48:	f2 cf       	rjmp	.-28     	; 0x6a2e <__fp_split3+0xe>
    6a4a:	46 95       	lsr	r20
    6a4c:	f1 df       	rcall	.-30     	; 0x6a30 <__fp_splitA>
    6a4e:	08 c0       	rjmp	.+16     	; 0x6a60 <__fp_splitA+0x30>
    6a50:	16 16       	cp	r1, r22
    6a52:	17 06       	cpc	r1, r23
    6a54:	18 06       	cpc	r1, r24
    6a56:	99 1f       	adc	r25, r25
    6a58:	f1 cf       	rjmp	.-30     	; 0x6a3c <__fp_splitA+0xc>
    6a5a:	86 95       	lsr	r24
    6a5c:	71 05       	cpc	r23, r1
    6a5e:	61 05       	cpc	r22, r1
    6a60:	08 94       	sec
    6a62:	08 95       	ret

00006a64 <__fp_zero>:
    6a64:	e8 94       	clt

00006a66 <__fp_szero>:
    6a66:	bb 27       	eor	r27, r27
    6a68:	66 27       	eor	r22, r22
    6a6a:	77 27       	eor	r23, r23
    6a6c:	cb 01       	movw	r24, r22
    6a6e:	97 f9       	bld	r25, 7
    6a70:	08 95       	ret

00006a72 <__gesf2>:
    6a72:	8a df       	rcall	.-236    	; 0x6988 <__fp_cmp>
    6a74:	08 f4       	brcc	.+2      	; 0x6a78 <__gesf2+0x6>
    6a76:	8f ef       	ldi	r24, 0xFF	; 255
    6a78:	08 95       	ret

00006a7a <__mulsf3>:
    6a7a:	0b d0       	rcall	.+22     	; 0x6a92 <__mulsf3x>
    6a7c:	c0 cf       	rjmp	.-128    	; 0x69fe <__fp_round>
    6a7e:	b1 df       	rcall	.-158    	; 0x69e2 <__fp_pscA>
    6a80:	28 f0       	brcs	.+10     	; 0x6a8c <__mulsf3+0x12>
    6a82:	b6 df       	rcall	.-148    	; 0x69f0 <__fp_pscB>
    6a84:	18 f0       	brcs	.+6      	; 0x6a8c <__mulsf3+0x12>
    6a86:	95 23       	and	r25, r21
    6a88:	09 f0       	breq	.+2      	; 0x6a8c <__mulsf3+0x12>
    6a8a:	a2 cf       	rjmp	.-188    	; 0x69d0 <__fp_inf>
    6a8c:	a7 cf       	rjmp	.-178    	; 0x69dc <__fp_nan>
    6a8e:	11 24       	eor	r1, r1
    6a90:	ea cf       	rjmp	.-44     	; 0x6a66 <__fp_szero>

00006a92 <__mulsf3x>:
    6a92:	c6 df       	rcall	.-116    	; 0x6a20 <__fp_split3>
    6a94:	a0 f3       	brcs	.-24     	; 0x6a7e <__mulsf3+0x4>

00006a96 <__mulsf3_pse>:
    6a96:	95 9f       	mul	r25, r21
    6a98:	d1 f3       	breq	.-12     	; 0x6a8e <__mulsf3+0x14>
    6a9a:	95 0f       	add	r25, r21
    6a9c:	50 e0       	ldi	r21, 0x00	; 0
    6a9e:	55 1f       	adc	r21, r21
    6aa0:	62 9f       	mul	r22, r18
    6aa2:	f0 01       	movw	r30, r0
    6aa4:	72 9f       	mul	r23, r18
    6aa6:	bb 27       	eor	r27, r27
    6aa8:	f0 0d       	add	r31, r0
    6aaa:	b1 1d       	adc	r27, r1
    6aac:	63 9f       	mul	r22, r19
    6aae:	aa 27       	eor	r26, r26
    6ab0:	f0 0d       	add	r31, r0
    6ab2:	b1 1d       	adc	r27, r1
    6ab4:	aa 1f       	adc	r26, r26
    6ab6:	64 9f       	mul	r22, r20
    6ab8:	66 27       	eor	r22, r22
    6aba:	b0 0d       	add	r27, r0
    6abc:	a1 1d       	adc	r26, r1
    6abe:	66 1f       	adc	r22, r22
    6ac0:	82 9f       	mul	r24, r18
    6ac2:	22 27       	eor	r18, r18
    6ac4:	b0 0d       	add	r27, r0
    6ac6:	a1 1d       	adc	r26, r1
    6ac8:	62 1f       	adc	r22, r18
    6aca:	73 9f       	mul	r23, r19
    6acc:	b0 0d       	add	r27, r0
    6ace:	a1 1d       	adc	r26, r1
    6ad0:	62 1f       	adc	r22, r18
    6ad2:	83 9f       	mul	r24, r19
    6ad4:	a0 0d       	add	r26, r0
    6ad6:	61 1d       	adc	r22, r1
    6ad8:	22 1f       	adc	r18, r18
    6ada:	74 9f       	mul	r23, r20
    6adc:	33 27       	eor	r19, r19
    6ade:	a0 0d       	add	r26, r0
    6ae0:	61 1d       	adc	r22, r1
    6ae2:	23 1f       	adc	r18, r19
    6ae4:	84 9f       	mul	r24, r20
    6ae6:	60 0d       	add	r22, r0
    6ae8:	21 1d       	adc	r18, r1
    6aea:	82 2f       	mov	r24, r18
    6aec:	76 2f       	mov	r23, r22
    6aee:	6a 2f       	mov	r22, r26
    6af0:	11 24       	eor	r1, r1
    6af2:	9f 57       	subi	r25, 0x7F	; 127
    6af4:	50 40       	sbci	r21, 0x00	; 0
    6af6:	8a f0       	brmi	.+34     	; 0x6b1a <__mulsf3_pse+0x84>
    6af8:	e1 f0       	breq	.+56     	; 0x6b32 <__mulsf3_pse+0x9c>
    6afa:	88 23       	and	r24, r24
    6afc:	4a f0       	brmi	.+18     	; 0x6b10 <__mulsf3_pse+0x7a>
    6afe:	ee 0f       	add	r30, r30
    6b00:	ff 1f       	adc	r31, r31
    6b02:	bb 1f       	adc	r27, r27
    6b04:	66 1f       	adc	r22, r22
    6b06:	77 1f       	adc	r23, r23
    6b08:	88 1f       	adc	r24, r24
    6b0a:	91 50       	subi	r25, 0x01	; 1
    6b0c:	50 40       	sbci	r21, 0x00	; 0
    6b0e:	a9 f7       	brne	.-22     	; 0x6afa <__mulsf3_pse+0x64>
    6b10:	9e 3f       	cpi	r25, 0xFE	; 254
    6b12:	51 05       	cpc	r21, r1
    6b14:	70 f0       	brcs	.+28     	; 0x6b32 <__mulsf3_pse+0x9c>
    6b16:	5c cf       	rjmp	.-328    	; 0x69d0 <__fp_inf>
    6b18:	a6 cf       	rjmp	.-180    	; 0x6a66 <__fp_szero>
    6b1a:	5f 3f       	cpi	r21, 0xFF	; 255
    6b1c:	ec f3       	brlt	.-6      	; 0x6b18 <__mulsf3_pse+0x82>
    6b1e:	98 3e       	cpi	r25, 0xE8	; 232
    6b20:	dc f3       	brlt	.-10     	; 0x6b18 <__mulsf3_pse+0x82>
    6b22:	86 95       	lsr	r24
    6b24:	77 95       	ror	r23
    6b26:	67 95       	ror	r22
    6b28:	b7 95       	ror	r27
    6b2a:	f7 95       	ror	r31
    6b2c:	e7 95       	ror	r30
    6b2e:	9f 5f       	subi	r25, 0xFF	; 255
    6b30:	c1 f7       	brne	.-16     	; 0x6b22 <__mulsf3_pse+0x8c>
    6b32:	fe 2b       	or	r31, r30
    6b34:	88 0f       	add	r24, r24
    6b36:	91 1d       	adc	r25, r1
    6b38:	96 95       	lsr	r25
    6b3a:	87 95       	ror	r24
    6b3c:	97 f9       	bld	r25, 7
    6b3e:	08 95       	ret

00006b40 <malloc>:
    6b40:	cf 93       	push	r28
    6b42:	df 93       	push	r29
    6b44:	82 30       	cpi	r24, 0x02	; 2
    6b46:	91 05       	cpc	r25, r1
    6b48:	10 f4       	brcc	.+4      	; 0x6b4e <malloc+0xe>
    6b4a:	82 e0       	ldi	r24, 0x02	; 2
    6b4c:	90 e0       	ldi	r25, 0x00	; 0
    6b4e:	e0 91 4f 03 	lds	r30, 0x034F
    6b52:	f0 91 50 03 	lds	r31, 0x0350
    6b56:	20 e0       	ldi	r18, 0x00	; 0
    6b58:	30 e0       	ldi	r19, 0x00	; 0
    6b5a:	a0 e0       	ldi	r26, 0x00	; 0
    6b5c:	b0 e0       	ldi	r27, 0x00	; 0
    6b5e:	30 97       	sbiw	r30, 0x00	; 0
    6b60:	39 f1       	breq	.+78     	; 0x6bb0 <malloc+0x70>
    6b62:	40 81       	ld	r20, Z
    6b64:	51 81       	ldd	r21, Z+1	; 0x01
    6b66:	48 17       	cp	r20, r24
    6b68:	59 07       	cpc	r21, r25
    6b6a:	b8 f0       	brcs	.+46     	; 0x6b9a <malloc+0x5a>
    6b6c:	48 17       	cp	r20, r24
    6b6e:	59 07       	cpc	r21, r25
    6b70:	71 f4       	brne	.+28     	; 0x6b8e <malloc+0x4e>
    6b72:	82 81       	ldd	r24, Z+2	; 0x02
    6b74:	93 81       	ldd	r25, Z+3	; 0x03
    6b76:	10 97       	sbiw	r26, 0x00	; 0
    6b78:	29 f0       	breq	.+10     	; 0x6b84 <malloc+0x44>
    6b7a:	13 96       	adiw	r26, 0x03	; 3
    6b7c:	9c 93       	st	X, r25
    6b7e:	8e 93       	st	-X, r24
    6b80:	12 97       	sbiw	r26, 0x02	; 2
    6b82:	2c c0       	rjmp	.+88     	; 0x6bdc <malloc+0x9c>
    6b84:	90 93 50 03 	sts	0x0350, r25
    6b88:	80 93 4f 03 	sts	0x034F, r24
    6b8c:	27 c0       	rjmp	.+78     	; 0x6bdc <malloc+0x9c>
    6b8e:	21 15       	cp	r18, r1
    6b90:	31 05       	cpc	r19, r1
    6b92:	31 f0       	breq	.+12     	; 0x6ba0 <malloc+0x60>
    6b94:	42 17       	cp	r20, r18
    6b96:	53 07       	cpc	r21, r19
    6b98:	18 f0       	brcs	.+6      	; 0x6ba0 <malloc+0x60>
    6b9a:	a9 01       	movw	r20, r18
    6b9c:	db 01       	movw	r26, r22
    6b9e:	01 c0       	rjmp	.+2      	; 0x6ba2 <malloc+0x62>
    6ba0:	ef 01       	movw	r28, r30
    6ba2:	9a 01       	movw	r18, r20
    6ba4:	bd 01       	movw	r22, r26
    6ba6:	df 01       	movw	r26, r30
    6ba8:	02 80       	ldd	r0, Z+2	; 0x02
    6baa:	f3 81       	ldd	r31, Z+3	; 0x03
    6bac:	e0 2d       	mov	r30, r0
    6bae:	d7 cf       	rjmp	.-82     	; 0x6b5e <malloc+0x1e>
    6bb0:	21 15       	cp	r18, r1
    6bb2:	31 05       	cpc	r19, r1
    6bb4:	f9 f0       	breq	.+62     	; 0x6bf4 <malloc+0xb4>
    6bb6:	28 1b       	sub	r18, r24
    6bb8:	39 0b       	sbc	r19, r25
    6bba:	24 30       	cpi	r18, 0x04	; 4
    6bbc:	31 05       	cpc	r19, r1
    6bbe:	80 f4       	brcc	.+32     	; 0x6be0 <malloc+0xa0>
    6bc0:	8a 81       	ldd	r24, Y+2	; 0x02
    6bc2:	9b 81       	ldd	r25, Y+3	; 0x03
    6bc4:	61 15       	cp	r22, r1
    6bc6:	71 05       	cpc	r23, r1
    6bc8:	21 f0       	breq	.+8      	; 0x6bd2 <malloc+0x92>
    6bca:	fb 01       	movw	r30, r22
    6bcc:	93 83       	std	Z+3, r25	; 0x03
    6bce:	82 83       	std	Z+2, r24	; 0x02
    6bd0:	04 c0       	rjmp	.+8      	; 0x6bda <malloc+0x9a>
    6bd2:	90 93 50 03 	sts	0x0350, r25
    6bd6:	80 93 4f 03 	sts	0x034F, r24
    6bda:	fe 01       	movw	r30, r28
    6bdc:	32 96       	adiw	r30, 0x02	; 2
    6bde:	44 c0       	rjmp	.+136    	; 0x6c68 <malloc+0x128>
    6be0:	fe 01       	movw	r30, r28
    6be2:	e2 0f       	add	r30, r18
    6be4:	f3 1f       	adc	r31, r19
    6be6:	81 93       	st	Z+, r24
    6be8:	91 93       	st	Z+, r25
    6bea:	22 50       	subi	r18, 0x02	; 2
    6bec:	31 09       	sbc	r19, r1
    6bee:	39 83       	std	Y+1, r19	; 0x01
    6bf0:	28 83       	st	Y, r18
    6bf2:	3a c0       	rjmp	.+116    	; 0x6c68 <malloc+0x128>
    6bf4:	20 91 4d 03 	lds	r18, 0x034D
    6bf8:	30 91 4e 03 	lds	r19, 0x034E
    6bfc:	23 2b       	or	r18, r19
    6bfe:	41 f4       	brne	.+16     	; 0x6c10 <malloc+0xd0>
    6c00:	20 91 73 00 	lds	r18, 0x0073
    6c04:	30 91 74 00 	lds	r19, 0x0074
    6c08:	30 93 4e 03 	sts	0x034E, r19
    6c0c:	20 93 4d 03 	sts	0x034D, r18
    6c10:	20 91 71 00 	lds	r18, 0x0071
    6c14:	30 91 72 00 	lds	r19, 0x0072
    6c18:	21 15       	cp	r18, r1
    6c1a:	31 05       	cpc	r19, r1
    6c1c:	41 f4       	brne	.+16     	; 0x6c2e <malloc+0xee>
    6c1e:	2d b7       	in	r18, 0x3d	; 61
    6c20:	3e b7       	in	r19, 0x3e	; 62
    6c22:	40 91 75 00 	lds	r20, 0x0075
    6c26:	50 91 76 00 	lds	r21, 0x0076
    6c2a:	24 1b       	sub	r18, r20
    6c2c:	35 0b       	sbc	r19, r21
    6c2e:	e0 91 4d 03 	lds	r30, 0x034D
    6c32:	f0 91 4e 03 	lds	r31, 0x034E
    6c36:	e2 17       	cp	r30, r18
    6c38:	f3 07       	cpc	r31, r19
    6c3a:	a0 f4       	brcc	.+40     	; 0x6c64 <malloc+0x124>
    6c3c:	2e 1b       	sub	r18, r30
    6c3e:	3f 0b       	sbc	r19, r31
    6c40:	28 17       	cp	r18, r24
    6c42:	39 07       	cpc	r19, r25
    6c44:	78 f0       	brcs	.+30     	; 0x6c64 <malloc+0x124>
    6c46:	ac 01       	movw	r20, r24
    6c48:	4e 5f       	subi	r20, 0xFE	; 254
    6c4a:	5f 4f       	sbci	r21, 0xFF	; 255
    6c4c:	24 17       	cp	r18, r20
    6c4e:	35 07       	cpc	r19, r21
    6c50:	48 f0       	brcs	.+18     	; 0x6c64 <malloc+0x124>
    6c52:	4e 0f       	add	r20, r30
    6c54:	5f 1f       	adc	r21, r31
    6c56:	50 93 4e 03 	sts	0x034E, r21
    6c5a:	40 93 4d 03 	sts	0x034D, r20
    6c5e:	81 93       	st	Z+, r24
    6c60:	91 93       	st	Z+, r25
    6c62:	02 c0       	rjmp	.+4      	; 0x6c68 <malloc+0x128>
    6c64:	e0 e0       	ldi	r30, 0x00	; 0
    6c66:	f0 e0       	ldi	r31, 0x00	; 0
    6c68:	cf 01       	movw	r24, r30
    6c6a:	df 91       	pop	r29
    6c6c:	cf 91       	pop	r28
    6c6e:	08 95       	ret

00006c70 <free>:
    6c70:	cf 93       	push	r28
    6c72:	df 93       	push	r29
    6c74:	00 97       	sbiw	r24, 0x00	; 0
    6c76:	09 f4       	brne	.+2      	; 0x6c7a <free+0xa>
    6c78:	87 c0       	rjmp	.+270    	; 0x6d88 <free+0x118>
    6c7a:	fc 01       	movw	r30, r24
    6c7c:	32 97       	sbiw	r30, 0x02	; 2
    6c7e:	13 82       	std	Z+3, r1	; 0x03
    6c80:	12 82       	std	Z+2, r1	; 0x02
    6c82:	c0 91 4f 03 	lds	r28, 0x034F
    6c86:	d0 91 50 03 	lds	r29, 0x0350
    6c8a:	20 97       	sbiw	r28, 0x00	; 0
    6c8c:	81 f4       	brne	.+32     	; 0x6cae <free+0x3e>
    6c8e:	20 81       	ld	r18, Z
    6c90:	31 81       	ldd	r19, Z+1	; 0x01
    6c92:	28 0f       	add	r18, r24
    6c94:	39 1f       	adc	r19, r25
    6c96:	80 91 4d 03 	lds	r24, 0x034D
    6c9a:	90 91 4e 03 	lds	r25, 0x034E
    6c9e:	82 17       	cp	r24, r18
    6ca0:	93 07       	cpc	r25, r19
    6ca2:	79 f5       	brne	.+94     	; 0x6d02 <free+0x92>
    6ca4:	f0 93 4e 03 	sts	0x034E, r31
    6ca8:	e0 93 4d 03 	sts	0x034D, r30
    6cac:	6d c0       	rjmp	.+218    	; 0x6d88 <free+0x118>
    6cae:	de 01       	movw	r26, r28
    6cb0:	20 e0       	ldi	r18, 0x00	; 0
    6cb2:	30 e0       	ldi	r19, 0x00	; 0
    6cb4:	ae 17       	cp	r26, r30
    6cb6:	bf 07       	cpc	r27, r31
    6cb8:	50 f4       	brcc	.+20     	; 0x6cce <free+0x5e>
    6cba:	12 96       	adiw	r26, 0x02	; 2
    6cbc:	4d 91       	ld	r20, X+
    6cbe:	5c 91       	ld	r21, X
    6cc0:	13 97       	sbiw	r26, 0x03	; 3
    6cc2:	9d 01       	movw	r18, r26
    6cc4:	41 15       	cp	r20, r1
    6cc6:	51 05       	cpc	r21, r1
    6cc8:	09 f1       	breq	.+66     	; 0x6d0c <free+0x9c>
    6cca:	da 01       	movw	r26, r20
    6ccc:	f3 cf       	rjmp	.-26     	; 0x6cb4 <free+0x44>
    6cce:	b3 83       	std	Z+3, r27	; 0x03
    6cd0:	a2 83       	std	Z+2, r26	; 0x02
    6cd2:	40 81       	ld	r20, Z
    6cd4:	51 81       	ldd	r21, Z+1	; 0x01
    6cd6:	84 0f       	add	r24, r20
    6cd8:	95 1f       	adc	r25, r21
    6cda:	8a 17       	cp	r24, r26
    6cdc:	9b 07       	cpc	r25, r27
    6cde:	71 f4       	brne	.+28     	; 0x6cfc <free+0x8c>
    6ce0:	8d 91       	ld	r24, X+
    6ce2:	9c 91       	ld	r25, X
    6ce4:	11 97       	sbiw	r26, 0x01	; 1
    6ce6:	84 0f       	add	r24, r20
    6ce8:	95 1f       	adc	r25, r21
    6cea:	02 96       	adiw	r24, 0x02	; 2
    6cec:	91 83       	std	Z+1, r25	; 0x01
    6cee:	80 83       	st	Z, r24
    6cf0:	12 96       	adiw	r26, 0x02	; 2
    6cf2:	8d 91       	ld	r24, X+
    6cf4:	9c 91       	ld	r25, X
    6cf6:	13 97       	sbiw	r26, 0x03	; 3
    6cf8:	93 83       	std	Z+3, r25	; 0x03
    6cfa:	82 83       	std	Z+2, r24	; 0x02
    6cfc:	21 15       	cp	r18, r1
    6cfe:	31 05       	cpc	r19, r1
    6d00:	29 f4       	brne	.+10     	; 0x6d0c <free+0x9c>
    6d02:	f0 93 50 03 	sts	0x0350, r31
    6d06:	e0 93 4f 03 	sts	0x034F, r30
    6d0a:	3e c0       	rjmp	.+124    	; 0x6d88 <free+0x118>
    6d0c:	d9 01       	movw	r26, r18
    6d0e:	13 96       	adiw	r26, 0x03	; 3
    6d10:	fc 93       	st	X, r31
    6d12:	ee 93       	st	-X, r30
    6d14:	12 97       	sbiw	r26, 0x02	; 2
    6d16:	4d 91       	ld	r20, X+
    6d18:	5d 91       	ld	r21, X+
    6d1a:	a4 0f       	add	r26, r20
    6d1c:	b5 1f       	adc	r27, r21
    6d1e:	ea 17       	cp	r30, r26
    6d20:	fb 07       	cpc	r31, r27
    6d22:	79 f4       	brne	.+30     	; 0x6d42 <free+0xd2>
    6d24:	80 81       	ld	r24, Z
    6d26:	91 81       	ldd	r25, Z+1	; 0x01
    6d28:	84 0f       	add	r24, r20
    6d2a:	95 1f       	adc	r25, r21
    6d2c:	02 96       	adiw	r24, 0x02	; 2
    6d2e:	d9 01       	movw	r26, r18
    6d30:	11 96       	adiw	r26, 0x01	; 1
    6d32:	9c 93       	st	X, r25
    6d34:	8e 93       	st	-X, r24
    6d36:	82 81       	ldd	r24, Z+2	; 0x02
    6d38:	93 81       	ldd	r25, Z+3	; 0x03
    6d3a:	13 96       	adiw	r26, 0x03	; 3
    6d3c:	9c 93       	st	X, r25
    6d3e:	8e 93       	st	-X, r24
    6d40:	12 97       	sbiw	r26, 0x02	; 2
    6d42:	e0 e0       	ldi	r30, 0x00	; 0
    6d44:	f0 e0       	ldi	r31, 0x00	; 0
    6d46:	8a 81       	ldd	r24, Y+2	; 0x02
    6d48:	9b 81       	ldd	r25, Y+3	; 0x03
    6d4a:	00 97       	sbiw	r24, 0x00	; 0
    6d4c:	19 f0       	breq	.+6      	; 0x6d54 <free+0xe4>
    6d4e:	fe 01       	movw	r30, r28
    6d50:	ec 01       	movw	r28, r24
    6d52:	f9 cf       	rjmp	.-14     	; 0x6d46 <free+0xd6>
    6d54:	ce 01       	movw	r24, r28
    6d56:	02 96       	adiw	r24, 0x02	; 2
    6d58:	28 81       	ld	r18, Y
    6d5a:	39 81       	ldd	r19, Y+1	; 0x01
    6d5c:	82 0f       	add	r24, r18
    6d5e:	93 1f       	adc	r25, r19
    6d60:	20 91 4d 03 	lds	r18, 0x034D
    6d64:	30 91 4e 03 	lds	r19, 0x034E
    6d68:	28 17       	cp	r18, r24
    6d6a:	39 07       	cpc	r19, r25
    6d6c:	69 f4       	brne	.+26     	; 0x6d88 <free+0x118>
    6d6e:	30 97       	sbiw	r30, 0x00	; 0
    6d70:	29 f4       	brne	.+10     	; 0x6d7c <free+0x10c>
    6d72:	10 92 50 03 	sts	0x0350, r1
    6d76:	10 92 4f 03 	sts	0x034F, r1
    6d7a:	02 c0       	rjmp	.+4      	; 0x6d80 <free+0x110>
    6d7c:	13 82       	std	Z+3, r1	; 0x03
    6d7e:	12 82       	std	Z+2, r1	; 0x02
    6d80:	d0 93 4e 03 	sts	0x034E, r29
    6d84:	c0 93 4d 03 	sts	0x034D, r28
    6d88:	df 91       	pop	r29
    6d8a:	cf 91       	pop	r28
    6d8c:	08 95       	ret

00006d8e <do_rand>:
    6d8e:	8f 92       	push	r8
    6d90:	9f 92       	push	r9
    6d92:	af 92       	push	r10
    6d94:	bf 92       	push	r11
    6d96:	cf 92       	push	r12
    6d98:	df 92       	push	r13
    6d9a:	ef 92       	push	r14
    6d9c:	ff 92       	push	r15
    6d9e:	cf 93       	push	r28
    6da0:	df 93       	push	r29
    6da2:	ec 01       	movw	r28, r24
    6da4:	68 81       	ld	r22, Y
    6da6:	79 81       	ldd	r23, Y+1	; 0x01
    6da8:	8a 81       	ldd	r24, Y+2	; 0x02
    6daa:	9b 81       	ldd	r25, Y+3	; 0x03
    6dac:	61 15       	cp	r22, r1
    6dae:	71 05       	cpc	r23, r1
    6db0:	81 05       	cpc	r24, r1
    6db2:	91 05       	cpc	r25, r1
    6db4:	21 f4       	brne	.+8      	; 0x6dbe <do_rand+0x30>
    6db6:	64 e2       	ldi	r22, 0x24	; 36
    6db8:	79 ed       	ldi	r23, 0xD9	; 217
    6dba:	8b e5       	ldi	r24, 0x5B	; 91
    6dbc:	97 e0       	ldi	r25, 0x07	; 7
    6dbe:	2d e1       	ldi	r18, 0x1D	; 29
    6dc0:	33 ef       	ldi	r19, 0xF3	; 243
    6dc2:	41 e0       	ldi	r20, 0x01	; 1
    6dc4:	50 e0       	ldi	r21, 0x00	; 0
    6dc6:	0e 94 21 3a 	call	0x7442	; 0x7442 <__divmodsi4>
    6dca:	49 01       	movw	r8, r18
    6dcc:	5a 01       	movw	r10, r20
    6dce:	9b 01       	movw	r18, r22
    6dd0:	ac 01       	movw	r20, r24
    6dd2:	a7 ea       	ldi	r26, 0xA7	; 167
    6dd4:	b1 e4       	ldi	r27, 0x41	; 65
    6dd6:	0e 94 7a 33 	call	0x66f4	; 0x66f4 <__muluhisi3>
    6dda:	6b 01       	movw	r12, r22
    6ddc:	7c 01       	movw	r14, r24
    6dde:	ac ee       	ldi	r26, 0xEC	; 236
    6de0:	b4 ef       	ldi	r27, 0xF4	; 244
    6de2:	a5 01       	movw	r20, r10
    6de4:	94 01       	movw	r18, r8
    6de6:	0e 94 43 3a 	call	0x7486	; 0x7486 <__mulohisi3>
    6dea:	c6 0e       	add	r12, r22
    6dec:	d7 1e       	adc	r13, r23
    6dee:	e8 1e       	adc	r14, r24
    6df0:	f9 1e       	adc	r15, r25
    6df2:	f7 fe       	sbrs	r15, 7
    6df4:	06 c0       	rjmp	.+12     	; 0x6e02 <do_rand+0x74>
    6df6:	81 e0       	ldi	r24, 0x01	; 1
    6df8:	c8 1a       	sub	r12, r24
    6dfa:	d1 08       	sbc	r13, r1
    6dfc:	e1 08       	sbc	r14, r1
    6dfe:	80 e8       	ldi	r24, 0x80	; 128
    6e00:	f8 0a       	sbc	r15, r24
    6e02:	c8 82       	st	Y, r12
    6e04:	d9 82       	std	Y+1, r13	; 0x01
    6e06:	ea 82       	std	Y+2, r14	; 0x02
    6e08:	fb 82       	std	Y+3, r15	; 0x03
    6e0a:	c6 01       	movw	r24, r12
    6e0c:	9f 77       	andi	r25, 0x7F	; 127
    6e0e:	df 91       	pop	r29
    6e10:	cf 91       	pop	r28
    6e12:	ff 90       	pop	r15
    6e14:	ef 90       	pop	r14
    6e16:	df 90       	pop	r13
    6e18:	cf 90       	pop	r12
    6e1a:	bf 90       	pop	r11
    6e1c:	af 90       	pop	r10
    6e1e:	9f 90       	pop	r9
    6e20:	8f 90       	pop	r8
    6e22:	08 95       	ret

00006e24 <rand_r>:
    6e24:	0e 94 c7 36 	call	0x6d8e	; 0x6d8e <do_rand>
    6e28:	08 95       	ret

00006e2a <rand>:
    6e2a:	87 e7       	ldi	r24, 0x77	; 119
    6e2c:	90 e0       	ldi	r25, 0x00	; 0
    6e2e:	0e 94 c7 36 	call	0x6d8e	; 0x6d8e <do_rand>
    6e32:	08 95       	ret

00006e34 <srand>:
    6e34:	a0 e0       	ldi	r26, 0x00	; 0
    6e36:	b0 e0       	ldi	r27, 0x00	; 0
    6e38:	80 93 77 00 	sts	0x0077, r24
    6e3c:	90 93 78 00 	sts	0x0078, r25
    6e40:	a0 93 79 00 	sts	0x0079, r26
    6e44:	b0 93 7a 00 	sts	0x007A, r27
    6e48:	08 95       	ret

00006e4a <itoa>:
    6e4a:	45 32       	cpi	r20, 0x25	; 37
    6e4c:	51 05       	cpc	r21, r1
    6e4e:	20 f4       	brcc	.+8      	; 0x6e58 <itoa+0xe>
    6e50:	42 30       	cpi	r20, 0x02	; 2
    6e52:	10 f0       	brcs	.+4      	; 0x6e58 <itoa+0xe>
    6e54:	0c 94 30 37 	jmp	0x6e60	; 0x6e60 <__itoa_ncheck>
    6e58:	fb 01       	movw	r30, r22
    6e5a:	10 82       	st	Z, r1
    6e5c:	cb 01       	movw	r24, r22
    6e5e:	08 95       	ret

00006e60 <__itoa_ncheck>:
    6e60:	bb 27       	eor	r27, r27
    6e62:	4a 30       	cpi	r20, 0x0A	; 10
    6e64:	31 f4       	brne	.+12     	; 0x6e72 <__itoa_ncheck+0x12>
    6e66:	99 23       	and	r25, r25
    6e68:	22 f4       	brpl	.+8      	; 0x6e72 <__itoa_ncheck+0x12>
    6e6a:	bd e2       	ldi	r27, 0x2D	; 45
    6e6c:	90 95       	com	r25
    6e6e:	81 95       	neg	r24
    6e70:	9f 4f       	sbci	r25, 0xFF	; 255
    6e72:	0c 94 3c 37 	jmp	0x6e78	; 0x6e78 <__utoa_common>

00006e76 <__utoa_ncheck>:
    6e76:	bb 27       	eor	r27, r27

00006e78 <__utoa_common>:
    6e78:	fb 01       	movw	r30, r22
    6e7a:	55 27       	eor	r21, r21
    6e7c:	aa 27       	eor	r26, r26
    6e7e:	88 0f       	add	r24, r24
    6e80:	99 1f       	adc	r25, r25
    6e82:	aa 1f       	adc	r26, r26
    6e84:	a4 17       	cp	r26, r20
    6e86:	10 f0       	brcs	.+4      	; 0x6e8c <__utoa_common+0x14>
    6e88:	a4 1b       	sub	r26, r20
    6e8a:	83 95       	inc	r24
    6e8c:	50 51       	subi	r21, 0x10	; 16
    6e8e:	b9 f7       	brne	.-18     	; 0x6e7e <__utoa_common+0x6>
    6e90:	a0 5d       	subi	r26, 0xD0	; 208
    6e92:	aa 33       	cpi	r26, 0x3A	; 58
    6e94:	08 f0       	brcs	.+2      	; 0x6e98 <__utoa_common+0x20>
    6e96:	a9 5d       	subi	r26, 0xD9	; 217
    6e98:	a1 93       	st	Z+, r26
    6e9a:	00 97       	sbiw	r24, 0x00	; 0
    6e9c:	79 f7       	brne	.-34     	; 0x6e7c <__utoa_common+0x4>
    6e9e:	b1 11       	cpse	r27, r1
    6ea0:	b1 93       	st	Z+, r27
    6ea2:	11 92       	st	Z+, r1
    6ea4:	cb 01       	movw	r24, r22
    6ea6:	0c 94 71 39 	jmp	0x72e2	; 0x72e2 <strrev>

00006eaa <printf>:
    6eaa:	a0 e0       	ldi	r26, 0x00	; 0
    6eac:	b0 e0       	ldi	r27, 0x00	; 0
    6eae:	eb e5       	ldi	r30, 0x5B	; 91
    6eb0:	f7 e3       	ldi	r31, 0x37	; 55
    6eb2:	0c 94 58 3a 	jmp	0x74b0	; 0x74b0 <__prologue_saves__+0x20>
    6eb6:	fe 01       	movw	r30, r28
    6eb8:	35 96       	adiw	r30, 0x05	; 5
    6eba:	61 91       	ld	r22, Z+
    6ebc:	71 91       	ld	r23, Z+
    6ebe:	af 01       	movw	r20, r30
    6ec0:	80 91 53 03 	lds	r24, 0x0353
    6ec4:	90 91 54 03 	lds	r25, 0x0354
    6ec8:	0e 94 69 37 	call	0x6ed2	; 0x6ed2 <vfprintf>
    6ecc:	e2 e0       	ldi	r30, 0x02	; 2
    6ece:	0c 94 74 3a 	jmp	0x74e8	; 0x74e8 <__epilogue_restores__+0x20>

00006ed2 <vfprintf>:
    6ed2:	ac e0       	ldi	r26, 0x0C	; 12
    6ed4:	b0 e0       	ldi	r27, 0x00	; 0
    6ed6:	ef e6       	ldi	r30, 0x6F	; 111
    6ed8:	f7 e3       	ldi	r31, 0x37	; 55
    6eda:	0c 94 48 3a 	jmp	0x7490	; 0x7490 <__prologue_saves__>
    6ede:	7c 01       	movw	r14, r24
    6ee0:	6b 01       	movw	r12, r22
    6ee2:	8a 01       	movw	r16, r20
    6ee4:	fc 01       	movw	r30, r24
    6ee6:	17 82       	std	Z+7, r1	; 0x07
    6ee8:	16 82       	std	Z+6, r1	; 0x06
    6eea:	83 81       	ldd	r24, Z+3	; 0x03
    6eec:	81 ff       	sbrs	r24, 1
    6eee:	bd c1       	rjmp	.+890    	; 0x726a <vfprintf+0x398>
    6ef0:	ce 01       	movw	r24, r28
    6ef2:	01 96       	adiw	r24, 0x01	; 1
    6ef4:	4c 01       	movw	r8, r24
    6ef6:	f7 01       	movw	r30, r14
    6ef8:	93 81       	ldd	r25, Z+3	; 0x03
    6efa:	f6 01       	movw	r30, r12
    6efc:	93 fd       	sbrc	r25, 3
    6efe:	85 91       	lpm	r24, Z+
    6f00:	93 ff       	sbrs	r25, 3
    6f02:	81 91       	ld	r24, Z+
    6f04:	6f 01       	movw	r12, r30
    6f06:	88 23       	and	r24, r24
    6f08:	09 f4       	brne	.+2      	; 0x6f0c <vfprintf+0x3a>
    6f0a:	ab c1       	rjmp	.+854    	; 0x7262 <vfprintf+0x390>
    6f0c:	85 32       	cpi	r24, 0x25	; 37
    6f0e:	39 f4       	brne	.+14     	; 0x6f1e <vfprintf+0x4c>
    6f10:	93 fd       	sbrc	r25, 3
    6f12:	85 91       	lpm	r24, Z+
    6f14:	93 ff       	sbrs	r25, 3
    6f16:	81 91       	ld	r24, Z+
    6f18:	6f 01       	movw	r12, r30
    6f1a:	85 32       	cpi	r24, 0x25	; 37
    6f1c:	29 f4       	brne	.+10     	; 0x6f28 <vfprintf+0x56>
    6f1e:	b7 01       	movw	r22, r14
    6f20:	90 e0       	ldi	r25, 0x00	; 0
    6f22:	0e 94 81 39 	call	0x7302	; 0x7302 <fputc>
    6f26:	e7 cf       	rjmp	.-50     	; 0x6ef6 <vfprintf+0x24>
    6f28:	51 2c       	mov	r5, r1
    6f2a:	31 2c       	mov	r3, r1
    6f2c:	20 e0       	ldi	r18, 0x00	; 0
    6f2e:	20 32       	cpi	r18, 0x20	; 32
    6f30:	a0 f4       	brcc	.+40     	; 0x6f5a <vfprintf+0x88>
    6f32:	8b 32       	cpi	r24, 0x2B	; 43
    6f34:	69 f0       	breq	.+26     	; 0x6f50 <vfprintf+0x7e>
    6f36:	30 f4       	brcc	.+12     	; 0x6f44 <vfprintf+0x72>
    6f38:	80 32       	cpi	r24, 0x20	; 32
    6f3a:	59 f0       	breq	.+22     	; 0x6f52 <vfprintf+0x80>
    6f3c:	83 32       	cpi	r24, 0x23	; 35
    6f3e:	69 f4       	brne	.+26     	; 0x6f5a <vfprintf+0x88>
    6f40:	20 61       	ori	r18, 0x10	; 16
    6f42:	2c c0       	rjmp	.+88     	; 0x6f9c <vfprintf+0xca>
    6f44:	8d 32       	cpi	r24, 0x2D	; 45
    6f46:	39 f0       	breq	.+14     	; 0x6f56 <vfprintf+0x84>
    6f48:	80 33       	cpi	r24, 0x30	; 48
    6f4a:	39 f4       	brne	.+14     	; 0x6f5a <vfprintf+0x88>
    6f4c:	21 60       	ori	r18, 0x01	; 1
    6f4e:	26 c0       	rjmp	.+76     	; 0x6f9c <vfprintf+0xca>
    6f50:	22 60       	ori	r18, 0x02	; 2
    6f52:	24 60       	ori	r18, 0x04	; 4
    6f54:	23 c0       	rjmp	.+70     	; 0x6f9c <vfprintf+0xca>
    6f56:	28 60       	ori	r18, 0x08	; 8
    6f58:	21 c0       	rjmp	.+66     	; 0x6f9c <vfprintf+0xca>
    6f5a:	27 fd       	sbrc	r18, 7
    6f5c:	27 c0       	rjmp	.+78     	; 0x6fac <vfprintf+0xda>
    6f5e:	30 ed       	ldi	r19, 0xD0	; 208
    6f60:	38 0f       	add	r19, r24
    6f62:	3a 30       	cpi	r19, 0x0A	; 10
    6f64:	78 f4       	brcc	.+30     	; 0x6f84 <vfprintf+0xb2>
    6f66:	26 ff       	sbrs	r18, 6
    6f68:	06 c0       	rjmp	.+12     	; 0x6f76 <vfprintf+0xa4>
    6f6a:	fa e0       	ldi	r31, 0x0A	; 10
    6f6c:	5f 9e       	mul	r5, r31
    6f6e:	30 0d       	add	r19, r0
    6f70:	11 24       	eor	r1, r1
    6f72:	53 2e       	mov	r5, r19
    6f74:	13 c0       	rjmp	.+38     	; 0x6f9c <vfprintf+0xca>
    6f76:	8a e0       	ldi	r24, 0x0A	; 10
    6f78:	38 9e       	mul	r3, r24
    6f7a:	30 0d       	add	r19, r0
    6f7c:	11 24       	eor	r1, r1
    6f7e:	33 2e       	mov	r3, r19
    6f80:	20 62       	ori	r18, 0x20	; 32
    6f82:	0c c0       	rjmp	.+24     	; 0x6f9c <vfprintf+0xca>
    6f84:	8e 32       	cpi	r24, 0x2E	; 46
    6f86:	21 f4       	brne	.+8      	; 0x6f90 <vfprintf+0xbe>
    6f88:	26 fd       	sbrc	r18, 6
    6f8a:	6b c1       	rjmp	.+726    	; 0x7262 <vfprintf+0x390>
    6f8c:	20 64       	ori	r18, 0x40	; 64
    6f8e:	06 c0       	rjmp	.+12     	; 0x6f9c <vfprintf+0xca>
    6f90:	8c 36       	cpi	r24, 0x6C	; 108
    6f92:	11 f4       	brne	.+4      	; 0x6f98 <vfprintf+0xc6>
    6f94:	20 68       	ori	r18, 0x80	; 128
    6f96:	02 c0       	rjmp	.+4      	; 0x6f9c <vfprintf+0xca>
    6f98:	88 36       	cpi	r24, 0x68	; 104
    6f9a:	41 f4       	brne	.+16     	; 0x6fac <vfprintf+0xda>
    6f9c:	f6 01       	movw	r30, r12
    6f9e:	93 fd       	sbrc	r25, 3
    6fa0:	85 91       	lpm	r24, Z+
    6fa2:	93 ff       	sbrs	r25, 3
    6fa4:	81 91       	ld	r24, Z+
    6fa6:	6f 01       	movw	r12, r30
    6fa8:	81 11       	cpse	r24, r1
    6faa:	c1 cf       	rjmp	.-126    	; 0x6f2e <vfprintf+0x5c>
    6fac:	98 2f       	mov	r25, r24
    6fae:	9f 7d       	andi	r25, 0xDF	; 223
    6fb0:	95 54       	subi	r25, 0x45	; 69
    6fb2:	93 30       	cpi	r25, 0x03	; 3
    6fb4:	28 f4       	brcc	.+10     	; 0x6fc0 <vfprintf+0xee>
    6fb6:	0c 5f       	subi	r16, 0xFC	; 252
    6fb8:	1f 4f       	sbci	r17, 0xFF	; 255
    6fba:	ff e3       	ldi	r31, 0x3F	; 63
    6fbc:	f9 83       	std	Y+1, r31	; 0x01
    6fbe:	0d c0       	rjmp	.+26     	; 0x6fda <vfprintf+0x108>
    6fc0:	83 36       	cpi	r24, 0x63	; 99
    6fc2:	31 f0       	breq	.+12     	; 0x6fd0 <vfprintf+0xfe>
    6fc4:	83 37       	cpi	r24, 0x73	; 115
    6fc6:	71 f0       	breq	.+28     	; 0x6fe4 <vfprintf+0x112>
    6fc8:	83 35       	cpi	r24, 0x53	; 83
    6fca:	09 f0       	breq	.+2      	; 0x6fce <vfprintf+0xfc>
    6fcc:	5b c0       	rjmp	.+182    	; 0x7084 <vfprintf+0x1b2>
    6fce:	22 c0       	rjmp	.+68     	; 0x7014 <vfprintf+0x142>
    6fd0:	f8 01       	movw	r30, r16
    6fd2:	80 81       	ld	r24, Z
    6fd4:	89 83       	std	Y+1, r24	; 0x01
    6fd6:	0e 5f       	subi	r16, 0xFE	; 254
    6fd8:	1f 4f       	sbci	r17, 0xFF	; 255
    6fda:	44 24       	eor	r4, r4
    6fdc:	43 94       	inc	r4
    6fde:	51 2c       	mov	r5, r1
    6fe0:	54 01       	movw	r10, r8
    6fe2:	15 c0       	rjmp	.+42     	; 0x700e <vfprintf+0x13c>
    6fe4:	38 01       	movw	r6, r16
    6fe6:	f2 e0       	ldi	r31, 0x02	; 2
    6fe8:	6f 0e       	add	r6, r31
    6fea:	71 1c       	adc	r7, r1
    6fec:	f8 01       	movw	r30, r16
    6fee:	a0 80       	ld	r10, Z
    6ff0:	b1 80       	ldd	r11, Z+1	; 0x01
    6ff2:	26 ff       	sbrs	r18, 6
    6ff4:	03 c0       	rjmp	.+6      	; 0x6ffc <vfprintf+0x12a>
    6ff6:	65 2d       	mov	r22, r5
    6ff8:	70 e0       	ldi	r23, 0x00	; 0
    6ffa:	02 c0       	rjmp	.+4      	; 0x7000 <vfprintf+0x12e>
    6ffc:	6f ef       	ldi	r22, 0xFF	; 255
    6ffe:	7f ef       	ldi	r23, 0xFF	; 255
    7000:	c5 01       	movw	r24, r10
    7002:	2c 87       	std	Y+12, r18	; 0x0c
    7004:	0e 94 66 39 	call	0x72cc	; 0x72cc <strnlen>
    7008:	2c 01       	movw	r4, r24
    700a:	83 01       	movw	r16, r6
    700c:	2c 85       	ldd	r18, Y+12	; 0x0c
    700e:	2f 77       	andi	r18, 0x7F	; 127
    7010:	22 2e       	mov	r2, r18
    7012:	17 c0       	rjmp	.+46     	; 0x7042 <vfprintf+0x170>
    7014:	38 01       	movw	r6, r16
    7016:	f2 e0       	ldi	r31, 0x02	; 2
    7018:	6f 0e       	add	r6, r31
    701a:	71 1c       	adc	r7, r1
    701c:	f8 01       	movw	r30, r16
    701e:	a0 80       	ld	r10, Z
    7020:	b1 80       	ldd	r11, Z+1	; 0x01
    7022:	26 ff       	sbrs	r18, 6
    7024:	03 c0       	rjmp	.+6      	; 0x702c <vfprintf+0x15a>
    7026:	65 2d       	mov	r22, r5
    7028:	70 e0       	ldi	r23, 0x00	; 0
    702a:	02 c0       	rjmp	.+4      	; 0x7030 <vfprintf+0x15e>
    702c:	6f ef       	ldi	r22, 0xFF	; 255
    702e:	7f ef       	ldi	r23, 0xFF	; 255
    7030:	c5 01       	movw	r24, r10
    7032:	2c 87       	std	Y+12, r18	; 0x0c
    7034:	0e 94 5b 39 	call	0x72b6	; 0x72b6 <strnlen_P>
    7038:	2c 01       	movw	r4, r24
    703a:	2c 85       	ldd	r18, Y+12	; 0x0c
    703c:	20 68       	ori	r18, 0x80	; 128
    703e:	22 2e       	mov	r2, r18
    7040:	83 01       	movw	r16, r6
    7042:	23 fc       	sbrc	r2, 3
    7044:	1b c0       	rjmp	.+54     	; 0x707c <vfprintf+0x1aa>
    7046:	83 2d       	mov	r24, r3
    7048:	90 e0       	ldi	r25, 0x00	; 0
    704a:	48 16       	cp	r4, r24
    704c:	59 06       	cpc	r5, r25
    704e:	b0 f4       	brcc	.+44     	; 0x707c <vfprintf+0x1aa>
    7050:	b7 01       	movw	r22, r14
    7052:	80 e2       	ldi	r24, 0x20	; 32
    7054:	90 e0       	ldi	r25, 0x00	; 0
    7056:	0e 94 81 39 	call	0x7302	; 0x7302 <fputc>
    705a:	3a 94       	dec	r3
    705c:	f4 cf       	rjmp	.-24     	; 0x7046 <vfprintf+0x174>
    705e:	f5 01       	movw	r30, r10
    7060:	27 fc       	sbrc	r2, 7
    7062:	85 91       	lpm	r24, Z+
    7064:	27 fe       	sbrs	r2, 7
    7066:	81 91       	ld	r24, Z+
    7068:	5f 01       	movw	r10, r30
    706a:	b7 01       	movw	r22, r14
    706c:	90 e0       	ldi	r25, 0x00	; 0
    706e:	0e 94 81 39 	call	0x7302	; 0x7302 <fputc>
    7072:	31 10       	cpse	r3, r1
    7074:	3a 94       	dec	r3
    7076:	f1 e0       	ldi	r31, 0x01	; 1
    7078:	4f 1a       	sub	r4, r31
    707a:	51 08       	sbc	r5, r1
    707c:	41 14       	cp	r4, r1
    707e:	51 04       	cpc	r5, r1
    7080:	71 f7       	brne	.-36     	; 0x705e <vfprintf+0x18c>
    7082:	e5 c0       	rjmp	.+458    	; 0x724e <vfprintf+0x37c>
    7084:	84 36       	cpi	r24, 0x64	; 100
    7086:	11 f0       	breq	.+4      	; 0x708c <vfprintf+0x1ba>
    7088:	89 36       	cpi	r24, 0x69	; 105
    708a:	39 f5       	brne	.+78     	; 0x70da <vfprintf+0x208>
    708c:	f8 01       	movw	r30, r16
    708e:	27 ff       	sbrs	r18, 7
    7090:	07 c0       	rjmp	.+14     	; 0x70a0 <vfprintf+0x1ce>
    7092:	60 81       	ld	r22, Z
    7094:	71 81       	ldd	r23, Z+1	; 0x01
    7096:	82 81       	ldd	r24, Z+2	; 0x02
    7098:	93 81       	ldd	r25, Z+3	; 0x03
    709a:	0c 5f       	subi	r16, 0xFC	; 252
    709c:	1f 4f       	sbci	r17, 0xFF	; 255
    709e:	08 c0       	rjmp	.+16     	; 0x70b0 <vfprintf+0x1de>
    70a0:	60 81       	ld	r22, Z
    70a2:	71 81       	ldd	r23, Z+1	; 0x01
    70a4:	88 27       	eor	r24, r24
    70a6:	77 fd       	sbrc	r23, 7
    70a8:	80 95       	com	r24
    70aa:	98 2f       	mov	r25, r24
    70ac:	0e 5f       	subi	r16, 0xFE	; 254
    70ae:	1f 4f       	sbci	r17, 0xFF	; 255
    70b0:	2f 76       	andi	r18, 0x6F	; 111
    70b2:	b2 2e       	mov	r11, r18
    70b4:	97 ff       	sbrs	r25, 7
    70b6:	09 c0       	rjmp	.+18     	; 0x70ca <vfprintf+0x1f8>
    70b8:	90 95       	com	r25
    70ba:	80 95       	com	r24
    70bc:	70 95       	com	r23
    70be:	61 95       	neg	r22
    70c0:	7f 4f       	sbci	r23, 0xFF	; 255
    70c2:	8f 4f       	sbci	r24, 0xFF	; 255
    70c4:	9f 4f       	sbci	r25, 0xFF	; 255
    70c6:	20 68       	ori	r18, 0x80	; 128
    70c8:	b2 2e       	mov	r11, r18
    70ca:	2a e0       	ldi	r18, 0x0A	; 10
    70cc:	30 e0       	ldi	r19, 0x00	; 0
    70ce:	a4 01       	movw	r20, r8
    70d0:	0e 94 b3 39 	call	0x7366	; 0x7366 <__ultoa_invert>
    70d4:	a8 2e       	mov	r10, r24
    70d6:	a8 18       	sub	r10, r8
    70d8:	44 c0       	rjmp	.+136    	; 0x7162 <vfprintf+0x290>
    70da:	85 37       	cpi	r24, 0x75	; 117
    70dc:	29 f4       	brne	.+10     	; 0x70e8 <vfprintf+0x216>
    70de:	2f 7e       	andi	r18, 0xEF	; 239
    70e0:	b2 2e       	mov	r11, r18
    70e2:	2a e0       	ldi	r18, 0x0A	; 10
    70e4:	30 e0       	ldi	r19, 0x00	; 0
    70e6:	25 c0       	rjmp	.+74     	; 0x7132 <vfprintf+0x260>
    70e8:	f2 2f       	mov	r31, r18
    70ea:	f9 7f       	andi	r31, 0xF9	; 249
    70ec:	bf 2e       	mov	r11, r31
    70ee:	8f 36       	cpi	r24, 0x6F	; 111
    70f0:	c1 f0       	breq	.+48     	; 0x7122 <vfprintf+0x250>
    70f2:	18 f4       	brcc	.+6      	; 0x70fa <vfprintf+0x228>
    70f4:	88 35       	cpi	r24, 0x58	; 88
    70f6:	79 f0       	breq	.+30     	; 0x7116 <vfprintf+0x244>
    70f8:	b4 c0       	rjmp	.+360    	; 0x7262 <vfprintf+0x390>
    70fa:	80 37       	cpi	r24, 0x70	; 112
    70fc:	19 f0       	breq	.+6      	; 0x7104 <vfprintf+0x232>
    70fe:	88 37       	cpi	r24, 0x78	; 120
    7100:	21 f0       	breq	.+8      	; 0x710a <vfprintf+0x238>
    7102:	af c0       	rjmp	.+350    	; 0x7262 <vfprintf+0x390>
    7104:	2f 2f       	mov	r18, r31
    7106:	20 61       	ori	r18, 0x10	; 16
    7108:	b2 2e       	mov	r11, r18
    710a:	b4 fe       	sbrs	r11, 4
    710c:	0d c0       	rjmp	.+26     	; 0x7128 <vfprintf+0x256>
    710e:	8b 2d       	mov	r24, r11
    7110:	84 60       	ori	r24, 0x04	; 4
    7112:	b8 2e       	mov	r11, r24
    7114:	09 c0       	rjmp	.+18     	; 0x7128 <vfprintf+0x256>
    7116:	24 ff       	sbrs	r18, 4
    7118:	0a c0       	rjmp	.+20     	; 0x712e <vfprintf+0x25c>
    711a:	9f 2f       	mov	r25, r31
    711c:	96 60       	ori	r25, 0x06	; 6
    711e:	b9 2e       	mov	r11, r25
    7120:	06 c0       	rjmp	.+12     	; 0x712e <vfprintf+0x25c>
    7122:	28 e0       	ldi	r18, 0x08	; 8
    7124:	30 e0       	ldi	r19, 0x00	; 0
    7126:	05 c0       	rjmp	.+10     	; 0x7132 <vfprintf+0x260>
    7128:	20 e1       	ldi	r18, 0x10	; 16
    712a:	30 e0       	ldi	r19, 0x00	; 0
    712c:	02 c0       	rjmp	.+4      	; 0x7132 <vfprintf+0x260>
    712e:	20 e1       	ldi	r18, 0x10	; 16
    7130:	32 e0       	ldi	r19, 0x02	; 2
    7132:	f8 01       	movw	r30, r16
    7134:	b7 fe       	sbrs	r11, 7
    7136:	07 c0       	rjmp	.+14     	; 0x7146 <vfprintf+0x274>
    7138:	60 81       	ld	r22, Z
    713a:	71 81       	ldd	r23, Z+1	; 0x01
    713c:	82 81       	ldd	r24, Z+2	; 0x02
    713e:	93 81       	ldd	r25, Z+3	; 0x03
    7140:	0c 5f       	subi	r16, 0xFC	; 252
    7142:	1f 4f       	sbci	r17, 0xFF	; 255
    7144:	06 c0       	rjmp	.+12     	; 0x7152 <vfprintf+0x280>
    7146:	60 81       	ld	r22, Z
    7148:	71 81       	ldd	r23, Z+1	; 0x01
    714a:	80 e0       	ldi	r24, 0x00	; 0
    714c:	90 e0       	ldi	r25, 0x00	; 0
    714e:	0e 5f       	subi	r16, 0xFE	; 254
    7150:	1f 4f       	sbci	r17, 0xFF	; 255
    7152:	a4 01       	movw	r20, r8
    7154:	0e 94 b3 39 	call	0x7366	; 0x7366 <__ultoa_invert>
    7158:	a8 2e       	mov	r10, r24
    715a:	a8 18       	sub	r10, r8
    715c:	fb 2d       	mov	r31, r11
    715e:	ff 77       	andi	r31, 0x7F	; 127
    7160:	bf 2e       	mov	r11, r31
    7162:	b6 fe       	sbrs	r11, 6
    7164:	0b c0       	rjmp	.+22     	; 0x717c <vfprintf+0x2aa>
    7166:	2b 2d       	mov	r18, r11
    7168:	2e 7f       	andi	r18, 0xFE	; 254
    716a:	a5 14       	cp	r10, r5
    716c:	50 f4       	brcc	.+20     	; 0x7182 <vfprintf+0x2b0>
    716e:	b4 fe       	sbrs	r11, 4
    7170:	0a c0       	rjmp	.+20     	; 0x7186 <vfprintf+0x2b4>
    7172:	b2 fc       	sbrc	r11, 2
    7174:	08 c0       	rjmp	.+16     	; 0x7186 <vfprintf+0x2b4>
    7176:	2b 2d       	mov	r18, r11
    7178:	2e 7e       	andi	r18, 0xEE	; 238
    717a:	05 c0       	rjmp	.+10     	; 0x7186 <vfprintf+0x2b4>
    717c:	7a 2c       	mov	r7, r10
    717e:	2b 2d       	mov	r18, r11
    7180:	03 c0       	rjmp	.+6      	; 0x7188 <vfprintf+0x2b6>
    7182:	7a 2c       	mov	r7, r10
    7184:	01 c0       	rjmp	.+2      	; 0x7188 <vfprintf+0x2b6>
    7186:	75 2c       	mov	r7, r5
    7188:	24 ff       	sbrs	r18, 4
    718a:	0d c0       	rjmp	.+26     	; 0x71a6 <vfprintf+0x2d4>
    718c:	fe 01       	movw	r30, r28
    718e:	ea 0d       	add	r30, r10
    7190:	f1 1d       	adc	r31, r1
    7192:	80 81       	ld	r24, Z
    7194:	80 33       	cpi	r24, 0x30	; 48
    7196:	11 f4       	brne	.+4      	; 0x719c <vfprintf+0x2ca>
    7198:	29 7e       	andi	r18, 0xE9	; 233
    719a:	09 c0       	rjmp	.+18     	; 0x71ae <vfprintf+0x2dc>
    719c:	22 ff       	sbrs	r18, 2
    719e:	06 c0       	rjmp	.+12     	; 0x71ac <vfprintf+0x2da>
    71a0:	73 94       	inc	r7
    71a2:	73 94       	inc	r7
    71a4:	04 c0       	rjmp	.+8      	; 0x71ae <vfprintf+0x2dc>
    71a6:	82 2f       	mov	r24, r18
    71a8:	86 78       	andi	r24, 0x86	; 134
    71aa:	09 f0       	breq	.+2      	; 0x71ae <vfprintf+0x2dc>
    71ac:	73 94       	inc	r7
    71ae:	23 fd       	sbrc	r18, 3
    71b0:	13 c0       	rjmp	.+38     	; 0x71d8 <vfprintf+0x306>
    71b2:	20 ff       	sbrs	r18, 0
    71b4:	06 c0       	rjmp	.+12     	; 0x71c2 <vfprintf+0x2f0>
    71b6:	5a 2c       	mov	r5, r10
    71b8:	73 14       	cp	r7, r3
    71ba:	18 f4       	brcc	.+6      	; 0x71c2 <vfprintf+0x2f0>
    71bc:	53 0c       	add	r5, r3
    71be:	57 18       	sub	r5, r7
    71c0:	73 2c       	mov	r7, r3
    71c2:	73 14       	cp	r7, r3
    71c4:	68 f4       	brcc	.+26     	; 0x71e0 <vfprintf+0x30e>
    71c6:	b7 01       	movw	r22, r14
    71c8:	80 e2       	ldi	r24, 0x20	; 32
    71ca:	90 e0       	ldi	r25, 0x00	; 0
    71cc:	2c 87       	std	Y+12, r18	; 0x0c
    71ce:	0e 94 81 39 	call	0x7302	; 0x7302 <fputc>
    71d2:	73 94       	inc	r7
    71d4:	2c 85       	ldd	r18, Y+12	; 0x0c
    71d6:	f5 cf       	rjmp	.-22     	; 0x71c2 <vfprintf+0x2f0>
    71d8:	73 14       	cp	r7, r3
    71da:	10 f4       	brcc	.+4      	; 0x71e0 <vfprintf+0x30e>
    71dc:	37 18       	sub	r3, r7
    71de:	01 c0       	rjmp	.+2      	; 0x71e2 <vfprintf+0x310>
    71e0:	31 2c       	mov	r3, r1
    71e2:	24 ff       	sbrs	r18, 4
    71e4:	12 c0       	rjmp	.+36     	; 0x720a <vfprintf+0x338>
    71e6:	b7 01       	movw	r22, r14
    71e8:	80 e3       	ldi	r24, 0x30	; 48
    71ea:	90 e0       	ldi	r25, 0x00	; 0
    71ec:	2c 87       	std	Y+12, r18	; 0x0c
    71ee:	0e 94 81 39 	call	0x7302	; 0x7302 <fputc>
    71f2:	2c 85       	ldd	r18, Y+12	; 0x0c
    71f4:	22 ff       	sbrs	r18, 2
    71f6:	17 c0       	rjmp	.+46     	; 0x7226 <vfprintf+0x354>
    71f8:	21 ff       	sbrs	r18, 1
    71fa:	03 c0       	rjmp	.+6      	; 0x7202 <vfprintf+0x330>
    71fc:	88 e5       	ldi	r24, 0x58	; 88
    71fe:	90 e0       	ldi	r25, 0x00	; 0
    7200:	02 c0       	rjmp	.+4      	; 0x7206 <vfprintf+0x334>
    7202:	88 e7       	ldi	r24, 0x78	; 120
    7204:	90 e0       	ldi	r25, 0x00	; 0
    7206:	b7 01       	movw	r22, r14
    7208:	0c c0       	rjmp	.+24     	; 0x7222 <vfprintf+0x350>
    720a:	82 2f       	mov	r24, r18
    720c:	86 78       	andi	r24, 0x86	; 134
    720e:	59 f0       	breq	.+22     	; 0x7226 <vfprintf+0x354>
    7210:	21 fd       	sbrc	r18, 1
    7212:	02 c0       	rjmp	.+4      	; 0x7218 <vfprintf+0x346>
    7214:	80 e2       	ldi	r24, 0x20	; 32
    7216:	01 c0       	rjmp	.+2      	; 0x721a <vfprintf+0x348>
    7218:	8b e2       	ldi	r24, 0x2B	; 43
    721a:	27 fd       	sbrc	r18, 7
    721c:	8d e2       	ldi	r24, 0x2D	; 45
    721e:	b7 01       	movw	r22, r14
    7220:	90 e0       	ldi	r25, 0x00	; 0
    7222:	0e 94 81 39 	call	0x7302	; 0x7302 <fputc>
    7226:	a5 14       	cp	r10, r5
    7228:	38 f4       	brcc	.+14     	; 0x7238 <vfprintf+0x366>
    722a:	b7 01       	movw	r22, r14
    722c:	80 e3       	ldi	r24, 0x30	; 48
    722e:	90 e0       	ldi	r25, 0x00	; 0
    7230:	0e 94 81 39 	call	0x7302	; 0x7302 <fputc>
    7234:	5a 94       	dec	r5
    7236:	f7 cf       	rjmp	.-18     	; 0x7226 <vfprintf+0x354>
    7238:	aa 94       	dec	r10
    723a:	f4 01       	movw	r30, r8
    723c:	ea 0d       	add	r30, r10
    723e:	f1 1d       	adc	r31, r1
    7240:	80 81       	ld	r24, Z
    7242:	b7 01       	movw	r22, r14
    7244:	90 e0       	ldi	r25, 0x00	; 0
    7246:	0e 94 81 39 	call	0x7302	; 0x7302 <fputc>
    724a:	a1 10       	cpse	r10, r1
    724c:	f5 cf       	rjmp	.-22     	; 0x7238 <vfprintf+0x366>
    724e:	33 20       	and	r3, r3
    7250:	09 f4       	brne	.+2      	; 0x7254 <vfprintf+0x382>
    7252:	51 ce       	rjmp	.-862    	; 0x6ef6 <vfprintf+0x24>
    7254:	b7 01       	movw	r22, r14
    7256:	80 e2       	ldi	r24, 0x20	; 32
    7258:	90 e0       	ldi	r25, 0x00	; 0
    725a:	0e 94 81 39 	call	0x7302	; 0x7302 <fputc>
    725e:	3a 94       	dec	r3
    7260:	f6 cf       	rjmp	.-20     	; 0x724e <vfprintf+0x37c>
    7262:	f7 01       	movw	r30, r14
    7264:	86 81       	ldd	r24, Z+6	; 0x06
    7266:	97 81       	ldd	r25, Z+7	; 0x07
    7268:	02 c0       	rjmp	.+4      	; 0x726e <vfprintf+0x39c>
    726a:	8f ef       	ldi	r24, 0xFF	; 255
    726c:	9f ef       	ldi	r25, 0xFF	; 255
    726e:	2c 96       	adiw	r28, 0x0c	; 12
    7270:	e2 e1       	ldi	r30, 0x12	; 18
    7272:	0c 94 64 3a 	jmp	0x74c8	; 0x74c8 <__epilogue_restores__>

00007276 <__eerd_byte_m32>:
    7276:	e1 99       	sbic	0x1c, 1	; 28
    7278:	fe cf       	rjmp	.-4      	; 0x7276 <__eerd_byte_m32>
    727a:	9f bb       	out	0x1f, r25	; 31
    727c:	8e bb       	out	0x1e, r24	; 30
    727e:	e0 9a       	sbi	0x1c, 0	; 28
    7280:	99 27       	eor	r25, r25
    7282:	8d b3       	in	r24, 0x1d	; 29
    7284:	08 95       	ret

00007286 <__eerd_word_m32>:
    7286:	a8 e1       	ldi	r26, 0x18	; 24
    7288:	b0 e0       	ldi	r27, 0x00	; 0
    728a:	42 e0       	ldi	r20, 0x02	; 2
    728c:	50 e0       	ldi	r21, 0x00	; 0
    728e:	0c 94 13 3a 	jmp	0x7426	; 0x7426 <__eerd_blraw_m32>

00007292 <__eewr_byte_m32>:
    7292:	26 2f       	mov	r18, r22

00007294 <__eewr_r18_m32>:
    7294:	e1 99       	sbic	0x1c, 1	; 28
    7296:	fe cf       	rjmp	.-4      	; 0x7294 <__eewr_r18_m32>
    7298:	9f bb       	out	0x1f, r25	; 31
    729a:	8e bb       	out	0x1e, r24	; 30
    729c:	2d bb       	out	0x1d, r18	; 29
    729e:	0f b6       	in	r0, 0x3f	; 63
    72a0:	f8 94       	cli
    72a2:	e2 9a       	sbi	0x1c, 2	; 28
    72a4:	e1 9a       	sbi	0x1c, 1	; 28
    72a6:	0f be       	out	0x3f, r0	; 63
    72a8:	01 96       	adiw	r24, 0x01	; 1
    72aa:	08 95       	ret

000072ac <__eewr_word_m32>:
    72ac:	0e 94 49 39 	call	0x7292	; 0x7292 <__eewr_byte_m32>
    72b0:	27 2f       	mov	r18, r23
    72b2:	0c 94 4a 39 	jmp	0x7294	; 0x7294 <__eewr_r18_m32>

000072b6 <strnlen_P>:
    72b6:	fc 01       	movw	r30, r24
    72b8:	05 90       	lpm	r0, Z+
    72ba:	61 50       	subi	r22, 0x01	; 1
    72bc:	70 40       	sbci	r23, 0x00	; 0
    72be:	01 10       	cpse	r0, r1
    72c0:	d8 f7       	brcc	.-10     	; 0x72b8 <strnlen_P+0x2>
    72c2:	80 95       	com	r24
    72c4:	90 95       	com	r25
    72c6:	8e 0f       	add	r24, r30
    72c8:	9f 1f       	adc	r25, r31
    72ca:	08 95       	ret

000072cc <strnlen>:
    72cc:	fc 01       	movw	r30, r24
    72ce:	61 50       	subi	r22, 0x01	; 1
    72d0:	70 40       	sbci	r23, 0x00	; 0
    72d2:	01 90       	ld	r0, Z+
    72d4:	01 10       	cpse	r0, r1
    72d6:	d8 f7       	brcc	.-10     	; 0x72ce <strnlen+0x2>
    72d8:	80 95       	com	r24
    72da:	90 95       	com	r25
    72dc:	8e 0f       	add	r24, r30
    72de:	9f 1f       	adc	r25, r31
    72e0:	08 95       	ret

000072e2 <strrev>:
    72e2:	dc 01       	movw	r26, r24
    72e4:	fc 01       	movw	r30, r24
    72e6:	67 2f       	mov	r22, r23
    72e8:	71 91       	ld	r23, Z+
    72ea:	77 23       	and	r23, r23
    72ec:	e1 f7       	brne	.-8      	; 0x72e6 <strrev+0x4>
    72ee:	32 97       	sbiw	r30, 0x02	; 2
    72f0:	04 c0       	rjmp	.+8      	; 0x72fa <strrev+0x18>
    72f2:	7c 91       	ld	r23, X
    72f4:	6d 93       	st	X+, r22
    72f6:	70 83       	st	Z, r23
    72f8:	62 91       	ld	r22, -Z
    72fa:	ae 17       	cp	r26, r30
    72fc:	bf 07       	cpc	r27, r31
    72fe:	c8 f3       	brcs	.-14     	; 0x72f2 <strrev+0x10>
    7300:	08 95       	ret

00007302 <fputc>:
    7302:	0f 93       	push	r16
    7304:	1f 93       	push	r17
    7306:	cf 93       	push	r28
    7308:	df 93       	push	r29
    730a:	18 2f       	mov	r17, r24
    730c:	09 2f       	mov	r16, r25
    730e:	eb 01       	movw	r28, r22
    7310:	8b 81       	ldd	r24, Y+3	; 0x03
    7312:	81 fd       	sbrc	r24, 1
    7314:	03 c0       	rjmp	.+6      	; 0x731c <fputc+0x1a>
    7316:	8f ef       	ldi	r24, 0xFF	; 255
    7318:	9f ef       	ldi	r25, 0xFF	; 255
    731a:	20 c0       	rjmp	.+64     	; 0x735c <fputc+0x5a>
    731c:	82 ff       	sbrs	r24, 2
    731e:	10 c0       	rjmp	.+32     	; 0x7340 <fputc+0x3e>
    7320:	4e 81       	ldd	r20, Y+6	; 0x06
    7322:	5f 81       	ldd	r21, Y+7	; 0x07
    7324:	2c 81       	ldd	r18, Y+4	; 0x04
    7326:	3d 81       	ldd	r19, Y+5	; 0x05
    7328:	42 17       	cp	r20, r18
    732a:	53 07       	cpc	r21, r19
    732c:	7c f4       	brge	.+30     	; 0x734c <fputc+0x4a>
    732e:	e8 81       	ld	r30, Y
    7330:	f9 81       	ldd	r31, Y+1	; 0x01
    7332:	9f 01       	movw	r18, r30
    7334:	2f 5f       	subi	r18, 0xFF	; 255
    7336:	3f 4f       	sbci	r19, 0xFF	; 255
    7338:	39 83       	std	Y+1, r19	; 0x01
    733a:	28 83       	st	Y, r18
    733c:	10 83       	st	Z, r17
    733e:	06 c0       	rjmp	.+12     	; 0x734c <fputc+0x4a>
    7340:	e8 85       	ldd	r30, Y+8	; 0x08
    7342:	f9 85       	ldd	r31, Y+9	; 0x09
    7344:	81 2f       	mov	r24, r17
    7346:	09 95       	icall
    7348:	89 2b       	or	r24, r25
    734a:	29 f7       	brne	.-54     	; 0x7316 <fputc+0x14>
    734c:	2e 81       	ldd	r18, Y+6	; 0x06
    734e:	3f 81       	ldd	r19, Y+7	; 0x07
    7350:	2f 5f       	subi	r18, 0xFF	; 255
    7352:	3f 4f       	sbci	r19, 0xFF	; 255
    7354:	3f 83       	std	Y+7, r19	; 0x07
    7356:	2e 83       	std	Y+6, r18	; 0x06
    7358:	81 2f       	mov	r24, r17
    735a:	90 2f       	mov	r25, r16
    735c:	df 91       	pop	r29
    735e:	cf 91       	pop	r28
    7360:	1f 91       	pop	r17
    7362:	0f 91       	pop	r16
    7364:	08 95       	ret

00007366 <__ultoa_invert>:
    7366:	fa 01       	movw	r30, r20
    7368:	aa 27       	eor	r26, r26
    736a:	28 30       	cpi	r18, 0x08	; 8
    736c:	51 f1       	breq	.+84     	; 0x73c2 <__ultoa_invert+0x5c>
    736e:	20 31       	cpi	r18, 0x10	; 16
    7370:	81 f1       	breq	.+96     	; 0x73d2 <__ultoa_invert+0x6c>
    7372:	e8 94       	clt
    7374:	6f 93       	push	r22
    7376:	6e 7f       	andi	r22, 0xFE	; 254
    7378:	6e 5f       	subi	r22, 0xFE	; 254
    737a:	7f 4f       	sbci	r23, 0xFF	; 255
    737c:	8f 4f       	sbci	r24, 0xFF	; 255
    737e:	9f 4f       	sbci	r25, 0xFF	; 255
    7380:	af 4f       	sbci	r26, 0xFF	; 255
    7382:	b1 e0       	ldi	r27, 0x01	; 1
    7384:	3e d0       	rcall	.+124    	; 0x7402 <__ultoa_invert+0x9c>
    7386:	b4 e0       	ldi	r27, 0x04	; 4
    7388:	3c d0       	rcall	.+120    	; 0x7402 <__ultoa_invert+0x9c>
    738a:	67 0f       	add	r22, r23
    738c:	78 1f       	adc	r23, r24
    738e:	89 1f       	adc	r24, r25
    7390:	9a 1f       	adc	r25, r26
    7392:	a1 1d       	adc	r26, r1
    7394:	68 0f       	add	r22, r24
    7396:	79 1f       	adc	r23, r25
    7398:	8a 1f       	adc	r24, r26
    739a:	91 1d       	adc	r25, r1
    739c:	a1 1d       	adc	r26, r1
    739e:	6a 0f       	add	r22, r26
    73a0:	71 1d       	adc	r23, r1
    73a2:	81 1d       	adc	r24, r1
    73a4:	91 1d       	adc	r25, r1
    73a6:	a1 1d       	adc	r26, r1
    73a8:	20 d0       	rcall	.+64     	; 0x73ea <__ultoa_invert+0x84>
    73aa:	09 f4       	brne	.+2      	; 0x73ae <__ultoa_invert+0x48>
    73ac:	68 94       	set
    73ae:	3f 91       	pop	r19
    73b0:	2a e0       	ldi	r18, 0x0A	; 10
    73b2:	26 9f       	mul	r18, r22
    73b4:	11 24       	eor	r1, r1
    73b6:	30 19       	sub	r19, r0
    73b8:	30 5d       	subi	r19, 0xD0	; 208
    73ba:	31 93       	st	Z+, r19
    73bc:	de f6       	brtc	.-74     	; 0x7374 <__ultoa_invert+0xe>
    73be:	cf 01       	movw	r24, r30
    73c0:	08 95       	ret
    73c2:	46 2f       	mov	r20, r22
    73c4:	47 70       	andi	r20, 0x07	; 7
    73c6:	40 5d       	subi	r20, 0xD0	; 208
    73c8:	41 93       	st	Z+, r20
    73ca:	b3 e0       	ldi	r27, 0x03	; 3
    73cc:	0f d0       	rcall	.+30     	; 0x73ec <__ultoa_invert+0x86>
    73ce:	c9 f7       	brne	.-14     	; 0x73c2 <__ultoa_invert+0x5c>
    73d0:	f6 cf       	rjmp	.-20     	; 0x73be <__ultoa_invert+0x58>
    73d2:	46 2f       	mov	r20, r22
    73d4:	4f 70       	andi	r20, 0x0F	; 15
    73d6:	40 5d       	subi	r20, 0xD0	; 208
    73d8:	4a 33       	cpi	r20, 0x3A	; 58
    73da:	18 f0       	brcs	.+6      	; 0x73e2 <__ultoa_invert+0x7c>
    73dc:	49 5d       	subi	r20, 0xD9	; 217
    73de:	31 fd       	sbrc	r19, 1
    73e0:	40 52       	subi	r20, 0x20	; 32
    73e2:	41 93       	st	Z+, r20
    73e4:	02 d0       	rcall	.+4      	; 0x73ea <__ultoa_invert+0x84>
    73e6:	a9 f7       	brne	.-22     	; 0x73d2 <__ultoa_invert+0x6c>
    73e8:	ea cf       	rjmp	.-44     	; 0x73be <__ultoa_invert+0x58>
    73ea:	b4 e0       	ldi	r27, 0x04	; 4
    73ec:	a6 95       	lsr	r26
    73ee:	97 95       	ror	r25
    73f0:	87 95       	ror	r24
    73f2:	77 95       	ror	r23
    73f4:	67 95       	ror	r22
    73f6:	ba 95       	dec	r27
    73f8:	c9 f7       	brne	.-14     	; 0x73ec <__ultoa_invert+0x86>
    73fa:	00 97       	sbiw	r24, 0x00	; 0
    73fc:	61 05       	cpc	r22, r1
    73fe:	71 05       	cpc	r23, r1
    7400:	08 95       	ret
    7402:	9b 01       	movw	r18, r22
    7404:	ac 01       	movw	r20, r24
    7406:	0a 2e       	mov	r0, r26
    7408:	06 94       	lsr	r0
    740a:	57 95       	ror	r21
    740c:	47 95       	ror	r20
    740e:	37 95       	ror	r19
    7410:	27 95       	ror	r18
    7412:	ba 95       	dec	r27
    7414:	c9 f7       	brne	.-14     	; 0x7408 <__ultoa_invert+0xa2>
    7416:	62 0f       	add	r22, r18
    7418:	73 1f       	adc	r23, r19
    741a:	84 1f       	adc	r24, r20
    741c:	95 1f       	adc	r25, r21
    741e:	a0 1d       	adc	r26, r0
    7420:	08 95       	ret

00007422 <__eerd_block_m32>:
    7422:	dc 01       	movw	r26, r24
    7424:	cb 01       	movw	r24, r22

00007426 <__eerd_blraw_m32>:
    7426:	fc 01       	movw	r30, r24
    7428:	e1 99       	sbic	0x1c, 1	; 28
    742a:	fe cf       	rjmp	.-4      	; 0x7428 <__eerd_blraw_m32+0x2>
    742c:	06 c0       	rjmp	.+12     	; 0x743a <__eerd_blraw_m32+0x14>
    742e:	ff bb       	out	0x1f, r31	; 31
    7430:	ee bb       	out	0x1e, r30	; 30
    7432:	e0 9a       	sbi	0x1c, 0	; 28
    7434:	31 96       	adiw	r30, 0x01	; 1
    7436:	0d b2       	in	r0, 0x1d	; 29
    7438:	0d 92       	st	X+, r0
    743a:	41 50       	subi	r20, 0x01	; 1
    743c:	50 40       	sbci	r21, 0x00	; 0
    743e:	b8 f7       	brcc	.-18     	; 0x742e <__eerd_blraw_m32+0x8>
    7440:	08 95       	ret

00007442 <__divmodsi4>:
    7442:	05 2e       	mov	r0, r21
    7444:	97 fb       	bst	r25, 7
    7446:	1e f4       	brtc	.+6      	; 0x744e <__divmodsi4+0xc>
    7448:	00 94       	com	r0
    744a:	0e 94 38 3a 	call	0x7470	; 0x7470 <__negsi2>
    744e:	57 fd       	sbrc	r21, 7
    7450:	07 d0       	rcall	.+14     	; 0x7460 <__divmodsi4_neg2>
    7452:	0e 94 7f 3a 	call	0x74fe	; 0x74fe <__udivmodsi4>
    7456:	07 fc       	sbrc	r0, 7
    7458:	03 d0       	rcall	.+6      	; 0x7460 <__divmodsi4_neg2>
    745a:	4e f4       	brtc	.+18     	; 0x746e <__divmodsi4_exit>
    745c:	0c 94 38 3a 	jmp	0x7470	; 0x7470 <__negsi2>

00007460 <__divmodsi4_neg2>:
    7460:	50 95       	com	r21
    7462:	40 95       	com	r20
    7464:	30 95       	com	r19
    7466:	21 95       	neg	r18
    7468:	3f 4f       	sbci	r19, 0xFF	; 255
    746a:	4f 4f       	sbci	r20, 0xFF	; 255
    746c:	5f 4f       	sbci	r21, 0xFF	; 255

0000746e <__divmodsi4_exit>:
    746e:	08 95       	ret

00007470 <__negsi2>:
    7470:	90 95       	com	r25
    7472:	80 95       	com	r24
    7474:	70 95       	com	r23
    7476:	61 95       	neg	r22
    7478:	7f 4f       	sbci	r23, 0xFF	; 255
    747a:	8f 4f       	sbci	r24, 0xFF	; 255
    747c:	9f 4f       	sbci	r25, 0xFF	; 255
    747e:	08 95       	ret

00007480 <__mulshisi3>:
    7480:	b7 ff       	sbrs	r27, 7
    7482:	0c 94 7a 33 	jmp	0x66f4	; 0x66f4 <__muluhisi3>

00007486 <__mulohisi3>:
    7486:	0e 94 7a 33 	call	0x66f4	; 0x66f4 <__muluhisi3>
    748a:	82 1b       	sub	r24, r18
    748c:	93 0b       	sbc	r25, r19
    748e:	08 95       	ret

00007490 <__prologue_saves__>:
    7490:	2f 92       	push	r2
    7492:	3f 92       	push	r3
    7494:	4f 92       	push	r4
    7496:	5f 92       	push	r5
    7498:	6f 92       	push	r6
    749a:	7f 92       	push	r7
    749c:	8f 92       	push	r8
    749e:	9f 92       	push	r9
    74a0:	af 92       	push	r10
    74a2:	bf 92       	push	r11
    74a4:	cf 92       	push	r12
    74a6:	df 92       	push	r13
    74a8:	ef 92       	push	r14
    74aa:	ff 92       	push	r15
    74ac:	0f 93       	push	r16
    74ae:	1f 93       	push	r17
    74b0:	cf 93       	push	r28
    74b2:	df 93       	push	r29
    74b4:	cd b7       	in	r28, 0x3d	; 61
    74b6:	de b7       	in	r29, 0x3e	; 62
    74b8:	ca 1b       	sub	r28, r26
    74ba:	db 0b       	sbc	r29, r27
    74bc:	0f b6       	in	r0, 0x3f	; 63
    74be:	f8 94       	cli
    74c0:	de bf       	out	0x3e, r29	; 62
    74c2:	0f be       	out	0x3f, r0	; 63
    74c4:	cd bf       	out	0x3d, r28	; 61
    74c6:	09 94       	ijmp

000074c8 <__epilogue_restores__>:
    74c8:	2a 88       	ldd	r2, Y+18	; 0x12
    74ca:	39 88       	ldd	r3, Y+17	; 0x11
    74cc:	48 88       	ldd	r4, Y+16	; 0x10
    74ce:	5f 84       	ldd	r5, Y+15	; 0x0f
    74d0:	6e 84       	ldd	r6, Y+14	; 0x0e
    74d2:	7d 84       	ldd	r7, Y+13	; 0x0d
    74d4:	8c 84       	ldd	r8, Y+12	; 0x0c
    74d6:	9b 84       	ldd	r9, Y+11	; 0x0b
    74d8:	aa 84       	ldd	r10, Y+10	; 0x0a
    74da:	b9 84       	ldd	r11, Y+9	; 0x09
    74dc:	c8 84       	ldd	r12, Y+8	; 0x08
    74de:	df 80       	ldd	r13, Y+7	; 0x07
    74e0:	ee 80       	ldd	r14, Y+6	; 0x06
    74e2:	fd 80       	ldd	r15, Y+5	; 0x05
    74e4:	0c 81       	ldd	r16, Y+4	; 0x04
    74e6:	1b 81       	ldd	r17, Y+3	; 0x03
    74e8:	aa 81       	ldd	r26, Y+2	; 0x02
    74ea:	b9 81       	ldd	r27, Y+1	; 0x01
    74ec:	ce 0f       	add	r28, r30
    74ee:	d1 1d       	adc	r29, r1
    74f0:	0f b6       	in	r0, 0x3f	; 63
    74f2:	f8 94       	cli
    74f4:	de bf       	out	0x3e, r29	; 62
    74f6:	0f be       	out	0x3f, r0	; 63
    74f8:	cd bf       	out	0x3d, r28	; 61
    74fa:	ed 01       	movw	r28, r26
    74fc:	08 95       	ret

000074fe <__udivmodsi4>:
    74fe:	a1 e2       	ldi	r26, 0x21	; 33
    7500:	1a 2e       	mov	r1, r26
    7502:	aa 1b       	sub	r26, r26
    7504:	bb 1b       	sub	r27, r27
    7506:	fd 01       	movw	r30, r26
    7508:	0d c0       	rjmp	.+26     	; 0x7524 <__udivmodsi4_ep>

0000750a <__udivmodsi4_loop>:
    750a:	aa 1f       	adc	r26, r26
    750c:	bb 1f       	adc	r27, r27
    750e:	ee 1f       	adc	r30, r30
    7510:	ff 1f       	adc	r31, r31
    7512:	a2 17       	cp	r26, r18
    7514:	b3 07       	cpc	r27, r19
    7516:	e4 07       	cpc	r30, r20
    7518:	f5 07       	cpc	r31, r21
    751a:	20 f0       	brcs	.+8      	; 0x7524 <__udivmodsi4_ep>
    751c:	a2 1b       	sub	r26, r18
    751e:	b3 0b       	sbc	r27, r19
    7520:	e4 0b       	sbc	r30, r20
    7522:	f5 0b       	sbc	r31, r21

00007524 <__udivmodsi4_ep>:
    7524:	66 1f       	adc	r22, r22
    7526:	77 1f       	adc	r23, r23
    7528:	88 1f       	adc	r24, r24
    752a:	99 1f       	adc	r25, r25
    752c:	1a 94       	dec	r1
    752e:	69 f7       	brne	.-38     	; 0x750a <__udivmodsi4_loop>
    7530:	60 95       	com	r22
    7532:	70 95       	com	r23
    7534:	80 95       	com	r24
    7536:	90 95       	com	r25
    7538:	9b 01       	movw	r18, r22
    753a:	ac 01       	movw	r20, r24
    753c:	bd 01       	movw	r22, r26
    753e:	cf 01       	movw	r24, r30
    7540:	08 95       	ret

00007542 <_exit>:
    7542:	f8 94       	cli

00007544 <__stop_program>:
    7544:	ff cf       	rjmp	.-2      	; 0x7544 <__stop_program>
