
bin\Debug\Projekt_wyœwietlacz.elf:     file format elf32-avr

Sections:
Idx Name          Size      VMA       LMA       File off  Algn
  0 .text         0000173c  00000000  00000000  00000074  2**1
                  CONTENTS, ALLOC, LOAD, READONLY, CODE
  1 .data         00000008  00800060  0000173c  000017b0  2**0
                  CONTENTS, ALLOC, LOAD, DATA
  2 .debug_aranges 000001a0  00000000  00000000  000017b8  2**0
                  CONTENTS, READONLY, DEBUGGING
  3 .debug_pubnames 00000251  00000000  00000000  00001958  2**0
                  CONTENTS, READONLY, DEBUGGING
  4 .debug_info   0000255b  00000000  00000000  00001ba9  2**0
                  CONTENTS, READONLY, DEBUGGING
  5 .debug_abbrev 00001247  00000000  00000000  00004104  2**0
                  CONTENTS, READONLY, DEBUGGING
  6 .debug_line   0000156d  00000000  00000000  0000534b  2**0
                  CONTENTS, READONLY, DEBUGGING
  7 .debug_frame  00000240  00000000  00000000  000068b8  2**2
                  CONTENTS, READONLY, DEBUGGING
  8 .debug_str    0000040c  00000000  00000000  00006af8  2**0
                  CONTENTS, READONLY, DEBUGGING
  9 .debug_loc    0000088e  00000000  00000000  00006f04  2**0
                  CONTENTS, READONLY, DEBUGGING
 10 .debug_ranges 00000050  00000000  00000000  00007792  2**0
                  CONTENTS, READONLY, DEBUGGING

Disassembly of section .text:

00000000 <__vectors>:
       0:	0c 94 2a 00 	jmp	0x54	; 0x54 <__ctors_end>
       4:	0c 94 3f 00 	jmp	0x7e	; 0x7e <__bad_interrupt>
       8:	0c 94 3f 00 	jmp	0x7e	; 0x7e <__bad_interrupt>
       c:	0c 94 3f 00 	jmp	0x7e	; 0x7e <__bad_interrupt>
      10:	0c 94 3f 00 	jmp	0x7e	; 0x7e <__bad_interrupt>
      14:	0c 94 3f 00 	jmp	0x7e	; 0x7e <__bad_interrupt>
      18:	0c 94 3f 00 	jmp	0x7e	; 0x7e <__bad_interrupt>
      1c:	0c 94 3f 00 	jmp	0x7e	; 0x7e <__bad_interrupt>
      20:	0c 94 3f 00 	jmp	0x7e	; 0x7e <__bad_interrupt>
      24:	0c 94 3f 00 	jmp	0x7e	; 0x7e <__bad_interrupt>
      28:	0c 94 3f 00 	jmp	0x7e	; 0x7e <__bad_interrupt>
      2c:	0c 94 3f 00 	jmp	0x7e	; 0x7e <__bad_interrupt>
      30:	0c 94 3f 00 	jmp	0x7e	; 0x7e <__bad_interrupt>
      34:	0c 94 3f 00 	jmp	0x7e	; 0x7e <__bad_interrupt>
      38:	0c 94 3f 00 	jmp	0x7e	; 0x7e <__bad_interrupt>
      3c:	0c 94 3f 00 	jmp	0x7e	; 0x7e <__bad_interrupt>
      40:	0c 94 3f 00 	jmp	0x7e	; 0x7e <__bad_interrupt>
      44:	0c 94 3f 00 	jmp	0x7e	; 0x7e <__bad_interrupt>
      48:	0c 94 3f 00 	jmp	0x7e	; 0x7e <__bad_interrupt>
      4c:	0c 94 3f 00 	jmp	0x7e	; 0x7e <__bad_interrupt>
      50:	0c 94 3f 00 	jmp	0x7e	; 0x7e <__bad_interrupt>

00000054 <__ctors_end>:
      54:	11 24       	eor	r1, r1
      56:	1f be       	out	0x3f, r1	; 63
      58:	cf e5       	ldi	r28, 0x5F	; 95
      5a:	d4 e0       	ldi	r29, 0x04	; 4
      5c:	de bf       	out	0x3e, r29	; 62
      5e:	cd bf       	out	0x3d, r28	; 61

00000060 <__do_copy_data>:
      60:	10 e0       	ldi	r17, 0x00	; 0
      62:	a0 e6       	ldi	r26, 0x60	; 96
      64:	b0 e0       	ldi	r27, 0x00	; 0
      66:	ec e3       	ldi	r30, 0x3C	; 60
      68:	f7 e1       	ldi	r31, 0x17	; 23
      6a:	02 c0       	rjmp	.+4      	; 0x70 <.do_copy_data_start>

0000006c <.do_copy_data_loop>:
      6c:	05 90       	lpm	r0, Z+
      6e:	0d 92       	st	X+, r0

00000070 <.do_copy_data_start>:
      70:	a8 36       	cpi	r26, 0x68	; 104
      72:	b1 07       	cpc	r27, r17
      74:	d9 f7       	brne	.-10     	; 0x6c <.do_copy_data_loop>
      76:	0e 94 5a 05 	call	0xab4	; 0xab4 <main>
      7a:	0c 94 9c 0b 	jmp	0x1738	; 0x1738 <_exit>

0000007e <__bad_interrupt>:
      7e:	0c 94 00 00 	jmp	0	; 0x0 <__vectors>

00000082 <_LCD_OutNibble>:
//
// Funkcja wystawiaj¹ca pó³bajt na magistralê danych
//
//-------------------------------------------------------------------------------------------------
void _LCD_OutNibble(unsigned char nibbleToWrite)
{
      82:	df 93       	push	r29
      84:	cf 93       	push	r28
      86:	0f 92       	push	r0
      88:	cd b7       	in	r28, 0x3d	; 61
      8a:	de b7       	in	r29, 0x3e	; 62
      8c:	89 83       	std	Y+1, r24	; 0x01
if(nibbleToWrite & 0x01)
      8e:	89 81       	ldd	r24, Y+1	; 0x01
      90:	88 2f       	mov	r24, r24
      92:	90 e0       	ldi	r25, 0x00	; 0
      94:	81 70       	andi	r24, 0x01	; 1
      96:	90 70       	andi	r25, 0x00	; 0
      98:	88 23       	and	r24, r24
      9a:	41 f0       	breq	.+16     	; 0xac <_LCD_OutNibble+0x2a>
	LCD_DB4_PORT |= LCD_DB4;
      9c:	a2 e3       	ldi	r26, 0x32	; 50
      9e:	b0 e0       	ldi	r27, 0x00	; 0
      a0:	e2 e3       	ldi	r30, 0x32	; 50
      a2:	f0 e0       	ldi	r31, 0x00	; 0
      a4:	80 81       	ld	r24, Z
      a6:	80 61       	ori	r24, 0x10	; 16
      a8:	8c 93       	st	X, r24
      aa:	07 c0       	rjmp	.+14     	; 0xba <_LCD_OutNibble+0x38>
else
	LCD_DB4_PORT  &= ~LCD_DB4;
      ac:	a2 e3       	ldi	r26, 0x32	; 50
      ae:	b0 e0       	ldi	r27, 0x00	; 0
      b0:	e2 e3       	ldi	r30, 0x32	; 50
      b2:	f0 e0       	ldi	r31, 0x00	; 0
      b4:	80 81       	ld	r24, Z
      b6:	8f 7e       	andi	r24, 0xEF	; 239
      b8:	8c 93       	st	X, r24

if(nibbleToWrite & 0x02)
      ba:	89 81       	ldd	r24, Y+1	; 0x01
      bc:	88 2f       	mov	r24, r24
      be:	90 e0       	ldi	r25, 0x00	; 0
      c0:	82 70       	andi	r24, 0x02	; 2
      c2:	90 70       	andi	r25, 0x00	; 0
      c4:	00 97       	sbiw	r24, 0x00	; 0
      c6:	41 f0       	breq	.+16     	; 0xd8 <_LCD_OutNibble+0x56>
	LCD_DB5_PORT |= LCD_DB5;
      c8:	a2 e3       	ldi	r26, 0x32	; 50
      ca:	b0 e0       	ldi	r27, 0x00	; 0
      cc:	e2 e3       	ldi	r30, 0x32	; 50
      ce:	f0 e0       	ldi	r31, 0x00	; 0
      d0:	80 81       	ld	r24, Z
      d2:	80 62       	ori	r24, 0x20	; 32
      d4:	8c 93       	st	X, r24
      d6:	07 c0       	rjmp	.+14     	; 0xe6 <_LCD_OutNibble+0x64>
else
	LCD_DB5_PORT  &= ~LCD_DB5;
      d8:	a2 e3       	ldi	r26, 0x32	; 50
      da:	b0 e0       	ldi	r27, 0x00	; 0
      dc:	e2 e3       	ldi	r30, 0x32	; 50
      de:	f0 e0       	ldi	r31, 0x00	; 0
      e0:	80 81       	ld	r24, Z
      e2:	8f 7d       	andi	r24, 0xDF	; 223
      e4:	8c 93       	st	X, r24

if(nibbleToWrite & 0x04)
      e6:	89 81       	ldd	r24, Y+1	; 0x01
      e8:	88 2f       	mov	r24, r24
      ea:	90 e0       	ldi	r25, 0x00	; 0
      ec:	84 70       	andi	r24, 0x04	; 4
      ee:	90 70       	andi	r25, 0x00	; 0
      f0:	00 97       	sbiw	r24, 0x00	; 0
      f2:	41 f0       	breq	.+16     	; 0x104 <_LCD_OutNibble+0x82>
	LCD_DB6_PORT |= LCD_DB6;
      f4:	a2 e3       	ldi	r26, 0x32	; 50
      f6:	b0 e0       	ldi	r27, 0x00	; 0
      f8:	e2 e3       	ldi	r30, 0x32	; 50
      fa:	f0 e0       	ldi	r31, 0x00	; 0
      fc:	80 81       	ld	r24, Z
      fe:	80 64       	ori	r24, 0x40	; 64
     100:	8c 93       	st	X, r24
     102:	07 c0       	rjmp	.+14     	; 0x112 <_LCD_OutNibble+0x90>
else
	LCD_DB6_PORT  &= ~LCD_DB6;
     104:	a2 e3       	ldi	r26, 0x32	; 50
     106:	b0 e0       	ldi	r27, 0x00	; 0
     108:	e2 e3       	ldi	r30, 0x32	; 50
     10a:	f0 e0       	ldi	r31, 0x00	; 0
     10c:	80 81       	ld	r24, Z
     10e:	8f 7b       	andi	r24, 0xBF	; 191
     110:	8c 93       	st	X, r24

if(nibbleToWrite & 0x08)
     112:	89 81       	ldd	r24, Y+1	; 0x01
     114:	88 2f       	mov	r24, r24
     116:	90 e0       	ldi	r25, 0x00	; 0
     118:	88 70       	andi	r24, 0x08	; 8
     11a:	90 70       	andi	r25, 0x00	; 0
     11c:	00 97       	sbiw	r24, 0x00	; 0
     11e:	41 f0       	breq	.+16     	; 0x130 <_LCD_OutNibble+0xae>
	LCD_DB7_PORT |= LCD_DB7;
     120:	a2 e3       	ldi	r26, 0x32	; 50
     122:	b0 e0       	ldi	r27, 0x00	; 0
     124:	e2 e3       	ldi	r30, 0x32	; 50
     126:	f0 e0       	ldi	r31, 0x00	; 0
     128:	80 81       	ld	r24, Z
     12a:	80 68       	ori	r24, 0x80	; 128
     12c:	8c 93       	st	X, r24
     12e:	07 c0       	rjmp	.+14     	; 0x13e <_LCD_OutNibble+0xbc>
else
	LCD_DB7_PORT  &= ~LCD_DB7;
     130:	a2 e3       	ldi	r26, 0x32	; 50
     132:	b0 e0       	ldi	r27, 0x00	; 0
     134:	e2 e3       	ldi	r30, 0x32	; 50
     136:	f0 e0       	ldi	r31, 0x00	; 0
     138:	80 81       	ld	r24, Z
     13a:	8f 77       	andi	r24, 0x7F	; 127
     13c:	8c 93       	st	X, r24
}
     13e:	0f 90       	pop	r0
     140:	cf 91       	pop	r28
     142:	df 91       	pop	r29
     144:	08 95       	ret

00000146 <_LCD_Write>:
//
// Funkcja zapisu bajtu do wyœwietacza (bez rozró¿nienia instrukcja/dane).
//
//-------------------------------------------------------------------------------------------------
void _LCD_Write(unsigned char dataToWrite)
{
     146:	df 93       	push	r29
     148:	cf 93       	push	r28
     14a:	cd b7       	in	r28, 0x3d	; 61
     14c:	de b7       	in	r29, 0x3e	; 62
     14e:	69 97       	sbiw	r28, 0x19	; 25
     150:	0f b6       	in	r0, 0x3f	; 63
     152:	f8 94       	cli
     154:	de bf       	out	0x3e, r29	; 62
     156:	0f be       	out	0x3f, r0	; 63
     158:	cd bf       	out	0x3d, r28	; 61
     15a:	89 8f       	std	Y+25, r24	; 0x19
LCD_E_PORT |= LCD_E;
     15c:	a8 e3       	ldi	r26, 0x38	; 56
     15e:	b0 e0       	ldi	r27, 0x00	; 0
     160:	e8 e3       	ldi	r30, 0x38	; 56
     162:	f0 e0       	ldi	r31, 0x00	; 0
     164:	80 81       	ld	r24, Z
     166:	82 60       	ori	r24, 0x02	; 2
     168:	8c 93       	st	X, r24
_LCD_OutNibble(dataToWrite >> 4);
     16a:	89 8d       	ldd	r24, Y+25	; 0x19
     16c:	82 95       	swap	r24
     16e:	8f 70       	andi	r24, 0x0F	; 15
     170:	0e 94 41 00 	call	0x82	; 0x82 <_LCD_OutNibble>
LCD_E_PORT &= ~LCD_E;
     174:	a8 e3       	ldi	r26, 0x38	; 56
     176:	b0 e0       	ldi	r27, 0x00	; 0
     178:	e8 e3       	ldi	r30, 0x38	; 56
     17a:	f0 e0       	ldi	r31, 0x00	; 0
     17c:	80 81       	ld	r24, Z
     17e:	8d 7f       	andi	r24, 0xFD	; 253
     180:	8c 93       	st	X, r24
LCD_E_PORT |= LCD_E;
     182:	a8 e3       	ldi	r26, 0x38	; 56
     184:	b0 e0       	ldi	r27, 0x00	; 0
     186:	e8 e3       	ldi	r30, 0x38	; 56
     188:	f0 e0       	ldi	r31, 0x00	; 0
     18a:	80 81       	ld	r24, Z
     18c:	82 60       	ori	r24, 0x02	; 2
     18e:	8c 93       	st	X, r24
_LCD_OutNibble(dataToWrite);
     190:	89 8d       	ldd	r24, Y+25	; 0x19
     192:	0e 94 41 00 	call	0x82	; 0x82 <_LCD_OutNibble>
LCD_E_PORT &= ~LCD_E;
     196:	a8 e3       	ldi	r26, 0x38	; 56
     198:	b0 e0       	ldi	r27, 0x00	; 0
     19a:	e8 e3       	ldi	r30, 0x38	; 56
     19c:	f0 e0       	ldi	r31, 0x00	; 0
     19e:	80 81       	ld	r24, Z
     1a0:	8d 7f       	andi	r24, 0xFD	; 253
     1a2:	8c 93       	st	X, r24
     1a4:	80 e0       	ldi	r24, 0x00	; 0
     1a6:	90 e0       	ldi	r25, 0x00	; 0
     1a8:	a8 e4       	ldi	r26, 0x48	; 72
     1aa:	b2 e4       	ldi	r27, 0x42	; 66
     1ac:	8d 8b       	std	Y+21, r24	; 0x15
     1ae:	9e 8b       	std	Y+22, r25	; 0x16
     1b0:	af 8b       	std	Y+23, r26	; 0x17
     1b2:	b8 8f       	std	Y+24, r27	; 0x18
 */
void
_delay_us(double __us)
{
	uint8_t __ticks;
	double __tmp = ((F_CPU) / 3e6) * __us;
     1b4:	6d 89       	ldd	r22, Y+21	; 0x15
     1b6:	7e 89       	ldd	r23, Y+22	; 0x16
     1b8:	8f 89       	ldd	r24, Y+23	; 0x17
     1ba:	98 8d       	ldd	r25, Y+24	; 0x18
     1bc:	2b ea       	ldi	r18, 0xAB	; 171
     1be:	3a ea       	ldi	r19, 0xAA	; 170
     1c0:	4a ea       	ldi	r20, 0xAA	; 170
     1c2:	50 e4       	ldi	r21, 0x40	; 64
     1c4:	0e 94 35 07 	call	0xe6a	; 0xe6a <__mulsf3>
     1c8:	dc 01       	movw	r26, r24
     1ca:	cb 01       	movw	r24, r22
     1cc:	89 8b       	std	Y+17, r24	; 0x11
     1ce:	9a 8b       	std	Y+18, r25	; 0x12
     1d0:	ab 8b       	std	Y+19, r26	; 0x13
     1d2:	bc 8b       	std	Y+20, r27	; 0x14
	if (__tmp < 1.0)
     1d4:	69 89       	ldd	r22, Y+17	; 0x11
     1d6:	7a 89       	ldd	r23, Y+18	; 0x12
     1d8:	8b 89       	ldd	r24, Y+19	; 0x13
     1da:	9c 89       	ldd	r25, Y+20	; 0x14
     1dc:	20 e0       	ldi	r18, 0x00	; 0
     1de:	30 e0       	ldi	r19, 0x00	; 0
     1e0:	40 e8       	ldi	r20, 0x80	; 128
     1e2:	5f e3       	ldi	r21, 0x3F	; 63
     1e4:	0e 94 3b 09 	call	0x1276	; 0x1276 <__ltsf2>
     1e8:	88 23       	and	r24, r24
     1ea:	1c f4       	brge	.+6      	; 0x1f2 <_LCD_Write+0xac>
		__ticks = 1;
     1ec:	81 e0       	ldi	r24, 0x01	; 1
     1ee:	88 8b       	std	Y+16, r24	; 0x10
     1f0:	91 c0       	rjmp	.+290    	; 0x314 <_LCD_Write+0x1ce>
	else if (__tmp > 255)
     1f2:	69 89       	ldd	r22, Y+17	; 0x11
     1f4:	7a 89       	ldd	r23, Y+18	; 0x12
     1f6:	8b 89       	ldd	r24, Y+19	; 0x13
     1f8:	9c 89       	ldd	r25, Y+20	; 0x14
     1fa:	20 e0       	ldi	r18, 0x00	; 0
     1fc:	30 e0       	ldi	r19, 0x00	; 0
     1fe:	4f e7       	ldi	r20, 0x7F	; 127
     200:	53 e4       	ldi	r21, 0x43	; 67
     202:	0e 94 db 08 	call	0x11b6	; 0x11b6 <__gtsf2>
     206:	18 16       	cp	r1, r24
     208:	0c f0       	brlt	.+2      	; 0x20c <_LCD_Write+0xc6>
     20a:	7b c0       	rjmp	.+246    	; 0x302 <_LCD_Write+0x1bc>
	{
		_delay_ms(__us / 1000.0);
     20c:	6d 89       	ldd	r22, Y+21	; 0x15
     20e:	7e 89       	ldd	r23, Y+22	; 0x16
     210:	8f 89       	ldd	r24, Y+23	; 0x17
     212:	98 8d       	ldd	r25, Y+24	; 0x18
     214:	20 e0       	ldi	r18, 0x00	; 0
     216:	30 e0       	ldi	r19, 0x00	; 0
     218:	4a e7       	ldi	r20, 0x7A	; 122
     21a:	54 e4       	ldi	r21, 0x44	; 68
     21c:	0e 94 2f 08 	call	0x105e	; 0x105e <__divsf3>
     220:	dc 01       	movw	r26, r24
     222:	cb 01       	movw	r24, r22
     224:	8c 87       	std	Y+12, r24	; 0x0c
     226:	9d 87       	std	Y+13, r25	; 0x0d
     228:	ae 87       	std	Y+14, r26	; 0x0e
     22a:	bf 87       	std	Y+15, r27	; 0x0f
 */
void
_delay_ms(double __ms)
{
	uint16_t __ticks;
	double __tmp = ((F_CPU) / 4e3) * __ms;
     22c:	6c 85       	ldd	r22, Y+12	; 0x0c
     22e:	7d 85       	ldd	r23, Y+13	; 0x0d
     230:	8e 85       	ldd	r24, Y+14	; 0x0e
     232:	9f 85       	ldd	r25, Y+15	; 0x0f
     234:	20 e0       	ldi	r18, 0x00	; 0
     236:	30 e0       	ldi	r19, 0x00	; 0
     238:	4a e7       	ldi	r20, 0x7A	; 122
     23a:	55 e4       	ldi	r21, 0x45	; 69
     23c:	0e 94 35 07 	call	0xe6a	; 0xe6a <__mulsf3>
     240:	dc 01       	movw	r26, r24
     242:	cb 01       	movw	r24, r22
     244:	88 87       	std	Y+8, r24	; 0x08
     246:	99 87       	std	Y+9, r25	; 0x09
     248:	aa 87       	std	Y+10, r26	; 0x0a
     24a:	bb 87       	std	Y+11, r27	; 0x0b
	if (__tmp < 1.0)
     24c:	68 85       	ldd	r22, Y+8	; 0x08
     24e:	79 85       	ldd	r23, Y+9	; 0x09
     250:	8a 85       	ldd	r24, Y+10	; 0x0a
     252:	9b 85       	ldd	r25, Y+11	; 0x0b
     254:	20 e0       	ldi	r18, 0x00	; 0
     256:	30 e0       	ldi	r19, 0x00	; 0
     258:	40 e8       	ldi	r20, 0x80	; 128
     25a:	5f e3       	ldi	r21, 0x3F	; 63
     25c:	0e 94 3b 09 	call	0x1276	; 0x1276 <__ltsf2>
     260:	88 23       	and	r24, r24
     262:	2c f4       	brge	.+10     	; 0x26e <_LCD_Write+0x128>
		__ticks = 1;
     264:	81 e0       	ldi	r24, 0x01	; 1
     266:	90 e0       	ldi	r25, 0x00	; 0
     268:	9f 83       	std	Y+7, r25	; 0x07
     26a:	8e 83       	std	Y+6, r24	; 0x06
     26c:	3f c0       	rjmp	.+126    	; 0x2ec <_LCD_Write+0x1a6>
	else if (__tmp > 65535)
     26e:	68 85       	ldd	r22, Y+8	; 0x08
     270:	79 85       	ldd	r23, Y+9	; 0x09
     272:	8a 85       	ldd	r24, Y+10	; 0x0a
     274:	9b 85       	ldd	r25, Y+11	; 0x0b
     276:	20 e0       	ldi	r18, 0x00	; 0
     278:	3f ef       	ldi	r19, 0xFF	; 255
     27a:	4f e7       	ldi	r20, 0x7F	; 127
     27c:	57 e4       	ldi	r21, 0x47	; 71
     27e:	0e 94 db 08 	call	0x11b6	; 0x11b6 <__gtsf2>
     282:	18 16       	cp	r1, r24
     284:	4c f5       	brge	.+82     	; 0x2d8 <_LCD_Write+0x192>
	{
		//	__ticks = requested delay in 1/10 ms
		__ticks = (uint16_t) (__ms * 10.0);
     286:	6c 85       	ldd	r22, Y+12	; 0x0c
     288:	7d 85       	ldd	r23, Y+13	; 0x0d
     28a:	8e 85       	ldd	r24, Y+14	; 0x0e
     28c:	9f 85       	ldd	r25, Y+15	; 0x0f
     28e:	20 e0       	ldi	r18, 0x00	; 0
     290:	30 e0       	ldi	r19, 0x00	; 0
     292:	40 e2       	ldi	r20, 0x20	; 32
     294:	51 e4       	ldi	r21, 0x41	; 65
     296:	0e 94 35 07 	call	0xe6a	; 0xe6a <__mulsf3>
     29a:	dc 01       	movw	r26, r24
     29c:	cb 01       	movw	r24, r22
     29e:	bc 01       	movw	r22, r24
     2a0:	cd 01       	movw	r24, r26
     2a2:	0e 94 5f 05 	call	0xabe	; 0xabe <__fixunssfsi>
     2a6:	dc 01       	movw	r26, r24
     2a8:	cb 01       	movw	r24, r22
     2aa:	9f 83       	std	Y+7, r25	; 0x07
     2ac:	8e 83       	std	Y+6, r24	; 0x06
     2ae:	0f c0       	rjmp	.+30     	; 0x2ce <_LCD_Write+0x188>
     2b0:	80 e9       	ldi	r24, 0x90	; 144
     2b2:	91 e0       	ldi	r25, 0x01	; 1
     2b4:	9d 83       	std	Y+5, r25	; 0x05
     2b6:	8c 83       	std	Y+4, r24	; 0x04
    milliseconds can be achieved.
 */
void
_delay_loop_2(uint16_t __count)
{
	__asm__ volatile (
     2b8:	8c 81       	ldd	r24, Y+4	; 0x04
     2ba:	9d 81       	ldd	r25, Y+5	; 0x05
     2bc:	01 97       	sbiw	r24, 0x01	; 1
     2be:	f1 f7       	brne	.-4      	; 0x2bc <_LCD_Write+0x176>
     2c0:	9d 83       	std	Y+5, r25	; 0x05
     2c2:	8c 83       	std	Y+4, r24	; 0x04
		while(__ticks)
		{
			// wait 1/10 ms
			_delay_loop_2(((F_CPU) / 4e3) / 10);
			__ticks --;
     2c4:	8e 81       	ldd	r24, Y+6	; 0x06
     2c6:	9f 81       	ldd	r25, Y+7	; 0x07
     2c8:	01 97       	sbiw	r24, 0x01	; 1
     2ca:	9f 83       	std	Y+7, r25	; 0x07
     2cc:	8e 83       	std	Y+6, r24	; 0x06
		__ticks = 1;
	else if (__tmp > 65535)
	{
		//	__ticks = requested delay in 1/10 ms
		__ticks = (uint16_t) (__ms * 10.0);
		while(__ticks)
     2ce:	8e 81       	ldd	r24, Y+6	; 0x06
     2d0:	9f 81       	ldd	r25, Y+7	; 0x07
     2d2:	00 97       	sbiw	r24, 0x00	; 0
     2d4:	69 f7       	brne	.-38     	; 0x2b0 <_LCD_Write+0x16a>
     2d6:	24 c0       	rjmp	.+72     	; 0x320 <_LCD_Write+0x1da>
			__ticks --;
		}
		return;
	}
	else
		__ticks = (uint16_t)__tmp;
     2d8:	68 85       	ldd	r22, Y+8	; 0x08
     2da:	79 85       	ldd	r23, Y+9	; 0x09
     2dc:	8a 85       	ldd	r24, Y+10	; 0x0a
     2de:	9b 85       	ldd	r25, Y+11	; 0x0b
     2e0:	0e 94 5f 05 	call	0xabe	; 0xabe <__fixunssfsi>
     2e4:	dc 01       	movw	r26, r24
     2e6:	cb 01       	movw	r24, r22
     2e8:	9f 83       	std	Y+7, r25	; 0x07
     2ea:	8e 83       	std	Y+6, r24	; 0x06
     2ec:	8e 81       	ldd	r24, Y+6	; 0x06
     2ee:	9f 81       	ldd	r25, Y+7	; 0x07
     2f0:	9b 83       	std	Y+3, r25	; 0x03
     2f2:	8a 83       	std	Y+2, r24	; 0x02
     2f4:	8a 81       	ldd	r24, Y+2	; 0x02
     2f6:	9b 81       	ldd	r25, Y+3	; 0x03
     2f8:	01 97       	sbiw	r24, 0x01	; 1
     2fa:	f1 f7       	brne	.-4      	; 0x2f8 <_LCD_Write+0x1b2>
     2fc:	9b 83       	std	Y+3, r25	; 0x03
     2fe:	8a 83       	std	Y+2, r24	; 0x02
     300:	0f c0       	rjmp	.+30     	; 0x320 <_LCD_Write+0x1da>
	{
		_delay_ms(__us / 1000.0);
		return;
	}
	else
		__ticks = (uint8_t)__tmp;
     302:	69 89       	ldd	r22, Y+17	; 0x11
     304:	7a 89       	ldd	r23, Y+18	; 0x12
     306:	8b 89       	ldd	r24, Y+19	; 0x13
     308:	9c 89       	ldd	r25, Y+20	; 0x14
     30a:	0e 94 5f 05 	call	0xabe	; 0xabe <__fixunssfsi>
     30e:	dc 01       	movw	r26, r24
     310:	cb 01       	movw	r24, r22
     312:	88 8b       	std	Y+16, r24	; 0x10
     314:	88 89       	ldd	r24, Y+16	; 0x10
     316:	89 83       	std	Y+1, r24	; 0x01
    can be achieved.
*/
void
_delay_loop_1(uint8_t __count)
{
	__asm__ volatile (
     318:	89 81       	ldd	r24, Y+1	; 0x01
     31a:	8a 95       	dec	r24
     31c:	f1 f7       	brne	.-4      	; 0x31a <_LCD_Write+0x1d4>
     31e:	89 83       	std	Y+1, r24	; 0x01
_delay_us(50);
}
     320:	69 96       	adiw	r28, 0x19	; 25
     322:	0f b6       	in	r0, 0x3f	; 63
     324:	f8 94       	cli
     326:	de bf       	out	0x3e, r29	; 62
     328:	0f be       	out	0x3f, r0	; 63
     32a:	cd bf       	out	0x3d, r28	; 61
     32c:	cf 91       	pop	r28
     32e:	df 91       	pop	r29
     330:	08 95       	ret

00000332 <LCD_WriteCommand>:
//
// Funkcja zapisu rozkazu do wyœwietlacza
//
//-------------------------------------------------------------------------------------------------
void LCD_WriteCommand(unsigned char commandToWrite)
{
     332:	df 93       	push	r29
     334:	cf 93       	push	r28
     336:	0f 92       	push	r0
     338:	cd b7       	in	r28, 0x3d	; 61
     33a:	de b7       	in	r29, 0x3e	; 62
     33c:	89 83       	std	Y+1, r24	; 0x01
LCD_RS_PORT &= ~LCD_RS;
     33e:	a8 e3       	ldi	r26, 0x38	; 56
     340:	b0 e0       	ldi	r27, 0x00	; 0
     342:	e8 e3       	ldi	r30, 0x38	; 56
     344:	f0 e0       	ldi	r31, 0x00	; 0
     346:	80 81       	ld	r24, Z
     348:	8b 7f       	andi	r24, 0xFB	; 251
     34a:	8c 93       	st	X, r24
_LCD_Write(commandToWrite);
     34c:	89 81       	ldd	r24, Y+1	; 0x01
     34e:	0e 94 a3 00 	call	0x146	; 0x146 <_LCD_Write>
}
     352:	0f 90       	pop	r0
     354:	cf 91       	pop	r28
     356:	df 91       	pop	r29
     358:	08 95       	ret

0000035a <LCD_WriteData>:
//
// Funkcja zapisu danych do pamiêci wyœwietlacza
//
//-------------------------------------------------------------------------------------------------
void LCD_WriteData(unsigned char dataToWrite)
{
     35a:	df 93       	push	r29
     35c:	cf 93       	push	r28
     35e:	0f 92       	push	r0
     360:	cd b7       	in	r28, 0x3d	; 61
     362:	de b7       	in	r29, 0x3e	; 62
     364:	89 83       	std	Y+1, r24	; 0x01
LCD_RS_PORT |= LCD_RS;
     366:	a8 e3       	ldi	r26, 0x38	; 56
     368:	b0 e0       	ldi	r27, 0x00	; 0
     36a:	e8 e3       	ldi	r30, 0x38	; 56
     36c:	f0 e0       	ldi	r31, 0x00	; 0
     36e:	80 81       	ld	r24, Z
     370:	84 60       	ori	r24, 0x04	; 4
     372:	8c 93       	st	X, r24
_LCD_Write(dataToWrite);
     374:	89 81       	ldd	r24, Y+1	; 0x01
     376:	0e 94 a3 00 	call	0x146	; 0x146 <_LCD_Write>
}
     37a:	0f 90       	pop	r0
     37c:	cf 91       	pop	r28
     37e:	df 91       	pop	r29
     380:	08 95       	ret

00000382 <LCD_WriteText>:
//
// Funkcja wyœwietlenia napisu na wyswietlaczu.
//
//-------------------------------------------------------------------------------------------------
void LCD_WriteText(char * text)
{
     382:	df 93       	push	r29
     384:	cf 93       	push	r28
     386:	00 d0       	rcall	.+0      	; 0x388 <LCD_WriteText+0x6>
     388:	cd b7       	in	r28, 0x3d	; 61
     38a:	de b7       	in	r29, 0x3e	; 62
     38c:	9a 83       	std	Y+2, r25	; 0x02
     38e:	89 83       	std	Y+1, r24	; 0x01
     390:	0c c0       	rjmp	.+24     	; 0x3aa <LCD_WriteText+0x28>
while(*text)
  LCD_WriteData(*text++);
     392:	e9 81       	ldd	r30, Y+1	; 0x01
     394:	fa 81       	ldd	r31, Y+2	; 0x02
     396:	80 81       	ld	r24, Z
     398:	28 2f       	mov	r18, r24
     39a:	89 81       	ldd	r24, Y+1	; 0x01
     39c:	9a 81       	ldd	r25, Y+2	; 0x02
     39e:	01 96       	adiw	r24, 0x01	; 1
     3a0:	9a 83       	std	Y+2, r25	; 0x02
     3a2:	89 83       	std	Y+1, r24	; 0x01
     3a4:	82 2f       	mov	r24, r18
     3a6:	0e 94 ad 01 	call	0x35a	; 0x35a <LCD_WriteData>
// Funkcja wyœwietlenia napisu na wyswietlaczu.
//
//-------------------------------------------------------------------------------------------------
void LCD_WriteText(char * text)
{
while(*text)
     3aa:	e9 81       	ldd	r30, Y+1	; 0x01
     3ac:	fa 81       	ldd	r31, Y+2	; 0x02
     3ae:	80 81       	ld	r24, Z
     3b0:	88 23       	and	r24, r24
     3b2:	79 f7       	brne	.-34     	; 0x392 <LCD_WriteText+0x10>
  LCD_WriteData(*text++);
}
     3b4:	0f 90       	pop	r0
     3b6:	0f 90       	pop	r0
     3b8:	cf 91       	pop	r28
     3ba:	df 91       	pop	r29
     3bc:	08 95       	ret

000003be <LCD_GoTo>:
//
// Funkcja ustawienia wspó³rzêdnych ekranowych
//
//-------------------------------------------------------------------------------------------------
void LCD_GoTo(unsigned char x, unsigned char y)
{
     3be:	df 93       	push	r29
     3c0:	cf 93       	push	r28
     3c2:	00 d0       	rcall	.+0      	; 0x3c4 <LCD_GoTo+0x6>
     3c4:	cd b7       	in	r28, 0x3d	; 61
     3c6:	de b7       	in	r29, 0x3e	; 62
     3c8:	89 83       	std	Y+1, r24	; 0x01
     3ca:	6a 83       	std	Y+2, r22	; 0x02
LCD_WriteCommand(HD44780_DDRAM_SET | (x + (0x40 * y)));
     3cc:	8a 81       	ldd	r24, Y+2	; 0x02
     3ce:	88 2f       	mov	r24, r24
     3d0:	90 e0       	ldi	r25, 0x00	; 0
     3d2:	00 24       	eor	r0, r0
     3d4:	96 95       	lsr	r25
     3d6:	87 95       	ror	r24
     3d8:	07 94       	ror	r0
     3da:	96 95       	lsr	r25
     3dc:	87 95       	ror	r24
     3de:	07 94       	ror	r0
     3e0:	98 2f       	mov	r25, r24
     3e2:	80 2d       	mov	r24, r0
     3e4:	98 2f       	mov	r25, r24
     3e6:	89 81       	ldd	r24, Y+1	; 0x01
     3e8:	89 0f       	add	r24, r25
     3ea:	80 68       	ori	r24, 0x80	; 128
     3ec:	0e 94 99 01 	call	0x332	; 0x332 <LCD_WriteCommand>
}
     3f0:	0f 90       	pop	r0
     3f2:	0f 90       	pop	r0
     3f4:	cf 91       	pop	r28
     3f6:	df 91       	pop	r29
     3f8:	08 95       	ret

000003fa <LCD_Clear>:
//
// Funkcja czyszczenia ekranu wyœwietlacza.
//
//-------------------------------------------------------------------------------------------------
void LCD_Clear(void)
{
     3fa:	df 93       	push	r29
     3fc:	cf 93       	push	r28
     3fe:	cd b7       	in	r28, 0x3d	; 61
     400:	de b7       	in	r29, 0x3e	; 62
     402:	2e 97       	sbiw	r28, 0x0e	; 14
     404:	0f b6       	in	r0, 0x3f	; 63
     406:	f8 94       	cli
     408:	de bf       	out	0x3e, r29	; 62
     40a:	0f be       	out	0x3f, r0	; 63
     40c:	cd bf       	out	0x3d, r28	; 61
LCD_WriteCommand(HD44780_CLEAR);
     40e:	81 e0       	ldi	r24, 0x01	; 1
     410:	0e 94 99 01 	call	0x332	; 0x332 <LCD_WriteCommand>
     414:	80 e0       	ldi	r24, 0x00	; 0
     416:	90 e0       	ldi	r25, 0x00	; 0
     418:	a0 e0       	ldi	r26, 0x00	; 0
     41a:	b0 e4       	ldi	r27, 0x40	; 64
     41c:	8b 87       	std	Y+11, r24	; 0x0b
     41e:	9c 87       	std	Y+12, r25	; 0x0c
     420:	ad 87       	std	Y+13, r26	; 0x0d
     422:	be 87       	std	Y+14, r27	; 0x0e
 */
void
_delay_ms(double __ms)
{
	uint16_t __ticks;
	double __tmp = ((F_CPU) / 4e3) * __ms;
     424:	6b 85       	ldd	r22, Y+11	; 0x0b
     426:	7c 85       	ldd	r23, Y+12	; 0x0c
     428:	8d 85       	ldd	r24, Y+13	; 0x0d
     42a:	9e 85       	ldd	r25, Y+14	; 0x0e
     42c:	20 e0       	ldi	r18, 0x00	; 0
     42e:	30 e0       	ldi	r19, 0x00	; 0
     430:	4a e7       	ldi	r20, 0x7A	; 122
     432:	55 e4       	ldi	r21, 0x45	; 69
     434:	0e 94 35 07 	call	0xe6a	; 0xe6a <__mulsf3>
     438:	dc 01       	movw	r26, r24
     43a:	cb 01       	movw	r24, r22
     43c:	8f 83       	std	Y+7, r24	; 0x07
     43e:	98 87       	std	Y+8, r25	; 0x08
     440:	a9 87       	std	Y+9, r26	; 0x09
     442:	ba 87       	std	Y+10, r27	; 0x0a
	if (__tmp < 1.0)
     444:	6f 81       	ldd	r22, Y+7	; 0x07
     446:	78 85       	ldd	r23, Y+8	; 0x08
     448:	89 85       	ldd	r24, Y+9	; 0x09
     44a:	9a 85       	ldd	r25, Y+10	; 0x0a
     44c:	20 e0       	ldi	r18, 0x00	; 0
     44e:	30 e0       	ldi	r19, 0x00	; 0
     450:	40 e8       	ldi	r20, 0x80	; 128
     452:	5f e3       	ldi	r21, 0x3F	; 63
     454:	0e 94 3b 09 	call	0x1276	; 0x1276 <__ltsf2>
     458:	88 23       	and	r24, r24
     45a:	2c f4       	brge	.+10     	; 0x466 <__stack+0x7>
		__ticks = 1;
     45c:	81 e0       	ldi	r24, 0x01	; 1
     45e:	90 e0       	ldi	r25, 0x00	; 0
     460:	9e 83       	std	Y+6, r25	; 0x06
     462:	8d 83       	std	Y+5, r24	; 0x05
     464:	3f c0       	rjmp	.+126    	; 0x4e4 <__stack+0x85>
	else if (__tmp > 65535)
     466:	6f 81       	ldd	r22, Y+7	; 0x07
     468:	78 85       	ldd	r23, Y+8	; 0x08
     46a:	89 85       	ldd	r24, Y+9	; 0x09
     46c:	9a 85       	ldd	r25, Y+10	; 0x0a
     46e:	20 e0       	ldi	r18, 0x00	; 0
     470:	3f ef       	ldi	r19, 0xFF	; 255
     472:	4f e7       	ldi	r20, 0x7F	; 127
     474:	57 e4       	ldi	r21, 0x47	; 71
     476:	0e 94 db 08 	call	0x11b6	; 0x11b6 <__gtsf2>
     47a:	18 16       	cp	r1, r24
     47c:	4c f5       	brge	.+82     	; 0x4d0 <__stack+0x71>
	{
		//	__ticks = requested delay in 1/10 ms
		__ticks = (uint16_t) (__ms * 10.0);
     47e:	6b 85       	ldd	r22, Y+11	; 0x0b
     480:	7c 85       	ldd	r23, Y+12	; 0x0c
     482:	8d 85       	ldd	r24, Y+13	; 0x0d
     484:	9e 85       	ldd	r25, Y+14	; 0x0e
     486:	20 e0       	ldi	r18, 0x00	; 0
     488:	30 e0       	ldi	r19, 0x00	; 0
     48a:	40 e2       	ldi	r20, 0x20	; 32
     48c:	51 e4       	ldi	r21, 0x41	; 65
     48e:	0e 94 35 07 	call	0xe6a	; 0xe6a <__mulsf3>
     492:	dc 01       	movw	r26, r24
     494:	cb 01       	movw	r24, r22
     496:	bc 01       	movw	r22, r24
     498:	cd 01       	movw	r24, r26
     49a:	0e 94 5f 05 	call	0xabe	; 0xabe <__fixunssfsi>
     49e:	dc 01       	movw	r26, r24
     4a0:	cb 01       	movw	r24, r22
     4a2:	9e 83       	std	Y+6, r25	; 0x06
     4a4:	8d 83       	std	Y+5, r24	; 0x05
     4a6:	0f c0       	rjmp	.+30     	; 0x4c6 <__stack+0x67>
     4a8:	80 e9       	ldi	r24, 0x90	; 144
     4aa:	91 e0       	ldi	r25, 0x01	; 1
     4ac:	9c 83       	std	Y+4, r25	; 0x04
     4ae:	8b 83       	std	Y+3, r24	; 0x03
    milliseconds can be achieved.
 */
void
_delay_loop_2(uint16_t __count)
{
	__asm__ volatile (
     4b0:	8b 81       	ldd	r24, Y+3	; 0x03
     4b2:	9c 81       	ldd	r25, Y+4	; 0x04
     4b4:	01 97       	sbiw	r24, 0x01	; 1
     4b6:	f1 f7       	brne	.-4      	; 0x4b4 <__stack+0x55>
     4b8:	9c 83       	std	Y+4, r25	; 0x04
     4ba:	8b 83       	std	Y+3, r24	; 0x03
		while(__ticks)
		{
			// wait 1/10 ms
			_delay_loop_2(((F_CPU) / 4e3) / 10);
			__ticks --;
     4bc:	8d 81       	ldd	r24, Y+5	; 0x05
     4be:	9e 81       	ldd	r25, Y+6	; 0x06
     4c0:	01 97       	sbiw	r24, 0x01	; 1
     4c2:	9e 83       	std	Y+6, r25	; 0x06
     4c4:	8d 83       	std	Y+5, r24	; 0x05
		__ticks = 1;
	else if (__tmp > 65535)
	{
		//	__ticks = requested delay in 1/10 ms
		__ticks = (uint16_t) (__ms * 10.0);
		while(__ticks)
     4c6:	8d 81       	ldd	r24, Y+5	; 0x05
     4c8:	9e 81       	ldd	r25, Y+6	; 0x06
     4ca:	00 97       	sbiw	r24, 0x00	; 0
     4cc:	69 f7       	brne	.-38     	; 0x4a8 <__stack+0x49>
     4ce:	14 c0       	rjmp	.+40     	; 0x4f8 <__stack+0x99>
			__ticks --;
		}
		return;
	}
	else
		__ticks = (uint16_t)__tmp;
     4d0:	6f 81       	ldd	r22, Y+7	; 0x07
     4d2:	78 85       	ldd	r23, Y+8	; 0x08
     4d4:	89 85       	ldd	r24, Y+9	; 0x09
     4d6:	9a 85       	ldd	r25, Y+10	; 0x0a
     4d8:	0e 94 5f 05 	call	0xabe	; 0xabe <__fixunssfsi>
     4dc:	dc 01       	movw	r26, r24
     4de:	cb 01       	movw	r24, r22
     4e0:	9e 83       	std	Y+6, r25	; 0x06
     4e2:	8d 83       	std	Y+5, r24	; 0x05
     4e4:	8d 81       	ldd	r24, Y+5	; 0x05
     4e6:	9e 81       	ldd	r25, Y+6	; 0x06
     4e8:	9a 83       	std	Y+2, r25	; 0x02
     4ea:	89 83       	std	Y+1, r24	; 0x01
     4ec:	89 81       	ldd	r24, Y+1	; 0x01
     4ee:	9a 81       	ldd	r25, Y+2	; 0x02
     4f0:	01 97       	sbiw	r24, 0x01	; 1
     4f2:	f1 f7       	brne	.-4      	; 0x4f0 <__stack+0x91>
     4f4:	9a 83       	std	Y+2, r25	; 0x02
     4f6:	89 83       	std	Y+1, r24	; 0x01
_delay_ms(2);
}
     4f8:	2e 96       	adiw	r28, 0x0e	; 14
     4fa:	0f b6       	in	r0, 0x3f	; 63
     4fc:	f8 94       	cli
     4fe:	de bf       	out	0x3e, r29	; 62
     500:	0f be       	out	0x3f, r0	; 63
     502:	cd bf       	out	0x3d, r28	; 61
     504:	cf 91       	pop	r28
     506:	df 91       	pop	r29
     508:	08 95       	ret

0000050a <LCD_Home>:
//
// Funkcja przywrócenia pocz¹tkowych wspó³rzêdnych wyœwietlacza.
//
//-------------------------------------------------------------------------------------------------
void LCD_Home(void)
{
     50a:	df 93       	push	r29
     50c:	cf 93       	push	r28
     50e:	cd b7       	in	r28, 0x3d	; 61
     510:	de b7       	in	r29, 0x3e	; 62
     512:	2e 97       	sbiw	r28, 0x0e	; 14
     514:	0f b6       	in	r0, 0x3f	; 63
     516:	f8 94       	cli
     518:	de bf       	out	0x3e, r29	; 62
     51a:	0f be       	out	0x3f, r0	; 63
     51c:	cd bf       	out	0x3d, r28	; 61
LCD_WriteCommand(HD44780_HOME);
     51e:	82 e0       	ldi	r24, 0x02	; 2
     520:	0e 94 99 01 	call	0x332	; 0x332 <LCD_WriteCommand>
     524:	80 e0       	ldi	r24, 0x00	; 0
     526:	90 e0       	ldi	r25, 0x00	; 0
     528:	a0 e0       	ldi	r26, 0x00	; 0
     52a:	b0 e4       	ldi	r27, 0x40	; 64
     52c:	8b 87       	std	Y+11, r24	; 0x0b
     52e:	9c 87       	std	Y+12, r25	; 0x0c
     530:	ad 87       	std	Y+13, r26	; 0x0d
     532:	be 87       	std	Y+14, r27	; 0x0e
 */
void
_delay_ms(double __ms)
{
	uint16_t __ticks;
	double __tmp = ((F_CPU) / 4e3) * __ms;
     534:	6b 85       	ldd	r22, Y+11	; 0x0b
     536:	7c 85       	ldd	r23, Y+12	; 0x0c
     538:	8d 85       	ldd	r24, Y+13	; 0x0d
     53a:	9e 85       	ldd	r25, Y+14	; 0x0e
     53c:	20 e0       	ldi	r18, 0x00	; 0
     53e:	30 e0       	ldi	r19, 0x00	; 0
     540:	4a e7       	ldi	r20, 0x7A	; 122
     542:	55 e4       	ldi	r21, 0x45	; 69
     544:	0e 94 35 07 	call	0xe6a	; 0xe6a <__mulsf3>
     548:	dc 01       	movw	r26, r24
     54a:	cb 01       	movw	r24, r22
     54c:	8f 83       	std	Y+7, r24	; 0x07
     54e:	98 87       	std	Y+8, r25	; 0x08
     550:	a9 87       	std	Y+9, r26	; 0x09
     552:	ba 87       	std	Y+10, r27	; 0x0a
	if (__tmp < 1.0)
     554:	6f 81       	ldd	r22, Y+7	; 0x07
     556:	78 85       	ldd	r23, Y+8	; 0x08
     558:	89 85       	ldd	r24, Y+9	; 0x09
     55a:	9a 85       	ldd	r25, Y+10	; 0x0a
     55c:	20 e0       	ldi	r18, 0x00	; 0
     55e:	30 e0       	ldi	r19, 0x00	; 0
     560:	40 e8       	ldi	r20, 0x80	; 128
     562:	5f e3       	ldi	r21, 0x3F	; 63
     564:	0e 94 3b 09 	call	0x1276	; 0x1276 <__ltsf2>
     568:	88 23       	and	r24, r24
     56a:	2c f4       	brge	.+10     	; 0x576 <LCD_Home+0x6c>
		__ticks = 1;
     56c:	81 e0       	ldi	r24, 0x01	; 1
     56e:	90 e0       	ldi	r25, 0x00	; 0
     570:	9e 83       	std	Y+6, r25	; 0x06
     572:	8d 83       	std	Y+5, r24	; 0x05
     574:	3f c0       	rjmp	.+126    	; 0x5f4 <LCD_Home+0xea>
	else if (__tmp > 65535)
     576:	6f 81       	ldd	r22, Y+7	; 0x07
     578:	78 85       	ldd	r23, Y+8	; 0x08
     57a:	89 85       	ldd	r24, Y+9	; 0x09
     57c:	9a 85       	ldd	r25, Y+10	; 0x0a
     57e:	20 e0       	ldi	r18, 0x00	; 0
     580:	3f ef       	ldi	r19, 0xFF	; 255
     582:	4f e7       	ldi	r20, 0x7F	; 127
     584:	57 e4       	ldi	r21, 0x47	; 71
     586:	0e 94 db 08 	call	0x11b6	; 0x11b6 <__gtsf2>
     58a:	18 16       	cp	r1, r24
     58c:	4c f5       	brge	.+82     	; 0x5e0 <LCD_Home+0xd6>
	{
		//	__ticks = requested delay in 1/10 ms
		__ticks = (uint16_t) (__ms * 10.0);
     58e:	6b 85       	ldd	r22, Y+11	; 0x0b
     590:	7c 85       	ldd	r23, Y+12	; 0x0c
     592:	8d 85       	ldd	r24, Y+13	; 0x0d
     594:	9e 85       	ldd	r25, Y+14	; 0x0e
     596:	20 e0       	ldi	r18, 0x00	; 0
     598:	30 e0       	ldi	r19, 0x00	; 0
     59a:	40 e2       	ldi	r20, 0x20	; 32
     59c:	51 e4       	ldi	r21, 0x41	; 65
     59e:	0e 94 35 07 	call	0xe6a	; 0xe6a <__mulsf3>
     5a2:	dc 01       	movw	r26, r24
     5a4:	cb 01       	movw	r24, r22
     5a6:	bc 01       	movw	r22, r24
     5a8:	cd 01       	movw	r24, r26
     5aa:	0e 94 5f 05 	call	0xabe	; 0xabe <__fixunssfsi>
     5ae:	dc 01       	movw	r26, r24
     5b0:	cb 01       	movw	r24, r22
     5b2:	9e 83       	std	Y+6, r25	; 0x06
     5b4:	8d 83       	std	Y+5, r24	; 0x05
     5b6:	0f c0       	rjmp	.+30     	; 0x5d6 <LCD_Home+0xcc>
     5b8:	80 e9       	ldi	r24, 0x90	; 144
     5ba:	91 e0       	ldi	r25, 0x01	; 1
     5bc:	9c 83       	std	Y+4, r25	; 0x04
     5be:	8b 83       	std	Y+3, r24	; 0x03
     5c0:	8b 81       	ldd	r24, Y+3	; 0x03
     5c2:	9c 81       	ldd	r25, Y+4	; 0x04
     5c4:	01 97       	sbiw	r24, 0x01	; 1
     5c6:	f1 f7       	brne	.-4      	; 0x5c4 <LCD_Home+0xba>
     5c8:	9c 83       	std	Y+4, r25	; 0x04
     5ca:	8b 83       	std	Y+3, r24	; 0x03
		while(__ticks)
		{
			// wait 1/10 ms
			_delay_loop_2(((F_CPU) / 4e3) / 10);
			__ticks --;
     5cc:	8d 81       	ldd	r24, Y+5	; 0x05
     5ce:	9e 81       	ldd	r25, Y+6	; 0x06
     5d0:	01 97       	sbiw	r24, 0x01	; 1
     5d2:	9e 83       	std	Y+6, r25	; 0x06
     5d4:	8d 83       	std	Y+5, r24	; 0x05
		__ticks = 1;
	else if (__tmp > 65535)
	{
		//	__ticks = requested delay in 1/10 ms
		__ticks = (uint16_t) (__ms * 10.0);
		while(__ticks)
     5d6:	8d 81       	ldd	r24, Y+5	; 0x05
     5d8:	9e 81       	ldd	r25, Y+6	; 0x06
     5da:	00 97       	sbiw	r24, 0x00	; 0
     5dc:	69 f7       	brne	.-38     	; 0x5b8 <LCD_Home+0xae>
     5de:	14 c0       	rjmp	.+40     	; 0x608 <LCD_Home+0xfe>
			__ticks --;
		}
		return;
	}
	else
		__ticks = (uint16_t)__tmp;
     5e0:	6f 81       	ldd	r22, Y+7	; 0x07
     5e2:	78 85       	ldd	r23, Y+8	; 0x08
     5e4:	89 85       	ldd	r24, Y+9	; 0x09
     5e6:	9a 85       	ldd	r25, Y+10	; 0x0a
     5e8:	0e 94 5f 05 	call	0xabe	; 0xabe <__fixunssfsi>
     5ec:	dc 01       	movw	r26, r24
     5ee:	cb 01       	movw	r24, r22
     5f0:	9e 83       	std	Y+6, r25	; 0x06
     5f2:	8d 83       	std	Y+5, r24	; 0x05
     5f4:	8d 81       	ldd	r24, Y+5	; 0x05
     5f6:	9e 81       	ldd	r25, Y+6	; 0x06
     5f8:	9a 83       	std	Y+2, r25	; 0x02
     5fa:	89 83       	std	Y+1, r24	; 0x01
     5fc:	89 81       	ldd	r24, Y+1	; 0x01
     5fe:	9a 81       	ldd	r25, Y+2	; 0x02
     600:	01 97       	sbiw	r24, 0x01	; 1
     602:	f1 f7       	brne	.-4      	; 0x600 <LCD_Home+0xf6>
     604:	9a 83       	std	Y+2, r25	; 0x02
     606:	89 83       	std	Y+1, r24	; 0x01
_delay_ms(2);
}
     608:	2e 96       	adiw	r28, 0x0e	; 14
     60a:	0f b6       	in	r0, 0x3f	; 63
     60c:	f8 94       	cli
     60e:	de bf       	out	0x3e, r29	; 62
     610:	0f be       	out	0x3f, r0	; 63
     612:	cd bf       	out	0x3d, r28	; 61
     614:	cf 91       	pop	r28
     616:	df 91       	pop	r29
     618:	08 95       	ret

0000061a <LCD_Initalize>:
//
// Procedura inicjalizacji kontrolera HD44780.
//
//-------------------------------------------------------------------------------------------------
void LCD_Initalize(void)
{
     61a:	df 93       	push	r29
     61c:	cf 93       	push	r28
     61e:	cd b7       	in	r28, 0x3d	; 61
     620:	de b7       	in	r29, 0x3e	; 62
     622:	e9 97       	sbiw	r28, 0x39	; 57
     624:	0f b6       	in	r0, 0x3f	; 63
     626:	f8 94       	cli
     628:	de bf       	out	0x3e, r29	; 62
     62a:	0f be       	out	0x3f, r0	; 63
     62c:	cd bf       	out	0x3d, r28	; 61
unsigned char i;
LCD_DB4_DIR |= LCD_DB4; // Konfiguracja kierunku pracy wyprowadzeñ
     62e:	a1 e3       	ldi	r26, 0x31	; 49
     630:	b0 e0       	ldi	r27, 0x00	; 0
     632:	e1 e3       	ldi	r30, 0x31	; 49
     634:	f0 e0       	ldi	r31, 0x00	; 0
     636:	80 81       	ld	r24, Z
     638:	80 61       	ori	r24, 0x10	; 16
     63a:	8c 93       	st	X, r24
LCD_DB5_DIR |= LCD_DB5; //
     63c:	a1 e3       	ldi	r26, 0x31	; 49
     63e:	b0 e0       	ldi	r27, 0x00	; 0
     640:	e1 e3       	ldi	r30, 0x31	; 49
     642:	f0 e0       	ldi	r31, 0x00	; 0
     644:	80 81       	ld	r24, Z
     646:	80 62       	ori	r24, 0x20	; 32
     648:	8c 93       	st	X, r24
LCD_DB6_DIR |= LCD_DB6; //
     64a:	a1 e3       	ldi	r26, 0x31	; 49
     64c:	b0 e0       	ldi	r27, 0x00	; 0
     64e:	e1 e3       	ldi	r30, 0x31	; 49
     650:	f0 e0       	ldi	r31, 0x00	; 0
     652:	80 81       	ld	r24, Z
     654:	80 64       	ori	r24, 0x40	; 64
     656:	8c 93       	st	X, r24
LCD_DB7_DIR |= LCD_DB7; //
     658:	a1 e3       	ldi	r26, 0x31	; 49
     65a:	b0 e0       	ldi	r27, 0x00	; 0
     65c:	e1 e3       	ldi	r30, 0x31	; 49
     65e:	f0 e0       	ldi	r31, 0x00	; 0
     660:	80 81       	ld	r24, Z
     662:	80 68       	ori	r24, 0x80	; 128
     664:	8c 93       	st	X, r24
LCD_E_DIR 	|= LCD_E;   //
     666:	a7 e3       	ldi	r26, 0x37	; 55
     668:	b0 e0       	ldi	r27, 0x00	; 0
     66a:	e7 e3       	ldi	r30, 0x37	; 55
     66c:	f0 e0       	ldi	r31, 0x00	; 0
     66e:	80 81       	ld	r24, Z
     670:	82 60       	ori	r24, 0x02	; 2
     672:	8c 93       	st	X, r24
LCD_RS_DIR 	|= LCD_RS;  //
     674:	a7 e3       	ldi	r26, 0x37	; 55
     676:	b0 e0       	ldi	r27, 0x00	; 0
     678:	e7 e3       	ldi	r30, 0x37	; 55
     67a:	f0 e0       	ldi	r31, 0x00	; 0
     67c:	80 81       	ld	r24, Z
     67e:	84 60       	ori	r24, 0x04	; 4
     680:	8c 93       	st	X, r24
     682:	80 e0       	ldi	r24, 0x00	; 0
     684:	90 e0       	ldi	r25, 0x00	; 0
     686:	a0 e7       	ldi	r26, 0x70	; 112
     688:	b1 e4       	ldi	r27, 0x41	; 65
     68a:	8d ab       	std	Y+53, r24	; 0x35
     68c:	9e ab       	std	Y+54, r25	; 0x36
     68e:	af ab       	std	Y+55, r26	; 0x37
     690:	b8 af       	std	Y+56, r27	; 0x38
 */
void
_delay_ms(double __ms)
{
	uint16_t __ticks;
	double __tmp = ((F_CPU) / 4e3) * __ms;
     692:	6d a9       	ldd	r22, Y+53	; 0x35
     694:	7e a9       	ldd	r23, Y+54	; 0x36
     696:	8f a9       	ldd	r24, Y+55	; 0x37
     698:	98 ad       	ldd	r25, Y+56	; 0x38
     69a:	20 e0       	ldi	r18, 0x00	; 0
     69c:	30 e0       	ldi	r19, 0x00	; 0
     69e:	4a e7       	ldi	r20, 0x7A	; 122
     6a0:	55 e4       	ldi	r21, 0x45	; 69
     6a2:	0e 94 35 07 	call	0xe6a	; 0xe6a <__mulsf3>
     6a6:	dc 01       	movw	r26, r24
     6a8:	cb 01       	movw	r24, r22
     6aa:	89 ab       	std	Y+49, r24	; 0x31
     6ac:	9a ab       	std	Y+50, r25	; 0x32
     6ae:	ab ab       	std	Y+51, r26	; 0x33
     6b0:	bc ab       	std	Y+52, r27	; 0x34
	if (__tmp < 1.0)
     6b2:	69 a9       	ldd	r22, Y+49	; 0x31
     6b4:	7a a9       	ldd	r23, Y+50	; 0x32
     6b6:	8b a9       	ldd	r24, Y+51	; 0x33
     6b8:	9c a9       	ldd	r25, Y+52	; 0x34
     6ba:	20 e0       	ldi	r18, 0x00	; 0
     6bc:	30 e0       	ldi	r19, 0x00	; 0
     6be:	40 e8       	ldi	r20, 0x80	; 128
     6c0:	5f e3       	ldi	r21, 0x3F	; 63
     6c2:	0e 94 3b 09 	call	0x1276	; 0x1276 <__ltsf2>
     6c6:	88 23       	and	r24, r24
     6c8:	2c f4       	brge	.+10     	; 0x6d4 <LCD_Initalize+0xba>
		__ticks = 1;
     6ca:	81 e0       	ldi	r24, 0x01	; 1
     6cc:	90 e0       	ldi	r25, 0x00	; 0
     6ce:	98 ab       	std	Y+48, r25	; 0x30
     6d0:	8f a7       	std	Y+47, r24	; 0x2f
     6d2:	3f c0       	rjmp	.+126    	; 0x752 <LCD_Initalize+0x138>
	else if (__tmp > 65535)
     6d4:	69 a9       	ldd	r22, Y+49	; 0x31
     6d6:	7a a9       	ldd	r23, Y+50	; 0x32
     6d8:	8b a9       	ldd	r24, Y+51	; 0x33
     6da:	9c a9       	ldd	r25, Y+52	; 0x34
     6dc:	20 e0       	ldi	r18, 0x00	; 0
     6de:	3f ef       	ldi	r19, 0xFF	; 255
     6e0:	4f e7       	ldi	r20, 0x7F	; 127
     6e2:	57 e4       	ldi	r21, 0x47	; 71
     6e4:	0e 94 db 08 	call	0x11b6	; 0x11b6 <__gtsf2>
     6e8:	18 16       	cp	r1, r24
     6ea:	4c f5       	brge	.+82     	; 0x73e <LCD_Initalize+0x124>
	{
		//	__ticks = requested delay in 1/10 ms
		__ticks = (uint16_t) (__ms * 10.0);
     6ec:	6d a9       	ldd	r22, Y+53	; 0x35
     6ee:	7e a9       	ldd	r23, Y+54	; 0x36
     6f0:	8f a9       	ldd	r24, Y+55	; 0x37
     6f2:	98 ad       	ldd	r25, Y+56	; 0x38
     6f4:	20 e0       	ldi	r18, 0x00	; 0
     6f6:	30 e0       	ldi	r19, 0x00	; 0
     6f8:	40 e2       	ldi	r20, 0x20	; 32
     6fa:	51 e4       	ldi	r21, 0x41	; 65
     6fc:	0e 94 35 07 	call	0xe6a	; 0xe6a <__mulsf3>
     700:	dc 01       	movw	r26, r24
     702:	cb 01       	movw	r24, r22
     704:	bc 01       	movw	r22, r24
     706:	cd 01       	movw	r24, r26
     708:	0e 94 5f 05 	call	0xabe	; 0xabe <__fixunssfsi>
     70c:	dc 01       	movw	r26, r24
     70e:	cb 01       	movw	r24, r22
     710:	98 ab       	std	Y+48, r25	; 0x30
     712:	8f a7       	std	Y+47, r24	; 0x2f
     714:	0f c0       	rjmp	.+30     	; 0x734 <LCD_Initalize+0x11a>
     716:	80 e9       	ldi	r24, 0x90	; 144
     718:	91 e0       	ldi	r25, 0x01	; 1
     71a:	9e a7       	std	Y+46, r25	; 0x2e
     71c:	8d a7       	std	Y+45, r24	; 0x2d
     71e:	8d a5       	ldd	r24, Y+45	; 0x2d
     720:	9e a5       	ldd	r25, Y+46	; 0x2e
     722:	01 97       	sbiw	r24, 0x01	; 1
     724:	f1 f7       	brne	.-4      	; 0x722 <LCD_Initalize+0x108>
     726:	9e a7       	std	Y+46, r25	; 0x2e
     728:	8d a7       	std	Y+45, r24	; 0x2d
		while(__ticks)
		{
			// wait 1/10 ms
			_delay_loop_2(((F_CPU) / 4e3) / 10);
			__ticks --;
     72a:	8f a5       	ldd	r24, Y+47	; 0x2f
     72c:	98 a9       	ldd	r25, Y+48	; 0x30
     72e:	01 97       	sbiw	r24, 0x01	; 1
     730:	98 ab       	std	Y+48, r25	; 0x30
     732:	8f a7       	std	Y+47, r24	; 0x2f
		__ticks = 1;
	else if (__tmp > 65535)
	{
		//	__ticks = requested delay in 1/10 ms
		__ticks = (uint16_t) (__ms * 10.0);
		while(__ticks)
     734:	8f a5       	ldd	r24, Y+47	; 0x2f
     736:	98 a9       	ldd	r25, Y+48	; 0x30
     738:	00 97       	sbiw	r24, 0x00	; 0
     73a:	69 f7       	brne	.-38     	; 0x716 <LCD_Initalize+0xfc>
     73c:	14 c0       	rjmp	.+40     	; 0x766 <LCD_Initalize+0x14c>
			__ticks --;
		}
		return;
	}
	else
		__ticks = (uint16_t)__tmp;
     73e:	69 a9       	ldd	r22, Y+49	; 0x31
     740:	7a a9       	ldd	r23, Y+50	; 0x32
     742:	8b a9       	ldd	r24, Y+51	; 0x33
     744:	9c a9       	ldd	r25, Y+52	; 0x34
     746:	0e 94 5f 05 	call	0xabe	; 0xabe <__fixunssfsi>
     74a:	dc 01       	movw	r26, r24
     74c:	cb 01       	movw	r24, r22
     74e:	98 ab       	std	Y+48, r25	; 0x30
     750:	8f a7       	std	Y+47, r24	; 0x2f
     752:	8f a5       	ldd	r24, Y+47	; 0x2f
     754:	98 a9       	ldd	r25, Y+48	; 0x30
     756:	9c a7       	std	Y+44, r25	; 0x2c
     758:	8b a7       	std	Y+43, r24	; 0x2b
     75a:	8b a5       	ldd	r24, Y+43	; 0x2b
     75c:	9c a5       	ldd	r25, Y+44	; 0x2c
     75e:	01 97       	sbiw	r24, 0x01	; 1
     760:	f1 f7       	brne	.-4      	; 0x75e <LCD_Initalize+0x144>
     762:	9c a7       	std	Y+44, r25	; 0x2c
     764:	8b a7       	std	Y+43, r24	; 0x2b
_delay_ms(15); // oczekiwanie na ustalibizowanie siê napiecia zasilajacego
LCD_RS_PORT &= ~LCD_RS; // wyzerowanie linii RS
     766:	a8 e3       	ldi	r26, 0x38	; 56
     768:	b0 e0       	ldi	r27, 0x00	; 0
     76a:	e8 e3       	ldi	r30, 0x38	; 56
     76c:	f0 e0       	ldi	r31, 0x00	; 0
     76e:	80 81       	ld	r24, Z
     770:	8b 7f       	andi	r24, 0xFB	; 251
     772:	8c 93       	st	X, r24
LCD_E_PORT &= ~LCD_E;  // wyzerowanie linii E
     774:	a8 e3       	ldi	r26, 0x38	; 56
     776:	b0 e0       	ldi	r27, 0x00	; 0
     778:	e8 e3       	ldi	r30, 0x38	; 56
     77a:	f0 e0       	ldi	r31, 0x00	; 0
     77c:	80 81       	ld	r24, Z
     77e:	8d 7f       	andi	r24, 0xFD	; 253
     780:	8c 93       	st	X, r24

for(i = 0; i < 3; i++) // trzykrotne powtórzenie bloku instrukcji
     782:	19 ae       	std	Y+57, r1	; 0x39
     784:	86 c0       	rjmp	.+268    	; 0x892 <LCD_Initalize+0x278>
  {
  LCD_E_PORT |= LCD_E; //  E = 1
     786:	a8 e3       	ldi	r26, 0x38	; 56
     788:	b0 e0       	ldi	r27, 0x00	; 0
     78a:	e8 e3       	ldi	r30, 0x38	; 56
     78c:	f0 e0       	ldi	r31, 0x00	; 0
     78e:	80 81       	ld	r24, Z
     790:	82 60       	ori	r24, 0x02	; 2
     792:	8c 93       	st	X, r24
  _LCD_OutNibble(0x03); // tryb 8-bitowy
     794:	83 e0       	ldi	r24, 0x03	; 3
     796:	0e 94 41 00 	call	0x82	; 0x82 <_LCD_OutNibble>
  LCD_E_PORT &= ~LCD_E; // E = 0
     79a:	a8 e3       	ldi	r26, 0x38	; 56
     79c:	b0 e0       	ldi	r27, 0x00	; 0
     79e:	e8 e3       	ldi	r30, 0x38	; 56
     7a0:	f0 e0       	ldi	r31, 0x00	; 0
     7a2:	80 81       	ld	r24, Z
     7a4:	8d 7f       	andi	r24, 0xFD	; 253
     7a6:	8c 93       	st	X, r24
     7a8:	80 e0       	ldi	r24, 0x00	; 0
     7aa:	90 e0       	ldi	r25, 0x00	; 0
     7ac:	a0 ea       	ldi	r26, 0xA0	; 160
     7ae:	b0 e4       	ldi	r27, 0x40	; 64
     7b0:	8f a3       	std	Y+39, r24	; 0x27
     7b2:	98 a7       	std	Y+40, r25	; 0x28
     7b4:	a9 a7       	std	Y+41, r26	; 0x29
     7b6:	ba a7       	std	Y+42, r27	; 0x2a
 */
void
_delay_ms(double __ms)
{
	uint16_t __ticks;
	double __tmp = ((F_CPU) / 4e3) * __ms;
     7b8:	6f a1       	ldd	r22, Y+39	; 0x27
     7ba:	78 a5       	ldd	r23, Y+40	; 0x28
     7bc:	89 a5       	ldd	r24, Y+41	; 0x29
     7be:	9a a5       	ldd	r25, Y+42	; 0x2a
     7c0:	20 e0       	ldi	r18, 0x00	; 0
     7c2:	30 e0       	ldi	r19, 0x00	; 0
     7c4:	4a e7       	ldi	r20, 0x7A	; 122
     7c6:	55 e4       	ldi	r21, 0x45	; 69
     7c8:	0e 94 35 07 	call	0xe6a	; 0xe6a <__mulsf3>
     7cc:	dc 01       	movw	r26, r24
     7ce:	cb 01       	movw	r24, r22
     7d0:	8b a3       	std	Y+35, r24	; 0x23
     7d2:	9c a3       	std	Y+36, r25	; 0x24
     7d4:	ad a3       	std	Y+37, r26	; 0x25
     7d6:	be a3       	std	Y+38, r27	; 0x26
	if (__tmp < 1.0)
     7d8:	6b a1       	ldd	r22, Y+35	; 0x23
     7da:	7c a1       	ldd	r23, Y+36	; 0x24
     7dc:	8d a1       	ldd	r24, Y+37	; 0x25
     7de:	9e a1       	ldd	r25, Y+38	; 0x26
     7e0:	20 e0       	ldi	r18, 0x00	; 0
     7e2:	30 e0       	ldi	r19, 0x00	; 0
     7e4:	40 e8       	ldi	r20, 0x80	; 128
     7e6:	5f e3       	ldi	r21, 0x3F	; 63
     7e8:	0e 94 3b 09 	call	0x1276	; 0x1276 <__ltsf2>
     7ec:	88 23       	and	r24, r24
     7ee:	2c f4       	brge	.+10     	; 0x7fa <LCD_Initalize+0x1e0>
		__ticks = 1;
     7f0:	81 e0       	ldi	r24, 0x01	; 1
     7f2:	90 e0       	ldi	r25, 0x00	; 0
     7f4:	9a a3       	std	Y+34, r25	; 0x22
     7f6:	89 a3       	std	Y+33, r24	; 0x21
     7f8:	3f c0       	rjmp	.+126    	; 0x878 <LCD_Initalize+0x25e>
	else if (__tmp > 65535)
     7fa:	6b a1       	ldd	r22, Y+35	; 0x23
     7fc:	7c a1       	ldd	r23, Y+36	; 0x24
     7fe:	8d a1       	ldd	r24, Y+37	; 0x25
     800:	9e a1       	ldd	r25, Y+38	; 0x26
     802:	20 e0       	ldi	r18, 0x00	; 0
     804:	3f ef       	ldi	r19, 0xFF	; 255
     806:	4f e7       	ldi	r20, 0x7F	; 127
     808:	57 e4       	ldi	r21, 0x47	; 71
     80a:	0e 94 db 08 	call	0x11b6	; 0x11b6 <__gtsf2>
     80e:	18 16       	cp	r1, r24
     810:	4c f5       	brge	.+82     	; 0x864 <LCD_Initalize+0x24a>
	{
		//	__ticks = requested delay in 1/10 ms
		__ticks = (uint16_t) (__ms * 10.0);
     812:	6f a1       	ldd	r22, Y+39	; 0x27
     814:	78 a5       	ldd	r23, Y+40	; 0x28
     816:	89 a5       	ldd	r24, Y+41	; 0x29
     818:	9a a5       	ldd	r25, Y+42	; 0x2a
     81a:	20 e0       	ldi	r18, 0x00	; 0
     81c:	30 e0       	ldi	r19, 0x00	; 0
     81e:	40 e2       	ldi	r20, 0x20	; 32
     820:	51 e4       	ldi	r21, 0x41	; 65
     822:	0e 94 35 07 	call	0xe6a	; 0xe6a <__mulsf3>
     826:	dc 01       	movw	r26, r24
     828:	cb 01       	movw	r24, r22
     82a:	bc 01       	movw	r22, r24
     82c:	cd 01       	movw	r24, r26
     82e:	0e 94 5f 05 	call	0xabe	; 0xabe <__fixunssfsi>
     832:	dc 01       	movw	r26, r24
     834:	cb 01       	movw	r24, r22
     836:	9a a3       	std	Y+34, r25	; 0x22
     838:	89 a3       	std	Y+33, r24	; 0x21
     83a:	0f c0       	rjmp	.+30     	; 0x85a <LCD_Initalize+0x240>
     83c:	80 e9       	ldi	r24, 0x90	; 144
     83e:	91 e0       	ldi	r25, 0x01	; 1
     840:	98 a3       	std	Y+32, r25	; 0x20
     842:	8f 8f       	std	Y+31, r24	; 0x1f
     844:	8f 8d       	ldd	r24, Y+31	; 0x1f
     846:	98 a1       	ldd	r25, Y+32	; 0x20
     848:	01 97       	sbiw	r24, 0x01	; 1
     84a:	f1 f7       	brne	.-4      	; 0x848 <LCD_Initalize+0x22e>
     84c:	98 a3       	std	Y+32, r25	; 0x20
     84e:	8f 8f       	std	Y+31, r24	; 0x1f
		while(__ticks)
		{
			// wait 1/10 ms
			_delay_loop_2(((F_CPU) / 4e3) / 10);
			__ticks --;
     850:	89 a1       	ldd	r24, Y+33	; 0x21
     852:	9a a1       	ldd	r25, Y+34	; 0x22
     854:	01 97       	sbiw	r24, 0x01	; 1
     856:	9a a3       	std	Y+34, r25	; 0x22
     858:	89 a3       	std	Y+33, r24	; 0x21
		__ticks = 1;
	else if (__tmp > 65535)
	{
		//	__ticks = requested delay in 1/10 ms
		__ticks = (uint16_t) (__ms * 10.0);
		while(__ticks)
     85a:	89 a1       	ldd	r24, Y+33	; 0x21
     85c:	9a a1       	ldd	r25, Y+34	; 0x22
     85e:	00 97       	sbiw	r24, 0x00	; 0
     860:	69 f7       	brne	.-38     	; 0x83c <LCD_Initalize+0x222>
     862:	14 c0       	rjmp	.+40     	; 0x88c <LCD_Initalize+0x272>
			__ticks --;
		}
		return;
	}
	else
		__ticks = (uint16_t)__tmp;
     864:	6b a1       	ldd	r22, Y+35	; 0x23
     866:	7c a1       	ldd	r23, Y+36	; 0x24
     868:	8d a1       	ldd	r24, Y+37	; 0x25
     86a:	9e a1       	ldd	r25, Y+38	; 0x26
     86c:	0e 94 5f 05 	call	0xabe	; 0xabe <__fixunssfsi>
     870:	dc 01       	movw	r26, r24
     872:	cb 01       	movw	r24, r22
     874:	9a a3       	std	Y+34, r25	; 0x22
     876:	89 a3       	std	Y+33, r24	; 0x21
     878:	89 a1       	ldd	r24, Y+33	; 0x21
     87a:	9a a1       	ldd	r25, Y+34	; 0x22
     87c:	9e 8f       	std	Y+30, r25	; 0x1e
     87e:	8d 8f       	std	Y+29, r24	; 0x1d
     880:	8d 8d       	ldd	r24, Y+29	; 0x1d
     882:	9e 8d       	ldd	r25, Y+30	; 0x1e
     884:	01 97       	sbiw	r24, 0x01	; 1
     886:	f1 f7       	brne	.-4      	; 0x884 <LCD_Initalize+0x26a>
     888:	9e 8f       	std	Y+30, r25	; 0x1e
     88a:	8d 8f       	std	Y+29, r24	; 0x1d
LCD_RS_DIR 	|= LCD_RS;  //
_delay_ms(15); // oczekiwanie na ustalibizowanie siê napiecia zasilajacego
LCD_RS_PORT &= ~LCD_RS; // wyzerowanie linii RS
LCD_E_PORT &= ~LCD_E;  // wyzerowanie linii E

for(i = 0; i < 3; i++) // trzykrotne powtórzenie bloku instrukcji
     88c:	89 ad       	ldd	r24, Y+57	; 0x39
     88e:	8f 5f       	subi	r24, 0xFF	; 255
     890:	89 af       	std	Y+57, r24	; 0x39
     892:	89 ad       	ldd	r24, Y+57	; 0x39
     894:	83 30       	cpi	r24, 0x03	; 3
     896:	08 f4       	brcc	.+2      	; 0x89a <LCD_Initalize+0x280>
     898:	76 cf       	rjmp	.-276    	; 0x786 <LCD_Initalize+0x16c>
  _LCD_OutNibble(0x03); // tryb 8-bitowy
  LCD_E_PORT &= ~LCD_E; // E = 0
  _delay_ms(5); // czekaj 5ms
  }

LCD_E_PORT |= LCD_E; // E = 1
     89a:	a8 e3       	ldi	r26, 0x38	; 56
     89c:	b0 e0       	ldi	r27, 0x00	; 0
     89e:	e8 e3       	ldi	r30, 0x38	; 56
     8a0:	f0 e0       	ldi	r31, 0x00	; 0
     8a2:	80 81       	ld	r24, Z
     8a4:	82 60       	ori	r24, 0x02	; 2
     8a6:	8c 93       	st	X, r24
_LCD_OutNibble(0x02); // tryb 4-bitowy
     8a8:	82 e0       	ldi	r24, 0x02	; 2
     8aa:	0e 94 41 00 	call	0x82	; 0x82 <_LCD_OutNibble>
LCD_E_PORT &= ~LCD_E; // E = 0
     8ae:	a8 e3       	ldi	r26, 0x38	; 56
     8b0:	b0 e0       	ldi	r27, 0x00	; 0
     8b2:	e8 e3       	ldi	r30, 0x38	; 56
     8b4:	f0 e0       	ldi	r31, 0x00	; 0
     8b6:	80 81       	ld	r24, Z
     8b8:	8d 7f       	andi	r24, 0xFD	; 253
     8ba:	8c 93       	st	X, r24
     8bc:	80 e0       	ldi	r24, 0x00	; 0
     8be:	90 e0       	ldi	r25, 0x00	; 0
     8c0:	a0 e8       	ldi	r26, 0x80	; 128
     8c2:	bf e3       	ldi	r27, 0x3F	; 63
     8c4:	89 8f       	std	Y+25, r24	; 0x19
     8c6:	9a 8f       	std	Y+26, r25	; 0x1a
     8c8:	ab 8f       	std	Y+27, r26	; 0x1b
     8ca:	bc 8f       	std	Y+28, r27	; 0x1c
 */
void
_delay_ms(double __ms)
{
	uint16_t __ticks;
	double __tmp = ((F_CPU) / 4e3) * __ms;
     8cc:	69 8d       	ldd	r22, Y+25	; 0x19
     8ce:	7a 8d       	ldd	r23, Y+26	; 0x1a
     8d0:	8b 8d       	ldd	r24, Y+27	; 0x1b
     8d2:	9c 8d       	ldd	r25, Y+28	; 0x1c
     8d4:	20 e0       	ldi	r18, 0x00	; 0
     8d6:	30 e0       	ldi	r19, 0x00	; 0
     8d8:	4a e7       	ldi	r20, 0x7A	; 122
     8da:	55 e4       	ldi	r21, 0x45	; 69
     8dc:	0e 94 35 07 	call	0xe6a	; 0xe6a <__mulsf3>
     8e0:	dc 01       	movw	r26, r24
     8e2:	cb 01       	movw	r24, r22
     8e4:	8d 8b       	std	Y+21, r24	; 0x15
     8e6:	9e 8b       	std	Y+22, r25	; 0x16
     8e8:	af 8b       	std	Y+23, r26	; 0x17
     8ea:	b8 8f       	std	Y+24, r27	; 0x18
	if (__tmp < 1.0)
     8ec:	6d 89       	ldd	r22, Y+21	; 0x15
     8ee:	7e 89       	ldd	r23, Y+22	; 0x16
     8f0:	8f 89       	ldd	r24, Y+23	; 0x17
     8f2:	98 8d       	ldd	r25, Y+24	; 0x18
     8f4:	20 e0       	ldi	r18, 0x00	; 0
     8f6:	30 e0       	ldi	r19, 0x00	; 0
     8f8:	40 e8       	ldi	r20, 0x80	; 128
     8fa:	5f e3       	ldi	r21, 0x3F	; 63
     8fc:	0e 94 3b 09 	call	0x1276	; 0x1276 <__ltsf2>
     900:	88 23       	and	r24, r24
     902:	2c f4       	brge	.+10     	; 0x90e <LCD_Initalize+0x2f4>
		__ticks = 1;
     904:	81 e0       	ldi	r24, 0x01	; 1
     906:	90 e0       	ldi	r25, 0x00	; 0
     908:	9c 8b       	std	Y+20, r25	; 0x14
     90a:	8b 8b       	std	Y+19, r24	; 0x13
     90c:	3f c0       	rjmp	.+126    	; 0x98c <LCD_Initalize+0x372>
	else if (__tmp > 65535)
     90e:	6d 89       	ldd	r22, Y+21	; 0x15
     910:	7e 89       	ldd	r23, Y+22	; 0x16
     912:	8f 89       	ldd	r24, Y+23	; 0x17
     914:	98 8d       	ldd	r25, Y+24	; 0x18
     916:	20 e0       	ldi	r18, 0x00	; 0
     918:	3f ef       	ldi	r19, 0xFF	; 255
     91a:	4f e7       	ldi	r20, 0x7F	; 127
     91c:	57 e4       	ldi	r21, 0x47	; 71
     91e:	0e 94 db 08 	call	0x11b6	; 0x11b6 <__gtsf2>
     922:	18 16       	cp	r1, r24
     924:	4c f5       	brge	.+82     	; 0x978 <LCD_Initalize+0x35e>
	{
		//	__ticks = requested delay in 1/10 ms
		__ticks = (uint16_t) (__ms * 10.0);
     926:	69 8d       	ldd	r22, Y+25	; 0x19
     928:	7a 8d       	ldd	r23, Y+26	; 0x1a
     92a:	8b 8d       	ldd	r24, Y+27	; 0x1b
     92c:	9c 8d       	ldd	r25, Y+28	; 0x1c
     92e:	20 e0       	ldi	r18, 0x00	; 0
     930:	30 e0       	ldi	r19, 0x00	; 0
     932:	40 e2       	ldi	r20, 0x20	; 32
     934:	51 e4       	ldi	r21, 0x41	; 65
     936:	0e 94 35 07 	call	0xe6a	; 0xe6a <__mulsf3>
     93a:	dc 01       	movw	r26, r24
     93c:	cb 01       	movw	r24, r22
     93e:	bc 01       	movw	r22, r24
     940:	cd 01       	movw	r24, r26
     942:	0e 94 5f 05 	call	0xabe	; 0xabe <__fixunssfsi>
     946:	dc 01       	movw	r26, r24
     948:	cb 01       	movw	r24, r22
     94a:	9c 8b       	std	Y+20, r25	; 0x14
     94c:	8b 8b       	std	Y+19, r24	; 0x13
     94e:	0f c0       	rjmp	.+30     	; 0x96e <LCD_Initalize+0x354>
     950:	80 e9       	ldi	r24, 0x90	; 144
     952:	91 e0       	ldi	r25, 0x01	; 1
     954:	9a 8b       	std	Y+18, r25	; 0x12
     956:	89 8b       	std	Y+17, r24	; 0x11
     958:	89 89       	ldd	r24, Y+17	; 0x11
     95a:	9a 89       	ldd	r25, Y+18	; 0x12
     95c:	01 97       	sbiw	r24, 0x01	; 1
     95e:	f1 f7       	brne	.-4      	; 0x95c <LCD_Initalize+0x342>
     960:	9a 8b       	std	Y+18, r25	; 0x12
     962:	89 8b       	std	Y+17, r24	; 0x11
		while(__ticks)
		{
			// wait 1/10 ms
			_delay_loop_2(((F_CPU) / 4e3) / 10);
			__ticks --;
     964:	8b 89       	ldd	r24, Y+19	; 0x13
     966:	9c 89       	ldd	r25, Y+20	; 0x14
     968:	01 97       	sbiw	r24, 0x01	; 1
     96a:	9c 8b       	std	Y+20, r25	; 0x14
     96c:	8b 8b       	std	Y+19, r24	; 0x13
		__ticks = 1;
	else if (__tmp > 65535)
	{
		//	__ticks = requested delay in 1/10 ms
		__ticks = (uint16_t) (__ms * 10.0);
		while(__ticks)
     96e:	8b 89       	ldd	r24, Y+19	; 0x13
     970:	9c 89       	ldd	r25, Y+20	; 0x14
     972:	00 97       	sbiw	r24, 0x00	; 0
     974:	69 f7       	brne	.-38     	; 0x950 <LCD_Initalize+0x336>
     976:	14 c0       	rjmp	.+40     	; 0x9a0 <LCD_Initalize+0x386>
			__ticks --;
		}
		return;
	}
	else
		__ticks = (uint16_t)__tmp;
     978:	6d 89       	ldd	r22, Y+21	; 0x15
     97a:	7e 89       	ldd	r23, Y+22	; 0x16
     97c:	8f 89       	ldd	r24, Y+23	; 0x17
     97e:	98 8d       	ldd	r25, Y+24	; 0x18
     980:	0e 94 5f 05 	call	0xabe	; 0xabe <__fixunssfsi>
     984:	dc 01       	movw	r26, r24
     986:	cb 01       	movw	r24, r22
     988:	9c 8b       	std	Y+20, r25	; 0x14
     98a:	8b 8b       	std	Y+19, r24	; 0x13
     98c:	8b 89       	ldd	r24, Y+19	; 0x13
     98e:	9c 89       	ldd	r25, Y+20	; 0x14
     990:	98 8b       	std	Y+16, r25	; 0x10
     992:	8f 87       	std	Y+15, r24	; 0x0f
     994:	8f 85       	ldd	r24, Y+15	; 0x0f
     996:	98 89       	ldd	r25, Y+16	; 0x10
     998:	01 97       	sbiw	r24, 0x01	; 1
     99a:	f1 f7       	brne	.-4      	; 0x998 <LCD_Initalize+0x37e>
     99c:	98 8b       	std	Y+16, r25	; 0x10
     99e:	8f 87       	std	Y+15, r24	; 0x0f

_delay_ms(1); // czekaj 1ms 
LCD_WriteCommand(HD44780_FUNCTION_SET | HD44780_FONT5x7 | HD44780_TWO_LINE | HD44780_4_BIT); // interfejs 4-bity, 2-linie, znak 5x7
     9a0:	88 e2       	ldi	r24, 0x28	; 40
     9a2:	0e 94 99 01 	call	0x332	; 0x332 <LCD_WriteCommand>
LCD_WriteCommand(HD44780_DISPLAY_ONOFF | HD44780_DISPLAY_OFF); // wy³¹czenie wyswietlacza
     9a6:	88 e0       	ldi	r24, 0x08	; 8
     9a8:	0e 94 99 01 	call	0x332	; 0x332 <LCD_WriteCommand>
LCD_WriteCommand(HD44780_CLEAR); // czyszczenie zawartosæi pamieci DDRAM
     9ac:	81 e0       	ldi	r24, 0x01	; 1
     9ae:	0e 94 99 01 	call	0x332	; 0x332 <LCD_WriteCommand>
     9b2:	80 e0       	ldi	r24, 0x00	; 0
     9b4:	90 e0       	ldi	r25, 0x00	; 0
     9b6:	a0 e0       	ldi	r26, 0x00	; 0
     9b8:	b0 e4       	ldi	r27, 0x40	; 64
     9ba:	8b 87       	std	Y+11, r24	; 0x0b
     9bc:	9c 87       	std	Y+12, r25	; 0x0c
     9be:	ad 87       	std	Y+13, r26	; 0x0d
     9c0:	be 87       	std	Y+14, r27	; 0x0e
 */
void
_delay_ms(double __ms)
{
	uint16_t __ticks;
	double __tmp = ((F_CPU) / 4e3) * __ms;
     9c2:	6b 85       	ldd	r22, Y+11	; 0x0b
     9c4:	7c 85       	ldd	r23, Y+12	; 0x0c
     9c6:	8d 85       	ldd	r24, Y+13	; 0x0d
     9c8:	9e 85       	ldd	r25, Y+14	; 0x0e
     9ca:	20 e0       	ldi	r18, 0x00	; 0
     9cc:	30 e0       	ldi	r19, 0x00	; 0
     9ce:	4a e7       	ldi	r20, 0x7A	; 122
     9d0:	55 e4       	ldi	r21, 0x45	; 69
     9d2:	0e 94 35 07 	call	0xe6a	; 0xe6a <__mulsf3>
     9d6:	dc 01       	movw	r26, r24
     9d8:	cb 01       	movw	r24, r22
     9da:	8f 83       	std	Y+7, r24	; 0x07
     9dc:	98 87       	std	Y+8, r25	; 0x08
     9de:	a9 87       	std	Y+9, r26	; 0x09
     9e0:	ba 87       	std	Y+10, r27	; 0x0a
	if (__tmp < 1.0)
     9e2:	6f 81       	ldd	r22, Y+7	; 0x07
     9e4:	78 85       	ldd	r23, Y+8	; 0x08
     9e6:	89 85       	ldd	r24, Y+9	; 0x09
     9e8:	9a 85       	ldd	r25, Y+10	; 0x0a
     9ea:	20 e0       	ldi	r18, 0x00	; 0
     9ec:	30 e0       	ldi	r19, 0x00	; 0
     9ee:	40 e8       	ldi	r20, 0x80	; 128
     9f0:	5f e3       	ldi	r21, 0x3F	; 63
     9f2:	0e 94 3b 09 	call	0x1276	; 0x1276 <__ltsf2>
     9f6:	88 23       	and	r24, r24
     9f8:	2c f4       	brge	.+10     	; 0xa04 <LCD_Initalize+0x3ea>
		__ticks = 1;
     9fa:	81 e0       	ldi	r24, 0x01	; 1
     9fc:	90 e0       	ldi	r25, 0x00	; 0
     9fe:	9e 83       	std	Y+6, r25	; 0x06
     a00:	8d 83       	std	Y+5, r24	; 0x05
     a02:	3f c0       	rjmp	.+126    	; 0xa82 <LCD_Initalize+0x468>
	else if (__tmp > 65535)
     a04:	6f 81       	ldd	r22, Y+7	; 0x07
     a06:	78 85       	ldd	r23, Y+8	; 0x08
     a08:	89 85       	ldd	r24, Y+9	; 0x09
     a0a:	9a 85       	ldd	r25, Y+10	; 0x0a
     a0c:	20 e0       	ldi	r18, 0x00	; 0
     a0e:	3f ef       	ldi	r19, 0xFF	; 255
     a10:	4f e7       	ldi	r20, 0x7F	; 127
     a12:	57 e4       	ldi	r21, 0x47	; 71
     a14:	0e 94 db 08 	call	0x11b6	; 0x11b6 <__gtsf2>
     a18:	18 16       	cp	r1, r24
     a1a:	4c f5       	brge	.+82     	; 0xa6e <LCD_Initalize+0x454>
	{
		//	__ticks = requested delay in 1/10 ms
		__ticks = (uint16_t) (__ms * 10.0);
     a1c:	6b 85       	ldd	r22, Y+11	; 0x0b
     a1e:	7c 85       	ldd	r23, Y+12	; 0x0c
     a20:	8d 85       	ldd	r24, Y+13	; 0x0d
     a22:	9e 85       	ldd	r25, Y+14	; 0x0e
     a24:	20 e0       	ldi	r18, 0x00	; 0
     a26:	30 e0       	ldi	r19, 0x00	; 0
     a28:	40 e2       	ldi	r20, 0x20	; 32
     a2a:	51 e4       	ldi	r21, 0x41	; 65
     a2c:	0e 94 35 07 	call	0xe6a	; 0xe6a <__mulsf3>
     a30:	dc 01       	movw	r26, r24
     a32:	cb 01       	movw	r24, r22
     a34:	bc 01       	movw	r22, r24
     a36:	cd 01       	movw	r24, r26
     a38:	0e 94 5f 05 	call	0xabe	; 0xabe <__fixunssfsi>
     a3c:	dc 01       	movw	r26, r24
     a3e:	cb 01       	movw	r24, r22
     a40:	9e 83       	std	Y+6, r25	; 0x06
     a42:	8d 83       	std	Y+5, r24	; 0x05
     a44:	0f c0       	rjmp	.+30     	; 0xa64 <LCD_Initalize+0x44a>
     a46:	80 e9       	ldi	r24, 0x90	; 144
     a48:	91 e0       	ldi	r25, 0x01	; 1
     a4a:	9c 83       	std	Y+4, r25	; 0x04
     a4c:	8b 83       	std	Y+3, r24	; 0x03
     a4e:	8b 81       	ldd	r24, Y+3	; 0x03
     a50:	9c 81       	ldd	r25, Y+4	; 0x04
     a52:	01 97       	sbiw	r24, 0x01	; 1
     a54:	f1 f7       	brne	.-4      	; 0xa52 <LCD_Initalize+0x438>
     a56:	9c 83       	std	Y+4, r25	; 0x04
     a58:	8b 83       	std	Y+3, r24	; 0x03
		while(__ticks)
		{
			// wait 1/10 ms
			_delay_loop_2(((F_CPU) / 4e3) / 10);
			__ticks --;
     a5a:	8d 81       	ldd	r24, Y+5	; 0x05
     a5c:	9e 81       	ldd	r25, Y+6	; 0x06
     a5e:	01 97       	sbiw	r24, 0x01	; 1
     a60:	9e 83       	std	Y+6, r25	; 0x06
     a62:	8d 83       	std	Y+5, r24	; 0x05
		__ticks = 1;
	else if (__tmp > 65535)
	{
		//	__ticks = requested delay in 1/10 ms
		__ticks = (uint16_t) (__ms * 10.0);
		while(__ticks)
     a64:	8d 81       	ldd	r24, Y+5	; 0x05
     a66:	9e 81       	ldd	r25, Y+6	; 0x06
     a68:	00 97       	sbiw	r24, 0x00	; 0
     a6a:	69 f7       	brne	.-38     	; 0xa46 <LCD_Initalize+0x42c>
     a6c:	14 c0       	rjmp	.+40     	; 0xa96 <LCD_Initalize+0x47c>
			__ticks --;
		}
		return;
	}
	else
		__ticks = (uint16_t)__tmp;
     a6e:	6f 81       	ldd	r22, Y+7	; 0x07
     a70:	78 85       	ldd	r23, Y+8	; 0x08
     a72:	89 85       	ldd	r24, Y+9	; 0x09
     a74:	9a 85       	ldd	r25, Y+10	; 0x0a
     a76:	0e 94 5f 05 	call	0xabe	; 0xabe <__fixunssfsi>
     a7a:	dc 01       	movw	r26, r24
     a7c:	cb 01       	movw	r24, r22
     a7e:	9e 83       	std	Y+6, r25	; 0x06
     a80:	8d 83       	std	Y+5, r24	; 0x05
     a82:	8d 81       	ldd	r24, Y+5	; 0x05
     a84:	9e 81       	ldd	r25, Y+6	; 0x06
     a86:	9a 83       	std	Y+2, r25	; 0x02
     a88:	89 83       	std	Y+1, r24	; 0x01
     a8a:	89 81       	ldd	r24, Y+1	; 0x01
     a8c:	9a 81       	ldd	r25, Y+2	; 0x02
     a8e:	01 97       	sbiw	r24, 0x01	; 1
     a90:	f1 f7       	brne	.-4      	; 0xa8e <LCD_Initalize+0x474>
     a92:	9a 83       	std	Y+2, r25	; 0x02
     a94:	89 83       	std	Y+1, r24	; 0x01
_delay_ms(2);
LCD_WriteCommand(HD44780_ENTRY_MODE | HD44780_EM_SHIFT_CURSOR | HD44780_EM_INCREMENT);// inkrementaja adresu i przesuwanie kursora
     a96:	86 e0       	ldi	r24, 0x06	; 6
     a98:	0e 94 99 01 	call	0x332	; 0x332 <LCD_WriteCommand>
LCD_WriteCommand(HD44780_DISPLAY_ONOFF | HD44780_DISPLAY_ON | HD44780_CURSOR_OFF | HD44780_CURSOR_NOBLINK); // w³¹cz LCD, bez kursora i mrugania
     a9c:	8c e0       	ldi	r24, 0x0C	; 12
     a9e:	0e 94 99 01 	call	0x332	; 0x332 <LCD_WriteCommand>
}
     aa2:	e9 96       	adiw	r28, 0x39	; 57
     aa4:	0f b6       	in	r0, 0x3f	; 63
     aa6:	f8 94       	cli
     aa8:	de bf       	out	0x3e, r29	; 62
     aaa:	0f be       	out	0x3f, r0	; 63
     aac:	cd bf       	out	0x3d, r28	; 61
     aae:	cf 91       	pop	r28
     ab0:	df 91       	pop	r29
     ab2:	08 95       	ret

00000ab4 <main>:

    #include <avr/io.h>
    #include <util/delay.h>
    #include "HD44780.h"


     ab4:	df 93       	push	r29
     ab6:	cf 93       	push	r28
     ab8:	cd b7       	in	r28, 0x3d	; 61
     aba:	de b7       	in	r29, 0x3e	; 62
     abc:	ff cf       	rjmp	.-2      	; 0xabc <main+0x8>

00000abe <__fixunssfsi>:
     abe:	ef 92       	push	r14
     ac0:	ff 92       	push	r15
     ac2:	0f 93       	push	r16
     ac4:	1f 93       	push	r17
     ac6:	7b 01       	movw	r14, r22
     ac8:	8c 01       	movw	r16, r24
     aca:	20 e0       	ldi	r18, 0x00	; 0
     acc:	30 e0       	ldi	r19, 0x00	; 0
     ace:	40 e0       	ldi	r20, 0x00	; 0
     ad0:	5f e4       	ldi	r21, 0x4F	; 79
     ad2:	0e 94 0b 09 	call	0x1216	; 0x1216 <__gesf2>
     ad6:	88 23       	and	r24, r24
     ad8:	8c f0       	brlt	.+34     	; 0xafc <__fixunssfsi+0x3e>
     ada:	c8 01       	movw	r24, r16
     adc:	b7 01       	movw	r22, r14
     ade:	20 e0       	ldi	r18, 0x00	; 0
     ae0:	30 e0       	ldi	r19, 0x00	; 0
     ae2:	40 e0       	ldi	r20, 0x00	; 0
     ae4:	5f e4       	ldi	r21, 0x4F	; 79
     ae6:	0e 94 d7 06 	call	0xdae	; 0xdae <__subsf3>
     aea:	0e 94 6b 09 	call	0x12d6	; 0x12d6 <__fixsfsi>
     aee:	9b 01       	movw	r18, r22
     af0:	ac 01       	movw	r20, r24
     af2:	20 50       	subi	r18, 0x00	; 0
     af4:	30 40       	sbci	r19, 0x00	; 0
     af6:	40 40       	sbci	r20, 0x00	; 0
     af8:	50 48       	sbci	r21, 0x80	; 128
     afa:	06 c0       	rjmp	.+12     	; 0xb08 <__fixunssfsi+0x4a>
     afc:	c8 01       	movw	r24, r16
     afe:	b7 01       	movw	r22, r14
     b00:	0e 94 6b 09 	call	0x12d6	; 0x12d6 <__fixsfsi>
     b04:	9b 01       	movw	r18, r22
     b06:	ac 01       	movw	r20, r24
     b08:	b9 01       	movw	r22, r18
     b0a:	ca 01       	movw	r24, r20
     b0c:	1f 91       	pop	r17
     b0e:	0f 91       	pop	r16
     b10:	ff 90       	pop	r15
     b12:	ef 90       	pop	r14
     b14:	08 95       	ret

00000b16 <_fpadd_parts>:
     b16:	a0 e0       	ldi	r26, 0x00	; 0
     b18:	b0 e0       	ldi	r27, 0x00	; 0
     b1a:	e1 e9       	ldi	r30, 0x91	; 145
     b1c:	f5 e0       	ldi	r31, 0x05	; 5
     b1e:	0c 94 65 0b 	jmp	0x16ca	; 0x16ca <__prologue_saves__>
     b22:	dc 01       	movw	r26, r24
     b24:	2b 01       	movw	r4, r22
     b26:	fa 01       	movw	r30, r20
     b28:	9c 91       	ld	r25, X
     b2a:	92 30       	cpi	r25, 0x02	; 2
     b2c:	08 f4       	brcc	.+2      	; 0xb30 <_fpadd_parts+0x1a>
     b2e:	39 c1       	rjmp	.+626    	; 0xda2 <_fpadd_parts+0x28c>
     b30:	eb 01       	movw	r28, r22
     b32:	88 81       	ld	r24, Y
     b34:	82 30       	cpi	r24, 0x02	; 2
     b36:	08 f4       	brcc	.+2      	; 0xb3a <_fpadd_parts+0x24>
     b38:	33 c1       	rjmp	.+614    	; 0xda0 <_fpadd_parts+0x28a>
     b3a:	94 30       	cpi	r25, 0x04	; 4
     b3c:	69 f4       	brne	.+26     	; 0xb58 <_fpadd_parts+0x42>
     b3e:	84 30       	cpi	r24, 0x04	; 4
     b40:	09 f0       	breq	.+2      	; 0xb44 <_fpadd_parts+0x2e>
     b42:	2f c1       	rjmp	.+606    	; 0xda2 <_fpadd_parts+0x28c>
     b44:	11 96       	adiw	r26, 0x01	; 1
     b46:	9c 91       	ld	r25, X
     b48:	11 97       	sbiw	r26, 0x01	; 1
     b4a:	89 81       	ldd	r24, Y+1	; 0x01
     b4c:	98 17       	cp	r25, r24
     b4e:	09 f4       	brne	.+2      	; 0xb52 <_fpadd_parts+0x3c>
     b50:	28 c1       	rjmp	.+592    	; 0xda2 <_fpadd_parts+0x28c>
     b52:	a0 e6       	ldi	r26, 0x60	; 96
     b54:	b0 e0       	ldi	r27, 0x00	; 0
     b56:	25 c1       	rjmp	.+586    	; 0xda2 <_fpadd_parts+0x28c>
     b58:	84 30       	cpi	r24, 0x04	; 4
     b5a:	09 f4       	brne	.+2      	; 0xb5e <_fpadd_parts+0x48>
     b5c:	21 c1       	rjmp	.+578    	; 0xda0 <_fpadd_parts+0x28a>
     b5e:	82 30       	cpi	r24, 0x02	; 2
     b60:	a9 f4       	brne	.+42     	; 0xb8c <_fpadd_parts+0x76>
     b62:	92 30       	cpi	r25, 0x02	; 2
     b64:	09 f0       	breq	.+2      	; 0xb68 <_fpadd_parts+0x52>
     b66:	1d c1       	rjmp	.+570    	; 0xda2 <_fpadd_parts+0x28c>
     b68:	9a 01       	movw	r18, r20
     b6a:	ad 01       	movw	r20, r26
     b6c:	88 e0       	ldi	r24, 0x08	; 8
     b6e:	ea 01       	movw	r28, r20
     b70:	09 90       	ld	r0, Y+
     b72:	ae 01       	movw	r20, r28
     b74:	e9 01       	movw	r28, r18
     b76:	09 92       	st	Y+, r0
     b78:	9e 01       	movw	r18, r28
     b7a:	81 50       	subi	r24, 0x01	; 1
     b7c:	c1 f7       	brne	.-16     	; 0xb6e <_fpadd_parts+0x58>
     b7e:	e2 01       	movw	r28, r4
     b80:	89 81       	ldd	r24, Y+1	; 0x01
     b82:	11 96       	adiw	r26, 0x01	; 1
     b84:	9c 91       	ld	r25, X
     b86:	89 23       	and	r24, r25
     b88:	81 83       	std	Z+1, r24	; 0x01
     b8a:	08 c1       	rjmp	.+528    	; 0xd9c <_fpadd_parts+0x286>
     b8c:	92 30       	cpi	r25, 0x02	; 2
     b8e:	09 f4       	brne	.+2      	; 0xb92 <_fpadd_parts+0x7c>
     b90:	07 c1       	rjmp	.+526    	; 0xda0 <_fpadd_parts+0x28a>
     b92:	12 96       	adiw	r26, 0x02	; 2
     b94:	2d 90       	ld	r2, X+
     b96:	3c 90       	ld	r3, X
     b98:	13 97       	sbiw	r26, 0x03	; 3
     b9a:	eb 01       	movw	r28, r22
     b9c:	8a 81       	ldd	r24, Y+2	; 0x02
     b9e:	9b 81       	ldd	r25, Y+3	; 0x03
     ba0:	14 96       	adiw	r26, 0x04	; 4
     ba2:	ad 90       	ld	r10, X+
     ba4:	bd 90       	ld	r11, X+
     ba6:	cd 90       	ld	r12, X+
     ba8:	dc 90       	ld	r13, X
     baa:	17 97       	sbiw	r26, 0x07	; 7
     bac:	ec 80       	ldd	r14, Y+4	; 0x04
     bae:	fd 80       	ldd	r15, Y+5	; 0x05
     bb0:	0e 81       	ldd	r16, Y+6	; 0x06
     bb2:	1f 81       	ldd	r17, Y+7	; 0x07
     bb4:	91 01       	movw	r18, r2
     bb6:	28 1b       	sub	r18, r24
     bb8:	39 0b       	sbc	r19, r25
     bba:	b9 01       	movw	r22, r18
     bbc:	37 ff       	sbrs	r19, 7
     bbe:	04 c0       	rjmp	.+8      	; 0xbc8 <_fpadd_parts+0xb2>
     bc0:	66 27       	eor	r22, r22
     bc2:	77 27       	eor	r23, r23
     bc4:	62 1b       	sub	r22, r18
     bc6:	73 0b       	sbc	r23, r19
     bc8:	60 32       	cpi	r22, 0x20	; 32
     bca:	71 05       	cpc	r23, r1
     bcc:	0c f0       	brlt	.+2      	; 0xbd0 <_fpadd_parts+0xba>
     bce:	61 c0       	rjmp	.+194    	; 0xc92 <_fpadd_parts+0x17c>
     bd0:	12 16       	cp	r1, r18
     bd2:	13 06       	cpc	r1, r19
     bd4:	6c f5       	brge	.+90     	; 0xc30 <_fpadd_parts+0x11a>
     bd6:	37 01       	movw	r6, r14
     bd8:	48 01       	movw	r8, r16
     bda:	06 2e       	mov	r0, r22
     bdc:	04 c0       	rjmp	.+8      	; 0xbe6 <_fpadd_parts+0xd0>
     bde:	96 94       	lsr	r9
     be0:	87 94       	ror	r8
     be2:	77 94       	ror	r7
     be4:	67 94       	ror	r6
     be6:	0a 94       	dec	r0
     be8:	d2 f7       	brpl	.-12     	; 0xbde <_fpadd_parts+0xc8>
     bea:	21 e0       	ldi	r18, 0x01	; 1
     bec:	30 e0       	ldi	r19, 0x00	; 0
     bee:	40 e0       	ldi	r20, 0x00	; 0
     bf0:	50 e0       	ldi	r21, 0x00	; 0
     bf2:	04 c0       	rjmp	.+8      	; 0xbfc <_fpadd_parts+0xe6>
     bf4:	22 0f       	add	r18, r18
     bf6:	33 1f       	adc	r19, r19
     bf8:	44 1f       	adc	r20, r20
     bfa:	55 1f       	adc	r21, r21
     bfc:	6a 95       	dec	r22
     bfe:	d2 f7       	brpl	.-12     	; 0xbf4 <_fpadd_parts+0xde>
     c00:	21 50       	subi	r18, 0x01	; 1
     c02:	30 40       	sbci	r19, 0x00	; 0
     c04:	40 40       	sbci	r20, 0x00	; 0
     c06:	50 40       	sbci	r21, 0x00	; 0
     c08:	2e 21       	and	r18, r14
     c0a:	3f 21       	and	r19, r15
     c0c:	40 23       	and	r20, r16
     c0e:	51 23       	and	r21, r17
     c10:	21 15       	cp	r18, r1
     c12:	31 05       	cpc	r19, r1
     c14:	41 05       	cpc	r20, r1
     c16:	51 05       	cpc	r21, r1
     c18:	21 f0       	breq	.+8      	; 0xc22 <_fpadd_parts+0x10c>
     c1a:	21 e0       	ldi	r18, 0x01	; 1
     c1c:	30 e0       	ldi	r19, 0x00	; 0
     c1e:	40 e0       	ldi	r20, 0x00	; 0
     c20:	50 e0       	ldi	r21, 0x00	; 0
     c22:	79 01       	movw	r14, r18
     c24:	8a 01       	movw	r16, r20
     c26:	e6 28       	or	r14, r6
     c28:	f7 28       	or	r15, r7
     c2a:	08 29       	or	r16, r8
     c2c:	19 29       	or	r17, r9
     c2e:	3c c0       	rjmp	.+120    	; 0xca8 <_fpadd_parts+0x192>
     c30:	23 2b       	or	r18, r19
     c32:	d1 f1       	breq	.+116    	; 0xca8 <_fpadd_parts+0x192>
     c34:	26 0e       	add	r2, r22
     c36:	37 1e       	adc	r3, r23
     c38:	35 01       	movw	r6, r10
     c3a:	46 01       	movw	r8, r12
     c3c:	06 2e       	mov	r0, r22
     c3e:	04 c0       	rjmp	.+8      	; 0xc48 <_fpadd_parts+0x132>
     c40:	96 94       	lsr	r9
     c42:	87 94       	ror	r8
     c44:	77 94       	ror	r7
     c46:	67 94       	ror	r6
     c48:	0a 94       	dec	r0
     c4a:	d2 f7       	brpl	.-12     	; 0xc40 <_fpadd_parts+0x12a>
     c4c:	21 e0       	ldi	r18, 0x01	; 1
     c4e:	30 e0       	ldi	r19, 0x00	; 0
     c50:	40 e0       	ldi	r20, 0x00	; 0
     c52:	50 e0       	ldi	r21, 0x00	; 0
     c54:	04 c0       	rjmp	.+8      	; 0xc5e <_fpadd_parts+0x148>
     c56:	22 0f       	add	r18, r18
     c58:	33 1f       	adc	r19, r19
     c5a:	44 1f       	adc	r20, r20
     c5c:	55 1f       	adc	r21, r21
     c5e:	6a 95       	dec	r22
     c60:	d2 f7       	brpl	.-12     	; 0xc56 <_fpadd_parts+0x140>
     c62:	21 50       	subi	r18, 0x01	; 1
     c64:	30 40       	sbci	r19, 0x00	; 0
     c66:	40 40       	sbci	r20, 0x00	; 0
     c68:	50 40       	sbci	r21, 0x00	; 0
     c6a:	2a 21       	and	r18, r10
     c6c:	3b 21       	and	r19, r11
     c6e:	4c 21       	and	r20, r12
     c70:	5d 21       	and	r21, r13
     c72:	21 15       	cp	r18, r1
     c74:	31 05       	cpc	r19, r1
     c76:	41 05       	cpc	r20, r1
     c78:	51 05       	cpc	r21, r1
     c7a:	21 f0       	breq	.+8      	; 0xc84 <_fpadd_parts+0x16e>
     c7c:	21 e0       	ldi	r18, 0x01	; 1
     c7e:	30 e0       	ldi	r19, 0x00	; 0
     c80:	40 e0       	ldi	r20, 0x00	; 0
     c82:	50 e0       	ldi	r21, 0x00	; 0
     c84:	59 01       	movw	r10, r18
     c86:	6a 01       	movw	r12, r20
     c88:	a6 28       	or	r10, r6
     c8a:	b7 28       	or	r11, r7
     c8c:	c8 28       	or	r12, r8
     c8e:	d9 28       	or	r13, r9
     c90:	0b c0       	rjmp	.+22     	; 0xca8 <_fpadd_parts+0x192>
     c92:	82 15       	cp	r24, r2
     c94:	93 05       	cpc	r25, r3
     c96:	2c f0       	brlt	.+10     	; 0xca2 <_fpadd_parts+0x18c>
     c98:	1c 01       	movw	r2, r24
     c9a:	aa 24       	eor	r10, r10
     c9c:	bb 24       	eor	r11, r11
     c9e:	65 01       	movw	r12, r10
     ca0:	03 c0       	rjmp	.+6      	; 0xca8 <_fpadd_parts+0x192>
     ca2:	ee 24       	eor	r14, r14
     ca4:	ff 24       	eor	r15, r15
     ca6:	87 01       	movw	r16, r14
     ca8:	11 96       	adiw	r26, 0x01	; 1
     caa:	9c 91       	ld	r25, X
     cac:	d2 01       	movw	r26, r4
     cae:	11 96       	adiw	r26, 0x01	; 1
     cb0:	8c 91       	ld	r24, X
     cb2:	98 17       	cp	r25, r24
     cb4:	09 f4       	brne	.+2      	; 0xcb8 <_fpadd_parts+0x1a2>
     cb6:	45 c0       	rjmp	.+138    	; 0xd42 <_fpadd_parts+0x22c>
     cb8:	99 23       	and	r25, r25
     cba:	39 f0       	breq	.+14     	; 0xcca <_fpadd_parts+0x1b4>
     cbc:	a8 01       	movw	r20, r16
     cbe:	97 01       	movw	r18, r14
     cc0:	2a 19       	sub	r18, r10
     cc2:	3b 09       	sbc	r19, r11
     cc4:	4c 09       	sbc	r20, r12
     cc6:	5d 09       	sbc	r21, r13
     cc8:	06 c0       	rjmp	.+12     	; 0xcd6 <_fpadd_parts+0x1c0>
     cca:	a6 01       	movw	r20, r12
     ccc:	95 01       	movw	r18, r10
     cce:	2e 19       	sub	r18, r14
     cd0:	3f 09       	sbc	r19, r15
     cd2:	40 0b       	sbc	r20, r16
     cd4:	51 0b       	sbc	r21, r17
     cd6:	57 fd       	sbrc	r21, 7
     cd8:	08 c0       	rjmp	.+16     	; 0xcea <_fpadd_parts+0x1d4>
     cda:	11 82       	std	Z+1, r1	; 0x01
     cdc:	33 82       	std	Z+3, r3	; 0x03
     cde:	22 82       	std	Z+2, r2	; 0x02
     ce0:	24 83       	std	Z+4, r18	; 0x04
     ce2:	35 83       	std	Z+5, r19	; 0x05
     ce4:	46 83       	std	Z+6, r20	; 0x06
     ce6:	57 83       	std	Z+7, r21	; 0x07
     ce8:	1d c0       	rjmp	.+58     	; 0xd24 <_fpadd_parts+0x20e>
     cea:	81 e0       	ldi	r24, 0x01	; 1
     cec:	81 83       	std	Z+1, r24	; 0x01
     cee:	33 82       	std	Z+3, r3	; 0x03
     cf0:	22 82       	std	Z+2, r2	; 0x02
     cf2:	88 27       	eor	r24, r24
     cf4:	99 27       	eor	r25, r25
     cf6:	dc 01       	movw	r26, r24
     cf8:	82 1b       	sub	r24, r18
     cfa:	93 0b       	sbc	r25, r19
     cfc:	a4 0b       	sbc	r26, r20
     cfe:	b5 0b       	sbc	r27, r21
     d00:	84 83       	std	Z+4, r24	; 0x04
     d02:	95 83       	std	Z+5, r25	; 0x05
     d04:	a6 83       	std	Z+6, r26	; 0x06
     d06:	b7 83       	std	Z+7, r27	; 0x07
     d08:	0d c0       	rjmp	.+26     	; 0xd24 <_fpadd_parts+0x20e>
     d0a:	22 0f       	add	r18, r18
     d0c:	33 1f       	adc	r19, r19
     d0e:	44 1f       	adc	r20, r20
     d10:	55 1f       	adc	r21, r21
     d12:	24 83       	std	Z+4, r18	; 0x04
     d14:	35 83       	std	Z+5, r19	; 0x05
     d16:	46 83       	std	Z+6, r20	; 0x06
     d18:	57 83       	std	Z+7, r21	; 0x07
     d1a:	82 81       	ldd	r24, Z+2	; 0x02
     d1c:	93 81       	ldd	r25, Z+3	; 0x03
     d1e:	01 97       	sbiw	r24, 0x01	; 1
     d20:	93 83       	std	Z+3, r25	; 0x03
     d22:	82 83       	std	Z+2, r24	; 0x02
     d24:	24 81       	ldd	r18, Z+4	; 0x04
     d26:	35 81       	ldd	r19, Z+5	; 0x05
     d28:	46 81       	ldd	r20, Z+6	; 0x06
     d2a:	57 81       	ldd	r21, Z+7	; 0x07
     d2c:	da 01       	movw	r26, r20
     d2e:	c9 01       	movw	r24, r18
     d30:	01 97       	sbiw	r24, 0x01	; 1
     d32:	a1 09       	sbc	r26, r1
     d34:	b1 09       	sbc	r27, r1
     d36:	8f 5f       	subi	r24, 0xFF	; 255
     d38:	9f 4f       	sbci	r25, 0xFF	; 255
     d3a:	af 4f       	sbci	r26, 0xFF	; 255
     d3c:	bf 43       	sbci	r27, 0x3F	; 63
     d3e:	28 f3       	brcs	.-54     	; 0xd0a <_fpadd_parts+0x1f4>
     d40:	0b c0       	rjmp	.+22     	; 0xd58 <_fpadd_parts+0x242>
     d42:	91 83       	std	Z+1, r25	; 0x01
     d44:	33 82       	std	Z+3, r3	; 0x03
     d46:	22 82       	std	Z+2, r2	; 0x02
     d48:	ea 0c       	add	r14, r10
     d4a:	fb 1c       	adc	r15, r11
     d4c:	0c 1d       	adc	r16, r12
     d4e:	1d 1d       	adc	r17, r13
     d50:	e4 82       	std	Z+4, r14	; 0x04
     d52:	f5 82       	std	Z+5, r15	; 0x05
     d54:	06 83       	std	Z+6, r16	; 0x06
     d56:	17 83       	std	Z+7, r17	; 0x07
     d58:	83 e0       	ldi	r24, 0x03	; 3
     d5a:	80 83       	st	Z, r24
     d5c:	24 81       	ldd	r18, Z+4	; 0x04
     d5e:	35 81       	ldd	r19, Z+5	; 0x05
     d60:	46 81       	ldd	r20, Z+6	; 0x06
     d62:	57 81       	ldd	r21, Z+7	; 0x07
     d64:	57 ff       	sbrs	r21, 7
     d66:	1a c0       	rjmp	.+52     	; 0xd9c <_fpadd_parts+0x286>
     d68:	c9 01       	movw	r24, r18
     d6a:	aa 27       	eor	r26, r26
     d6c:	97 fd       	sbrc	r25, 7
     d6e:	a0 95       	com	r26
     d70:	ba 2f       	mov	r27, r26
     d72:	81 70       	andi	r24, 0x01	; 1
     d74:	90 70       	andi	r25, 0x00	; 0
     d76:	a0 70       	andi	r26, 0x00	; 0
     d78:	b0 70       	andi	r27, 0x00	; 0
     d7a:	56 95       	lsr	r21
     d7c:	47 95       	ror	r20
     d7e:	37 95       	ror	r19
     d80:	27 95       	ror	r18
     d82:	82 2b       	or	r24, r18
     d84:	93 2b       	or	r25, r19
     d86:	a4 2b       	or	r26, r20
     d88:	b5 2b       	or	r27, r21
     d8a:	84 83       	std	Z+4, r24	; 0x04
     d8c:	95 83       	std	Z+5, r25	; 0x05
     d8e:	a6 83       	std	Z+6, r26	; 0x06
     d90:	b7 83       	std	Z+7, r27	; 0x07
     d92:	82 81       	ldd	r24, Z+2	; 0x02
     d94:	93 81       	ldd	r25, Z+3	; 0x03
     d96:	01 96       	adiw	r24, 0x01	; 1
     d98:	93 83       	std	Z+3, r25	; 0x03
     d9a:	82 83       	std	Z+2, r24	; 0x02
     d9c:	df 01       	movw	r26, r30
     d9e:	01 c0       	rjmp	.+2      	; 0xda2 <_fpadd_parts+0x28c>
     da0:	d2 01       	movw	r26, r4
     da2:	cd 01       	movw	r24, r26
     da4:	cd b7       	in	r28, 0x3d	; 61
     da6:	de b7       	in	r29, 0x3e	; 62
     da8:	e2 e1       	ldi	r30, 0x12	; 18
     daa:	0c 94 81 0b 	jmp	0x1702	; 0x1702 <__epilogue_restores__>

00000dae <__subsf3>:
     dae:	a0 e2       	ldi	r26, 0x20	; 32
     db0:	b0 e0       	ldi	r27, 0x00	; 0
     db2:	ed ed       	ldi	r30, 0xDD	; 221
     db4:	f6 e0       	ldi	r31, 0x06	; 6
     db6:	0c 94 71 0b 	jmp	0x16e2	; 0x16e2 <__prologue_saves__+0x18>
     dba:	69 83       	std	Y+1, r22	; 0x01
     dbc:	7a 83       	std	Y+2, r23	; 0x02
     dbe:	8b 83       	std	Y+3, r24	; 0x03
     dc0:	9c 83       	std	Y+4, r25	; 0x04
     dc2:	2d 83       	std	Y+5, r18	; 0x05
     dc4:	3e 83       	std	Y+6, r19	; 0x06
     dc6:	4f 83       	std	Y+7, r20	; 0x07
     dc8:	58 87       	std	Y+8, r21	; 0x08
     dca:	e9 e0       	ldi	r30, 0x09	; 9
     dcc:	ee 2e       	mov	r14, r30
     dce:	f1 2c       	mov	r15, r1
     dd0:	ec 0e       	add	r14, r28
     dd2:	fd 1e       	adc	r15, r29
     dd4:	ce 01       	movw	r24, r28
     dd6:	01 96       	adiw	r24, 0x01	; 1
     dd8:	b7 01       	movw	r22, r14
     dda:	0e 94 94 0a 	call	0x1528	; 0x1528 <__unpack_f>
     dde:	8e 01       	movw	r16, r28
     de0:	0f 5e       	subi	r16, 0xEF	; 239
     de2:	1f 4f       	sbci	r17, 0xFF	; 255
     de4:	ce 01       	movw	r24, r28
     de6:	05 96       	adiw	r24, 0x05	; 5
     de8:	b8 01       	movw	r22, r16
     dea:	0e 94 94 0a 	call	0x1528	; 0x1528 <__unpack_f>
     dee:	8a 89       	ldd	r24, Y+18	; 0x12
     df0:	91 e0       	ldi	r25, 0x01	; 1
     df2:	89 27       	eor	r24, r25
     df4:	8a 8b       	std	Y+18, r24	; 0x12
     df6:	c7 01       	movw	r24, r14
     df8:	b8 01       	movw	r22, r16
     dfa:	ae 01       	movw	r20, r28
     dfc:	47 5e       	subi	r20, 0xE7	; 231
     dfe:	5f 4f       	sbci	r21, 0xFF	; 255
     e00:	0e 94 8b 05 	call	0xb16	; 0xb16 <_fpadd_parts>
     e04:	0e 94 bf 09 	call	0x137e	; 0x137e <__pack_f>
     e08:	a0 96       	adiw	r28, 0x20	; 32
     e0a:	e6 e0       	ldi	r30, 0x06	; 6
     e0c:	0c 94 8d 0b 	jmp	0x171a	; 0x171a <__epilogue_restores__+0x18>

00000e10 <__addsf3>:
     e10:	a0 e2       	ldi	r26, 0x20	; 32
     e12:	b0 e0       	ldi	r27, 0x00	; 0
     e14:	ee e0       	ldi	r30, 0x0E	; 14
     e16:	f7 e0       	ldi	r31, 0x07	; 7
     e18:	0c 94 71 0b 	jmp	0x16e2	; 0x16e2 <__prologue_saves__+0x18>
     e1c:	69 83       	std	Y+1, r22	; 0x01
     e1e:	7a 83       	std	Y+2, r23	; 0x02
     e20:	8b 83       	std	Y+3, r24	; 0x03
     e22:	9c 83       	std	Y+4, r25	; 0x04
     e24:	2d 83       	std	Y+5, r18	; 0x05
     e26:	3e 83       	std	Y+6, r19	; 0x06
     e28:	4f 83       	std	Y+7, r20	; 0x07
     e2a:	58 87       	std	Y+8, r21	; 0x08
     e2c:	f9 e0       	ldi	r31, 0x09	; 9
     e2e:	ef 2e       	mov	r14, r31
     e30:	f1 2c       	mov	r15, r1
     e32:	ec 0e       	add	r14, r28
     e34:	fd 1e       	adc	r15, r29
     e36:	ce 01       	movw	r24, r28
     e38:	01 96       	adiw	r24, 0x01	; 1
     e3a:	b7 01       	movw	r22, r14
     e3c:	0e 94 94 0a 	call	0x1528	; 0x1528 <__unpack_f>
     e40:	8e 01       	movw	r16, r28
     e42:	0f 5e       	subi	r16, 0xEF	; 239
     e44:	1f 4f       	sbci	r17, 0xFF	; 255
     e46:	ce 01       	movw	r24, r28
     e48:	05 96       	adiw	r24, 0x05	; 5
     e4a:	b8 01       	movw	r22, r16
     e4c:	0e 94 94 0a 	call	0x1528	; 0x1528 <__unpack_f>
     e50:	c7 01       	movw	r24, r14
     e52:	b8 01       	movw	r22, r16
     e54:	ae 01       	movw	r20, r28
     e56:	47 5e       	subi	r20, 0xE7	; 231
     e58:	5f 4f       	sbci	r21, 0xFF	; 255
     e5a:	0e 94 8b 05 	call	0xb16	; 0xb16 <_fpadd_parts>
     e5e:	0e 94 bf 09 	call	0x137e	; 0x137e <__pack_f>
     e62:	a0 96       	adiw	r28, 0x20	; 32
     e64:	e6 e0       	ldi	r30, 0x06	; 6
     e66:	0c 94 8d 0b 	jmp	0x171a	; 0x171a <__epilogue_restores__+0x18>

00000e6a <__mulsf3>:
     e6a:	a0 e2       	ldi	r26, 0x20	; 32
     e6c:	b0 e0       	ldi	r27, 0x00	; 0
     e6e:	eb e3       	ldi	r30, 0x3B	; 59
     e70:	f7 e0       	ldi	r31, 0x07	; 7
     e72:	0c 94 65 0b 	jmp	0x16ca	; 0x16ca <__prologue_saves__>
     e76:	69 83       	std	Y+1, r22	; 0x01
     e78:	7a 83       	std	Y+2, r23	; 0x02
     e7a:	8b 83       	std	Y+3, r24	; 0x03
     e7c:	9c 83       	std	Y+4, r25	; 0x04
     e7e:	2d 83       	std	Y+5, r18	; 0x05
     e80:	3e 83       	std	Y+6, r19	; 0x06
     e82:	4f 83       	std	Y+7, r20	; 0x07
     e84:	58 87       	std	Y+8, r21	; 0x08
     e86:	ce 01       	movw	r24, r28
     e88:	01 96       	adiw	r24, 0x01	; 1
     e8a:	be 01       	movw	r22, r28
     e8c:	67 5f       	subi	r22, 0xF7	; 247
     e8e:	7f 4f       	sbci	r23, 0xFF	; 255
     e90:	0e 94 94 0a 	call	0x1528	; 0x1528 <__unpack_f>
     e94:	ce 01       	movw	r24, r28
     e96:	05 96       	adiw	r24, 0x05	; 5
     e98:	be 01       	movw	r22, r28
     e9a:	6f 5e       	subi	r22, 0xEF	; 239
     e9c:	7f 4f       	sbci	r23, 0xFF	; 255
     e9e:	0e 94 94 0a 	call	0x1528	; 0x1528 <__unpack_f>
     ea2:	99 85       	ldd	r25, Y+9	; 0x09
     ea4:	92 30       	cpi	r25, 0x02	; 2
     ea6:	88 f0       	brcs	.+34     	; 0xeca <__mulsf3+0x60>
     ea8:	89 89       	ldd	r24, Y+17	; 0x11
     eaa:	82 30       	cpi	r24, 0x02	; 2
     eac:	c8 f0       	brcs	.+50     	; 0xee0 <__mulsf3+0x76>
     eae:	94 30       	cpi	r25, 0x04	; 4
     eb0:	19 f4       	brne	.+6      	; 0xeb8 <__mulsf3+0x4e>
     eb2:	82 30       	cpi	r24, 0x02	; 2
     eb4:	51 f4       	brne	.+20     	; 0xeca <__mulsf3+0x60>
     eb6:	04 c0       	rjmp	.+8      	; 0xec0 <__mulsf3+0x56>
     eb8:	84 30       	cpi	r24, 0x04	; 4
     eba:	29 f4       	brne	.+10     	; 0xec6 <__mulsf3+0x5c>
     ebc:	92 30       	cpi	r25, 0x02	; 2
     ebe:	81 f4       	brne	.+32     	; 0xee0 <__mulsf3+0x76>
     ec0:	80 e6       	ldi	r24, 0x60	; 96
     ec2:	90 e0       	ldi	r25, 0x00	; 0
     ec4:	c6 c0       	rjmp	.+396    	; 0x1052 <__mulsf3+0x1e8>
     ec6:	92 30       	cpi	r25, 0x02	; 2
     ec8:	49 f4       	brne	.+18     	; 0xedc <__mulsf3+0x72>
     eca:	20 e0       	ldi	r18, 0x00	; 0
     ecc:	9a 85       	ldd	r25, Y+10	; 0x0a
     ece:	8a 89       	ldd	r24, Y+18	; 0x12
     ed0:	98 13       	cpse	r25, r24
     ed2:	21 e0       	ldi	r18, 0x01	; 1
     ed4:	2a 87       	std	Y+10, r18	; 0x0a
     ed6:	ce 01       	movw	r24, r28
     ed8:	09 96       	adiw	r24, 0x09	; 9
     eda:	bb c0       	rjmp	.+374    	; 0x1052 <__mulsf3+0x1e8>
     edc:	82 30       	cpi	r24, 0x02	; 2
     ede:	49 f4       	brne	.+18     	; 0xef2 <__mulsf3+0x88>
     ee0:	20 e0       	ldi	r18, 0x00	; 0
     ee2:	9a 85       	ldd	r25, Y+10	; 0x0a
     ee4:	8a 89       	ldd	r24, Y+18	; 0x12
     ee6:	98 13       	cpse	r25, r24
     ee8:	21 e0       	ldi	r18, 0x01	; 1
     eea:	2a 8b       	std	Y+18, r18	; 0x12
     eec:	ce 01       	movw	r24, r28
     eee:	41 96       	adiw	r24, 0x11	; 17
     ef0:	b0 c0       	rjmp	.+352    	; 0x1052 <__mulsf3+0x1e8>
     ef2:	2d 84       	ldd	r2, Y+13	; 0x0d
     ef4:	3e 84       	ldd	r3, Y+14	; 0x0e
     ef6:	4f 84       	ldd	r4, Y+15	; 0x0f
     ef8:	58 88       	ldd	r5, Y+16	; 0x10
     efa:	6d 88       	ldd	r6, Y+21	; 0x15
     efc:	7e 88       	ldd	r7, Y+22	; 0x16
     efe:	8f 88       	ldd	r8, Y+23	; 0x17
     f00:	98 8c       	ldd	r9, Y+24	; 0x18
     f02:	ee 24       	eor	r14, r14
     f04:	ff 24       	eor	r15, r15
     f06:	87 01       	movw	r16, r14
     f08:	aa 24       	eor	r10, r10
     f0a:	bb 24       	eor	r11, r11
     f0c:	65 01       	movw	r12, r10
     f0e:	40 e0       	ldi	r20, 0x00	; 0
     f10:	50 e0       	ldi	r21, 0x00	; 0
     f12:	60 e0       	ldi	r22, 0x00	; 0
     f14:	70 e0       	ldi	r23, 0x00	; 0
     f16:	e0 e0       	ldi	r30, 0x00	; 0
     f18:	f0 e0       	ldi	r31, 0x00	; 0
     f1a:	c1 01       	movw	r24, r2
     f1c:	81 70       	andi	r24, 0x01	; 1
     f1e:	90 70       	andi	r25, 0x00	; 0
     f20:	89 2b       	or	r24, r25
     f22:	e9 f0       	breq	.+58     	; 0xf5e <__mulsf3+0xf4>
     f24:	e6 0c       	add	r14, r6
     f26:	f7 1c       	adc	r15, r7
     f28:	08 1d       	adc	r16, r8
     f2a:	19 1d       	adc	r17, r9
     f2c:	9a 01       	movw	r18, r20
     f2e:	ab 01       	movw	r20, r22
     f30:	2a 0d       	add	r18, r10
     f32:	3b 1d       	adc	r19, r11
     f34:	4c 1d       	adc	r20, r12
     f36:	5d 1d       	adc	r21, r13
     f38:	80 e0       	ldi	r24, 0x00	; 0
     f3a:	90 e0       	ldi	r25, 0x00	; 0
     f3c:	a0 e0       	ldi	r26, 0x00	; 0
     f3e:	b0 e0       	ldi	r27, 0x00	; 0
     f40:	e6 14       	cp	r14, r6
     f42:	f7 04       	cpc	r15, r7
     f44:	08 05       	cpc	r16, r8
     f46:	19 05       	cpc	r17, r9
     f48:	20 f4       	brcc	.+8      	; 0xf52 <__mulsf3+0xe8>
     f4a:	81 e0       	ldi	r24, 0x01	; 1
     f4c:	90 e0       	ldi	r25, 0x00	; 0
     f4e:	a0 e0       	ldi	r26, 0x00	; 0
     f50:	b0 e0       	ldi	r27, 0x00	; 0
     f52:	ba 01       	movw	r22, r20
     f54:	a9 01       	movw	r20, r18
     f56:	48 0f       	add	r20, r24
     f58:	59 1f       	adc	r21, r25
     f5a:	6a 1f       	adc	r22, r26
     f5c:	7b 1f       	adc	r23, r27
     f5e:	aa 0c       	add	r10, r10
     f60:	bb 1c       	adc	r11, r11
     f62:	cc 1c       	adc	r12, r12
     f64:	dd 1c       	adc	r13, r13
     f66:	97 fe       	sbrs	r9, 7
     f68:	08 c0       	rjmp	.+16     	; 0xf7a <__mulsf3+0x110>
     f6a:	81 e0       	ldi	r24, 0x01	; 1
     f6c:	90 e0       	ldi	r25, 0x00	; 0
     f6e:	a0 e0       	ldi	r26, 0x00	; 0
     f70:	b0 e0       	ldi	r27, 0x00	; 0
     f72:	a8 2a       	or	r10, r24
     f74:	b9 2a       	or	r11, r25
     f76:	ca 2a       	or	r12, r26
     f78:	db 2a       	or	r13, r27
     f7a:	31 96       	adiw	r30, 0x01	; 1
     f7c:	e0 32       	cpi	r30, 0x20	; 32
     f7e:	f1 05       	cpc	r31, r1
     f80:	49 f0       	breq	.+18     	; 0xf94 <__mulsf3+0x12a>
     f82:	66 0c       	add	r6, r6
     f84:	77 1c       	adc	r7, r7
     f86:	88 1c       	adc	r8, r8
     f88:	99 1c       	adc	r9, r9
     f8a:	56 94       	lsr	r5
     f8c:	47 94       	ror	r4
     f8e:	37 94       	ror	r3
     f90:	27 94       	ror	r2
     f92:	c3 cf       	rjmp	.-122    	; 0xf1a <__mulsf3+0xb0>
     f94:	fa 85       	ldd	r31, Y+10	; 0x0a
     f96:	ea 89       	ldd	r30, Y+18	; 0x12
     f98:	2b 89       	ldd	r18, Y+19	; 0x13
     f9a:	3c 89       	ldd	r19, Y+20	; 0x14
     f9c:	8b 85       	ldd	r24, Y+11	; 0x0b
     f9e:	9c 85       	ldd	r25, Y+12	; 0x0c
     fa0:	28 0f       	add	r18, r24
     fa2:	39 1f       	adc	r19, r25
     fa4:	2e 5f       	subi	r18, 0xFE	; 254
     fa6:	3f 4f       	sbci	r19, 0xFF	; 255
     fa8:	17 c0       	rjmp	.+46     	; 0xfd8 <__mulsf3+0x16e>
     faa:	ca 01       	movw	r24, r20
     fac:	81 70       	andi	r24, 0x01	; 1
     fae:	90 70       	andi	r25, 0x00	; 0
     fb0:	89 2b       	or	r24, r25
     fb2:	61 f0       	breq	.+24     	; 0xfcc <__mulsf3+0x162>
     fb4:	16 95       	lsr	r17
     fb6:	07 95       	ror	r16
     fb8:	f7 94       	ror	r15
     fba:	e7 94       	ror	r14
     fbc:	80 e0       	ldi	r24, 0x00	; 0
     fbe:	90 e0       	ldi	r25, 0x00	; 0
     fc0:	a0 e0       	ldi	r26, 0x00	; 0
     fc2:	b0 e8       	ldi	r27, 0x80	; 128
     fc4:	e8 2a       	or	r14, r24
     fc6:	f9 2a       	or	r15, r25
     fc8:	0a 2b       	or	r16, r26
     fca:	1b 2b       	or	r17, r27
     fcc:	76 95       	lsr	r23
     fce:	67 95       	ror	r22
     fd0:	57 95       	ror	r21
     fd2:	47 95       	ror	r20
     fd4:	2f 5f       	subi	r18, 0xFF	; 255
     fd6:	3f 4f       	sbci	r19, 0xFF	; 255
     fd8:	77 fd       	sbrc	r23, 7
     fda:	e7 cf       	rjmp	.-50     	; 0xfaa <__mulsf3+0x140>
     fdc:	0c c0       	rjmp	.+24     	; 0xff6 <__mulsf3+0x18c>
     fde:	44 0f       	add	r20, r20
     fe0:	55 1f       	adc	r21, r21
     fe2:	66 1f       	adc	r22, r22
     fe4:	77 1f       	adc	r23, r23
     fe6:	17 fd       	sbrc	r17, 7
     fe8:	41 60       	ori	r20, 0x01	; 1
     fea:	ee 0c       	add	r14, r14
     fec:	ff 1c       	adc	r15, r15
     fee:	00 1f       	adc	r16, r16
     ff0:	11 1f       	adc	r17, r17
     ff2:	21 50       	subi	r18, 0x01	; 1
     ff4:	30 40       	sbci	r19, 0x00	; 0
     ff6:	40 30       	cpi	r20, 0x00	; 0
     ff8:	90 e0       	ldi	r25, 0x00	; 0
     ffa:	59 07       	cpc	r21, r25
     ffc:	90 e0       	ldi	r25, 0x00	; 0
     ffe:	69 07       	cpc	r22, r25
    1000:	90 e4       	ldi	r25, 0x40	; 64
    1002:	79 07       	cpc	r23, r25
    1004:	60 f3       	brcs	.-40     	; 0xfde <__mulsf3+0x174>
    1006:	2b 8f       	std	Y+27, r18	; 0x1b
    1008:	3c 8f       	std	Y+28, r19	; 0x1c
    100a:	db 01       	movw	r26, r22
    100c:	ca 01       	movw	r24, r20
    100e:	8f 77       	andi	r24, 0x7F	; 127
    1010:	90 70       	andi	r25, 0x00	; 0
    1012:	a0 70       	andi	r26, 0x00	; 0
    1014:	b0 70       	andi	r27, 0x00	; 0
    1016:	80 34       	cpi	r24, 0x40	; 64
    1018:	91 05       	cpc	r25, r1
    101a:	a1 05       	cpc	r26, r1
    101c:	b1 05       	cpc	r27, r1
    101e:	61 f4       	brne	.+24     	; 0x1038 <__mulsf3+0x1ce>
    1020:	47 fd       	sbrc	r20, 7
    1022:	0a c0       	rjmp	.+20     	; 0x1038 <__mulsf3+0x1ce>
    1024:	e1 14       	cp	r14, r1
    1026:	f1 04       	cpc	r15, r1
    1028:	01 05       	cpc	r16, r1
    102a:	11 05       	cpc	r17, r1
    102c:	29 f0       	breq	.+10     	; 0x1038 <__mulsf3+0x1ce>
    102e:	40 5c       	subi	r20, 0xC0	; 192
    1030:	5f 4f       	sbci	r21, 0xFF	; 255
    1032:	6f 4f       	sbci	r22, 0xFF	; 255
    1034:	7f 4f       	sbci	r23, 0xFF	; 255
    1036:	40 78       	andi	r20, 0x80	; 128
    1038:	1a 8e       	std	Y+26, r1	; 0x1a
    103a:	fe 17       	cp	r31, r30
    103c:	11 f0       	breq	.+4      	; 0x1042 <__mulsf3+0x1d8>
    103e:	81 e0       	ldi	r24, 0x01	; 1
    1040:	8a 8f       	std	Y+26, r24	; 0x1a
    1042:	4d 8f       	std	Y+29, r20	; 0x1d
    1044:	5e 8f       	std	Y+30, r21	; 0x1e
    1046:	6f 8f       	std	Y+31, r22	; 0x1f
    1048:	78 a3       	std	Y+32, r23	; 0x20
    104a:	83 e0       	ldi	r24, 0x03	; 3
    104c:	89 8f       	std	Y+25, r24	; 0x19
    104e:	ce 01       	movw	r24, r28
    1050:	49 96       	adiw	r24, 0x19	; 25
    1052:	0e 94 bf 09 	call	0x137e	; 0x137e <__pack_f>
    1056:	a0 96       	adiw	r28, 0x20	; 32
    1058:	e2 e1       	ldi	r30, 0x12	; 18
    105a:	0c 94 81 0b 	jmp	0x1702	; 0x1702 <__epilogue_restores__>

0000105e <__divsf3>:
    105e:	a8 e1       	ldi	r26, 0x18	; 24
    1060:	b0 e0       	ldi	r27, 0x00	; 0
    1062:	e5 e3       	ldi	r30, 0x35	; 53
    1064:	f8 e0       	ldi	r31, 0x08	; 8
    1066:	0c 94 6d 0b 	jmp	0x16da	; 0x16da <__prologue_saves__+0x10>
    106a:	69 83       	std	Y+1, r22	; 0x01
    106c:	7a 83       	std	Y+2, r23	; 0x02
    106e:	8b 83       	std	Y+3, r24	; 0x03
    1070:	9c 83       	std	Y+4, r25	; 0x04
    1072:	2d 83       	std	Y+5, r18	; 0x05
    1074:	3e 83       	std	Y+6, r19	; 0x06
    1076:	4f 83       	std	Y+7, r20	; 0x07
    1078:	58 87       	std	Y+8, r21	; 0x08
    107a:	b9 e0       	ldi	r27, 0x09	; 9
    107c:	eb 2e       	mov	r14, r27
    107e:	f1 2c       	mov	r15, r1
    1080:	ec 0e       	add	r14, r28
    1082:	fd 1e       	adc	r15, r29
    1084:	ce 01       	movw	r24, r28
    1086:	01 96       	adiw	r24, 0x01	; 1
    1088:	b7 01       	movw	r22, r14
    108a:	0e 94 94 0a 	call	0x1528	; 0x1528 <__unpack_f>
    108e:	8e 01       	movw	r16, r28
    1090:	0f 5e       	subi	r16, 0xEF	; 239
    1092:	1f 4f       	sbci	r17, 0xFF	; 255
    1094:	ce 01       	movw	r24, r28
    1096:	05 96       	adiw	r24, 0x05	; 5
    1098:	b8 01       	movw	r22, r16
    109a:	0e 94 94 0a 	call	0x1528	; 0x1528 <__unpack_f>
    109e:	29 85       	ldd	r18, Y+9	; 0x09
    10a0:	22 30       	cpi	r18, 0x02	; 2
    10a2:	08 f4       	brcc	.+2      	; 0x10a6 <__divsf3+0x48>
    10a4:	7e c0       	rjmp	.+252    	; 0x11a2 <__divsf3+0x144>
    10a6:	39 89       	ldd	r19, Y+17	; 0x11
    10a8:	32 30       	cpi	r19, 0x02	; 2
    10aa:	10 f4       	brcc	.+4      	; 0x10b0 <__divsf3+0x52>
    10ac:	b8 01       	movw	r22, r16
    10ae:	7c c0       	rjmp	.+248    	; 0x11a8 <__divsf3+0x14a>
    10b0:	8a 85       	ldd	r24, Y+10	; 0x0a
    10b2:	9a 89       	ldd	r25, Y+18	; 0x12
    10b4:	89 27       	eor	r24, r25
    10b6:	8a 87       	std	Y+10, r24	; 0x0a
    10b8:	24 30       	cpi	r18, 0x04	; 4
    10ba:	11 f0       	breq	.+4      	; 0x10c0 <__divsf3+0x62>
    10bc:	22 30       	cpi	r18, 0x02	; 2
    10be:	31 f4       	brne	.+12     	; 0x10cc <__divsf3+0x6e>
    10c0:	23 17       	cp	r18, r19
    10c2:	09 f0       	breq	.+2      	; 0x10c6 <__divsf3+0x68>
    10c4:	6e c0       	rjmp	.+220    	; 0x11a2 <__divsf3+0x144>
    10c6:	60 e6       	ldi	r22, 0x60	; 96
    10c8:	70 e0       	ldi	r23, 0x00	; 0
    10ca:	6e c0       	rjmp	.+220    	; 0x11a8 <__divsf3+0x14a>
    10cc:	34 30       	cpi	r19, 0x04	; 4
    10ce:	39 f4       	brne	.+14     	; 0x10de <__divsf3+0x80>
    10d0:	1d 86       	std	Y+13, r1	; 0x0d
    10d2:	1e 86       	std	Y+14, r1	; 0x0e
    10d4:	1f 86       	std	Y+15, r1	; 0x0f
    10d6:	18 8a       	std	Y+16, r1	; 0x10
    10d8:	1c 86       	std	Y+12, r1	; 0x0c
    10da:	1b 86       	std	Y+11, r1	; 0x0b
    10dc:	04 c0       	rjmp	.+8      	; 0x10e6 <__divsf3+0x88>
    10de:	32 30       	cpi	r19, 0x02	; 2
    10e0:	21 f4       	brne	.+8      	; 0x10ea <__divsf3+0x8c>
    10e2:	84 e0       	ldi	r24, 0x04	; 4
    10e4:	89 87       	std	Y+9, r24	; 0x09
    10e6:	b7 01       	movw	r22, r14
    10e8:	5f c0       	rjmp	.+190    	; 0x11a8 <__divsf3+0x14a>
    10ea:	2b 85       	ldd	r18, Y+11	; 0x0b
    10ec:	3c 85       	ldd	r19, Y+12	; 0x0c
    10ee:	8b 89       	ldd	r24, Y+19	; 0x13
    10f0:	9c 89       	ldd	r25, Y+20	; 0x14
    10f2:	28 1b       	sub	r18, r24
    10f4:	39 0b       	sbc	r19, r25
    10f6:	3c 87       	std	Y+12, r19	; 0x0c
    10f8:	2b 87       	std	Y+11, r18	; 0x0b
    10fa:	ed 84       	ldd	r14, Y+13	; 0x0d
    10fc:	fe 84       	ldd	r15, Y+14	; 0x0e
    10fe:	0f 85       	ldd	r16, Y+15	; 0x0f
    1100:	18 89       	ldd	r17, Y+16	; 0x10
    1102:	ad 88       	ldd	r10, Y+21	; 0x15
    1104:	be 88       	ldd	r11, Y+22	; 0x16
    1106:	cf 88       	ldd	r12, Y+23	; 0x17
    1108:	d8 8c       	ldd	r13, Y+24	; 0x18
    110a:	ea 14       	cp	r14, r10
    110c:	fb 04       	cpc	r15, r11
    110e:	0c 05       	cpc	r16, r12
    1110:	1d 05       	cpc	r17, r13
    1112:	40 f4       	brcc	.+16     	; 0x1124 <__divsf3+0xc6>
    1114:	ee 0c       	add	r14, r14
    1116:	ff 1c       	adc	r15, r15
    1118:	00 1f       	adc	r16, r16
    111a:	11 1f       	adc	r17, r17
    111c:	21 50       	subi	r18, 0x01	; 1
    111e:	30 40       	sbci	r19, 0x00	; 0
    1120:	3c 87       	std	Y+12, r19	; 0x0c
    1122:	2b 87       	std	Y+11, r18	; 0x0b
    1124:	20 e0       	ldi	r18, 0x00	; 0
    1126:	30 e0       	ldi	r19, 0x00	; 0
    1128:	40 e0       	ldi	r20, 0x00	; 0
    112a:	50 e0       	ldi	r21, 0x00	; 0
    112c:	80 e0       	ldi	r24, 0x00	; 0
    112e:	90 e0       	ldi	r25, 0x00	; 0
    1130:	a0 e0       	ldi	r26, 0x00	; 0
    1132:	b0 e4       	ldi	r27, 0x40	; 64
    1134:	60 e0       	ldi	r22, 0x00	; 0
    1136:	70 e0       	ldi	r23, 0x00	; 0
    1138:	ea 14       	cp	r14, r10
    113a:	fb 04       	cpc	r15, r11
    113c:	0c 05       	cpc	r16, r12
    113e:	1d 05       	cpc	r17, r13
    1140:	40 f0       	brcs	.+16     	; 0x1152 <__divsf3+0xf4>
    1142:	28 2b       	or	r18, r24
    1144:	39 2b       	or	r19, r25
    1146:	4a 2b       	or	r20, r26
    1148:	5b 2b       	or	r21, r27
    114a:	ea 18       	sub	r14, r10
    114c:	fb 08       	sbc	r15, r11
    114e:	0c 09       	sbc	r16, r12
    1150:	1d 09       	sbc	r17, r13
    1152:	b6 95       	lsr	r27
    1154:	a7 95       	ror	r26
    1156:	97 95       	ror	r25
    1158:	87 95       	ror	r24
    115a:	ee 0c       	add	r14, r14
    115c:	ff 1c       	adc	r15, r15
    115e:	00 1f       	adc	r16, r16
    1160:	11 1f       	adc	r17, r17
    1162:	6f 5f       	subi	r22, 0xFF	; 255
    1164:	7f 4f       	sbci	r23, 0xFF	; 255
    1166:	6f 31       	cpi	r22, 0x1F	; 31
    1168:	71 05       	cpc	r23, r1
    116a:	31 f7       	brne	.-52     	; 0x1138 <__divsf3+0xda>
    116c:	da 01       	movw	r26, r20
    116e:	c9 01       	movw	r24, r18
    1170:	8f 77       	andi	r24, 0x7F	; 127
    1172:	90 70       	andi	r25, 0x00	; 0
    1174:	a0 70       	andi	r26, 0x00	; 0
    1176:	b0 70       	andi	r27, 0x00	; 0
    1178:	80 34       	cpi	r24, 0x40	; 64
    117a:	91 05       	cpc	r25, r1
    117c:	a1 05       	cpc	r26, r1
    117e:	b1 05       	cpc	r27, r1
    1180:	61 f4       	brne	.+24     	; 0x119a <__divsf3+0x13c>
    1182:	27 fd       	sbrc	r18, 7
    1184:	0a c0       	rjmp	.+20     	; 0x119a <__divsf3+0x13c>
    1186:	e1 14       	cp	r14, r1
    1188:	f1 04       	cpc	r15, r1
    118a:	01 05       	cpc	r16, r1
    118c:	11 05       	cpc	r17, r1
    118e:	29 f0       	breq	.+10     	; 0x119a <__divsf3+0x13c>
    1190:	20 5c       	subi	r18, 0xC0	; 192
    1192:	3f 4f       	sbci	r19, 0xFF	; 255
    1194:	4f 4f       	sbci	r20, 0xFF	; 255
    1196:	5f 4f       	sbci	r21, 0xFF	; 255
    1198:	20 78       	andi	r18, 0x80	; 128
    119a:	2d 87       	std	Y+13, r18	; 0x0d
    119c:	3e 87       	std	Y+14, r19	; 0x0e
    119e:	4f 87       	std	Y+15, r20	; 0x0f
    11a0:	58 8b       	std	Y+16, r21	; 0x10
    11a2:	be 01       	movw	r22, r28
    11a4:	67 5f       	subi	r22, 0xF7	; 247
    11a6:	7f 4f       	sbci	r23, 0xFF	; 255
    11a8:	cb 01       	movw	r24, r22
    11aa:	0e 94 bf 09 	call	0x137e	; 0x137e <__pack_f>
    11ae:	68 96       	adiw	r28, 0x18	; 24
    11b0:	ea e0       	ldi	r30, 0x0A	; 10
    11b2:	0c 94 89 0b 	jmp	0x1712	; 0x1712 <__epilogue_restores__+0x10>

000011b6 <__gtsf2>:
    11b6:	a8 e1       	ldi	r26, 0x18	; 24
    11b8:	b0 e0       	ldi	r27, 0x00	; 0
    11ba:	e1 ee       	ldi	r30, 0xE1	; 225
    11bc:	f8 e0       	ldi	r31, 0x08	; 8
    11be:	0c 94 71 0b 	jmp	0x16e2	; 0x16e2 <__prologue_saves__+0x18>
    11c2:	69 83       	std	Y+1, r22	; 0x01
    11c4:	7a 83       	std	Y+2, r23	; 0x02
    11c6:	8b 83       	std	Y+3, r24	; 0x03
    11c8:	9c 83       	std	Y+4, r25	; 0x04
    11ca:	2d 83       	std	Y+5, r18	; 0x05
    11cc:	3e 83       	std	Y+6, r19	; 0x06
    11ce:	4f 83       	std	Y+7, r20	; 0x07
    11d0:	58 87       	std	Y+8, r21	; 0x08
    11d2:	89 e0       	ldi	r24, 0x09	; 9
    11d4:	e8 2e       	mov	r14, r24
    11d6:	f1 2c       	mov	r15, r1
    11d8:	ec 0e       	add	r14, r28
    11da:	fd 1e       	adc	r15, r29
    11dc:	ce 01       	movw	r24, r28
    11de:	01 96       	adiw	r24, 0x01	; 1
    11e0:	b7 01       	movw	r22, r14
    11e2:	0e 94 94 0a 	call	0x1528	; 0x1528 <__unpack_f>
    11e6:	8e 01       	movw	r16, r28
    11e8:	0f 5e       	subi	r16, 0xEF	; 239
    11ea:	1f 4f       	sbci	r17, 0xFF	; 255
    11ec:	ce 01       	movw	r24, r28
    11ee:	05 96       	adiw	r24, 0x05	; 5
    11f0:	b8 01       	movw	r22, r16
    11f2:	0e 94 94 0a 	call	0x1528	; 0x1528 <__unpack_f>
    11f6:	89 85       	ldd	r24, Y+9	; 0x09
    11f8:	82 30       	cpi	r24, 0x02	; 2
    11fa:	40 f0       	brcs	.+16     	; 0x120c <__gtsf2+0x56>
    11fc:	89 89       	ldd	r24, Y+17	; 0x11
    11fe:	82 30       	cpi	r24, 0x02	; 2
    1200:	28 f0       	brcs	.+10     	; 0x120c <__gtsf2+0x56>
    1202:	c7 01       	movw	r24, r14
    1204:	b8 01       	movw	r22, r16
    1206:	0e 94 0c 0b 	call	0x1618	; 0x1618 <__fpcmp_parts_f>
    120a:	01 c0       	rjmp	.+2      	; 0x120e <__gtsf2+0x58>
    120c:	8f ef       	ldi	r24, 0xFF	; 255
    120e:	68 96       	adiw	r28, 0x18	; 24
    1210:	e6 e0       	ldi	r30, 0x06	; 6
    1212:	0c 94 8d 0b 	jmp	0x171a	; 0x171a <__epilogue_restores__+0x18>

00001216 <__gesf2>:
    1216:	a8 e1       	ldi	r26, 0x18	; 24
    1218:	b0 e0       	ldi	r27, 0x00	; 0
    121a:	e1 e1       	ldi	r30, 0x11	; 17
    121c:	f9 e0       	ldi	r31, 0x09	; 9
    121e:	0c 94 71 0b 	jmp	0x16e2	; 0x16e2 <__prologue_saves__+0x18>
    1222:	69 83       	std	Y+1, r22	; 0x01
    1224:	7a 83       	std	Y+2, r23	; 0x02
    1226:	8b 83       	std	Y+3, r24	; 0x03
    1228:	9c 83       	std	Y+4, r25	; 0x04
    122a:	2d 83       	std	Y+5, r18	; 0x05
    122c:	3e 83       	std	Y+6, r19	; 0x06
    122e:	4f 83       	std	Y+7, r20	; 0x07
    1230:	58 87       	std	Y+8, r21	; 0x08
    1232:	89 e0       	ldi	r24, 0x09	; 9
    1234:	e8 2e       	mov	r14, r24
    1236:	f1 2c       	mov	r15, r1
    1238:	ec 0e       	add	r14, r28
    123a:	fd 1e       	adc	r15, r29
    123c:	ce 01       	movw	r24, r28
    123e:	01 96       	adiw	r24, 0x01	; 1
    1240:	b7 01       	movw	r22, r14
    1242:	0e 94 94 0a 	call	0x1528	; 0x1528 <__unpack_f>
    1246:	8e 01       	movw	r16, r28
    1248:	0f 5e       	subi	r16, 0xEF	; 239
    124a:	1f 4f       	sbci	r17, 0xFF	; 255
    124c:	ce 01       	movw	r24, r28
    124e:	05 96       	adiw	r24, 0x05	; 5
    1250:	b8 01       	movw	r22, r16
    1252:	0e 94 94 0a 	call	0x1528	; 0x1528 <__unpack_f>
    1256:	89 85       	ldd	r24, Y+9	; 0x09
    1258:	82 30       	cpi	r24, 0x02	; 2
    125a:	40 f0       	brcs	.+16     	; 0x126c <__gesf2+0x56>
    125c:	89 89       	ldd	r24, Y+17	; 0x11
    125e:	82 30       	cpi	r24, 0x02	; 2
    1260:	28 f0       	brcs	.+10     	; 0x126c <__gesf2+0x56>
    1262:	c7 01       	movw	r24, r14
    1264:	b8 01       	movw	r22, r16
    1266:	0e 94 0c 0b 	call	0x1618	; 0x1618 <__fpcmp_parts_f>
    126a:	01 c0       	rjmp	.+2      	; 0x126e <__gesf2+0x58>
    126c:	8f ef       	ldi	r24, 0xFF	; 255
    126e:	68 96       	adiw	r28, 0x18	; 24
    1270:	e6 e0       	ldi	r30, 0x06	; 6
    1272:	0c 94 8d 0b 	jmp	0x171a	; 0x171a <__epilogue_restores__+0x18>

00001276 <__ltsf2>:
    1276:	a8 e1       	ldi	r26, 0x18	; 24
    1278:	b0 e0       	ldi	r27, 0x00	; 0
    127a:	e1 e4       	ldi	r30, 0x41	; 65
    127c:	f9 e0       	ldi	r31, 0x09	; 9
    127e:	0c 94 71 0b 	jmp	0x16e2	; 0x16e2 <__prologue_saves__+0x18>
    1282:	69 83       	std	Y+1, r22	; 0x01
    1284:	7a 83       	std	Y+2, r23	; 0x02
    1286:	8b 83       	std	Y+3, r24	; 0x03
    1288:	9c 83       	std	Y+4, r25	; 0x04
    128a:	2d 83       	std	Y+5, r18	; 0x05
    128c:	3e 83       	std	Y+6, r19	; 0x06
    128e:	4f 83       	std	Y+7, r20	; 0x07
    1290:	58 87       	std	Y+8, r21	; 0x08
    1292:	89 e0       	ldi	r24, 0x09	; 9
    1294:	e8 2e       	mov	r14, r24
    1296:	f1 2c       	mov	r15, r1
    1298:	ec 0e       	add	r14, r28
    129a:	fd 1e       	adc	r15, r29
    129c:	ce 01       	movw	r24, r28
    129e:	01 96       	adiw	r24, 0x01	; 1
    12a0:	b7 01       	movw	r22, r14
    12a2:	0e 94 94 0a 	call	0x1528	; 0x1528 <__unpack_f>
    12a6:	8e 01       	movw	r16, r28
    12a8:	0f 5e       	subi	r16, 0xEF	; 239
    12aa:	1f 4f       	sbci	r17, 0xFF	; 255
    12ac:	ce 01       	movw	r24, r28
    12ae:	05 96       	adiw	r24, 0x05	; 5
    12b0:	b8 01       	movw	r22, r16
    12b2:	0e 94 94 0a 	call	0x1528	; 0x1528 <__unpack_f>
    12b6:	89 85       	ldd	r24, Y+9	; 0x09
    12b8:	82 30       	cpi	r24, 0x02	; 2
    12ba:	40 f0       	brcs	.+16     	; 0x12cc <__ltsf2+0x56>
    12bc:	89 89       	ldd	r24, Y+17	; 0x11
    12be:	82 30       	cpi	r24, 0x02	; 2
    12c0:	28 f0       	brcs	.+10     	; 0x12cc <__ltsf2+0x56>
    12c2:	c7 01       	movw	r24, r14
    12c4:	b8 01       	movw	r22, r16
    12c6:	0e 94 0c 0b 	call	0x1618	; 0x1618 <__fpcmp_parts_f>
    12ca:	01 c0       	rjmp	.+2      	; 0x12ce <__ltsf2+0x58>
    12cc:	81 e0       	ldi	r24, 0x01	; 1
    12ce:	68 96       	adiw	r28, 0x18	; 24
    12d0:	e6 e0       	ldi	r30, 0x06	; 6
    12d2:	0c 94 8d 0b 	jmp	0x171a	; 0x171a <__epilogue_restores__+0x18>

000012d6 <__fixsfsi>:
    12d6:	ac e0       	ldi	r26, 0x0C	; 12
    12d8:	b0 e0       	ldi	r27, 0x00	; 0
    12da:	e1 e7       	ldi	r30, 0x71	; 113
    12dc:	f9 e0       	ldi	r31, 0x09	; 9
    12de:	0c 94 75 0b 	jmp	0x16ea	; 0x16ea <__prologue_saves__+0x20>
    12e2:	69 83       	std	Y+1, r22	; 0x01
    12e4:	7a 83       	std	Y+2, r23	; 0x02
    12e6:	8b 83       	std	Y+3, r24	; 0x03
    12e8:	9c 83       	std	Y+4, r25	; 0x04
    12ea:	ce 01       	movw	r24, r28
    12ec:	01 96       	adiw	r24, 0x01	; 1
    12ee:	be 01       	movw	r22, r28
    12f0:	6b 5f       	subi	r22, 0xFB	; 251
    12f2:	7f 4f       	sbci	r23, 0xFF	; 255
    12f4:	0e 94 94 0a 	call	0x1528	; 0x1528 <__unpack_f>
    12f8:	8d 81       	ldd	r24, Y+5	; 0x05
    12fa:	82 30       	cpi	r24, 0x02	; 2
    12fc:	61 f1       	breq	.+88     	; 0x1356 <__fixsfsi+0x80>
    12fe:	82 30       	cpi	r24, 0x02	; 2
    1300:	50 f1       	brcs	.+84     	; 0x1356 <__fixsfsi+0x80>
    1302:	84 30       	cpi	r24, 0x04	; 4
    1304:	21 f4       	brne	.+8      	; 0x130e <__fixsfsi+0x38>
    1306:	8e 81       	ldd	r24, Y+6	; 0x06
    1308:	88 23       	and	r24, r24
    130a:	51 f1       	breq	.+84     	; 0x1360 <__fixsfsi+0x8a>
    130c:	2e c0       	rjmp	.+92     	; 0x136a <__fixsfsi+0x94>
    130e:	2f 81       	ldd	r18, Y+7	; 0x07
    1310:	38 85       	ldd	r19, Y+8	; 0x08
    1312:	37 fd       	sbrc	r19, 7
    1314:	20 c0       	rjmp	.+64     	; 0x1356 <__fixsfsi+0x80>
    1316:	6e 81       	ldd	r22, Y+6	; 0x06
    1318:	2f 31       	cpi	r18, 0x1F	; 31
    131a:	31 05       	cpc	r19, r1
    131c:	1c f0       	brlt	.+6      	; 0x1324 <__fixsfsi+0x4e>
    131e:	66 23       	and	r22, r22
    1320:	f9 f0       	breq	.+62     	; 0x1360 <__fixsfsi+0x8a>
    1322:	23 c0       	rjmp	.+70     	; 0x136a <__fixsfsi+0x94>
    1324:	8e e1       	ldi	r24, 0x1E	; 30
    1326:	90 e0       	ldi	r25, 0x00	; 0
    1328:	82 1b       	sub	r24, r18
    132a:	93 0b       	sbc	r25, r19
    132c:	29 85       	ldd	r18, Y+9	; 0x09
    132e:	3a 85       	ldd	r19, Y+10	; 0x0a
    1330:	4b 85       	ldd	r20, Y+11	; 0x0b
    1332:	5c 85       	ldd	r21, Y+12	; 0x0c
    1334:	04 c0       	rjmp	.+8      	; 0x133e <__fixsfsi+0x68>
    1336:	56 95       	lsr	r21
    1338:	47 95       	ror	r20
    133a:	37 95       	ror	r19
    133c:	27 95       	ror	r18
    133e:	8a 95       	dec	r24
    1340:	d2 f7       	brpl	.-12     	; 0x1336 <__fixsfsi+0x60>
    1342:	66 23       	and	r22, r22
    1344:	b1 f0       	breq	.+44     	; 0x1372 <__fixsfsi+0x9c>
    1346:	50 95       	com	r21
    1348:	40 95       	com	r20
    134a:	30 95       	com	r19
    134c:	21 95       	neg	r18
    134e:	3f 4f       	sbci	r19, 0xFF	; 255
    1350:	4f 4f       	sbci	r20, 0xFF	; 255
    1352:	5f 4f       	sbci	r21, 0xFF	; 255
    1354:	0e c0       	rjmp	.+28     	; 0x1372 <__fixsfsi+0x9c>
    1356:	20 e0       	ldi	r18, 0x00	; 0
    1358:	30 e0       	ldi	r19, 0x00	; 0
    135a:	40 e0       	ldi	r20, 0x00	; 0
    135c:	50 e0       	ldi	r21, 0x00	; 0
    135e:	09 c0       	rjmp	.+18     	; 0x1372 <__fixsfsi+0x9c>
    1360:	2f ef       	ldi	r18, 0xFF	; 255
    1362:	3f ef       	ldi	r19, 0xFF	; 255
    1364:	4f ef       	ldi	r20, 0xFF	; 255
    1366:	5f e7       	ldi	r21, 0x7F	; 127
    1368:	04 c0       	rjmp	.+8      	; 0x1372 <__fixsfsi+0x9c>
    136a:	20 e0       	ldi	r18, 0x00	; 0
    136c:	30 e0       	ldi	r19, 0x00	; 0
    136e:	40 e0       	ldi	r20, 0x00	; 0
    1370:	50 e8       	ldi	r21, 0x80	; 128
    1372:	b9 01       	movw	r22, r18
    1374:	ca 01       	movw	r24, r20
    1376:	2c 96       	adiw	r28, 0x0c	; 12
    1378:	e2 e0       	ldi	r30, 0x02	; 2
    137a:	0c 94 91 0b 	jmp	0x1722	; 0x1722 <__epilogue_restores__+0x20>

0000137e <__pack_f>:
    137e:	df 92       	push	r13
    1380:	ef 92       	push	r14
    1382:	ff 92       	push	r15
    1384:	0f 93       	push	r16
    1386:	1f 93       	push	r17
    1388:	fc 01       	movw	r30, r24
    138a:	e4 80       	ldd	r14, Z+4	; 0x04
    138c:	f5 80       	ldd	r15, Z+5	; 0x05
    138e:	06 81       	ldd	r16, Z+6	; 0x06
    1390:	17 81       	ldd	r17, Z+7	; 0x07
    1392:	d1 80       	ldd	r13, Z+1	; 0x01
    1394:	80 81       	ld	r24, Z
    1396:	82 30       	cpi	r24, 0x02	; 2
    1398:	48 f4       	brcc	.+18     	; 0x13ac <__pack_f+0x2e>
    139a:	80 e0       	ldi	r24, 0x00	; 0
    139c:	90 e0       	ldi	r25, 0x00	; 0
    139e:	a0 e1       	ldi	r26, 0x10	; 16
    13a0:	b0 e0       	ldi	r27, 0x00	; 0
    13a2:	e8 2a       	or	r14, r24
    13a4:	f9 2a       	or	r15, r25
    13a6:	0a 2b       	or	r16, r26
    13a8:	1b 2b       	or	r17, r27
    13aa:	a5 c0       	rjmp	.+330    	; 0x14f6 <__pack_f+0x178>
    13ac:	84 30       	cpi	r24, 0x04	; 4
    13ae:	09 f4       	brne	.+2      	; 0x13b2 <__pack_f+0x34>
    13b0:	9f c0       	rjmp	.+318    	; 0x14f0 <__pack_f+0x172>
    13b2:	82 30       	cpi	r24, 0x02	; 2
    13b4:	21 f4       	brne	.+8      	; 0x13be <__pack_f+0x40>
    13b6:	ee 24       	eor	r14, r14
    13b8:	ff 24       	eor	r15, r15
    13ba:	87 01       	movw	r16, r14
    13bc:	05 c0       	rjmp	.+10     	; 0x13c8 <__pack_f+0x4a>
    13be:	e1 14       	cp	r14, r1
    13c0:	f1 04       	cpc	r15, r1
    13c2:	01 05       	cpc	r16, r1
    13c4:	11 05       	cpc	r17, r1
    13c6:	19 f4       	brne	.+6      	; 0x13ce <__pack_f+0x50>
    13c8:	e0 e0       	ldi	r30, 0x00	; 0
    13ca:	f0 e0       	ldi	r31, 0x00	; 0
    13cc:	96 c0       	rjmp	.+300    	; 0x14fa <__pack_f+0x17c>
    13ce:	62 81       	ldd	r22, Z+2	; 0x02
    13d0:	73 81       	ldd	r23, Z+3	; 0x03
    13d2:	9f ef       	ldi	r25, 0xFF	; 255
    13d4:	62 38       	cpi	r22, 0x82	; 130
    13d6:	79 07       	cpc	r23, r25
    13d8:	0c f0       	brlt	.+2      	; 0x13dc <__pack_f+0x5e>
    13da:	5b c0       	rjmp	.+182    	; 0x1492 <__pack_f+0x114>
    13dc:	22 e8       	ldi	r18, 0x82	; 130
    13de:	3f ef       	ldi	r19, 0xFF	; 255
    13e0:	26 1b       	sub	r18, r22
    13e2:	37 0b       	sbc	r19, r23
    13e4:	2a 31       	cpi	r18, 0x1A	; 26
    13e6:	31 05       	cpc	r19, r1
    13e8:	2c f0       	brlt	.+10     	; 0x13f4 <__pack_f+0x76>
    13ea:	20 e0       	ldi	r18, 0x00	; 0
    13ec:	30 e0       	ldi	r19, 0x00	; 0
    13ee:	40 e0       	ldi	r20, 0x00	; 0
    13f0:	50 e0       	ldi	r21, 0x00	; 0
    13f2:	2a c0       	rjmp	.+84     	; 0x1448 <__pack_f+0xca>
    13f4:	b8 01       	movw	r22, r16
    13f6:	a7 01       	movw	r20, r14
    13f8:	02 2e       	mov	r0, r18
    13fa:	04 c0       	rjmp	.+8      	; 0x1404 <__pack_f+0x86>
    13fc:	76 95       	lsr	r23
    13fe:	67 95       	ror	r22
    1400:	57 95       	ror	r21
    1402:	47 95       	ror	r20
    1404:	0a 94       	dec	r0
    1406:	d2 f7       	brpl	.-12     	; 0x13fc <__pack_f+0x7e>
    1408:	81 e0       	ldi	r24, 0x01	; 1
    140a:	90 e0       	ldi	r25, 0x00	; 0
    140c:	a0 e0       	ldi	r26, 0x00	; 0
    140e:	b0 e0       	ldi	r27, 0x00	; 0
    1410:	04 c0       	rjmp	.+8      	; 0x141a <__pack_f+0x9c>
    1412:	88 0f       	add	r24, r24
    1414:	99 1f       	adc	r25, r25
    1416:	aa 1f       	adc	r26, r26
    1418:	bb 1f       	adc	r27, r27
    141a:	2a 95       	dec	r18
    141c:	d2 f7       	brpl	.-12     	; 0x1412 <__pack_f+0x94>
    141e:	01 97       	sbiw	r24, 0x01	; 1
    1420:	a1 09       	sbc	r26, r1
    1422:	b1 09       	sbc	r27, r1
    1424:	8e 21       	and	r24, r14
    1426:	9f 21       	and	r25, r15
    1428:	a0 23       	and	r26, r16
    142a:	b1 23       	and	r27, r17
    142c:	00 97       	sbiw	r24, 0x00	; 0
    142e:	a1 05       	cpc	r26, r1
    1430:	b1 05       	cpc	r27, r1
    1432:	21 f0       	breq	.+8      	; 0x143c <__pack_f+0xbe>
    1434:	81 e0       	ldi	r24, 0x01	; 1
    1436:	90 e0       	ldi	r25, 0x00	; 0
    1438:	a0 e0       	ldi	r26, 0x00	; 0
    143a:	b0 e0       	ldi	r27, 0x00	; 0
    143c:	9a 01       	movw	r18, r20
    143e:	ab 01       	movw	r20, r22
    1440:	28 2b       	or	r18, r24
    1442:	39 2b       	or	r19, r25
    1444:	4a 2b       	or	r20, r26
    1446:	5b 2b       	or	r21, r27
    1448:	da 01       	movw	r26, r20
    144a:	c9 01       	movw	r24, r18
    144c:	8f 77       	andi	r24, 0x7F	; 127
    144e:	90 70       	andi	r25, 0x00	; 0
    1450:	a0 70       	andi	r26, 0x00	; 0
    1452:	b0 70       	andi	r27, 0x00	; 0
    1454:	80 34       	cpi	r24, 0x40	; 64
    1456:	91 05       	cpc	r25, r1
    1458:	a1 05       	cpc	r26, r1
    145a:	b1 05       	cpc	r27, r1
    145c:	39 f4       	brne	.+14     	; 0x146c <__pack_f+0xee>
    145e:	27 ff       	sbrs	r18, 7
    1460:	09 c0       	rjmp	.+18     	; 0x1474 <__pack_f+0xf6>
    1462:	20 5c       	subi	r18, 0xC0	; 192
    1464:	3f 4f       	sbci	r19, 0xFF	; 255
    1466:	4f 4f       	sbci	r20, 0xFF	; 255
    1468:	5f 4f       	sbci	r21, 0xFF	; 255
    146a:	04 c0       	rjmp	.+8      	; 0x1474 <__pack_f+0xf6>
    146c:	21 5c       	subi	r18, 0xC1	; 193
    146e:	3f 4f       	sbci	r19, 0xFF	; 255
    1470:	4f 4f       	sbci	r20, 0xFF	; 255
    1472:	5f 4f       	sbci	r21, 0xFF	; 255
    1474:	e0 e0       	ldi	r30, 0x00	; 0
    1476:	f0 e0       	ldi	r31, 0x00	; 0
    1478:	20 30       	cpi	r18, 0x00	; 0
    147a:	a0 e0       	ldi	r26, 0x00	; 0
    147c:	3a 07       	cpc	r19, r26
    147e:	a0 e0       	ldi	r26, 0x00	; 0
    1480:	4a 07       	cpc	r20, r26
    1482:	a0 e4       	ldi	r26, 0x40	; 64
    1484:	5a 07       	cpc	r21, r26
    1486:	10 f0       	brcs	.+4      	; 0x148c <__pack_f+0x10e>
    1488:	e1 e0       	ldi	r30, 0x01	; 1
    148a:	f0 e0       	ldi	r31, 0x00	; 0
    148c:	79 01       	movw	r14, r18
    148e:	8a 01       	movw	r16, r20
    1490:	27 c0       	rjmp	.+78     	; 0x14e0 <__pack_f+0x162>
    1492:	60 38       	cpi	r22, 0x80	; 128
    1494:	71 05       	cpc	r23, r1
    1496:	64 f5       	brge	.+88     	; 0x14f0 <__pack_f+0x172>
    1498:	fb 01       	movw	r30, r22
    149a:	e1 58       	subi	r30, 0x81	; 129
    149c:	ff 4f       	sbci	r31, 0xFF	; 255
    149e:	d8 01       	movw	r26, r16
    14a0:	c7 01       	movw	r24, r14
    14a2:	8f 77       	andi	r24, 0x7F	; 127
    14a4:	90 70       	andi	r25, 0x00	; 0
    14a6:	a0 70       	andi	r26, 0x00	; 0
    14a8:	b0 70       	andi	r27, 0x00	; 0
    14aa:	80 34       	cpi	r24, 0x40	; 64
    14ac:	91 05       	cpc	r25, r1
    14ae:	a1 05       	cpc	r26, r1
    14b0:	b1 05       	cpc	r27, r1
    14b2:	39 f4       	brne	.+14     	; 0x14c2 <__pack_f+0x144>
    14b4:	e7 fe       	sbrs	r14, 7
    14b6:	0d c0       	rjmp	.+26     	; 0x14d2 <__pack_f+0x154>
    14b8:	80 e4       	ldi	r24, 0x40	; 64
    14ba:	90 e0       	ldi	r25, 0x00	; 0
    14bc:	a0 e0       	ldi	r26, 0x00	; 0
    14be:	b0 e0       	ldi	r27, 0x00	; 0
    14c0:	04 c0       	rjmp	.+8      	; 0x14ca <__pack_f+0x14c>
    14c2:	8f e3       	ldi	r24, 0x3F	; 63
    14c4:	90 e0       	ldi	r25, 0x00	; 0
    14c6:	a0 e0       	ldi	r26, 0x00	; 0
    14c8:	b0 e0       	ldi	r27, 0x00	; 0
    14ca:	e8 0e       	add	r14, r24
    14cc:	f9 1e       	adc	r15, r25
    14ce:	0a 1f       	adc	r16, r26
    14d0:	1b 1f       	adc	r17, r27
    14d2:	17 ff       	sbrs	r17, 7
    14d4:	05 c0       	rjmp	.+10     	; 0x14e0 <__pack_f+0x162>
    14d6:	16 95       	lsr	r17
    14d8:	07 95       	ror	r16
    14da:	f7 94       	ror	r15
    14dc:	e7 94       	ror	r14
    14de:	31 96       	adiw	r30, 0x01	; 1
    14e0:	87 e0       	ldi	r24, 0x07	; 7
    14e2:	16 95       	lsr	r17
    14e4:	07 95       	ror	r16
    14e6:	f7 94       	ror	r15
    14e8:	e7 94       	ror	r14
    14ea:	8a 95       	dec	r24
    14ec:	d1 f7       	brne	.-12     	; 0x14e2 <__pack_f+0x164>
    14ee:	05 c0       	rjmp	.+10     	; 0x14fa <__pack_f+0x17c>
    14f0:	ee 24       	eor	r14, r14
    14f2:	ff 24       	eor	r15, r15
    14f4:	87 01       	movw	r16, r14
    14f6:	ef ef       	ldi	r30, 0xFF	; 255
    14f8:	f0 e0       	ldi	r31, 0x00	; 0
    14fa:	6e 2f       	mov	r22, r30
    14fc:	67 95       	ror	r22
    14fe:	66 27       	eor	r22, r22
    1500:	67 95       	ror	r22
    1502:	90 2f       	mov	r25, r16
    1504:	9f 77       	andi	r25, 0x7F	; 127
    1506:	d7 94       	ror	r13
    1508:	dd 24       	eor	r13, r13
    150a:	d7 94       	ror	r13
    150c:	8e 2f       	mov	r24, r30
    150e:	86 95       	lsr	r24
    1510:	49 2f       	mov	r20, r25
    1512:	46 2b       	or	r20, r22
    1514:	58 2f       	mov	r21, r24
    1516:	5d 29       	or	r21, r13
    1518:	b7 01       	movw	r22, r14
    151a:	ca 01       	movw	r24, r20
    151c:	1f 91       	pop	r17
    151e:	0f 91       	pop	r16
    1520:	ff 90       	pop	r15
    1522:	ef 90       	pop	r14
    1524:	df 90       	pop	r13
    1526:	08 95       	ret

00001528 <__unpack_f>:
    1528:	fc 01       	movw	r30, r24
    152a:	db 01       	movw	r26, r22
    152c:	40 81       	ld	r20, Z
    152e:	51 81       	ldd	r21, Z+1	; 0x01
    1530:	22 81       	ldd	r18, Z+2	; 0x02
    1532:	62 2f       	mov	r22, r18
    1534:	6f 77       	andi	r22, 0x7F	; 127
    1536:	70 e0       	ldi	r23, 0x00	; 0
    1538:	22 1f       	adc	r18, r18
    153a:	22 27       	eor	r18, r18
    153c:	22 1f       	adc	r18, r18
    153e:	93 81       	ldd	r25, Z+3	; 0x03
    1540:	89 2f       	mov	r24, r25
    1542:	88 0f       	add	r24, r24
    1544:	82 2b       	or	r24, r18
    1546:	28 2f       	mov	r18, r24
    1548:	30 e0       	ldi	r19, 0x00	; 0
    154a:	99 1f       	adc	r25, r25
    154c:	99 27       	eor	r25, r25
    154e:	99 1f       	adc	r25, r25
    1550:	11 96       	adiw	r26, 0x01	; 1
    1552:	9c 93       	st	X, r25
    1554:	11 97       	sbiw	r26, 0x01	; 1
    1556:	21 15       	cp	r18, r1
    1558:	31 05       	cpc	r19, r1
    155a:	a9 f5       	brne	.+106    	; 0x15c6 <__unpack_f+0x9e>
    155c:	41 15       	cp	r20, r1
    155e:	51 05       	cpc	r21, r1
    1560:	61 05       	cpc	r22, r1
    1562:	71 05       	cpc	r23, r1
    1564:	11 f4       	brne	.+4      	; 0x156a <__unpack_f+0x42>
    1566:	82 e0       	ldi	r24, 0x02	; 2
    1568:	37 c0       	rjmp	.+110    	; 0x15d8 <__unpack_f+0xb0>
    156a:	82 e8       	ldi	r24, 0x82	; 130
    156c:	9f ef       	ldi	r25, 0xFF	; 255
    156e:	13 96       	adiw	r26, 0x03	; 3
    1570:	9c 93       	st	X, r25
    1572:	8e 93       	st	-X, r24
    1574:	12 97       	sbiw	r26, 0x02	; 2
    1576:	9a 01       	movw	r18, r20
    1578:	ab 01       	movw	r20, r22
    157a:	67 e0       	ldi	r22, 0x07	; 7
    157c:	22 0f       	add	r18, r18
    157e:	33 1f       	adc	r19, r19
    1580:	44 1f       	adc	r20, r20
    1582:	55 1f       	adc	r21, r21
    1584:	6a 95       	dec	r22
    1586:	d1 f7       	brne	.-12     	; 0x157c <__unpack_f+0x54>
    1588:	83 e0       	ldi	r24, 0x03	; 3
    158a:	8c 93       	st	X, r24
    158c:	0d c0       	rjmp	.+26     	; 0x15a8 <__unpack_f+0x80>
    158e:	22 0f       	add	r18, r18
    1590:	33 1f       	adc	r19, r19
    1592:	44 1f       	adc	r20, r20
    1594:	55 1f       	adc	r21, r21
    1596:	12 96       	adiw	r26, 0x02	; 2
    1598:	8d 91       	ld	r24, X+
    159a:	9c 91       	ld	r25, X
    159c:	13 97       	sbiw	r26, 0x03	; 3
    159e:	01 97       	sbiw	r24, 0x01	; 1
    15a0:	13 96       	adiw	r26, 0x03	; 3
    15a2:	9c 93       	st	X, r25
    15a4:	8e 93       	st	-X, r24
    15a6:	12 97       	sbiw	r26, 0x02	; 2
    15a8:	20 30       	cpi	r18, 0x00	; 0
    15aa:	80 e0       	ldi	r24, 0x00	; 0
    15ac:	38 07       	cpc	r19, r24
    15ae:	80 e0       	ldi	r24, 0x00	; 0
    15b0:	48 07       	cpc	r20, r24
    15b2:	80 e4       	ldi	r24, 0x40	; 64
    15b4:	58 07       	cpc	r21, r24
    15b6:	58 f3       	brcs	.-42     	; 0x158e <__unpack_f+0x66>
    15b8:	14 96       	adiw	r26, 0x04	; 4
    15ba:	2d 93       	st	X+, r18
    15bc:	3d 93       	st	X+, r19
    15be:	4d 93       	st	X+, r20
    15c0:	5c 93       	st	X, r21
    15c2:	17 97       	sbiw	r26, 0x07	; 7
    15c4:	08 95       	ret
    15c6:	2f 3f       	cpi	r18, 0xFF	; 255
    15c8:	31 05       	cpc	r19, r1
    15ca:	79 f4       	brne	.+30     	; 0x15ea <__unpack_f+0xc2>
    15cc:	41 15       	cp	r20, r1
    15ce:	51 05       	cpc	r21, r1
    15d0:	61 05       	cpc	r22, r1
    15d2:	71 05       	cpc	r23, r1
    15d4:	19 f4       	brne	.+6      	; 0x15dc <__unpack_f+0xb4>
    15d6:	84 e0       	ldi	r24, 0x04	; 4
    15d8:	8c 93       	st	X, r24
    15da:	08 95       	ret
    15dc:	64 ff       	sbrs	r22, 4
    15de:	03 c0       	rjmp	.+6      	; 0x15e6 <__unpack_f+0xbe>
    15e0:	81 e0       	ldi	r24, 0x01	; 1
    15e2:	8c 93       	st	X, r24
    15e4:	12 c0       	rjmp	.+36     	; 0x160a <__unpack_f+0xe2>
    15e6:	1c 92       	st	X, r1
    15e8:	10 c0       	rjmp	.+32     	; 0x160a <__unpack_f+0xe2>
    15ea:	2f 57       	subi	r18, 0x7F	; 127
    15ec:	30 40       	sbci	r19, 0x00	; 0
    15ee:	13 96       	adiw	r26, 0x03	; 3
    15f0:	3c 93       	st	X, r19
    15f2:	2e 93       	st	-X, r18
    15f4:	12 97       	sbiw	r26, 0x02	; 2
    15f6:	83 e0       	ldi	r24, 0x03	; 3
    15f8:	8c 93       	st	X, r24
    15fa:	87 e0       	ldi	r24, 0x07	; 7
    15fc:	44 0f       	add	r20, r20
    15fe:	55 1f       	adc	r21, r21
    1600:	66 1f       	adc	r22, r22
    1602:	77 1f       	adc	r23, r23
    1604:	8a 95       	dec	r24
    1606:	d1 f7       	brne	.-12     	; 0x15fc <__unpack_f+0xd4>
    1608:	70 64       	ori	r23, 0x40	; 64
    160a:	14 96       	adiw	r26, 0x04	; 4
    160c:	4d 93       	st	X+, r20
    160e:	5d 93       	st	X+, r21
    1610:	6d 93       	st	X+, r22
    1612:	7c 93       	st	X, r23
    1614:	17 97       	sbiw	r26, 0x07	; 7
    1616:	08 95       	ret

00001618 <__fpcmp_parts_f>:
    1618:	1f 93       	push	r17
    161a:	dc 01       	movw	r26, r24
    161c:	fb 01       	movw	r30, r22
    161e:	9c 91       	ld	r25, X
    1620:	92 30       	cpi	r25, 0x02	; 2
    1622:	08 f4       	brcc	.+2      	; 0x1626 <__fpcmp_parts_f+0xe>
    1624:	47 c0       	rjmp	.+142    	; 0x16b4 <__fpcmp_parts_f+0x9c>
    1626:	80 81       	ld	r24, Z
    1628:	82 30       	cpi	r24, 0x02	; 2
    162a:	08 f4       	brcc	.+2      	; 0x162e <__fpcmp_parts_f+0x16>
    162c:	43 c0       	rjmp	.+134    	; 0x16b4 <__fpcmp_parts_f+0x9c>
    162e:	94 30       	cpi	r25, 0x04	; 4
    1630:	51 f4       	brne	.+20     	; 0x1646 <__fpcmp_parts_f+0x2e>
    1632:	11 96       	adiw	r26, 0x01	; 1
    1634:	1c 91       	ld	r17, X
    1636:	84 30       	cpi	r24, 0x04	; 4
    1638:	99 f5       	brne	.+102    	; 0x16a0 <__fpcmp_parts_f+0x88>
    163a:	81 81       	ldd	r24, Z+1	; 0x01
    163c:	68 2f       	mov	r22, r24
    163e:	70 e0       	ldi	r23, 0x00	; 0
    1640:	61 1b       	sub	r22, r17
    1642:	71 09       	sbc	r23, r1
    1644:	3f c0       	rjmp	.+126    	; 0x16c4 <__fpcmp_parts_f+0xac>
    1646:	84 30       	cpi	r24, 0x04	; 4
    1648:	21 f0       	breq	.+8      	; 0x1652 <__fpcmp_parts_f+0x3a>
    164a:	92 30       	cpi	r25, 0x02	; 2
    164c:	31 f4       	brne	.+12     	; 0x165a <__fpcmp_parts_f+0x42>
    164e:	82 30       	cpi	r24, 0x02	; 2
    1650:	b9 f1       	breq	.+110    	; 0x16c0 <__fpcmp_parts_f+0xa8>
    1652:	81 81       	ldd	r24, Z+1	; 0x01
    1654:	88 23       	and	r24, r24
    1656:	89 f1       	breq	.+98     	; 0x16ba <__fpcmp_parts_f+0xa2>
    1658:	2d c0       	rjmp	.+90     	; 0x16b4 <__fpcmp_parts_f+0x9c>
    165a:	11 96       	adiw	r26, 0x01	; 1
    165c:	1c 91       	ld	r17, X
    165e:	11 97       	sbiw	r26, 0x01	; 1
    1660:	82 30       	cpi	r24, 0x02	; 2
    1662:	f1 f0       	breq	.+60     	; 0x16a0 <__fpcmp_parts_f+0x88>
    1664:	81 81       	ldd	r24, Z+1	; 0x01
    1666:	18 17       	cp	r17, r24
    1668:	d9 f4       	brne	.+54     	; 0x16a0 <__fpcmp_parts_f+0x88>
    166a:	12 96       	adiw	r26, 0x02	; 2
    166c:	2d 91       	ld	r18, X+
    166e:	3c 91       	ld	r19, X
    1670:	13 97       	sbiw	r26, 0x03	; 3
    1672:	82 81       	ldd	r24, Z+2	; 0x02
    1674:	93 81       	ldd	r25, Z+3	; 0x03
    1676:	82 17       	cp	r24, r18
    1678:	93 07       	cpc	r25, r19
    167a:	94 f0       	brlt	.+36     	; 0x16a0 <__fpcmp_parts_f+0x88>
    167c:	28 17       	cp	r18, r24
    167e:	39 07       	cpc	r19, r25
    1680:	bc f0       	brlt	.+46     	; 0x16b0 <__fpcmp_parts_f+0x98>
    1682:	14 96       	adiw	r26, 0x04	; 4
    1684:	8d 91       	ld	r24, X+
    1686:	9d 91       	ld	r25, X+
    1688:	0d 90       	ld	r0, X+
    168a:	bc 91       	ld	r27, X
    168c:	a0 2d       	mov	r26, r0
    168e:	24 81       	ldd	r18, Z+4	; 0x04
    1690:	35 81       	ldd	r19, Z+5	; 0x05
    1692:	46 81       	ldd	r20, Z+6	; 0x06
    1694:	57 81       	ldd	r21, Z+7	; 0x07
    1696:	28 17       	cp	r18, r24
    1698:	39 07       	cpc	r19, r25
    169a:	4a 07       	cpc	r20, r26
    169c:	5b 07       	cpc	r21, r27
    169e:	18 f4       	brcc	.+6      	; 0x16a6 <__fpcmp_parts_f+0x8e>
    16a0:	11 23       	and	r17, r17
    16a2:	41 f0       	breq	.+16     	; 0x16b4 <__fpcmp_parts_f+0x9c>
    16a4:	0a c0       	rjmp	.+20     	; 0x16ba <__fpcmp_parts_f+0xa2>
    16a6:	82 17       	cp	r24, r18
    16a8:	93 07       	cpc	r25, r19
    16aa:	a4 07       	cpc	r26, r20
    16ac:	b5 07       	cpc	r27, r21
    16ae:	40 f4       	brcc	.+16     	; 0x16c0 <__fpcmp_parts_f+0xa8>
    16b0:	11 23       	and	r17, r17
    16b2:	19 f0       	breq	.+6      	; 0x16ba <__fpcmp_parts_f+0xa2>
    16b4:	61 e0       	ldi	r22, 0x01	; 1
    16b6:	70 e0       	ldi	r23, 0x00	; 0
    16b8:	05 c0       	rjmp	.+10     	; 0x16c4 <__fpcmp_parts_f+0xac>
    16ba:	6f ef       	ldi	r22, 0xFF	; 255
    16bc:	7f ef       	ldi	r23, 0xFF	; 255
    16be:	02 c0       	rjmp	.+4      	; 0x16c4 <__fpcmp_parts_f+0xac>
    16c0:	60 e0       	ldi	r22, 0x00	; 0
    16c2:	70 e0       	ldi	r23, 0x00	; 0
    16c4:	cb 01       	movw	r24, r22
    16c6:	1f 91       	pop	r17
    16c8:	08 95       	ret

000016ca <__prologue_saves__>:
    16ca:	2f 92       	push	r2
    16cc:	3f 92       	push	r3
    16ce:	4f 92       	push	r4
    16d0:	5f 92       	push	r5
    16d2:	6f 92       	push	r6
    16d4:	7f 92       	push	r7
    16d6:	8f 92       	push	r8
    16d8:	9f 92       	push	r9
    16da:	af 92       	push	r10
    16dc:	bf 92       	push	r11
    16de:	cf 92       	push	r12
    16e0:	df 92       	push	r13
    16e2:	ef 92       	push	r14
    16e4:	ff 92       	push	r15
    16e6:	0f 93       	push	r16
    16e8:	1f 93       	push	r17
    16ea:	cf 93       	push	r28
    16ec:	df 93       	push	r29
    16ee:	cd b7       	in	r28, 0x3d	; 61
    16f0:	de b7       	in	r29, 0x3e	; 62
    16f2:	ca 1b       	sub	r28, r26
    16f4:	db 0b       	sbc	r29, r27
    16f6:	0f b6       	in	r0, 0x3f	; 63
    16f8:	f8 94       	cli
    16fa:	de bf       	out	0x3e, r29	; 62
    16fc:	0f be       	out	0x3f, r0	; 63
    16fe:	cd bf       	out	0x3d, r28	; 61
    1700:	09 94       	ijmp

00001702 <__epilogue_restores__>:
    1702:	2a 88       	ldd	r2, Y+18	; 0x12
    1704:	39 88       	ldd	r3, Y+17	; 0x11
    1706:	48 88       	ldd	r4, Y+16	; 0x10
    1708:	5f 84       	ldd	r5, Y+15	; 0x0f
    170a:	6e 84       	ldd	r6, Y+14	; 0x0e
    170c:	7d 84       	ldd	r7, Y+13	; 0x0d
    170e:	8c 84       	ldd	r8, Y+12	; 0x0c
    1710:	9b 84       	ldd	r9, Y+11	; 0x0b
    1712:	aa 84       	ldd	r10, Y+10	; 0x0a
    1714:	b9 84       	ldd	r11, Y+9	; 0x09
    1716:	c8 84       	ldd	r12, Y+8	; 0x08
    1718:	df 80       	ldd	r13, Y+7	; 0x07
    171a:	ee 80       	ldd	r14, Y+6	; 0x06
    171c:	fd 80       	ldd	r15, Y+5	; 0x05
    171e:	0c 81       	ldd	r16, Y+4	; 0x04
    1720:	1b 81       	ldd	r17, Y+3	; 0x03
    1722:	aa 81       	ldd	r26, Y+2	; 0x02
    1724:	b9 81       	ldd	r27, Y+1	; 0x01
    1726:	ce 0f       	add	r28, r30
    1728:	d1 1d       	adc	r29, r1
    172a:	0f b6       	in	r0, 0x3f	; 63
    172c:	f8 94       	cli
    172e:	de bf       	out	0x3e, r29	; 62
    1730:	0f be       	out	0x3f, r0	; 63
    1732:	cd bf       	out	0x3d, r28	; 61
    1734:	ed 01       	movw	r28, r26
    1736:	08 95       	ret

00001738 <_exit>:
    1738:	f8 94       	cli

0000173a <__stop_program>:
    173a:	ff cf       	rjmp	.-2      	; 0x173a <__stop_program>
